pool_id,delegation_count,total_ada,avg_ada,max_ada,entity_id,archetype,delegation_signature
pool1gaztx97t53k47fr7282d70tje8323vvzx8pshgts30t9krw62tm,35050,113898908,3250,47144497,KILN,ivaas,retail_heavy
pool1ff2hr0sukqqd75jr2rh3wrmnesxqgpq42dgd6rm3ungnqp904ue,39,108333731,2777788,57055689,BLOCKDAEMON,ivaas,custodial_moderate
pool1ra2su7cvnmr83pu9nvvz4a9carsgc9egc3e5fuk7h9pycyp5ela,6035,91431028,15150,10868527,FIGMENT,ivaas,retail_heavy
pool1f2wfjqkf2wx6jq93pdck6hgmy9zgw32lmvrq9zejl7scqxjqfze,10890,90751705,8333,12767721,FIGMENT,ivaas,retail_heavy
pool1k3nkfa5ugavrpd9nwd3s6yyx454qxnquxwmux4rzfunl7q0z38t,6,81085406,13514234,81015774,KILN,ivaas,custodial_concentrated
pool19yzqr3meksnvzdxh5xf6aknfhldyqdj7eaquxgcjva4mzt5kg3v,86,80713290,938527,27929124,FIGMENT,ivaas,custodial_moderate
pool1xytvsd9qnvqxpthh9p8k85e823trvn3npxeur8kr9zhkqz5uls9,5176,77297507,14934,20647737,ADV,community_branded_fleet,retail_heavy
pool10rdglgh4pzvkf936p2m669qzarr9dusrhmmz9nultm3uvq4eh5k,95,77156107,812170,32189643,KILN,ivaas,custodial_moderate
pool14cq4fchmmqjygwjw4zexmqqd6a7caxptjnvseyu6wanjuppv4vk,2235,76640733,34291,3428498,,,retail_heavy
pool1r9fpxs4kcn80kylsjxs8tg3p50nk2s66qerfqtw4x70n5740nj9,2,76431801,38215901,76431794,ADALITE_PLATFORM,platform,custodial_concentrated
pool1kmmahq4upmm5j8fkh3xa9vd7gdffkp8pd4axucfh4w4dw549yqe,2,76374618,38187309,76374618,ADALITE_PLATFORM,platform,custodial_concentrated
pool1uy07qyf0gzzua2glqspyvyevwpe8tamajnqj6c7mjzy4v3m4kne,1,76329623,76329623,76329623,,,custodial_concentrated
pool1r99a6puhdv2xzcfw05jjqvks3xhmy2l4wsndx9hmhudvu4yevz5,1,76328575,76328575,76328575,CHUCK_BUX,opaque,custodial_concentrated
pool18rjrygm3knlt67n3r3prlhnzcjxun7wa8d3l8w9nmlpasquv4au,7,76313016,10901859,20250000,CARDANO_FOUNDATION,ecosystem,custodial_concentrated
pool1n6erydn8x79sa3fmrqmj7mcyqa9em5fppr447j6d9k0xwfl7sc5,4,76301500,19075375,20250003,CARDANO_FOUNDATION,ecosystem,custodial_concentrated
pool1xmlq3sgssww6kwu8dupgxukzhlk77j40p9c4r3qux3j5z2ysk2c,4,76301500,19075375,20249999,CARDANO_FOUNDATION,ecosystem,custodial_concentrated
pool1l0erdjregched3dj828q93rfa2f4w4p62nr248xshj5huq6zuvp,4,76301500,19075375,20250000,CARDANO_FOUNDATION,ecosystem,custodial_concentrated
pool1yafxktvszg85t5m20l8q8sufgcae6cxlk8cx96wrt8cdva7aknf,1,76276262,76276262,76276262,CHUCK_BUX,opaque,custodial_concentrated
pool18sk7mn0r0cyujft352lwkzg5pz7e67ve3ps2sryrwacd2r5zhp6,1,76020300,76020300,76020300,CHUCK_BUX,opaque,custodial_concentrated
pool19kfm6lz5uw7nylq27swr367mqdycmug7tve94l6h3xsz64seqtc,132,75862894,574719,24215812,KILN,ivaas,custodial_moderate
pool10d6mmw3mn9ku3r7uqqye672dz3sv76lh5kvh5rdpr9l5ug5yknr,38,75860614,1996332,47644443,KILN,ivaas,custodial_moderate
pool1mfyzxyggryp0jhgghvzas7qjdyz2rcfnm5rfq8s9uefvukrlps5,9,75691779,8410198,75684734,BLOCKDAEMON,ivaas,custodial_concentrated
pool1l0m820vyqh5pp2yzpw973qzz23neqqd977u0uczh9fs9zqvg0je,235,75590161,321660,63314882,WAVE,independent_mpo,mixed
pool1rkm8rplkafvllxjuddrkqc3u3lgd9uf327tvmvfdyygsv7lkhm8,1,75534015,75534015,75534015,,,custodial_concentrated
pool1luhm55xxqp0cv7a43rcfrr8m6m74kfe7wdvqdgfzt483x29lr0t,5,75500026,15100005,20250020,CARDANO_FOUNDATION,ecosystem,custodial_concentrated
pool1ekcsyzwexl7p2kwxxh34hy28l6772vrmff7jwmuxsa6u6fzty9z,5374,75239095,14001,2559164,BMTXS_GITHUB_IO,community_branded_fleet,retail_heavy
pool1ljqjqskd4f4zekzddw204u5xtzhyz2cllq5v5dmn27zdwf9c70f,50,75181320,1503626,74373786,WAVE,independent_mpo,custodial_moderate
pool1gclysx2h7fndj0jdajlmwvqr8q9tzu3rurjknacu0ff954fsg9a,1970,75078491,38111,5626873,ONE_PERCENT,independent_mpo,retail_heavy
pool1w4cetqsly2cz9fq2te95tnk2r56mh6ew6dmpyfctv2ldv8xuj9g,22,75073861,3412448,73994909,WAVE,independent_mpo,custodial_moderate
pool1ahazpr2yz5gljk2m4q8g7wnmq7m2sr9unhdfmr5arhqrjnntwdz,2411,74939877,31082,28554799,ADV,community_branded_fleet,retail_heavy
pool16ajaae2n5lsyr4f9k9uz5y8tpf0996tw640dzu7chwp2wdrnz6a,5479,74937961,13677,2634929,,,retail_heavy
pool16agnvfan65ypnswgg6rml52lqtcqe5guxltexkn82sqgj2crqtx,9460,74897483,7917,7185334,SPIRE,independent_mpo,retail_heavy
pool1k633phcvz2hjhj45evwwau4w576jpq83acg5h84w23jauqu56cw,1910,74659667,39089,15142486,NORTH,opaque_fleet,retail_heavy
pool155p7g23vdme50kp5lfqylfx5h7ndldyz2mletvr8fqucqzyrk44,112,74649824,666516,55996481,WAVE,independent_mpo,custodial_moderate
pool1v62c7d92xv6gyh4x9rhfpkwzlpw2ypxk92xvzavakg3xypatklv,42,74344208,1770100,72601065,KILN,ivaas,custodial_moderate
pool1xsj9s3mfpztls97x7jjql0msmeh5v3wa5vyqhmmmsx8jzsqxrsv,4,74071869,18517967,74068751,BLOCKDAEMON,ivaas,custodial_concentrated
pool1eqa7kxx4xg35cu4rqj4exkvzhenscgh8wxez0gl7hsagygp79kr,7115,74059621,10409,21951280,PILOT,community_branded_fleet,retail_heavy
pool1cxjqg6nn588ura2rx4uptwprgzw82j89j2gjguwhtun4ypw2sh4,1,74033612,74033612,74033612,CHUCK_BUX,opaque,custodial_concentrated
pool1hv59awqky90plv68xun2k3rd7jqfe5y2c4ry8f7p0x9pxhd7wqr,1,74033211,74033211,74033211,CHUCK_BUX,opaque,custodial_concentrated
pool1a5ld0eulnjxwpg6qyjs6hxzqwj0esft7k0qsf6nj8pkfxy5lml3,1,74030811,74030811,74030811,CHUCK_BUX,opaque,custodial_concentrated
pool1ntlyr9hrrdg3gpdkmr267hq46ys2rlj5y25dzx3reuecgd7p5sh,1,74028410,74028410,74028410,CHUCK_BUX,opaque,custodial_concentrated
pool1yyar66t9fw9dscj8huhredgwplcnf22zq7q7vugur0t5c9nzt97,1,74027609,74027609,74027609,CHUCK_BUX,opaque,custodial_concentrated
pool1kphkk90f2mculhcndpdd3a7ukvptzqrgyr9jtuvw6c5z2dptuph,1,74025209,74025209,74025209,CHUCK_BUX,opaque,custodial_concentrated
pool18xu4fh88v4naq5u3x9ya5aevfkrfd7a8a4gw6sejdvjnsrpud2a,1,73990457,73990457,73990457,CHUCK_BUX,opaque,custodial_concentrated
pool1lfvzgsrghmugvpym868mh29288ez0nncz680mamzjygu2jpuwcd,2569,73744849,28706,11071496,NORTH,opaque_fleet,retail_heavy
pool1qqqqpanw9zc0rzh0yp247nzf2s35uvnsm7aaesfl2nnejaev0uc,5056,73640334,14565,14429066,TITAN,community_branded_fleet,retail_heavy
pool1q8x5k5wq6zsshdjcmyzcgzwaqd9mfg9fypaaew8xs597svmeyk4,1,73381721,73381721,73381721,CHUCK_BUX,opaque,custodial_concentrated
pool1nqheyct9a0mxn80cwp9pd5guncfu3rzwqtmru0l94accz7gjcgl,24,73066596,3044441,20250001,,,custodial_moderate
pool1zgjk3dzwcwd02juqntuzknr368hvxjxy8l8uzkxvgu4252d7ekf,3,72921993,24307331,72919481,BLOCKDAEMON,ivaas,custodial_concentrated
pool1vx9tzlkgafernd9vpjpxkenutx2gncj4yn88fpq69823qlwcqrt,12827,72670078,5665,10398414,CRDNS,multi_brand_fleet,retail_heavy
pool1fuge4duc9hfgm9xvu33llsntmnfcumsyw2d0away49v8gmphfzs,3,72588006,24196002,72585648,FIGMENT,ivaas,custodial_concentrated
pool18ufrgfgmslekdxnk9v9345qvhrr7vfgzkvneqtwm7unnwaht6ww,321,71741181,223493,58733139,,,mixed
pool17s3mr9c4ejjfq20dz0ls9ggskc770kt267s9xmw93payzdswwgg,3114,71560625,22980,3103483,,,retail_heavy
pool15cy4p3axu0m6sfrmxsp46z5cevx3ruksfwjl48730cgx24j4ydz,906,71225369,78615,10457217,,,mixed
pool1hnp560z9e5acwux8tjguxq36j9r255zuf02u7z2d46dvcf5zhns,1546,71129744,46009,6087415,,,retail_heavy
pool13c9mnvfx4nvwvkszxcprwlv60fh3tteef50hhhv9yxptsua2v70,8,71097270,8887159,70610247,BLOOM,independent_mpo,custodial_concentrated
pool197na7w0h8hjc8wdvwys7nsalhtpctefa3m23udeqxpfk6nzq8l9,4,71087996,17771999,38650360,COINBASE_BISON,cex,custodial_concentrated
pool1mtuhuh8hkf8am0qzx45y58kll8q83sjh6pwljrflcmw970d82f3,22,70626498,3210295,51731733,KILN,ivaas,custodial_moderate
pool1fl20ddkpvnstlx63fal6e3ku46r76nk2s4mqtk5jnyxn2vt7hg6,10,70539491,7053949,35011991,COINBASE_BISON,cex,custodial_concentrated
pool1457cnl7qu568h98xrw8krfnjkhf05mfhaq2l50epwy36yuln20q,221,70385925,318488,36711843,WAVE,independent_mpo,mixed
pool1xed948ze4guhrkt9zxjmecjvgkvgf8gd8skkzgtacz6gsyk9m5c,10,70341174,7034117,35010390,COINBASE_BISON,cex,custodial_concentrated
pool1j276s043qh2knv3ukmap6sra6sk7p5khuetzwx9h43wqydzsx8c,8,70335065,8791883,35008756,COINBASE_BISON,cex,custodial_concentrated
pool1edqwpnln3zr9gj9sfsmyl72pen6hdwev07xgqj7uz5mkjrgfj6h,8,70198667,8774833,35010113,COINBASE_BISON,cex,custodial_concentrated
pool14xq8v9s80ut6vmwp93tzhlydhsdqhxk3e9jerl2kl7hm2dq6pru,10,70191253,7019125,35011308,COINBASE_BISON,cex,custodial_concentrated
pool1vcwsfldh4gkzga4mc6p86y0vytkqfm9e2dy44hs00v34yeqnfaf,11,70074004,6370364,35010131,COINBASE_BISON,cex,custodial_moderate
pool1kl2vuauwfc5k0avf874ym5tcm04ywa22frleszhujeccj4va3lt,4,70060015,17515004,35008940,COINBASE_BISON,cex,custodial_concentrated
pool18gk8kvd9qf829nldqus92q9y640e6u0jdyfz04mmktwxvglgt06,6,70054612,11675769,30000003,STAKEBOWL,cex,custodial_concentrated
pool1fqas6yd8n3fdpz8e869qjvyensdmzletqjexcut8mxasu2sk72r,9,70050967,7783441,35011478,COINBASE_BISON,cex,custodial_concentrated
pool1sdare7xfd6tmak8ghek7kwgpgj6xzu0reppmw4t46rmcs0h6vr2,10,70045706,7004571,35008792,COINBASE_BISON,cex,custodial_concentrated
pool1s8347yjgmfguf0ynj69euw7r75w7usdrfheckpcrjrk2yfvnpwq,7,70042840,10006120,35009986,COINBASE_BISON,cex,custodial_concentrated
pool1lev7ygxcqd4aw5em7wf7y64au4hv04yl5cew27lkjmgngj46vqk,13,70036559,5387428,35009091,COINBASE_BISON,cex,custodial_moderate
pool17arsgklktp9sayk5kzaakwvl3jwyczp07guux2yd0upgqh04qjl,8,70026927,8753366,35010884,COINBASE_BISON,cex,custodial_concentrated
pool104z3yr7faqhck6wcsczhmqrrpdeparcr8juw8unxy8tm6xp447d,9,70025249,7780583,35012530,COINBASE_BISON,cex,custodial_concentrated
pool1njjr0zn7uvydjy8067nprgwlyxqnznp9wgllfnag24nycgkda25,5,70025002,14005000,35010290,COINBASE_BISON,cex,custodial_concentrated
pool13s5faca3kkg6jhqcll8xd9tarur3zkhalyuu92d5g87zyj4wrrc,4,70024287,17506072,35012079,COINBASE_BISON,cex,custodial_concentrated
pool1tn7rcvc5lln8frln5n9rfd9cg8kcrj4vlm3ycdquyx5s2mlhmtk,4,70023662,17505915,35010736,COINBASE_BISON,cex,custodial_concentrated
pool1xucruwwxsym3u9v0m4ex3az5d4vpz9xu877vsl9udpt0q237e9m,4,70023315,17505829,35009138,COINBASE_BISON,cex,custodial_concentrated
pool143d6z506u6yfufgzrtx8ywcwx3j4s29lxv5tdugcpcwk2l83gck,5,70023262,14004652,35011482,COINBASE_BISON,cex,custodial_concentrated
pool16e43yxx4djcvnsunwgrm8tnph0ljrt3p9tnezu3qvtcwzh4zwwa,5,70020826,14004165,35009840,COINBASE_BISON,cex,custodial_concentrated
pool1qlps2dwr0qd0a7pjqr47apewf2lq42xv03zgentgwv9mspeh57g,6,70019923,11669987,35009840,COINBASE_BISON,cex,custodial_concentrated
pool1w7dk7rn0cflzzfr4fqvjpapn0rkz5ksmerx5tgwpm2gtj2gly97,5,70019724,14003945,35009840,COINBASE_BISON,cex,custodial_concentrated
pool1fpvs8h5q5kwpz4k2yd0vw90dgdxacr3ef508tzzewm0kysdt4eq,5,70000011,14000002,70000001,STAKEBOWL,cex,custodial_concentrated
pool1nz9h4raywm6mu2v8l7htuaqvmn06l3mepuaxynpzlwljsf8txhy,3074,69569743,22632,5100779,NORTH,opaque_fleet,retail_heavy
pool1l92vxagssugcsu4wyhvnjd0t6dlqjjfrxkt8v4qaucgmq8t3j3s,3,69568797,23189599,69564643,FIGMENT,ivaas,custodial_concentrated
pool1qqqqqdk4zhsjuxxd8jyvwncf5eucfskz0xjjj64fdmlgj735lr9,3263,69500797,21300,2642642,ATADA,multi_brand_fleet,retail_heavy
pool13k6tphjfsgqdq7h27p4x86ruchcdg2x073luw8pndh3ajxvwvja,2086,69248063,33197,8490945,BIGLAZYCAT,,retail_heavy
pool17rjst78s67lvellg8s586rf076jxa3wnsdz730f4xk2zwuhrtej,4571,68548564,14996,3361103,NORTH,opaque_fleet,retail_heavy
pool13hxlxd6qa68fmfhrvvmasa0mjg30tj9p5v2lmgmgsmrp2rgzkfp,844,68354521,80989,16933260,,,mixed
pool12t3zmafwjqms7cuun86uwc8se4na07r3e5xswe86u37djr5f0lx,5306,68348226,12881,7100935,NORTH,opaque_fleet,retail_heavy
pool1tdsrw0n33gmy0mzh7cgtn9p0jy5xwjxaa2s26gn2ewf8kg4nrzx,6571,68131207,10368,6254521,CAFE,community_branded_fleet,retail_heavy
pool1yh7ksvg54nger73ldnf22cgwyh0dnm4aerahdd0kdukjqeacy32,29,67609019,2331345,19409547,COINBASE_BISON,cex,custodial_moderate
pool1a8n7f97dmgtgrnl53exccknjdchqxrr9508hlxlgqp6xvjmzhej,1526,66885352,43831,14432730,,,retail_heavy
pool18vej0s9gska8c847aj95g9v24duuxg2g63d5cuqngnxew643jw9,4300,66784820,15531,4198014,ADV,community_branded_fleet,retail_heavy
pool1zz7x8ergn02chznayj9fjds2gk5q6prmpdr49faspd65kzqsrjs,2923,66404411,22718,6934179,AUTOSTAKE,independent_mpo,retail_heavy
pool1ju8f57hyvaa32tp85r468kuedvmjmcy56f8u9968drea57p50l5,2313,66215730,28628,5863596,AICHI,community_branded_fleet,retail_heavy
pool1lu2luhmkyayq9njh848kfknn6evwzmn3gzsxar7z3sttg7grxcm,3610,66049789,18296,24194175,P2P,independent_mpo,retail_heavy
pool15yyxtkhz64p7a8cnax9l7u82s9t9hdhyxsa3tdm977qhgpnsuhq,3265,64675442,19809,40115594,SECUR,community_branded_fleet,retail_heavy
pool1zkdc6ve9nndk7vxnjlalhqt4hr5h8auz5qzjk7lrjrqtv23yuy5,1459,64221791,44018,10543796,,,retail_heavy
pool1ddg6t2h9kj6lqlec4ncjs945lzj43m3ggrgdhf5sgzhtygpkznz,4152,64122576,15444,3402219,,,retail_heavy
pool1whmm0hkxunyhxsr6dfjpx2tpvd05qhev820lx9vcmvqa5wjc6nh,894,64087531,71686,52284367,,,mixed
pool1z5uqdk7dzdxaae5633fqfcu2eqzy3a3rgtuvy087fdld7yws0xt,5133,63791336,12428,6112797,,,retail_heavy
pool1jakl9kqhx87ywc7fcxweaxvna9khxhzyh6v8j70u6zpaxa45ghh,3,63436801,21145600,63297996,,,custodial_concentrated
pool15s7w4spg5ee7n7rprhs0dq78plw2mhjkpu5v97uvl27gz2way7z,1026,63357979,61752,5934857,,,mixed
pool1n0uxgs5qfk5n9xl7qvq9jt8zuu02cntrsjnjayjlqtejyffnemj,3454,62569831,18115,1782224,EVERSTAKE,ivaas,retail_heavy
pool106sjgd9m4shsvtc9ruk7femgndknefmct6eedskww37pzv8hz9n,4,62494580,15623645,37516178,,,custodial_concentrated
pool19pyfv4xnln8x4l7auw0n0skk3hd97shun707hrw5d4s553ys74x,2404,62245584,25893,30757553,TITAN,community_branded_fleet,retail_heavy
pool1y6gnk7t3n6rvpr67f68mehxgqs5x24n0esz9l5j7m4aqzn4e0qw,2,62072330,31036165,62024632,COINBASE_BISON,cex,custodial_concentrated
pool1sysgx87cwxnqy0pqn8g97gdhd0dmre9rw3jvpn2k7apuwa7cgkn,2976,61621154,20706,6018424,EVERSTAKE,ivaas,retail_heavy
pool1vkc0dvuf8rxrch87umfayacgglrh8f88ef0f64xrdue5u2xjwfm,594,61507244,103548,52341477,BINANCE,cex,mixed
pool1u2fuz3fn5dfphf0cu0sewm4rnera445avenggle9sl4hy7rjzgv,11,61403716,5582156,39438210,COINBASE_BISON,cex,custodial_moderate
pool19w5khsnmu27au0kprw0kjm8jr7knneysj7lfkqvnu66hyz0jxsx,4321,61332446,14194,4223340,ATADA,multi_brand_fleet,retail_heavy
pool1m0drnjxsvnlesq0rwmur2rh6lenuql57jfzd6cf6aegj2cv7ugy,1864,61195108,32830,31555709,EMURGO,ecosystem,retail_heavy
pool1xs34q2z06a46nk7hl48d27dj5gzc6hh9trugw2ehs9ajsevqffx,992,61083638,61576,6268775,SNAKEPOOL_LINK,community_branded_fleet,mixed
pool1j6xfryctrxm4aplw3vnrtgfsvqdr35exenxqse5kzxmfue7qqmr,2,61034290,30517145,60984748,COINBASE_BISON,cex,custodial_concentrated
pool1rvng7n968748udkc5rxy4h9zp9hms4s3jsfwuues76ft28uc056,3050,60479866,19829,3290391,DIGI,opaque_fleet,retail_heavy
pool173mzegwuu0pjcrt60ekelzj5haqr8r5e4e0n45qh9jdz7xm5kh8,8537,60251068,7058,6046028,,,retail_heavy
pool1fd0q9h8974y6psejmzczlywy8fgxxy07rn2ynrwu734aqwq540p,33,59994970,1818029,58589101,BINANCE,cex,custodial_moderate
pool1prc9hna2mgamtspchrygc66s9n4tlkvh39e3t9zccef4kzc3ns2,2075,59722048,28782,4353871,,,retail_heavy
pool1f9934hk9awd25mmxl0dd2haqvda9nlquwnh5pv64hs42znl07zj,9,59562584,6618065,57255794,BLOCKDAEMON,ivaas,custodial_concentrated
pool1wpmjtfqcwvtcs9znpuulk99yk2zz6pfh0c4k9f2xlcspgqjndk2,306,59503760,194457,40080279,MS,community_branded_fleet,mixed
pool1lhz4gsk5ezdl5s4mv2kxgrkhzzhad6me2v0xmwuyt845vensdlc,2940,59390067,20201,9475459,SECUR,community_branded_fleet,retail_heavy
pool1zgxvcqf0dvh0ze56ev2ayjvuex3zdd3hgxzdrcezkx497mv3l7s,31138,59300505,1904,2405136,EVERSTAKE,ivaas,retail_heavy
pool17ahr5ygy48vpdfnatqn2z4wfu2te4quapk2yx3k50ce6kd7feg0,10070,59298415,5889,3915273,,,retail_heavy
pool192pfftt48zc4x5aellvpufk6l6zxllpldw0rx82vrhqrqfhhqs2,3247,59270120,18254,7323750,EMURGO,ecosystem,retail_heavy
pool1aqg8vxzv75zhjzjjd9s20fu6r0xz70yl8lk3teacwy7qyc2p2j7,33,58997895,1787815,27403950,KILN,ivaas,custodial_moderate
pool1dl4695wfl79k7gtzt87gsf8gsqeq97yzuvaq0d4zxhz6c0nlf4g,45,58914111,1309202,31515879,BLOCKDAEMON,ivaas,custodial_moderate
pool1095d0cr8yp0selmnrst5hnuf8jcl6vlkxlr2j6kq4x6qs4yxuwt,2,58844705,29422352,58800894,COINBASE_BISON,cex,custodial_concentrated
pool1xjhzgchsl2ccvc5pj3aqytv9hh0jnaz63wtfnw4th07tjypm46x,2717,58708626,21608,11601904,SECUR,community_branded_fleet,retail_heavy
pool1k0ucs0fau2vhr3p7qh7mnpfgrllwwda7petxjz2gzzaxkyp8f88,3299,58227209,17650,5618359,,,retail_heavy
pool103455uc7a3477q8pdmzvny884qtlv9vhm2csxvqx2cadwuk36sq,2364,58196943,24618,10740578,EDEN,opaque_fleet,retail_heavy
pool1s6se64qce5rjjjhh6ufcdnc54p8qg78mlhjm38lymx99sqysvzx,8492,58025195,6833,10001982,PAUL,community_branded_fleet,retail_heavy
pool12z39rkzfylvn9wfe8j6x9ucq6g2l4mw4azj70y0gd8ejczznyj3,10413,57483826,5520,2751769,BRAVO,community_branded_fleet,retail_heavy
pool1vev8z03vh7jwx3mfrgzrt9fltt97nupaxv8ffj4r5r8mgwts5ze,6129,57039465,9306,1559234,LINKTR_EE,community_branded_fleet,retail_heavy
pool1xt7mjrtnsew3v33lu8sf93upf20sxhmcrfnpm82ra46yxk7uy45,1,57000082,57000082,57000082,ETORO,cex,custodial_concentrated
pool16f95up5u5lyqne5mnxmlhe0rgdgmya27mph288r6gw0ukegjffa,650,56819494,87415,30233655,,,mixed
pool1ft4xjlz9uw0r0ewcgtkgeakqrfc5azxmxwsm5pt94dv67mw4rgd,1500,56528493,37686,10906289,,,retail_heavy
pool1qqqqdktl6pq46td0mwut0qn30g7nlue0sete9wxl0hwsq37wrw8,6448,56346517,8739,4940652,,,retail_heavy
pool1ksrg8a964464las0ymw88slrwxkychjz9lh09lqltu5m7nw3pq0,2268,55922999,24657,16892447,,,retail_heavy
pool1gtphgrdj8sluxm9e7ca2spcwcq2p0dxj9zf5v0yv3gsagzq704n,5720,55910969,9775,4038497,,,retail_heavy
pool1uj4u73qgtprqre78q75fq2vkcrpfrcdreqcqkvn6u0m2k6nk2yp,26837,55045470,2051,1850310,EVERSTAKE,ivaas,retail_heavy
pool1qfxukshs4fkcrflzdnxa2fdza5lfvew3y6echg8ckaa4q8m5hyf,4948,55024750,11121,13430198,NEDS,community_branded_fleet,retail_heavy
pool16eua0zalaln7q0s9u7jzlyygqad0pu2l2qdxx8r8ueqrw2jdhqf,5,54629254,10925851,54629226,ETORO,cex,custodial_concentrated
pool1cunvnkjkzh2lna593sjmkylcr3r5rmxdpr8r9u6pfuer72p24x4,8833,54603377,6182,2327298,FIGMENT,ivaas,retail_heavy
pool1wvaj307ee8jfewv9qjtgk0q3elmpe5lz4n2dec2303062f7dc4c,26,54006226,2077163,36785237,COINBASE_BISON,cex,custodial_moderate
pool1qqq0c53vaf5ju0n3fvujmyxwca0yhp65930evw9lngmr5705csz,1717,53972362,31434,24830623,,,retail_heavy
pool1cf7mqj0xd8z4jqhr7nf565mxuvepk8euv5t6ehmuwe49kfz9llr,342,53740919,157137,6336721,AICHI,community_branded_fleet,mixed
pool1q5q3rld4nll02w8sqhf9582jcf22t99yt27z0pqksvpnv4rdra9,2,52749880,26374940,52702865,COINBASE_BISON,cex,custodial_concentrated
pool1up53z2kadt6l5xs359ckx477rpyvyg3favh25qrhqt2ujclpq3h,58,52383240,903159,10162863,CRDNS,multi_brand_fleet,custodial_moderate
pool1z7n2ruhmxmv77f6cqhd3wsy6774h2wuay77agxuf2y9mj8q55vw,1098,52223121,47562,4420660,ONE_PERCENT,independent_mpo,retail_heavy
pool1w7c2j0px43jmudhf48ezp7dy8j7904c9l3wc7809lhh2z026hch,6095,52132068,8553,3873729,,,retail_heavy
pool14skj6e4rpjanzclx3fc880xnl8xafgg63tmw93t9xspvwx985qu,20469,51904556,2536,3460805,EVERSTAKE,ivaas,retail_heavy
pool1pshqcksxywy68lt04lw6uf35f4yssekh5dx2mxqmyrukke2z5y3,3535,51854992,14669,11170626,ACL,community_branded_fleet,retail_heavy
pool1tdvqgy6mq7lx7d345e276xmgmhh3s4zj8dzu6xzq5m7rx4tzkg2,437,51437201,117705,44720725,ONYX,community_branded_fleet,mixed
pool1mt8sdg37f2h3rypyuc77k7vxrjshtvjw04zdjlae9vdzyt9uu34,597,51387677,86077,14325597,,,mixed
pool1rmpv0h0pecysach8tj06vxx9wku2pdm74mk9cunx759v58q0hu2,239,50898395,212964,10675562,SASA,community_branded_fleet,mixed
pool1wm5pnu72efdcvjm34r7ykkxx2h549swddjrn6r2aqy3tvjc4l57,5,50430890,10086178,50427510,FIGMENT,ivaas,custodial_concentrated
pool1ng3vqzrhn3z45yjdscv3q37n26g2pj3vp99rfkgv6225y8lqg8j,29542,50276731,1702,2333596,EVERSTAKE,ivaas,retail_heavy
pool1pp7tn2w6ken4rpfcjwcdup3g4m5gcdhc9lgvrm3mnxz5stmrhq2,2569,50151152,19522,2906423,,,retail_heavy
pool1a23gmvalpdams9d42t7fur8vmknzjv7wd3nsvuvrc7dv66lnau0,2418,50084446,20713,1511416,,,retail_heavy
pool19l206haluae6wyzm7tjpt3gln9paa5m9s4fedec2u09fqz300ht,2,50006985,25003492,50006985,ETORO,cex,custodial_concentrated
pool1wdujj7tmux5nuwnpeksgncendr3mj8ecsjcddpzx9gewc3flp4r,3,50000385,16666795,49999957,ETORO,cex,custodial_concentrated
pool1jzk8rwf2fs5l02dmm6pm5tnw9stmd8jpmvsy54085vu2u2656re,4,50000222,12500056,50000212,ETORO,cex,custodial_concentrated
pool1dzdxps32uqhva9q9urx4lm7m0nhlczjjccwy9kv4t2d3krsn4m7,5,50000194,10000039,49999966,ETORO,cex,custodial_concentrated
pool1fvgmxt3688a5zl6amhvaqk9tmvk3lhxkgdsta6yj3czuy5hjwfy,1,50000076,50000076,50000076,ETORO,cex,custodial_concentrated
pool1swuyjknhewtqcmh583jjpvlcl0p9h9hrt5l2f3v2hl6gchqrn40,2,49999975,24999987,49999975,ETORO,cex,custodial_concentrated
pool1wt0pf4u2xktp0f7apveu242w6nkm4ltk3m8g039lvuhwq4zdtf3,3551,49968468,14072,2899530,ECO,community_branded_fleet,retail_heavy
pool1dxwgzj66pual956mnv9delkelg873yvgr2dd8s279m0hxqvr475,3191,49749571,15591,2948714,,,retail_heavy
pool1a0kp4vl4fh0p0rs8s08rm7qq3vkj3epwraayk3sdgm8sz0zwt7t,1308,49458477,37812,2207777,BIGLAZYCAT,,retail_heavy
pool1krznhwu3h5pu2stuslr53z5rme50t6384macsmylcnljwc7yjky,867,49080861,56610,24393430,,,mixed
pool166dkk9kx5y6ug9tnvh0dnvxhwt2yca3g5pd5jaqa8t39cgyqqlr,3468,48898867,14100,2108727,VIPER,community_branded_fleet,retail_heavy
pool1myvgx4ef424e6nw2strqq7dxcepav52plyyhxrk0avaw7y098l2,1120,48802492,43574,7264033,COOL,multi_brand_fleet,retail_heavy
pool1rct5guwnp6nk9f4ldn5tr3s42j0nm5rxeayv56lxua5ck47ex39,2468,48547885,19671,3774569,FIMI,multi_brand_fleet,retail_heavy
pool1w6l6rvhxtym5psec3mvgrjlg28d6hrv8g9jjexadzmxfgndfg2f,1137,48291013,42472,3718155,SIPO,community_branded_fleet,retail_heavy
pool1fpu5xurq3jx5rn626ejcx0dzzzk5lmtvdl2qkj9l4kw2sjp50dz,244,47847635,196097,44880133,MS,community_branded_fleet,mixed
pool108zdflss3ayqlm5c7vr6mtqj2uwl99vk28ur8dv4zswdzt6yauc,6537,47522277,7270,5935920,DAPP,multi_brand_fleet,retail_heavy
pool1t6ek99u2dzj8sr606uqm3uz0tt4ejr4cpvwtqfwen6p2z57rrst,95,47138262,496192,16758893,BLOCKDAEMON,ivaas,mixed
pool1qakys0fxx5p2fxcnsc2tyjpqa88q7qgtdh5t3a32hplv6fg25r9,2311,47105177,20383,4742998,DAPP,multi_brand_fleet,retail_heavy
pool1qa6lqyu67ghpa0evxfu9nzqkj3h82qpfku82ec79zdwru4pd25m,5296,47052645,8885,4439773,CNODE,community_branded_fleet,retail_heavy
pool1p70svj9zrg7lgzkdn8udlslry0t27qs8r9tz9lr955v2yfna2rl,8,46806335,5850792,45237174,FIGMENT,ivaas,custodial_concentrated
pool1pmm654jfx088td54ekkkd0j28x6r5gnjdhnutzggursrxjnpk2y,2624,46787431,17831,5197151,EMURGO,ecosystem,retail_heavy
pool147tju4482jtl253lgqq88fkefdugcuhaumf8m0rcj8uzxu846qm,67,46623419,695872,12151956,COINBASE_BISON,cex,custodial_moderate
pool14mhf0xtx45a8979mcnad8upas8apwal4nfqd95arv4wlsuk6m9q,58,46551849,802618,24465490,WAVE,independent_mpo,custodial_moderate
pool1t6n7rysk6wzm9wqxda6zxpzmm3j6256fs3mp06dc26n6503hhj4,1390,46451260,33418,4139450,,,retail_heavy
pool1tpr44v3pxth9j0ff246dvsryxpanxwx52f024ws3ecvn72sgv55,328,46346717,141301,29727461,,,mixed
pool193uec04jldvah7r52q86wl033g4v42x0aste8jfg9999qepaxfp,1269,45911517,36179,16685400,,,retail_heavy
pool13mas2wthxs28zftxskcsd8t87jk2w9ntc0u5uflt45sh7lcvs8h,2208,45561252,20635,2421946,EMURGO,ecosystem,retail_heavy
pool13z5t8wlhtf7ccc0hud8pnvpjeekjdsyn7sq69fcxf3k6kpnlm74,5,45426823,9085365,45418568,FIGMENT,ivaas,custodial_concentrated
pool1cpwymxe2fjr20u34f874e2q6za3razk0rttslrxqhc4tu3zxau8,4,45187373,11296843,45184416,FIGMENT,ivaas,custodial_concentrated
pool1ynxx88cq0y8vg8yrq3jrw6epm7rq9a8859v34sq9lzjy7ztg90u,26774,45045031,1682,1055388,EVERSTAKE,ivaas,retail_heavy
pool1sjwdmeme5zs042jzwmdvxshhv27kepxke0mr02f2yzacsyd4wtu,5656,44584889,7883,3790110,CCV,community_branded_fleet,retail_heavy
pool136q98jnwt093qle4ph86vdpuwplg7gyvt20h2nq4m6ksv8xjcuj,146,44565389,305242,5301893,STRIXJPN_GITHUB_IO,community_branded_fleet,mixed
pool1ell3xjtspzzz4vtsatscan6rheltf7j3hh2s8qsam2h3jvcxzm9,686,44460605,64811,10063937,OCEAN,independent_mpo,mixed
pool1v96277f457qtwhuq3ma9yjlacq4mjw9h4j3jfy5rjgjru5lyxea,3,43945855,14648618,43942611,FIGMENT,ivaas,custodial_concentrated
pool16fyda57p3c8gp5r6gmcq5tvqsp6mnzwvkxswgznkuh8wztrp6vv,7570,43769732,5782,10154490,HRMS,community_branded_fleet,retail_heavy
pool1ases3nklh6gyjf74r7dqm89exjfd520z9cefqru959wcccmrdlk,94,43217950,459765,42418665,,,mixed
pool1du3r4a7xq60hg2x0wcz7lw5ya3qs74rk258c8kanp93rsqdqu45,3121,42850472,13730,20362810,,,retail_heavy
pool1u6kpt8hgqcm596kukj97ghefmxn8ks2cgwg8qqe0gtgscnufk5p,3757,42717702,11370,2877615,ATLAS,community_branded_fleet,retail_heavy
pool14fjmlppz76667ws3jl5luejf2wgztuhpsftulvh3ucc65anqgve,1216,42187591,34694,9681090,XSP,community_branded_fleet,retail_heavy
pool164xvrnwxg0xwhkcm0fsnlzmtj3ptp5s7hne32k4dyv60x4utfje,24,42091072,1753795,37457720,BLOCKDAEMON,ivaas,custodial_moderate
pool13qdkwy5y88ncr5qpjrh8hgtf94d0zw4wuhgezjg3hvlyyrh37c7,1005,41603718,41397,10672108,SECUR,community_branded_fleet,retail_heavy
pool15d62znf04qymt6ve536tt5y9ky979ly4um5zmgz9m850vu7wuv7,22,41596831,1890765,41431451,NUFI,platform,custodial_moderate
pool189lsf6c2upyhmrzddyvyfjxxkqnte9pw8aqx7f4cuf85sjxlm02,2435,41592213,17081,5929669,CRDNS,multi_brand_fleet,retail_heavy
pool1qvudfuw9ar47up5fugs53s2g84q3c4v86z4es6uwsfzzs89rwha,44,41464526,942376,40887149,,,custodial_moderate
pool19k9grwq9cdswn4k7vxzmwcls24jj3466g4s4xr5vucehcqpslfy,387,41366239,106890,18931893,ADV,community_branded_fleet,mixed
pool19hrn8me383w9atvmjwukjxqsdvr8udpmyxau956hdc53x669j8p,10,41296684,4129668,36580987,WAVE,independent_mpo,custodial_moderate
pool19066qvd5dv6vq7fh5a5l7muzk6nc5fw8zq3w4tclyrhvjvlyeuc,3,40720163,13573388,40720157,ETORO,cex,custodial_concentrated
pool1g3ssnndd8e7lcmstkjl9ane9mup0eshv3aklg63u5tznwl4ch87,22885,40462198,1768,4346360,EVERSTAKE,ivaas,retail_heavy
pool15v22rpfg6qx9l0gx0m955gfv7tes0jpa9sy0gjs3a04lv6x9jdr,6586,40369516,6130,1779295,FIGMENT,ivaas,retail_heavy
pool16pv24th2tzy8k70vk4ms35tff0fjxfm2dd2psk7cvs27wnjvlgh,262,39746980,151706,7808132,,,mixed
pool13crd2ljx87988umk22er6ynwadfwdqupdpcq6prc6v59z62kxse,2654,39659933,14943,13052091,BLOOM,independent_mpo,retail_heavy
pool1ywpt43nttzjd7883wafg255mh0hmjypwe65ercw6p2sxg5lt7ez,32226,39456744,1224,3644431,EVERSTAKE,ivaas,retail_heavy
pool15zrkyr0f80hxlt4scv72tej8l8zwrcphmrega9wutqchjekceal,6960,38826663,5579,2106739,ZETIC,community_branded_fleet,retail_heavy
pool1v5u6wzakuc25q3zpx04t8gjz3rgu60wuxkv2mh5nga23xjkc86s,1455,38806195,26671,6587452,,,retail_heavy
pool1vc8jp7uagxgh8trzx7r260ndcydz89ges8sws05cyv7jj8q8gqs,852,38788840,45527,10963221,OCEAN,independent_mpo,mixed
pool1fza7ms33y7mnq63etrgz0caqhaw2tsxme0gp52ltv9wwgwurged,3,38263319,12754440,38263311,WAVE,independent_mpo,custodial_concentrated
pool1uthdnav2zc2hxpg2hyeyy545lnxtl8lqdcdqxjm0j8t5srmyvzj,338,37913767,112171,14321349,ADASTRONG_COM,community_branded_fleet,mixed
pool1nudasuv0lljpe0tswcverqvlh0v4226vgnpsuxn0e9nkvnvcvne,5506,37716018,6850,2003385,STI,community_branded_fleet,retail_heavy
pool1pvu2zdexh8wr4ggmuz90jvqrua6an43qj9m9urs785p8kwjzqwl,43,37680291,876286,33327218,YUTA,cex,custodial_moderate
pool19zkd9hmkgdjmx2xr0psuat88uuw25wsrktr2qe69v2uzqldfnmj,1,37614195,37614195,37614195,CHUCK_BUX,opaque,custodial_concentrated
pool1ukeqarukv9gxwy9pt8jkr4qvad2yf87758g3xzemmvmtk8lrynp,5267,37182601,7060,3417753,CRDNS,multi_brand_fleet,retail_heavy
pool1qtscx3ge0rgmpffgqen5uup8r8tnav7a2veduweskqx7gf8gjec,3,37158955,12386318,35010651,COINBASE_BISON,cex,custodial_concentrated
pool1ctzja2cdwyeqnvehmrlclc5wrn9w9acwklk3acn73jrx56d66vs,1132,36929366,32623,9747318,OCEAN,independent_mpo,retail_heavy
pool1k0xrqp03mn9u3q3sadndd6vu9udl5v38xpzyw0shm8sskuxw2av,157,36859987,234777,7022471,YUTA,cex,mixed
pool12vs4c3cm0tr49c7alrevfs0xa5g3s4al4fn46h33e69uusat04v,3899,36823133,9444,1868705,BLOOM,independent_mpo,retail_heavy
pool1f8erepj5w5nth5xfxgxnwpz59jzywt6zdwfr50jzjwfwksmg9ek,12,36319380,3026615,36308153,NUFI,platform,custodial_moderate
pool1mh4ng2ldxk4sqfppzu6r4knxrk6e87e9c4wgrred84uy7xauzlh,4596,36288142,7896,1188466,CCV,community_branded_fleet,retail_heavy
pool1ua5exfeju4jc95yy595cykjh4x46998g8hrrvw2v5h9k7987a44,2,35776350,17888175,35776349,UPBIT,cex,custodial_concentrated
pool1sjnh0ymk9fhhnusm7uksux5yhpfyhjfmseq5nuupsj6ezskc0pj,1,35728539,35728539,35728539,UPBIT,cex,custodial_concentrated
pool1r9kse9x8ja0ajkyw8w96zw5c2aqeey6j85nmyqxhwt0rs090fu4,2,35710690,17855345,35710682,UPBIT,cex,custodial_concentrated
pool1cp4q7w2jvlthul9mlskj6xutx9rdr7n4vruqqe09pfg5ywmzdzq,1,35650528,35650528,35650528,UPBIT,cex,custodial_concentrated
pool1ek9pyk0xwjelrw7uqktvjwqj8wlcqqftjxqeq3t2vffw7qm8efs,1,35640764,35640764,35640764,UPBIT,cex,custodial_concentrated
pool18rhzlrv83a7ygj7cp5uv8dx07qkn5drhe8nh6f3qvhv66xcyj2m,479,35631305,74387,11042439,SIPO,community_branded_fleet,mixed
pool1k2224hj6uhdgkflj6ncqvmfhqvhlhj0t8crhqux5mphwwumupec,1,35608181,35608181,35608181,UPBIT,cex,custodial_concentrated
pool13t8yafhx3mfnxs8nnkvgqnm9v5gspk7cdjc5dmpzpt0a6h294yn,2,35604933,17802467,35604932,UPBIT,cex,custodial_concentrated
pool1859zslu3scj23wxcamw0slkhn80waxwkdl4k8k0asyw7sfa8dv5,1,35579368,35579368,35579368,UPBIT,cex,custodial_concentrated
pool1a2nh3ktswllhwf07fjahpdg5mpqyq7j950pyftq9765r6t4cefl,2612,35445862,13570,10077828,OCEAN,independent_mpo,retail_heavy
pool1gk20vlqg7qq868avysckjcjtwyphtjurfwlgra45670ny6r4fww,11,35252790,3204799,35008036,COINBASE_BISON,cex,custodial_moderate
pool1xlfty06hg6q23qvcaxwv3p9ke7ff9n34qpr8tpxt2zflyq20ceh,714,35156626,49239,5110774,,,mixed
pool1qc05c76autq4235sq20zu4vjwtl5m0xn4mxq9kg6e66uwz95kd4,26,35100210,1350008,35011725,COINBASE_BISON,cex,custodial_moderate
pool1urgvu6zk422j4xwtxa45lzpd6dm25msfthpkezr042secrtuwzc,5103,35097533,6878,2918394,CCV,community_branded_fleet,retail_heavy
pool1jldj0znj8rltkuj4sumqq5z6p8sdt3yk4qde90q42daru5kgfl6,1,35067653,35067653,35067653,UPBIT,cex,custodial_concentrated
pool1hnaps49hfe3uljp4cleu4amhes6wvatufyvgt2tjdtj3xjrgknk,1,35059386,35059386,35059386,UPBIT,cex,custodial_concentrated
pool1wthsvhhxueqfd9eqjdj8pgyprhr4gptn5g63z9rdrtelcfumnvg,1,35055240,35055240,35055240,UPBIT,cex,custodial_concentrated
pool1hyqdlnuff3rnvg9lx70ccca2xqxcezzz4998tp6chhxnx2st257,5,35048410,7009682,35010115,COINBASE_BISON,cex,custodial_concentrated
pool19zz6frugmvm82ecgl5hh5vq3093d4kzr4h2r5vfmt6la7trk929,7,35020564,5002938,35009526,COINBASE_BISON,cex,custodial_concentrated
pool15kek228mhvnsncdjn77u8qtrn8hjh5wfzmh6g942xf0353yc77j,12,35020467,2918372,35010721,COINBASE_BISON,cex,custodial_moderate
pool1fxra32qureulvqrhrdpnrl5yechhqreg2khrghv3tkl4z66t0rm,5,35015382,7003076,35009826,COINBASE_BISON,cex,custodial_concentrated
pool1kcvaxe4q4npwt28qlr3h84htjf4qrqglqk3cr2484ptycr0ldut,4,35012911,8753228,35008035,COINBASE_BISON,cex,custodial_concentrated
pool18gsrasdghtjsnzlf20pht85l4epwag74w9pfx5qvdvcpxw68sl6,3,35008059,11669353,35008037,COINBASE_BISON,cex,custodial_concentrated
pool14mm59ntjqzphjr6chrww639cdr3yjce4qcwzc5jkk38y22u7uc6,137,34938451,255025,9430234,YUTA,cex,mixed
pool1xmsdhync6k6grkkj7tuycskjpseykpr24luhlazl5nsngsy87gm,27426,34907570,1273,3008797,EVERSTAKE,ivaas,retail_heavy
pool1ewrm7y47s9hv6hxku9n5gfnsuspymp0qqpwgvgm9rvm37cek2h6,2940,34872286,11861,1426364,,,retail_heavy
pool13z9mfsve9w39sl5akgz58yewad9daycxn8ja426ytdxey47yatu,1,34863466,34863466,34863466,UPBIT,cex,custodial_concentrated
pool195gdnmj6smzuakm4etxsxw3fgh8asqc4awtcskpyfnkpcvh2v8t,7499,34771241,4637,7014290,SUNNY,community_branded_fleet,retail_heavy
pool14zdcvdec8qmqzsat5wg3a2h9f0u5yzrgjew534z8u3gs5durnjz,6579,34756391,5283,3958892,PAUL,community_branded_fleet,retail_heavy
pool1axzm26vduyuxgw0x9ddh4vkvn7q5hyd558l0t9c08p556lf2zaj,36,34610456,961402,33461796,WAVE,independent_mpo,custodial_moderate
pool1lnr8t7pxvq3vfg8c5lc7yjcq39haws4ntu28xpxzx4zyya9ntny,16,34573013,2160813,34545925,BINANCE,cex,custodial_moderate
pool10ya6hxrssmyhl560gqyalhqxudkgfjdlc0e4krww6wweyaeajs8,467,34255531,73352,5052919,NKR,community_branded_fleet,mixed
pool1vquhv3kh6xkklckaenl8alyuhfsld57ef5573aqauueyqacx4ak,6631,34075036,5139,2066941,KIWI,community_branded_fleet,retail_heavy
pool138m7hevnvp664cmtralju857t5k7e4frpnaevtgpuykggr50kne,8442,34055685,4034,3246303,ITC,multi_brand_fleet,retail_heavy
pool10quq4wlghwrvmhdzc7geq22pyhzegccwj56ax2g8hx0cjfahufs,442,33907427,76714,4198134,SPS,community_branded_fleet,mixed
pool1lvsa8e0dw6z8g2fkw7prnfa7627wuy5jjexaadck6w5sxw5xkvm,1425,33822862,23735,1654437,DIGI,opaque_fleet,retail_heavy
pool1cmdq8atcy8x7lfhh09vdumveuh0ywsx0269ur774nvzkyhma37d,189,33722246,178425,13286847,,,mixed
pool14wk2m2af7y4gk5uzlsmsunn7d9ppldvcxxa5an9r5ywek8330fg,3825,33711767,8814,2000415,,,retail_heavy
pool1jz5ljsnj4fzmk84j0wcw9ldy866dn07nzqg2ktyuyjvfvr3jgtq,1276,33531966,26279,8675375,DIGI,opaque_fleet,retail_heavy
pool1cauj94scz5wp58defdxqqgnujaalvxe388peyv2gx79y6suzl55,4,33486843,8371711,33481280,FIGMENT,ivaas,custodial_concentrated
pool1nll5ghr8cdkl6ppnxpuk6c6vrg9d5kq3tp8d6xjdds5pct6pxj9,16,33395253,2087203,33175183,BINANCE,cex,custodial_moderate
pool1jst7rrhucnp93hepezv5yqy6fx982xs2v0udwfc5ea6my3kfak7,20836,33383307,1602,2359931,EVERSTAKE,ivaas,retail_heavy
pool1me68mzk9kephj0yqya6xu9jefjvtg0dvmly3m9sy67cezrexalx,9,33337139,3704127,33146891,BINANCE,cex,custodial_moderate
pool1f4n4mdsv5ydxuc3y4tzgumqvfa8xxlyr8jl70qquama0ug2pmhf,15,33243791,2216253,33180454,BINANCE,cex,custodial_moderate
pool1jsala5rdc0hjewcvu9dujcz8jpfxp7hadqr3r3hzs63skhhtpqs,14,33196047,2371146,33136961,BINANCE,cex,custodial_moderate
pool1nwv3c3q62lqcdgp7s0jtl4xldgfnjnt0szkdclk4tzjqzv6kv7n,11,33188778,3017162,33151774,BINANCE,cex,custodial_moderate
pool19f6guwy97mmnxg9dz65rxyj8hq07qxud886hamyu4fgfz7dj9gl,22053,32898866,1492,2232524,,,retail_heavy
pool12m7z9p7jqymxrvvp6z7vmfdu6j6u6y43p0m6y4xalz43sc8s4t9,31,32831312,1059075,7864763,COINBASE_BISON,cex,custodial_moderate
pool1lurfk0k0wwx54hlg8a7zp3jtstu57u59aeq7aketl55hknmmtu0,3319,32748204,9867,2440884,,,retail_heavy
pool12l453n0jtxqq88cgwgr67z06ldyhqqvwxgkn0sgungjfvhtp2el,20434,32647458,1598,609651,EVERSTAKE,ivaas,retail_heavy
pool1c89d4drtwn0048mekkdkzllz559ahnntxelyw2mppxnmc36hjlx,781,32566605,41699,9712264,,,mixed
pool1jq7r3evstu2c040vlry8tgvpwf0mfvft86cxecwjpwcuvvqfu2r,4475,32534202,7270,1378731,CCV,community_branded_fleet,retail_heavy
pool13h08lf24fjmxxg0mmuattjv8dvy0r6fc4hrqg4qmj38xsweexrv,28,32519061,1161395,21207514,BLOCKDAEMON,ivaas,custodial_moderate
pool1yr0cv3dtmhcfgqa6yetvmf769ngk89e6tepecmjrmjl2jzcw2lm,1137,32435693,28527,4907625,,,retail_heavy
pool1r55hyfrd3tw6nzpkvf4rfceh2f04yph92fc462phnd0akp2s5r6,611,32383699,53001,5175323,COFFEEPOOL_JP,community_branded_fleet,mixed
pool1z46azf72z9yjlq6rpngwn5syg5xup8jcwguu2t259ngl5cnv2ds,15,32235991,2149066,32012889,BINANCE,cex,custodial_moderate
pool16vdezg50c80dhs78jhfl0gpqr68trtmqy40xplw39t9mgk6vrkd,10,32187978,3218798,32006443,BINANCE,cex,custodial_moderate
pool1lvgs6gdcgl3lgcc77wxmuyst8x4h9gxcth07pzry0rfsv5ntl3r,9,32133530,3570392,32009681,BINANCE,cex,custodial_moderate
pool1ptzl40tt9a6l2kp6fhjmzsg3t2maqdhwv6cnqu8kj6xgz3vw9us,10,32131564,3213156,32007621,BINANCE,cex,custodial_moderate
pool12ahcpgfgzkm29zajw8fgfqjma6ngsks7zdk4tr7q280pwfvtlek,16,32106128,2006633,32011162,BINANCE,cex,custodial_moderate
pool1lfsslc99da8jhj5apzctsnfm76kjc6ndyc6hnynagcj8xexvjsr,14,32088434,2292031,32011169,BINANCE,cex,custodial_moderate
pool17c4u37tjcjaeym0cs5mffvdkyyv74rkhczhnsgplef4sjglkwpj,11,32087092,2917008,32006452,BINANCE,cex,custodial_moderate
pool1ewgnsmk42ljf00wytawfcl3dcash9f852u5fr92e37wqxutyksl,12,32061639,2671803,32007068,BINANCE,cex,custodial_moderate
pool124hy9qgc0nhqsve268kj5r53pvz7ppg295q6r2d0sjxswchljf0,11,32054424,2914039,32007639,BINANCE,cex,custodial_moderate
pool1l7xwy6sswcpxcepf9m43sez4kwgrgxuw5ekhkavj3k2lv6njvec,10,32022271,3202227,32009419,BINANCE,cex,custodial_moderate
pool1f89cpnym44rfv52jj88f3g20axraw4g9g7aglnqsgjl220lpdd8,9,32018557,3557617,32007648,BINANCE,cex,custodial_moderate
pool1tmt8thfaqeqv499l3s7k5kl64s84nycvnx55ll3ksm9hq50p0ks,1110,31741696,28596,6230331,WAFFLEPOOL_ORG,community_branded_fleet,retail_heavy
pool16kus5xvdysgmtjp0hhlwt72tsm0yn2zcn0a8wg9emc6c75lxvmc,5444,31649698,5814,1659657,EDEN,opaque_fleet,retail_heavy
pool159s558a4ffhp9nqjp9dx048lphdlxjc8xmy5pcmfe4jhuxe4a2u,6,31544145,5257358,20543198,FIGMENT,ivaas,custodial_concentrated
pool1vxz0deezj5c2950e7arpzfqxzq8zd9kawsullrzjw5rsq0yhxgr,220,31203000,141832,3765887,YUTA,cex,mixed
pool1cmaafeyy52ppz62jqmsm20c5p8nua7xx95lkkf96ktmqqj3w5td,1010,31175525,30867,11151086,EDEN,opaque_fleet,retail_heavy
pool19asxjgd6ah9ddzauwede4wpt9vsp6s4ax5nz297wt47evc9sn7z,3328,30790593,9252,8000706,HODLA,community_branded_fleet,retail_heavy
pool19lz8nyz0jjpdrdtnjaar4untk4th23gpg5s7aegn7480zff4vgq,886,30766381,34725,22182213,MS,community_branded_fleet,mixed
pool1gqgyta9sku3crjzfl9kj7kxsgfkt98y98yeu09kx22zscrezuj7,2162,30707520,14203,2825630,,,retail_heavy
pool1hntu7agmt8u5j9c20ejen7dvq0jfkvkpnul3mrdd8tppqvwfvt2,3090,30647244,9918,1721043,BLOOM,independent_mpo,retail_heavy
pool1p5ja48uqc7pjnuqvwu7cgmspvx938qpnf4zqm0x2k0ngkh4lkjx,570,30314230,53183,6735026,SIPO,community_branded_fleet,mixed
pool15ccmgcc4k9t8auxw9v4dfjmrl2kqnuevawn8z6n7xv09utw9hh3,1488,30230831,20316,4126512,4ADA,community_branded_fleet,retail_heavy
pool1a4qtpgce7cu6wzc79fx7qrc3938hkl2gf8c2h5jugvm2gnu86l7,3424,29954651,8748,8560585,HODLA,community_branded_fleet,retail_heavy
pool1qnrqc7zpwye2r9wtkayh2dryvfqs7unp99f2039duljrsaffq5c,4982,29809305,5983,800309,NUFI,platform,retail_heavy
pool1j099ctc7kcc9fa78dz5qwsy2g0n96lrgletwxvxmyzh4zd7ck0j,1969,29510025,14987,1503282,,,retail_heavy
pool1qwa8x4u4a2pff0xdv0haxpgk3tyrvl5adl2lpf3ztcftqruhea0,2374,29432776,12398,3464606,ELITE,community_branded_fleet,retail_heavy
pool1cyq3v3v43hu7spwlfxdm6vq9djpsjjueerhlu5qr2rvd57vqk84,907,28921046,31886,17925917,WAVE,independent_mpo,mixed
pool1xn4kqt45xh3udf87kmtkdfz8xh9qn6trlqsf39eusk23ufmxhgr,1029,28812173,28000,22231274,WAVE,independent_mpo,retail_heavy
pool10zyf32q3w3n9x940j6yqgkwuegzn77p94wcmpku6gvmrqw8a97d,1220,28769690,23582,4137578,XSP,community_branded_fleet,retail_heavy
pool1fgp4f4afdrq26axqlnm80fz49hdkyq4am3ca3r33w0w8sw2x8ap,1,28633655,28633655,28633655,UPBIT,cex,custodial_concentrated
pool1yvf4nxph69ztm0tgj73ummxq45kfjhecyad26e3xc2002xgzalg,3278,28457517,8681,1500520,CCV,community_branded_fleet,retail_heavy
pool1pfprlfz0ywcnewjegazz05ghgcfkvu40v6edsz6yn8w362sdjr8,1765,28060760,15898,8683864,,,retail_heavy
pool1ppznyu6qrvlw9uuqa3tslryjd40nh56jyvmaqw6kdf4kzq3y8kh,1308,27924306,21349,2304137,DIGI,opaque_fleet,retail_heavy
pool1yc6f3cqsc7jfh07hcns64v5cp8720mve870pgxf2wkr3u8l7tse,3409,27903732,8185,4091119,,,retail_heavy
pool1c7jrfce3zxkk9s9enzpvwj8fuayvx3pdzc2k2es6mrw6gsfcjep,3387,27831383,8217,5333140,EDEN,opaque_fleet,retail_heavy
pool1rvjj8cp3urh7de07pm0ceqha2x4lxws69lhd4429dm6djfjsy4l,2017,27716959,13742,2260585,,,retail_heavy
pool1398lzhvtaa0hgz305d2jz4urfkwkkt66yv476wqe6att2f7dphh,2597,27434199,10564,5745277,5BINARIES,opaque_fleet,retail_heavy
pool1m06dl8dfcy6d0475fanf0mtnnp2tzhw8rarums042q3jux23q0j,408,27405041,67169,3667327,,,mixed
pool1c3ecg6h4m73a2mftmdm9mz3gxklxmnzuwzl9e38lzd4y26qcm8a,162,27305998,168556,7135828,,,mixed
pool1w8ham64lthvzzxzn5hknq4yrj8xt2nark409s2xmntlwvt4ag3r,581,27218341,46847,2502261,ONE_PERCENT,independent_mpo,mixed
pool1d3gckjrphwytzw2uavgkxskwe08msumzsfj4lxnpcnpks3zjml3,1364,26997281,19793,2802162,,,retail_heavy
pool13pclvkwxee4znt7qc55k8ny89zvdkvfrt04dtd99zjm5vs2tws5,180,26916839,149538,4551322,JOY,multi_brand_fleet,mixed
pool1qqqyv9pn9typyqwcxqk5ewpxy5p27g5j2ms58hpp2c2kuzs5z77,3858,26763172,6937,1165751,,,retail_heavy
pool1l6aeyn35nkqkn9lqqlwqnpraakdzuukjrqprcrj3sctk6hhe32k,1629,26716628,16401,1493442,,,retail_heavy
pool1vdh6kxcqt9mxavyv80ggnec6jjwms44ms30rhle3lt266aj8jgh,502,26657847,53103,20501316,NEDS,community_branded_fleet,mixed
pool1xlra52x2es7dmsvpmcp2922h89h346awe7yuu664e50yvrzaaqe,11,26517589,2410690,12549997,WEP,multi_brand_fleet,custodial_moderate
pool16hs0jxw7h6pwg3ru7rcq3yvg4csj7lhmcpj68kqem2sh5nt8mwk,5689,26106456,4589,4300360,NUFI,platform,retail_heavy
pool1jcetszf3sh39hc8nezj5pzj3ukg4fhfjwdqkmwg8ern8u3c4y7v,3,25905491,8635164,15923273,BLOCKDAEMON,ivaas,custodial_concentrated
pool1asfgkqtmjuusclgx72xpzvpw336gkulchtstsx9lsj9uqzjckv0,63,25901773,411139,4431115,IBEX,protocol_project,mixed
pool1hnukelq3ap6pj3wnetj448efj4nalngy756jln9zd2mjsp73etg,2,25648386,12824193,25648341,UPBIT,cex,custodial_concentrated
pool1h0524mtazrjnzqh5e4u060jsfk8lpsqqjfpa5gygjwuhqu34wvt,156,25606676,164145,3995067,YUTA,cex,mixed
pool104avq7309gjm0fxms69yqusxy8zf888k4mamngg5vnc6vculpzq,5621,25529389,4542,5282681,NUFI,platform,retail_heavy
pool1lfnlxfxxwvjadesxzm4c7grgs3elj70vfdnpjwjmg0ufsqnq52t,86,25491186,296409,4493201,,,mixed
pool1pjmqlsyny06w0x60rfd3seul5xc9pluh3t08y55ylhks28jeh7c,9,25018507,2779834,15275556,,,custodial_moderate
pool13mxx49xrq4hp6mca8qrzxxmjhfrts0ayh5n6ff9uyuusq9cx4d8,3,25001456,8333819,25000685,UPBIT,cex,custodial_concentrated
pool1fqwnqk3phwa2s5thgym8dw34pv0z67m526uqprnjh93cvzxymef,4036,24944412,6180,4109896,NUFI,platform,retail_heavy
pool12udshcl3ycj4qpxes28n0ugsye23h89rj8z2a5ast4482m08xe7,34,24582609,723018,4585003,YUTA,cex,custodial_moderate
pool1jeu74g86ys4fekhykqcww99kdsq3nlym8a6kfw8s8ff3vskad70,2890,24218823,8380,2037859,KAIZN,community_branded_fleet,retail_heavy
pool189vq6ay0gku9tkqc2t3nfjk3n88mm23grmfas852jruw6fjlkaf,39,24199139,620491,10970514,WEP,multi_brand_fleet,custodial_moderate
pool153sc4fct34a680nyfj4084w8dpax6c0zt0js8zqvg3sj7wtk486,61,24182518,396435,14797581,SASA,community_branded_fleet,mixed
pool1vtpn0drn5t39frknedmqq2jkhsfstwketsnvdm7cjzz674s30v2,1598,24078813,15068,2578687,,,retail_heavy
pool1hsq2jrulgj97tna2femdhsfn2wurkkwt8uk9uvs42h9zs0a783p,109,23828880,218614,5686472,YUTA,cex,mixed
pool1s0cfkzheywsftgwp0yz7sq4rt5gyf7t5kfwj5a269kpxvndjn6q,995,23642441,23761,5158783,OCEAN,independent_mpo,mixed
pool1gwnu7f7qgaruxph8gn3u28qphvquvnj63elyd3r0nndacj9g9pa,134,23574618,175930,2883512,YUTA,cex,mixed
pool1xftlxx9slpz59thcgtwgdj3k9e0ntn3p4qnmzs3r84dkx0hccjc,312,23520610,75387,6608193,SPS,community_branded_fleet,mixed
pool1qqvukkkfr3ux4qylfkrky23f6trl2l6xjluv36z90ax7gfa8yxt,1045,23508926,22497,8204764,,,retail_heavy
pool1smy2r8jdvgna5ykhe8rrch7h4qalyfafyzyh0rmanmq0jxptww7,211,23455926,111166,9458995,YUTA,cex,mixed
pool1p9sjhjx0v3k76wvgdqu7jcks2ra48wqlhc6g0mkewd25k3zcymy,221,23337223,105598,7388126,YUTA,cex,mixed
pool1xru6f3fflzwkptgm68pncrsncg9ngllv0jk8jnz40m7wusfhazk,1701,22823934,13418,3355678,,,retail_heavy
pool13846y7q7tng3endxhet9qdcz5w0fjs09ytcye4dm5g54wmyqeqr,967,22750817,23527,6096142,,,mixed
pool1etfar35l4tf6vam3gvqf5dnaq7levz32vgw4p00jzk7q7twg2te,171,22741271,132990,5003198,YUTA,cex,mixed
pool1jhzf2mm6zdlhl6w89uhgx8nq8p6ykcc86qq58vjy0ejyxrrksfj,670,22453503,33513,5287292,,,mixed
pool1psk0c2p7pwactw00nkzjexdw0msn7g8nddc06eyvds6yswr3tjg,5310,22308574,4201,1135355,ITC,multi_brand_fleet,retail_heavy
pool149d5lzg7m6susau4f4yfdztgkty34qrcdpvd3ygsetmljgxxf8g,1248,22198992,17788,2311057,TERA,community_branded_fleet,retail_heavy
pool1cn0dqtplwf67fds40hgkf0u5rm4q4azev5qutmgkw5hdyvue2ue,1191,22096769,18553,4039277,NEDS,community_branded_fleet,retail_heavy
pool1flkcdxj7cq6sfgl4fujx50p20ylqgj02kgwvfj4g5w24s6th8vz,12,21887525,1823960,5245742,,,custodial_moderate
pool1lskcfz80qg2kr2p6776kl9emjn8ulkqsqse7um7skz4y2lwa0cu,2519,21302664,8457,1524108,,,retail_heavy
pool1qzlwlpcsgflr9z3f24fg836tyq45p0kf5cnrp20s8v0psp6tdkx,836,21138806,25286,2068839,WESTBERG,community_branded_fleet,mixed
pool1nwt6mxqus3tpzrshky5h5kykz9rjpxmacrvw0z6yak9uk5p5045,2929,21114785,7209,2254280,DNEWS,protocol_project,retail_heavy
pool1jx4ss2zjage3cw0wht3450328y82yeprmq4fr3e2qtac2rhezkv,307,21112988,68772,2382854,YUTA,cex,mixed
pool1m4enp55hp80tf6xl7k6f6593wnyu3pr83xfvef9x3ktdw9m0em5,3777,21060611,5576,2720040,DAPP,multi_brand_fleet,retail_heavy
pool1qzlw7z5mutmd39ldyjnp8n650weqe55z5p8dl3fagac3ge0nx8l,1098,20824600,18966,7345770,WESTBERG,community_branded_fleet,retail_heavy
pool1lu0gwsvugl2cgx6gzk9zqdjwutd5szp293wpvwj4fvq4jleg8ww,4,20736748,5184187,15392701,STRIXJPN_GITHUB_IO,community_branded_fleet,custodial_concentrated
pool1ljywsch33t7gaf02aeeqkqpuku0ngpwl9fm04t7u5sl5xyunmgp,1345,20572479,15296,2286164,AUTOSTAKE,independent_mpo,retail_heavy
pool16j3mvwws7zc9pjluyhddgea0tq647v0dh3y4nkcuckg9znjcun2,4298,20571623,4786,961490,ITC,multi_brand_fleet,retail_heavy
pool1qvvn2l690zm3v2p0f3vd66ly6cfs2wjqx34zpqcx5pwsx3eprtp,1117,20472906,18328,3041364,VIPER,community_branded_fleet,retail_heavy
pool1eaeynp2hs06v4x8q65jfm2xqcd3dc80rv220gmxvwg8m5sd6e7a,417,20393611,48906,7415147,,,mixed
pool1nhhsh9yhlrvj9e3nce0zpx0xm2xlt6tx7gqakhr6hjc8wy84sat,1368,20186962,14757,11393312,5BINARIES,opaque_fleet,retail_heavy
pool1whk6lawmfz4zq5fw8zghglp23452gnm9zgs59nqafhpexwcvute,108,20128580,186376,8730485,YUTA,cex,mixed
pool1hkklrx9ac7w57d79mnv76rxlgq4acg5ecwhyep7k3zn0u5cz2k9,2534,20055549,7915,1641120,DAPP,multi_brand_fleet,retail_heavy
pool1hx4wc45qhhychdvquhem0q3madcs2mp4r0wllk70zkpxz7jhyf4,1,19701946,19701946,19701946,CHUCK_BUX,opaque,custodial_concentrated
pool1xjqjwe0t7uw7wfdygvt99e5wjcuz6ex6rcx2p067aqxp6tsgwgm,30,19642725,654758,6356414,,,custodial_moderate
pool1mn6relcs7dn2fqzfq5yjlwxa49d900p5sdpw62jlx45k2djgwe4,378,19523086,51648,8655598,,,mixed
pool135h773klt7djljmyawkh88e8qc457wxqfhc6j9h6y9n4y3sgh7t,434,19463974,44848,2313476,KTO,community_branded_fleet,mixed
pool1fuu0vcmzc28lqm09m4j3llg64ghf9j36tcsp9vcy3kpnz9pg9hn,9,19198470,2133163,12240608,,,custodial_moderate
pool1l6vtae673eltsx86sk4xxr3fnn9tk8e99jkrdvcmjqlc6cca4nk,9,19083440,2120382,19073634,MUEN,community_branded_fleet,custodial_moderate
pool17taqml487n9t4r9a6ppvf9qv0qlw2lu4zcrzwfdsfcv6xp7uqym,1412,19052353,13493,4449096,,,retail_heavy
pool16qr7dz5q4vwf3n87t4lmr0d2zlr5knexpdzkuk4trc8dwed7aw3,2,19008822,9504411,19007709,,,custodial_concentrated
pool1qku2yhky7sv4dfjfv42uyvauhehuqevk25aw952d7ulzqzx3jcu,1457,18893006,12967,1708697,,,retail_heavy
pool1zn9hjcmfddhcp2aj9xxuvz7z40rasyatkgavr8ryyz72qdfwtrj,2707,18821942,6953,11704750,,,retail_heavy
pool1w4g7j8u97pvu2q7gsdaupnng0a2vmyllygfewhc29m2j5cehysn,25,18806828,752273,2052068,,,custodial_moderate
pool126mkma8nv5axltmz7mmg8qz9e70nmhnf58hwx5772fhwgkhk6ag,213,18776410,88152,3613113,,,mixed
pool1xkwnlr34tjrnkz6u4c0p36cju3xuls4dyynsdkf6cv22ksuhz6q,624,18571325,29762,3727631,EMURGO,ecosystem,mixed
pool1qvkdjemewy8phhrkdhscjcnh3947f5ae42rdfjkv6gkgkjtlfsg,10,18569191,1856919,17862294,,,custodial_moderate
pool1fg42yz0qpu5jd0gd3g5xty4mm6jdxkje8szag8h798nyyxw6zd3,154,18491187,120073,2013122,JOY,multi_brand_fleet,mixed
pool1jdhjfcu34lq88rypdtslzwyf27uh0h3apcr9mjd68zhc69r29fy,3256,18451025,5667,1151968,NUFI,platform,retail_heavy
pool1slwxj0t3575lx0rfw2x3z7dqf26jpls566pdwydvlk0jgw96lre,35,18405444,525870,18066274,KTO,community_branded_fleet,custodial_moderate
pool18zf8txwv8lmtpq2src8wrhz0pjut5qft8h5tfxnctwc95r7jvvj,1992,18196805,9135,1609229,,,retail_heavy
pool15wkxegrfflzcyhurrjxsm9ljqtz09xr5rtnqsarnp7hmsz5um3t,26696,18188518,681,519349,AWP,community_branded_fleet,retail_heavy
pool1wf7wk3802jxtkmek6uprm77cgqx53t4qep9kwkl078w3yw0ff69,3402,18040031,5303,582272,DNEWS,protocol_project,retail_heavy
pool18qddv82sx8p22uxzdrf0qx9lkewxadlr9ef45kpcf7dzz3n56qv,885,18000917,20340,2203913,,,mixed
pool1wyfau3rlkckr3clr4mkyxn9vdlrkup0fj7uyyflfccmms24gm3a,1301,17858493,13727,1759516,TERA,community_branded_fleet,retail_heavy
pool1s04pdfl3sv5gzuc80322rc4ne0xs7gekux7gtckvvwt7qutjy6w,130,17839036,137223,13445828,MS,community_branded_fleet,mixed
pool104gtn3hvp9lz5l6wevhjj98e45s7rfaa4zzvk9pex7nn786qncr,1923,17781750,9247,1000979,PILOT,community_branded_fleet,retail_heavy
pool1tpy5yawzpetcverves0h6xdycxgrstehfvrkygydt9jcqxwpw3j,2120,17660688,8331,2891083,,,retail_heavy
pool1k2qhlrrweu8fecd4hx4hn22lv00nrd3rjdxj6durax7m78q7ynu,3359,17609339,5242,2893904,5BINARIES,opaque_fleet,retail_heavy
pool130c3kgpkjctag540j7sxqfrlhsmpc6d8u0n7j6crm9ayy75mkpt,4,17603806,4400952,17418356,,,custodial_moderate
pool1zmfpd5r5vfwjmwm4cgy53exe58h7plnecny3t4948yw7zumzp4c,6066,17496739,2884,3310194,,,retail_heavy
pool1kmsr376syqkluhxvv8k2axugqw7unjmlkwhfxjxtj7cw7qcn0jn,2243,17492368,7799,659282,CRDNS,multi_brand_fleet,retail_heavy
pool1vxvdypctdecvc2j7xu9y8h2fdxvkpjy2pp8luwg2h6dx5jlv0nk,1220,17442921,14297,2809031,COOL,multi_brand_fleet,retail_heavy
pool1yj9xduuwzvdkcwm2mc9x893zq684x7pyah4ja8zmzplgvxz6wgk,406,17387616,42827,4221683,SPIRE,independent_mpo,mixed
pool1aqg6fvhcaulvss2ruvpx6ur9vj7pejvdcxv6xp0qlwuwx94evf0,3896,17367540,4458,1259145,,,retail_heavy
pool1u7mqtde27swkarngjsn5mmw3sy20zavlafgqkmg8qv2n2nwga0l,1672,17276962,10333,7953381,,,retail_heavy
pool1rqgmaq82p2l3j2jknc2syky2xtgylevss39c7ffgpp5x56s5pt5,3,17178003,5726001,12112550,COINBASE_BISON,cex,custodial_concentrated
pool1pemnlylem2e94xguhd3fytj90848kpv4agvr6rthx2tp58z79ek,334,17116402,51247,12161940,ACL,community_branded_fleet,mixed
pool1hht4pctn70tqdsd0zwuxv8d8cz6l5scjzaquty7vamyzy78eqvc,1155,17045796,14758,7301141,ACL,community_branded_fleet,retail_heavy
pool1mqy259k253xryf4hvdq0n72n2uvadcgp34r0fxwpqzm0z5n0qp6,190,17032502,89645,6050186,SPS,community_branded_fleet,mixed
pool13annzt9hjfc822f0ejvxjf7fsmxd6cc28whpk5kagec6ggfmm7u,35623,17017543,478,466862,AWP,community_branded_fleet,retail_heavy
pool1rjxdqghfjw5rv6lxg8qhedkechvfgnsqhl8rrzwck9g45n43yql,2741,16987998,6198,1109780,RAY,protocol_project,retail_heavy
pool1kkfkdces5mdcyc9dn2hgg3463jggjvw3h89nejjarkz25uavaqu,367,16373407,44614,7421486,ONE_PERCENT,independent_mpo,mixed
pool1m62sl6rauje9cknrkhwl39tc4hujudkd7gp478dpz7tagmjr8wm,4176,16366335,3919,7295066,,,retail_heavy
pool1caulv7s08g0jnptzdc69qycptacu7fzahny2epzh7sh9vhqz6xz,3023,16346709,5407,1239489,NUFI,platform,retail_heavy
pool10hex9l4wjgqarvhr94xgyh9frv5lhtajhrj4dah0kl65jtws30k,725,15751578,21726,3107073,,,mixed
pool19r8kcmqpajlm6h5q0lv8jye0q7evdur39wfsgs4z98fcqpz9lct,1335,15690387,11753,4478531,BLOOM,independent_mpo,retail_heavy
pool12mmcc4rc2fzfv7gyv8h06nvnsrm3m7erzdv8x6gzvjxlu2lf09n,434,15666602,36098,2326631,ONE_PERCENT,independent_mpo,mixed
pool1vs689gkmqtrljtmcwd2690nzqm2yyq23wk2zzx5g0v0gs5ug64a,38,15649083,411818,11850489,,,mixed
pool1fs2m5rmlx66crcwwrrsf2pcxjhvk7kzdurcqusd3v5gm65cufnj,611,15647937,25610,2571203,,,mixed
pool1nyjw0460ww5qjtpukexuywxdz4lzhy6tm7yygn74lnlcc62hnc8,5,15507855,3101571,15507794,ETORO,cex,custodial_moderate
pool1wr79nyuty7wjgkey5vlfx9rn0x5ecxgge5mq45fpftqhye2shc0,5,15502620,3100524,15497947,FIGMENT,ivaas,custodial_moderate
pool142xwjhpcvtp7tahpmn8tlnek7smefp9wn66z67j8vjpmjxqdg56,1286,15437376,12004,3264871,EDEN,opaque_fleet,retail_heavy
pool147en6w8f9cplnn5x7qt4ese7fpacmmcwuffrtu0yqxpaz4agppr,2420,15419137,6372,535212,STI,community_branded_fleet,retail_heavy
pool1z9m2kxeat06t30yf6ar7sqpert0cjdgxzcv2dv36dcwcqcqtgk4,2700,15416236,5710,1044349,5BINARIES,opaque_fleet,retail_heavy
pool1cq25dmlt5974x8tqg3e4dlzvrxefcce2atpnwlfp7ad5ugec9fp,123,15353981,124829,10098723,,,mixed
pool1lp9wmr8dkcceta5we999nvlfh9um06cd6sggtt5523eawf7mtg4,693,15194517,21926,4983921,,,mixed
pool1zdtqtsu3l3ytatzyvrq48d4mpnll9c5evwfq6taxkmn9vvdz839,107,14999929,140186,2509797,WEP,multi_brand_fleet,mixed
pool154hq0j6u6ydz62mtlu7xaj78mhreyp0zsv2kq7f0qmne2fu4t7y,90,14889236,165436,3301272,,,mixed
pool1r2fph82mjhgu955cesn4yejjva4sk7uuh06yhwf8e9ln5djy5h7,4,14750002,3687500,14750002,CARDANO_FOUNDATION,ecosystem,custodial_moderate
pool16r6g7plyuh4cqs9f3qy97l4rh5edwx3w9xvd205mhj2e58cpp28,13,14726259,1132789,14701198,LIQWID,protocol_project,custodial_moderate
pool1gecx8vya3f8lyre2gn9w53547p0rhkmq0x78zrw956lkcvn8uyp,4,14717235,3679309,14701556,LIQWID,protocol_project,custodial_moderate
pool1grgycym8cf0xmgjjr7gx7udmkpu93hqaygysy5myx6ghx8dvl5r,4217,14713353,3489,2356719,,,retail_heavy
pool17kew7rtakc7g6qzydntann5umw08xq3ll2j7spk7en4kvff69fa,2067,14685842,7105,1224497,BLOOM,independent_mpo,retail_heavy
pool1xxhs2zw5xa4g54d5p62j46nlqzwp8jklqvuv2agjlapwjx9qkg9,3215,14619787,4547,1960354,EMURGO,ecosystem,retail_heavy
pool19ejln2jcpg5dphc8m5nh8sya49sycsqj0v2cjxw6nku966cc8nu,74,14527615,196319,8091900,YUTA,cex,mixed
pool1mvl09pgsejrudghjhq79qurugrvqy3pceznp7f9vz63n7ku7jqx,197,14488105,73544,10490574,FIMI,multi_brand_fleet,mixed
pool1uyvyxt9k9g038h567x8halej4x87j7m4r4zyz9lhv4dcv83husk,2332,14415627,6182,1143034,BLOOM,independent_mpo,retail_heavy
pool1uk2f28awascuhrhuwrp7x6y87x8ch33vwx8jtmrysp7l5ngq78j,6223,14369390,2309,982882,,,retail_heavy
pool10xk8jp4m2cztf69x9gvg3j33x5drkrz2hulsjes29wktcfcxdls,4,14178745,3544686,14152869,BINANCE,cex,custodial_moderate
pool1fm57fshvdlrgs5pnpk78tnxha0me28equyy96vj0xm85gy5chv0,2251,14159356,6290,1434821,,,retail_heavy
pool1850xvydng5mkjzkwqw6566y7e6hsrgakc3y87jrnqrkrwdjua2p,723,14121679,19532,12964550,,,mixed
pool1jufp9k6gmyusvch65ra8yk2s7wu6cx5fsgnltl83p93ejg6h3xg,827,14100394,17050,3568708,CNODE,community_branded_fleet,mixed
pool1swe9nsv8lzugakjkfv04dn38scmq48wzynmn0lxasupuzmqcgjm,1399,14036468,10033,2122394,,,retail_heavy
pool19egsg4esywdpq8lk5e0r4c8se3mx6k68de2pt2d0fnrs7jntp6m,1,14008505,14008505,14008505,UPBIT,cex,custodial_concentrated
pool1ktqaf79utweyenk6e7289ta5p5993g32emn8355rxmp0kgh2r0m,1,14007243,14007243,14007243,UPBIT,cex,custodial_concentrated
pool1j6jnnxsngexalq60tqnvn2muge7vevd5ukc0unacr4432t4lr28,2,14006663,7003331,14006615,UPBIT,cex,custodial_concentrated
pool1p6t3cglz78w32telly44te3d5l30zc0f0mprhehm6jus59m9aaa,1,14005985,14005985,14005985,UPBIT,cex,custodial_concentrated
pool1ld9hkah2dkzh73pvh9tf6xr0x28us34msv3zcv2sase5vhvq962,1971,13852575,7028,2697411,,,retail_heavy
pool1ds25hy480zcnzjwzr4eef28j85lvpm4mq9qm55vr4mqr5h3l68y,2,13806659,6903330,13806615,UPBIT,cex,custodial_concentrated
pool1e98xlcgj80c3rdmm27v5hnvrdtut52e65uk0ema7ctfag596vr2,157,13803360,87919,6294202,,,mixed
pool1ujcu3myfg9wwvdyh2ks653954lamtufy3lefjs73jrr327q53j4,91,13788144,151518,7842830,,,mixed
pool1evg78egp8gfqae273kvmmdee2dnt6vty60dpwdespg4hujznh3a,788,13744963,17443,880209,,,mixed
pool155cu3s06js3llfh07vnzepatfuvt3s5s7uwldt9rzz55wz7pugt,284,13674465,48150,2593857,SPS,community_branded_fleet,mixed
pool18jqumjfevywycjj54m62g74ghds4mmuyqynpwfkaem0xktazlqw,9,13498614,1499846,11154206,,,custodial_moderate
pool1uhy50u9y76nd6z2xmzt3mta0yc7g3gdssef8lheyyg7zzymgzm8,2236,13424104,6004,928018,NUFI,platform,retail_heavy
pool17xextu09ghdfcmsq83whq0a45geg83jxe4qt94sevu087tzdzkl,1958,13391777,6840,1006826,ONYX,community_branded_fleet,retail_heavy
pool1r0sxz0hygfc0266lhdclve6j3cwcwlth6dya6uey65yxjnwm7qc,436,13353064,30626,4502558,,,mixed
pool1hkpgddlnya3pgktj3sxdraa8x8400vhaphcudvym9ye22esak43,157,13164706,83852,2717736,WEP,multi_brand_fleet,mixed
pool1m4njkh73pdj90xxkgaz9dnh7gffweeupft8nfurlntg6cgqfmy8,5,13035501,2607100,10020621,,,custodial_moderate
pool1qqq6qqa0hpzvumv5p87ynczfmdj557xuwlc3289ke42g72z7f74,1579,12945756,8199,1585876,,,retail_heavy
pool1ecvcst7k9eul4ggnljh0jw2s5nc2tyfmyzsx3xg3kmmz6ptgfwj,2717,12932076,4760,2407952,NUFI,platform,retail_heavy
pool15txd36fltfgc63qq0yxtpqt88eu76s0yhugn9a6q7f4zspq6k5f,915,12837416,14030,1009746,,,mixed
pool1ufp38a9zwlvvrzcyxaxdrvav50nd7az5lyuzh4t0h3qp2gqamsx,921,12810678,13910,1783451,CAFE,community_branded_fleet,mixed
pool1jt7d6ak3m8gnjyxtuxfswe258xzwda80ndl0a57vv5m2zv8h6at,10640,12796996,1203,1029945,,,retail_heavy
pool1kjhpg98jhm08usqg4sh5x9esa595apyw75qczyjp3z24g0cdate,4,12790199,3197550,7456924,BLOCKDAEMON,ivaas,custodial_moderate
pool1xrrrr8gldqz8pjxj6j8c638a9py04xuv66kfgn2dlsx9g52te0t,102,12677592,124290,2321780,YUTA,cex,mixed
pool1jk25l2pejpdzq8vdjlxrr05th49v9tgd78fqrtxvuw3rumpfc6t,2833,12638531,4461,816746,,,retail_heavy
pool16v0jqnz2zuqsdrf6z94ec5rx9ds0xeghsvmddauzt6j5w2u7lsm,34,12623055,371266,5042247,IBEX,protocol_project,mixed
pool1kx0jm9ycs3t99tnwafw6w72jkdlzhj5ltxe2nrzkd9x2u5x343h,1182,12614993,10673,2119354,EMURGO,ecosystem,retail_heavy
pool12rs385dd534g8gtdtmnvlhq63whdvc6vnuzxa5cpx843zdy73qy,1364,12600111,9238,1050411,TERA,community_branded_fleet,retail_heavy
pool1u8f87frd3k6cy9lp4uk5faj53wfzh8smxjdpt8ua45f0x8s5v58,3,12556027,4185342,12555176,FIGMENT,ivaas,custodial_moderate
pool1mkjtce8r8yeku0mmc9vpwl0scuwuwc8lz89ckpj3k0kwgvlunv5,4145,12414282,2995,5796351,,,retail_heavy
pool14enw2643rn9nn6yzv60jyz3hj4kxs0jvap87lkgsqykh508jxm6,21483,12310425,573,1108183,AWP,community_branded_fleet,retail_heavy
pool1ea568m9q882n0tx5d4vxff2dmz2n7rq5h62hx5ystq625m4tcfu,2710,12293352,4536,1349735,NUFI,platform,retail_heavy
pool1f776th42gqa5ammpj738evvnlga5jk4ll0gr4uupkrqnqpjsfyt,2,12246627,6123314,12133819,,,custodial_concentrated
pool1dzdglfergm9km74055n6c9xsp8n78ec8ztsklgxg5c5gyrfz9zc,3,12243400,4081133,12242140,FIGMENT,ivaas,custodial_moderate
pool1xlphlhnjvfeh40vcqf9fdewztsj6kyxq6604kaccpv00umjfu0d,5288,12242064,2315,929870,,,retail_heavy
pool1vnsfv2qpt5gxte9prupjey8kw7ap7t6c8lc02ks4s3gtqplhgd3,478,12227415,25580,1603671,ONE_PERCENT,independent_mpo,mixed
pool1c60f68y8406zjmacluvcu8c0krgngp6h2qkkqhdz4mtl62ns0dq,14,12101561,864397,2503373,,,custodial_moderate
pool1z5rt6kn6yvuczj44qla73mfyln9l55lw0jkz6x4kjw00u32zec3,1473,12054200,8183,2958212,5BINARIES,opaque_fleet,retail_heavy
pool1s7ddsvuw09dvk7et6t842vhdfcmq893y88y3ev9attn67mruf5m,1865,11990855,6429,1800702,NUFI,platform,retail_heavy
pool1jjry6f6q0swaq457ft9eclaxaskvrxnpj0v3w8edsyfryml3vj6,1253,11958710,9544,1383528,,,retail_heavy
pool1lqucyxuvjktfmpf7fd28j54cfgamyrxed344vnwlm9wqkwjeqwk,216,11900177,55093,4217361,SPS,community_branded_fleet,mixed
pool1eqj3dzpkcklc2r0v8pt8adrhrshq8m4zsev072ga7a52uj5wv5c,830,11805574,14224,1017614,,,mixed
pool13pt7us94nw782t5v4d89sz8zqn8hcn8r8r7hhph5mvxvvp3c76v,880,11741024,13342,5089605,DIGI,opaque_fleet,mixed
pool1ue4ngerz28nkpstsr5p53qvl5ulq3jtmllj4my0d0n28yyrn4l4,52,11705370,225103,10724021,,,mixed
pool10eltx2wej46e62ulmwzm35xfu0azu47yvpjper7gwhncqe74vg6,1482,11628530,7847,1217595,,,retail_heavy
pool139gdv4lxw53enk4rms0ryr4ey07k56jufmfrclqqehjdzglheu6,312,11579301,37113,593785,BIGLAZYCAT,,mixed
pool1fmcv9p7vv754rwc0p6ud2mgm76vnn0gq0gngrk7rq400vsvhsvs,112,11561811,103230,3357597,YUTA,cex,mixed
pool1x2h98z6e5xvrg5zw3v3dlu8hqdtj6lhp6r3w5ge7rvcqcx3pafq,53,11548243,217891,9422816,YUTA,cex,mixed
pool1jg3fmnmc9n52sgzslhhvhye5e3xeqmrwkekdhh82sma47r47zg0,2488,11516908,4629,1736136,NUFI,platform,retail_heavy
pool1ntfxj2jgvhzen8e86ed679ctukar3vj538ywyyq8ryld66jj4sx,1755,11512831,6560,2535498,RAY,protocol_project,retail_heavy
pool1x0qm7xsyh2za3ltprxsgael544je4hg8tc3q3v5gv232z8jt4wp,3884,11371319,2928,1229259,P2P,independent_mpo,retail_heavy
pool1crts5gmqr34gsrn6wvrhfs9yqp0ynu8t2t4r350xp80s6pc56ue,786,11337603,14424,6780290,,,mixed
pool10tqeu6d03p6rnalqlvdshmpsljxaq2c0ww6draq6xm8lgyl2a3p,837,11123724,13290,1774278,,,mixed
pool1x5dfpgp987e4jhxvgczr3wv50nv2pwd873tlx3uthvcasm422q6,1116,11073818,9923,2899380,,,retail_heavy
pool1yt868wrp9s2x5pehe96del9m3nwasme62yw02vww3kg6zwzspcz,3169,11053428,3488,585597,RAY,protocol_project,retail_heavy
pool1g5gmej3cj67td4pmvmacnls8nuq0gjld2pwfeg3jwpxujdx6lmu,1683,11040764,6560,1079975,WAVE,independent_mpo,retail_heavy
pool1c86ul4pnqvu7jzag8fjdy6dgrn6pt4ad4vmyq038hyg0wl2kaed,436,11035971,25312,2265506,,,mixed
pool1lhvpgr8lhsf6h03v9zqxm74pa63rdxx4yuvkqfw4tv9fua8t37a,120,10988421,91570,3443312,,,mixed
pool1hmmt5a9vyjtkz0tk6ywyyuhumt57hts5m89m9avgyyupveaejfr,26,10905978,419461,10545091,FIMI,multi_brand_fleet,mixed
pool13fpvzhz7p0f4c960k44erfykflr7qdp86t6jnxlfamhqcmfha42,4,10795011,2698753,5597159,,,custodial_moderate
pool1qzlw7den2mlj0fmm65g0fnf46vyhzkhmdaf0f8v3s6skuue6rlk,756,10792253,14275,3340206,WESTBERG,community_branded_fleet,mixed
pool1dghwejqptsjtf9k8paspg9rhl8humxx0nh7sk37j0ada2dr9mqh,370,10777578,29129,2315734,EMURGO,ecosystem,mixed
pool1k7zrx5rw6cvef9m5qtp9sy4e53u93kwqx73ykz7md9gmwgf56yk,13,10593210,814862,10330710,,,custodial_moderate
pool1g0nq3m3fnvd245k4favcvutn09vce0yshg535f68d2xa54vy0cc,319,10576063,33154,7259306,ONE_PERCENT,independent_mpo,mixed
pool1qetkrhjs9fll3nthuxk6zp0ssanf3rszg5wh8x79mg67gsg7vjv,40,10554416,263860,10100917,,,mixed
pool1qkd5y9azf2xx0gmrj68lrkcn59ldjmnpzd3y2rq3tvjp2vqljan,529,10489588,19829,2966278,,,mixed
pool1gas95lqlch5pj5e4lwg78gxlq7km9xfurfd557x4tgwk5kktd04,628,10433135,16613,4314584,NEDS,community_branded_fleet,mixed
pool1spus7k8cy5qcs82xhw60dwwk2d4vrfs0m5vr2zst04gtq700gjn,112,10428556,93112,1672927,YUTA,cex,mixed
pool138s0uwydwtrhkaqj4uwkh37yqw098v9v6nf5q08k9nugumlf8mw,26,10403349,400129,10336219,,,mixed
pool125kh7e0y9lwya4sz5etmsk7hvga9jtfpuhw00vz9zvk6sh8xh5r,59,10331897,175117,2505608,,,mixed
pool1pfdd8d8n7jx0xnk4uev3x36se87c747w6l2d5x7fanh5w9evhw2,389,10314034,26514,3805404,BRAVO,community_branded_fleet,mixed
pool1q9049mstrv5czwyylpf3xen08pmvsfsgtru4wf3zvc9uxat2sm0,1738,10239343,5891,3406143,,,retail_heavy
pool1mxqjlrfskhd5kql9kak06fpdh8xjwc76gec76p3taqy2qmfzs5z,1052,10189360,9686,5000558,IOG,ecosystem,retail_heavy
pool1llxh8l0h8g9ghz3nrzh7ndvev4x43vnk72nsemzm795vxqs6dp8,61,10162076,166591,5215746,YUTA,cex,mixed
pool1uzla0r73fvpnvxr07m98nfzlxcv3q26mkjz00cqjfh7uqsyjkju,204,10093636,49479,5121106,ONE_PERCENT,independent_mpo,mixed
pool1mvtxupzcgdtslv2sw0l3f4zlhd3a69fue6gu0vhqz47w7j5zryx,4,10053453,2513363,10052494,FIGMENT,ivaas,custodial_moderate
pool1rw29y8c5md2rm4ynkrqhpm9saatd0a0xzyyc6xudelgkww5junh,19,10047324,528807,2042298,YUTA,cex,custodial_moderate
pool1mdzxt5rl2sgnehedgnl0jwk8vumsglequrap26qgg0uwg4cuq52,6,10046445,1674408,6027952,FIGMENT,ivaas,custodial_moderate
pool170hmssk80z2ameg7jhj5m8psnkjejcc77vfpd0875yggxhhntd0,6108,9702338,1588,480169,,,retail_heavy
pool1u0mc9ywfxl529atxyajuz3pgqnwgnk6w7lejjmjg22ucvn7z9vh,1860,9689548,5209,922736,,,retail_heavy
pool1qmsck80ldwm23t4t5elxc857r82ph3urkt7tpyq65ntn2dv2ust,120,9682565,80688,1649354,,,mixed
pool1u99x2rr6trfznwakv0959llmxmtgc2nvanc067uugl3ejuvvnc8,4324,9518571,2201,2216692,WAVE,independent_mpo,retail_heavy
pool1ty7lh3nvtwxlcpqg2x30fkr3j9ys6nprztr9m4zp3aajxyjk2vz,554,9503679,17155,5999131,,,mixed
pool1u4sxd6x0qsy7evljt24vtnyhpxd098n609sfcmly6c096mr3jgq,592,9489357,16029,3714773,,,mixed
pool167zl76srpt5a2gthpsq0ye9z4fpray5vsh7xyzcn63hd5mnw7fa,569,9403770,16527,6191359,NUFI,platform,mixed
pool1heks0vmxkfka2amg9c8yn8qdsxvgmzelfx6jhpfkj8ht5mn0r2m,521,9400087,18042,2819819,,,mixed
pool1vh4y864hcq2r66ak37w4dsnkhnsfxaaacs0p5s4vj5676m6txwm,1489,9299141,6245,568277,JOY,multi_brand_fleet,retail_heavy
pool1mwp8ewtzmun0426v9z0h9um2amswgfzn78rckfl2fc3t5sy0m5g,46,9246252,201005,8816457,,,mixed
pool1larpvn53yyufaf8fh89nrrpgruqcq8mgxrtdxp5y87cqse3yfg2,64,9136445,142757,2887914,YUTA,cex,mixed
pool1zytydvyy3qztrs8l2xyggvkfcjctp23m2hc3aj7sudnzgny79cg,916,9116615,9953,2000202,,,mixed
pool1a6ysvnx24xsjh2f6ehgmx7yu9q45fd7lsk88v2swxkek7pkxtgp,63,9029856,143331,5190878,,,mixed
pool1lfxjjg2fmaea3dnvu6wpxylrtrzq0pkgjutjesuzwem4xymtqaj,5,9027130,1805426,3009827,FIGMENT,ivaas,custodial_moderate
pool15z87p296y3m7eq8pwuu8qs6h2v4d2ctnx3yd2vqpl6txkkdvl5h,62,8936230,144133,2135572,MUEN,community_branded_fleet,mixed
pool1lxqewhueg4hzyad766zhdwsjet5348ww8mzejf6fprxaw8wfq5s,65,8821772,135720,5586958,,,mixed
pool1c3kxs76qj58284f923cx7ed8vw25en3nfghyurv0z9m2g3x9c4j,47,8762888,186444,3140592,,,mixed
pool10scv5quxduhrcc26wpurhk743dngspe8dc3zpkkam0svyx6ejx3,24,8608200,358675,8260940,,,mixed
pool1dpu6kslgxlg3ccrwxldl8e6r7ylnq0yalafmucp0yc7k6qegtt0,416,8486793,20401,7030873,,,mixed
pool1qgmwcxs8d8qmr0vtvsqd9u8gugrventh5dcqukmu79e2sgfuu8t,5760,8469043,1470,363518,,,retail_heavy
pool1zj4h7kc6v53q9r8x3fwzfuayf2frwme8u5k86gu0uzeeuvqxgul,1479,8432887,5702,765096,,,retail_heavy
pool1ppqdq5yfkkllrcj0u47pakg9e4ha568pz3a9kkrr6w2kyw8gxv7,176,8401442,47735,4213492,COOL,multi_brand_fleet,mixed
pool1rcd7qslz3xnpnk9u6tcwegy5r2574uf8suqu24ptg637jha3sr5,143,8285707,57942,4287564,,,mixed
pool15r7xg0vrrv2yu8wj3866eap8ftkuxvdk5rjz2lh4xajjq5v3p5d,1138,8278384,7275,1293352,NUFI,platform,retail_heavy
pool1p8fhygz7ga9hghhwmkr64p3ftn77lxu9nyddvsqszattcdyajc0,1120,8205740,7327,1240229,SUNNY,community_branded_fleet,retail_heavy
pool1q0a7a94cfk4ph7gugj636tsuhhd98l2sfjv2adhaff2mvs7kmtl,1069,8199802,7671,2400861,NUFI,platform,retail_heavy
pool16rahfu936wdfq34wf6t8rqxvdjxayra5f7y80xq0udnqglrqel9,45,7997508,177722,3664492,,,mixed
pool1a3kdettzvvlqvkl9m9hwe63ggeq5fgvz0twqew5c62dzx99vsed,1113,7859374,7061,1038469,,,retail_heavy
pool19qgfp80d2sv3p2azmygfq87g7va4s3ewd6aaulas6eqsyz4r2yl,6,7818123,1303021,7636108,P2P,independent_mpo,custodial_moderate
pool1g8y2gz4sk7xhyaj469jlj3njyu5dlvqa7t7v9c2gk0yc69879z8,514,7789553,15155,2424748,ONE_PERCENT,independent_mpo,mixed
pool12ktz62g9d32nq0cdk9jyyqg6kquj7lnmx776at5h598supql0t2,7,7650297,1092900,5301804,,,custodial_moderate
pool12qtv7kyrx8g0d5890alk6dkc6n6nyfx80synspvqafjrqd3ergz,72,7641378,106130,4976394,,,mixed
pool10efuydxjnasr0309lqklmj9xahupdnzqd59r5dqjeh4twz06tr0,439,7613132,17342,2982675,4ADA,community_branded_fleet,mixed
pool1cc76kmtcpf6vht32ya5ke9er74dnpy4jh5qpy4klqwp87ygdsu6,1466,7603900,5187,2295345,,,retail_heavy
pool1nyf8x2xrlmfqwy9shqrlx2csentnzyjmxr0r3w0ljuaqz5ek7qz,118,7516994,63703,3742177,ONE_PERCENT,independent_mpo,mixed
pool16tcjctesjnks0p8sfrlf8f3d3vrp2fdn2msy80sgg3cdjtayu3z,718,7427382,10345,1720240,,,mixed
pool1dmqzwuql5mylffvn7ln3pr9j7kh4gdsssrmma5wgx56f6rtyf42,496,7386936,14893,1233496,,,mixed
pool1dhf4dt395f0c0ujnscazvzvw73ynzgwvtf5k4y9c907hwjdyaq4,208,7332738,35254,1415984,,,mixed
pool1rkyc3ss904h066sffergss99r9p2kqa4k6ds0g4u5ud4x7yaajd,517,7312765,14145,4393009,ONE_PERCENT,independent_mpo,mixed
pool1enul577he3e0s500lv8z98m6k936uecz2rpckxxmmk8c7k0n2rd,632,7310463,11567,1405599,,,mixed
pool1jvknf3dwtnqln5hcjrh5m7s979revuj5dlxr0337nwmm6p7250q,7,7261542,1037363,1226338,,,custodial_moderate
pool1lq7t0qg273vp8t2wzmeyj7sdq2vhu2v87jjplgurpfxcs9afnr3,10,7237075,723707,7235578,,,custodial_moderate
pool1tp7fzx8w3lrwwuwff9x7nlqr4r5n0awpq0krwnahvj387n7y22h,25,7187949,287518,1501184,,,mixed
pool10jn0wjlh9y3w2ygq84u2llvlnxfz3lc4g0ssqlmpp3w3y2d2lw5,94,7182280,76407,3924173,,,mixed
pool1les50pm26wpf8gym7cda470xgfswukzhyykvhyfsfl4dcu2ezj4,8,7153688,894211,3519694,,,custodial_moderate
pool1q9kwa675j2z53jecrs6pn3fqsc9ypxrsypu5dgu6hammqkagy22,107,7141930,66747,6091346,,,mixed
pool1a3ekt9me035qgju0en2w39vjns9ggtewnc9fugsmpgczvgtl6u9,50,7130081,142602,3750570,,,mixed
pool1axngzl8clfn6pnjaf4w5r0q4tgcwktv0zcuxnn32hl995pthddr,13,7075351,544258,5000020,,,custodial_moderate
pool14n77mmxh6a2d9k05jamzdwsws2ayvkyje8uc7led958p63at3aj,156,7050461,45195,1524122,SECUR,community_branded_fleet,mixed
pool1072lq3k32sfxs96s9qhrx3s9la2t68vrqwfsp7h9qnwk56yr2mv,25,6999753,279990,6872602,SPIRE,independent_mpo,mixed
pool1cspe7naf0mtntwyysqxk6czah3jlh6v4cja8pdfju932yxsehnm,508,6787102,13360,794535,,,mixed
pool18v9r8afalh50l4lstct2awdc3zspnvurcs7t45nv29uc2mnxc6c,1017,6728906,6616,1000461,,,retail_heavy
pool1zc7vxe3ymyej76h8wu8gm79chtt7w9c3adkza4uhrjvagr9w4zp,803,6702382,8347,1135418,KAIZN,community_branded_fleet,mixed
pool1853ffwhtuka742fq4av7s3ssdpvzhdkpw53th3es36zkwrllj9g,1334,6684513,5011,1220337,ATLAS,community_branded_fleet,retail_heavy
pool1g2y0j7rsv7dpu8p6jt2dva3rxfqjl2zu0ag9dd0cfm8guzg0lh0,22,6585961,299362,3809311,,,mixed
pool1lkpj6fa4l0sy39qfvyl4pcsnnd22y8np8j98vzwula2kuxgers4,676,6569840,9719,1275656,JOY,multi_brand_fleet,mixed
pool1efacpnedlfrhe9sa6s4jzq839s5q4qdrl70em0za57xg6t38d3s,100,6567088,65671,4207149,STI,community_branded_fleet,mixed
pool1lqpymyzg9glc88r7urptuv0d8t2tu9ty7xtshvxmgpu0j4lp8p3,2090,6556951,3137,1185378,,,retail_heavy
pool1h59405hmvnxz2kyjpll3f65lnqhm7we3u96cws9vzzxzzws9gjc,601,6535978,10875,2098025,,,mixed
pool1zmhvvzlqp0xrhhqjhxyvfuct83wk4w85jckfkypz4fskcjzze2x,4,6515177,1628794,4657051,,,custodial_moderate
pool1qvhss6kxmtl27nr4ugvypayhvt4a4vzll8p9csdg2v8q7d22llu,922,6508011,7059,336925,,,mixed
pool106p2jjwuwagq2as7cdzx4y6cyc2pdj7a3h3vv5cvkvnskegff3w,1627,6480188,3983,2000573,,,retail_heavy
pool1ev8fwfccn8gr0zcz3uyps0t0mcrefc6s95wjc6aed3ngc86y5rk,469,6448943,13750,582749,,,mixed
pool1522rtve5zlgnlh3zm5a4mcy3u7gpndg3kkac3xyzxmp6x6weca3,56,6421301,114666,2734152,,,mixed
pool1hwlghkwnjsjk8370qt3dvp23d7urwm36f95fmxcz3np2kghknj9,359,6418451,17879,4661226,,,mixed
pool1q66d2n39uvln4hazyzv8fyq977mpqus78sjd2369qfn7cptdeyh,54,6416699,118828,2399297,YUTA,cex,mixed
pool1qqqqrwzy7njvjq9wph7usj5gghm3py9c97688ek8pgc7uem9cfz,1343,6413353,4775,710961,,,retail_heavy
pool1e9wmzv9r2pkvhwddc3ay42axm9aggheae6u4e52tgx6326krg03,6,6383460,1063910,6367760,MUEN,community_branded_fleet,custodial_moderate
pool1djg8jsygtculv3q2qdrxtnpxfq003pdxcvlw2pvfupq7jm5xpgp,133,6348587,47734,1567527,,,mixed
pool1dmnyhw9uthknzcq4q6pwdc4vtfxz5zzrvd9eg432u60lzl959tw,208,6300740,30292,3484290,,,mixed
pool1k0xa8wlsntmjhtw2shj3tspqd4kjyquw9tuyx5s7zz5jsyw4y2p,734,6289756,8569,3150064,,,mixed
pool1q80jjs53w0fx836n8g38gtdwr8ck5zre3da90peuxn84sj3cu0r,1112,6265429,5634,2195408,,,retail_heavy
pool1hkr5zcthjvcn3ffncc4jqk5ctxxfrk37h7uddqnvxd4cu872nrt,20,6174866,308743,1243550,,,mixed
pool140x77a7cz2j689lmxf836qpjtc3y83rka28v6gpswxdw2mag62e,71,6165846,86843,4369919,,,mixed
pool17qvfg2g843gw6lurru282kkex6vp3pyj6zwj99j4u6k7zvmva5a,429,6165096,14371,1098155,ONE_PERCENT,independent_mpo,mixed
pool10p3g22454ly7eaurlur5wc9d9ual2fnfwy7a6e7k09z3yf929k9,165,6090360,36911,3231176,,,mixed
pool107rsdzswa5s3y8wk5z62tgh5lhm790dsyqjp4lq66fht7qnaq9d,31,6071671,195860,4195607,,,mixed
pool1udkx9rmgzf08z7zz4p7ykpdqsdv5nf0w8uf38wrsdn5dzk9nq4g,140,6061114,43294,920677,JOY,multi_brand_fleet,mixed
pool1s3z5qsg75dar26ykyzcz2u8wc2swgq7pyp7f9sdh5n06qh3jhq2,391,6033502,15431,2973243,ONE_PERCENT,independent_mpo,mixed
pool1ar6nsa2uzng70uf8fdrttu5jhgxzgu2f4za8h845zr435nfcruw,289,5967846,20650,1188105,,,mixed
pool1gnnwyf9vwcgtm3us0w0duuy43r9k7yhnchvyx0xqv9766ysw2a9,23,5955401,258930,1129219,,,mixed
pool1ea34czsr90yc63fmv4gj4tetp7ds7c4jhpj6vqg4yw40wvygdl3,348,5918881,17008,4545189,,,mixed
pool16jefdagcsgzyek9jytzfezx5ajvfkytjgghaps64hzz6uzkpc0e,34,5909529,173810,5164270,,,mixed
pool19m547w9wkcqm5hcstz67fly4ucz0zsp3dqv4n956xyusy4dlpue,390,5839098,14972,2241353,,,mixed
pool1rxgxstg6t7azlsrk4vuuwp0jgl9e776dg86zqzaa0qt6vz43n9r,7,5822332,831762,5438886,IBEX,protocol_project,custodial_moderate
pool1qu48wpwwarmkewhlwge9xs87sgt8gdnqq26nnre2v6c8up4fxwr,221,5795990,26226,2425412,,,mixed
pool1chtam5czevzk2ttctvltpsc8twlwf6zzyh7kj3jkz72gks975sn,21,5793119,275863,5382243,NUFI,platform,mixed
pool1jj2hvts3ryffy5txm7w0am3zt7s7sehdf8rrwfesjmr7shv0mgl,365,5792712,15870,1554524,FIMI,multi_brand_fleet,mixed
pool1d9g45764jtjzagrmy5ndtrx4pua7l9sr4nh08l3mqs43xe6wnh9,15,5775081,385005,5583642,,,mixed
pool1qqqqzyqf8mlm70883zht60n4q6uqxg4a8x266sewv8ad2grkztl,1867,5757664,3084,1000287,,,retail_heavy
pool1pu5jlj4q9w9jlxeu370a3c9myx47md5j5m2str0naunn2q3lkdy,181,5740338,31715,2552170,5BINARIES,opaque_fleet,mixed
pool1pnzwgsgzd6t4788sfr7dxjyusepyq9xaxnpyfcngewqf29t9ayd,2616,5723616,2188,1054008,,,retail_heavy
pool1q8a7ym63gurl72wr32je0tv0lp4p2uh8vzzc6rn6un7ryslvqmu,393,5696609,14495,1072169,,,mixed
pool15k0zeppza4qzgf6z7wmwsgvl5rz9f6489zxhrxqa8dj6jzju6ct,607,5672585,9345,845171,,,mixed
pool1j6zqawj6f58lp4p00t26eqe58gxx4pa3cudlzpkv23y92nlxjzd,703,5666644,8061,1483869,,,mixed
pool12eht6dqxpzqj87xuextrpufz2gxmt4reuesuw26r2utzw0kw906,291,5662608,19459,3002453,,,mixed
pool10p6wd9k0fwk2zqkqnqr8efyr7gms627ujk9dxgk6majskhawr6r,623,5637645,9049,1015072,,,mixed
pool1wz27a9pvd2jat98s375lxaaj7qxy405km4vzp83wn5vtwp59kvh,1957,5637281,2881,591351,,,retail_heavy
pool1tj3u8pz6732uy2ut3s90e0j880jyu9j0ve9vtu9zj5xzglhdlqy,24,5591608,232984,938166,,,mixed
pool1fuzqy5r9x98826zv6wp40tr27uplemmstkd57cuw8jh5v5m90vn,567,5587265,9854,944736,,,mixed
pool18xjkr4xpscwxsatewj9lqc6z74vw90qycjd0wrypeqej673j5u8,13,5571658,428589,1738528,,,mixed
pool1py6q7y3f7jz60mt5jhsrdx6lqtuvc02chqgvwzjzayctqhgzzge,18,5547658,308203,2170197,,,mixed
pool1fxmancs3dmc9l0s7u7zrj8334m9nvzam5t5hnuuf4c7cjr6867m,1218,5534194,4544,1128763,,,retail_heavy
pool1yraracv4ntq9azvjw2nkw8g4xluujalz8fpt2stz8rw6k0zueuv,1,5518498,5518498,5518498,ADALITE_PLATFORM,platform,custodial_concentrated
pool1ztk6dcj2nc3plnujf3ek6jqngtx8hcryufz56lyumemlcy2xxn0,1585,5491889,3465,505269,,,retail_heavy
pool1hjpax8lf2hmct63xxrspe9zzmmywcrzw89yg3nacu0axzy0latu,4,5444971,1361243,5334114,,,custodial_moderate
pool1qqqq4md2rfdt75qvh3x9cgmkrgkl74ctcj3fnxpu3ylcudl22ex,1178,5403950,4587,516049,,,retail_heavy
pool1hnnfvsq3xlln6vz7d2xmk6kqekd5z4ctmfpdad8g8kr0yk8kdfd,498,5225075,10492,1003703,,,mixed
pool1pgmuramw9waw9ckxsvpxmcn9p6fd4xl5jmavu8jje0x5vuc00l0,11,5158414,468947,1226143,,,mixed
pool13rt3ngkek4l876980ect869cu978d36dcyh22ts4nwuf7ncq02u,290,5149369,17756,1576959,EVERSTAKE,ivaas,mixed
pool1y53awxsm6cmksp8qht8qfq5f5c69t6mrgrdcresk5y0ecv2yj93,1040,5130664,4933,882129,KIWI,community_branded_fleet,retail_heavy
pool1y49e700dnx8lpvznmysgzw203mjq6l7um85ka4ys6x0zcwgs77w,32,5119827,159995,3185679,,,mixed
pool1pj5jnehwjtt4esfl0325hr338n98v3kcww3sggce59ugyf2f883,7,5083425,726204,5042068,,,custodial_moderate
pool1uq8l234306m76unyz8kuwnkvmtvazaks6vuvyx3a3khngavvcw0,915,5079699,5552,1501686,,,mixed
pool1wun8t7nt4daw2zgv0vj7cmwru97vsw0fccucjzuvs7y0qlc8xyv,5,5077657,1015531,5025086,,,custodial_moderate
pool1ddgcpgjcyawxw95se9x8qnc8gxgwjr4fqrk4vk6v9x47s0ggpjp,601,5075224,8445,3065918,ONE_PERCENT,independent_mpo,mixed
pool1qqlf3epa7m8780p2jx5689u2ql06tw026l5377tptk2zswrc645,74,5060583,68386,2960826,,,mixed
pool1ytszp582dm9u5un6mevt9czgcnuqhflwfr9ly4ukpeqcughryqh,84,5006812,59605,2268965,,,mixed
pool1l3wdq3cec23jadkt2cx384vtgd75ncau33smrptwj87n2wedc0d,12,4998652,416554,4247326,,,mixed
pool12lsfsh2s8yt8dvrt9m8kgrgr6ktntngvn2vad60xlqz7kxz9fxr,63,4992023,79238,1443021,YUTA,cex,mixed
pool18gysxqfwz4j8rm3vlh6677vs9n23prvfr7gwe88mhn5uudgx9ng,325,4957241,15253,1242214,,,mixed
pool1a600v0jd2z3yajazd80phln3exekumm7g56d9yvlrh6vx8dx2fc,69,4956204,71829,1808438,YUTA,cex,mixed
pool16cerhwlk8nq7rpuerr4g08tpgeq7awnhgxzkyalc8n8xjwzxqm3,16,4843214,302701,1333092,,,mixed
pool1mcwcfl96ew79rmj4zxehr33p55e4e62dt4whyr2vqesswp9mmvz,270,4789974,17741,832548,,,mixed
pool1nhlv5z2lsptzgcp9ype0mppc7zyndm66ypm4sw5hy27ewdchqx0,1998,4721511,2363,504907,P2P,independent_mpo,retail_heavy
pool1h6q8jj55dn6727yydlypu0rz4sflf2enxhs0thqydmddgu3shl5,594,4674483,7869,1033107,,,mixed
pool13xzckaj3srgldr67dksx874jxe3c9xnc245xyr44p7cdxh07hft,100,4673683,46737,1140134,DAPP,multi_brand_fleet,mixed
pool10fxpa6wkv0wc6wcmahcnz4wvvfx9m7547sevxrge3nfuv7yh8m0,457,4628772,10129,1301772,,,mixed
pool1rpjjz68kmmetyxztmrstrwgz8lxf6v0d7vqgw98r5x8rc50jrdf,1472,4626096,3143,230233,,,retail_heavy
pool1qzlwlyu92fsx94qu6u5nw3sy334f5yat3dv3jgx0grrsv0kp422,690,4611192,6683,1199370,WESTBERG,community_branded_fleet,mixed
pool19ae6xhzsscypyha0sszv90xwjsh20hxecxjpcqynshfawvwxqnn,172,4579865,26627,2545717,,,mixed
pool168t0xlm0dtdgf7d5w2mrm7ulsw4czpw297yvrpke9pmjcc9hz7k,18,4440728,246707,2561830,JOY,multi_brand_fleet,mixed
pool1r3ax7pd3cgad5kttench60ttr23kvfpx3vzvd6c3azppgw7q93t,981,4426285,4512,289229,,,mixed
pool1etfxpqw7456eh337p7x5jsvxxa67fsduvnmucevrqweckex3nhl,8,4347399,543425,4295382,,,custodial_moderate
pool1zk6uxgptztrxxamzd0ugrtu84xg8mjymd2xcdvxqazpruqt9r3x,625,4295891,6873,706408,OCEAN,independent_mpo,mixed
pool165zu45p489lpuypt4fsuc5g8l9g9ha4dddlls84jlsp3k4vsw9p,9,4285304,476145,1072109,,,mixed
pool1vce30junxx06g2ha8ww02cqgy644yj69ehhg2x95qe7323zfznp,21,4250305,202395,2507087,,,mixed
pool1vdcu0y6ujrwmnv4u50j6upxkjug7cx7zsaynjvgkcm2ycmajelc,601,4233235,7044,1189939,COOL,multi_brand_fleet,mixed
pool1fyp482ntshhm9zfz4nv7pmsaeakscf5mnuzcxuvtqf6t56fc7l0,1881,4166951,2215,412987,,,retail_heavy
pool1mg37s4w4uzsmw27nsnz2mwfll8sdawngvy3n657t7nd0yjcd77e,971,4159875,4284,479829,,,mixed
pool1lnk67xp7jsc2e3yyun3fpaqvkx0f3c8q0ml29ge85udeghn2gvn,32,4133315,129166,627809,,,mixed
pool1drv9qkh2tgqqucc0jp8cwswpmmkfzdd898ja7ac0uwm9j5d44tq,117,4127092,35274,1281162,,,mixed
pool18j287g2sccele52hhxc0csk2ghfghwndqm9yahdqnhjks840wtq,1124,4081498,3631,1097471,,,retail_heavy
pool1supp67ypelmgzuzqqvarc6czgmg3ggwpnrnfr90xpfcqqf8h05t,661,4074992,6165,1057728,ONE_PERCENT,independent_mpo,mixed
pool1t9m69j5thv2ke9jt9hhsgxlag44z7erp2s2ukcpruwhwqarc9np,53,4049205,76400,2067253,,,mixed
pool1fh4sh2telea0tfdy39h0drx6uq566yt9gf24edpz7335sclx39z,984,4031001,4097,950060,,,mixed
pool1j6490a90qefvsqxdurf99z9ld50rtthaz9ms6c8xh78s52veuq2,2844,4027717,1416,829863,,,retail_heavy
pool1fmgus36uc0jf0wlspfvzwfn04mz34kwrensmqgfzkv7t58dejw4,112,4026199,35948,1051830,FIMI,multi_brand_fleet,mixed
pool1g6g2d09le8hd6nv9jhyavewdnw8tu0ndst4lqysd00ru24cav0a,374,4010151,10722,1444023,ONYX,community_branded_fleet,mixed
pool150n38x8gquu4yt5s0s6m3ajjqe89y68x96dh32tq8a4es2l6dvp,6,4007584,667931,4003281,ETORO,cex,custodial_moderate
pool1a5jd3x2udlvpm9mt4gpau4jlags6qtth6jdsguryh2zy27f5ttj,321,3944861,12289,2193436,CRDNS,multi_brand_fleet,mixed
pool1w7pt822hfgw30xnkwpjzz0sr5psejksqdcdw4l0ms33lsgynp2e,233,3940610,16912,3185973,COOL,multi_brand_fleet,mixed
pool1jpz5m45ff4r6tnq7n5tw63fkhpmw3cyv8sn569w24x8lj3kl68c,348,3874341,11133,505393,,,mixed
pool1hezakp5r240dy4fcsm7mfd3qqahcvyrhj8hl770yxmxxzdwvcre,11,3855470,350497,1709633,,,mixed
pool1y9rdlv5tksudwrx47afjx47grd4tyh24zccffjtp32u0cfpegvk,25,3836205,153448,2581280,,,mixed
pool1nhls8e9swnyshldgjknku4npreax075nw0ltrkmrarh4w3skxt9,582,3801482,6532,1155966,,,mixed
pool1hqwxta8p0j8ffkyle5mf6yg80tucqzh8q9mszws60xe5ja06nwa,115,3742910,32547,1669321,,,mixed
pool1pqm2cev326p2mrruzw9xru65uvt3r7f0rdf5gtx54zdskxqhmur,528,3739630,7083,536014,,,mixed
pool1peayemzlkmcwn64c455mx8sxdaztq0xuv9hdxlp0kcsxz57up3z,41,3722361,90789,2038660,,,mixed
pool19q034g07ka2ltwc3wwjeu79w29nlafc0w2ppne5ppu5wud60rgq,166,3688445,22220,1130396,,,mixed
pool1h3aejp7fln74mwaraqjn65ve3j5zwqr7wk0pasct87wpkv0aspm,146,3687950,25260,1085678,,,mixed
pool1mfgqn8n658vjdcvg3xgtr3qyet64fht0dzsukqeznxw36z8g2k6,148,3687252,24914,1029637,,,mixed
pool136wr0g23dw9daekuyqtgk366vywms6meespgpm3hdguxqczaaug,1099,3657840,3328,445851,,,retail_heavy
pool1nffpy6r7l4ueeedzvvzsta2vty9g6mtet6huuhfzyvndkwd35dl,32,3651278,114102,812207,,,mixed
pool165ljt7xrrpceutz5ppe96suuw0jcnrvhg0f5vu60df0r5mt0x0c,532,3642292,6846,1296998,,,mixed
pool1e556526sqwugxwnmeumt9lhj5jukklg8vv3ynk75xt9vs7adr5y,328,3621253,11040,538150,,,mixed
pool1qzlw72zfwhhc0ptvzdpld06szu39x9mlm6782efy6sluz932fx6,795,3619051,4552,550476,WESTBERG,community_branded_fleet,mixed
pool15j6hdfel6c6zcr8gu39qgp5xkrs264yn9hm8ynhaydjtxvmznxq,134,3618916,27007,1801625,,,mixed
pool15f9qklmaajysmwx9n3rkgc5s2g3rfffz4x8spnedtzdgq43tpe2,349,3598485,10311,660492,,,mixed
pool1429egqgv60r3nxlp6cvs08qcffv7duddjvyjd0pt6wzhj7akda8,204,3586866,17583,783252,,,mixed
pool10pd44d65586rldtdzuu88e7mn4sxjctvdksmt05nnqfzqu7g7hd,29,3584807,123614,889485,,,mixed
pool1085up093vl7qgwnqsuset7kdt3yflscdp6h8eeakuhyzwlhmq68,52,3556173,68388,2796173,,,mixed
pool19uynx6nxcdksmaqdcshjg487fap3rs3axyhrdqa7gdqgzgxss4y,100,3530029,35300,1002687,YUTA,cex,mixed
pool1apupv5qtfp2aa2xlrzzjzx0uj686g3n695a329nq8j5jvvzumz0,18,3529046,196058,1025399,,,mixed
pool1n2yp66zk6m33sg8k20hsvmk9tw7xeeswzdcfxhnx9hm9jkxv5k4,916,3526739,3850,856958,,,mixed
pool1agwy5atgc4ptg3whplaxyz28g4dgvsna8auktszctkq8xmtl7dh,23,3521351,153102,1413784,,,mixed
pool1t847w2hfv33qrra7q33nzq8epvcxv6ydshcq7w7j23c87xv2c2k,1230,3520835,2862,462224,,,retail_heavy
pool12wpfng6cu7dz38yduaul3ngfm44xhv5xmech68m5fwe4wu77udd,929,3513054,3782,1137369,,,mixed
pool1mtxmk0skqkr5y0wxnxps4n35j6wn9q8dfr82y423vvlp53vccux,41,3470628,84649,2244424,KILN,ivaas,mixed
pool1ua0lx5ap5tj9f5l7tyjflp766ca5yu93djh5hqvm4e0kjgw5k7v,434,3460107,7973,802531,ONE_PERCENT,independent_mpo,mixed
pool1kprt6l4quz03dhqx8jw22spdjvp5dkshdnn567vlexqkj35hd8a,328,3438240,10482,390545,,,mixed
pool1g4th3pqfzh4zajzrhlh8y6wpuztrkzxwt5wd7q578894j06gwfc,274,3437868,12547,983372,,,mixed
pool1qzlw756y0z6ehg9jkerrfrydr7qlvzl5pgset33h3h2akst593a,737,3419966,4640,635059,WESTBERG,community_branded_fleet,mixed
pool1gdgjzmp96kk0d0sj482655wqlq8jtc4t9xw8xzfwfx4tjyq73hw,29,3408423,117532,809090,,,mixed
pool1dxkf7k3qwnpgpxqfye8y9jvk7lver3fk8dq7c4dpzezyyx8cf5c,293,3392821,11580,1012802,,,mixed
pool1uy2z02pn4lczk7p2plvnkzrmltxmqs2t04d9ghx5t0vw6e4t0qn,79,3375062,42722,965122,,,mixed
pool1pmrgd8snhv0nnj97xcg70nqqhg0v9g3d0e93jl8vn23wxtsxz53,317,3370805,10633,1297142,COOL,multi_brand_fleet,mixed
pool1j8grqucdwwcr0cwzxrtw30vqcptg0jdlrmauq5w7ytvqx6nf5np,88,3364137,38229,1311542,,,mixed
pool1xvaagsvl9prlr20hvg2qv434yss5c88r2ml6n43wcpepxmw85lj,65,3333039,51278,1015551,,,mixed
pool19ht066hngsjfnv3mfsc8u9fgzl4w5qcrmh8l6zppwph6s2t7jn4,138,3328330,24118,1026495,,,mixed
pool1kks6sgxvx7p6fe3hhnne68xzwa9jg8qgy50yt3w3lrelvns7390,300,3327815,11093,1392156,,,mixed
pool14hhs6ruwnuaf4fzsmx89mvmjl2qhyy5jnzyk2le03886kj6z9yp,17,3321832,195402,2248175,,,mixed
pool1hjjj584gq0ynqf06g036a4a0stpm90asrdfskpasqjxf5948ygv,261,3318007,12713,1070865,,,mixed
pool1druxd2syfrvqvepxh60fz0qhralcesruphh5atujuh0jktjy0ma,1054,3295259,3126,614131,,,retail_heavy
pool154xmvhp4jnz7phwcla09uvzqnn3ch54lh2yzrt2znxdgc4trp8x,76,3282944,43197,3111393,,,mixed
pool1wwzctexlp70mj00vv65mlhwhwresn58s9x7jl4tswvkg77eu7n7,600,3274324,5457,745757,,,mixed
pool1q0jmr57udknpq8k5qtgt5vgdjq9pzrzevf68966wxn8zgz7qy3w,222,3266748,14715,1080452,,,mixed
pool1d76p7zfn2ydq577z4wsvmnl2lx4cxa3s5vplfuhvr8qfw8hd05j,203,3247609,15998,948500,,,mixed
pool1gqvrgg7zycvf65ydkjeph72t0yx0f5ykzd9f477zh4f3smwk997,495,3231297,6528,916023,,,mixed
pool1xtrwqwu6jn896szjwsyxxjczl6hc9sq4lh5ax68f7dt3gc0y9rx,1120,3216981,2872,857894,,,retail_heavy
pool1df9rj4n0t3zlpak7xnh4ue6t3yh9zlw7a02w4l8askp77up25rt,1034,3206929,3101,444935,,,retail_heavy
pool1x89ssjp53eczthatft9w74749558nsz3pq5jn056634pgt5m58s,36,3203044,88973,2960687,JOY,multi_brand_fleet,mixed
pool189j5mz6wa0gfrakwvn2tar7qt309qxrmsgde5v6qwm892n6re3v,52,3189433,61335,1441830,JOY,multi_brand_fleet,mixed
pool15ftrqf7j80w57leflatx66x00qfhu483a290gmp7q85pjxrf480,6,3174995,529166,3009523,,,custodial_moderate
pool1xzu4pva0k4y6geukd9uvvl3t3s8q8alzwahf575y5fj6cnkd5y2,18,3170663,176148,1700000,,,mixed
pool1vafsg5t78rnx3qr3fv7ys9h50pnvxqhd4l8tj629l5zk7tc39ch,694,3149411,4538,1031231,WAVE,independent_mpo,mixed
pool1k8s63hvxl5un403f0lwqm87f7svwn2j7vpeflgupvkhqkjpknut,2,3126347,1563173,3125634,BLOCKDAEMON,ivaas,custodial_moderate
pool1gntlh2yq89tpsd7kgaeuremj3s60rscqahyl52qzv0x87mt22rq,226,3108367,13754,1215058,,,mixed
pool1qzlw76zztkg02rywyypyw6s0gtkg2zpkaxhl6cq7eauqg8h9659,417,3094113,7420,819508,WESTBERG,community_branded_fleet,mixed
pool1c2wf97p3j9gfvfjshj99ufxerpy3aznm8tzr2fd0ua465s26th4,175,3088752,17650,1635496,P2P,independent_mpo,mixed
pool16e2x06wk8ufyakgrzq0c9p5tmfhl6w0c80raxr0xtg5g7aakhgh,500,3087538,6175,1050984,,,mixed
pool10kjjh9zfs77vzxpp4qpdxwvnh3x8zdf8qcv7pckvdhw02fu6unz,941,3070185,3263,234206,,,mixed
pool1j6dh3ynys827j38976q0q3s3c9hpzgx40kjcq4472h6m7d3t0hm,485,3046884,6282,950439,,,mixed
pool1gppqnqfguctp6gu0q8l5wjhye0ny28yzfx93hkr384cfsezru0f,1288,3025422,2349,365018,,,retail_heavy
pool17rns3wjyql9jg9xkzw9h88f0kstd693pm6urwxmvejqgsyjw7ta,275,2996185,10895,2298127,,,mixed
pool1sr953s548fudyhmfm082xp0mensv2gxzt4qpe466ykw0z3jjzvv,347,2979118,8585,473049,,,mixed
pool1r2g9wv7jyt7haygrmrc2tst2m8m9ssrr3c690ffp49uhywhvmdl,127,2973645,23415,841861,,,mixed
pool1m3h5p82m6v99nda37rmed8vrkqt43e2a8d89k76gw5ets0gdyag,1461,2968649,2032,1100845,,,retail_heavy
pool1t8gjk7jzvujfv9s8q992e6s7tp8na0q3j62g7s4ppzfmccus4jk,408,2909411,7131,799382,,,mixed
pool1pf6yhzdr9vpct5rc3dtwersl4lyuglp80l4jc67kf2qj29xjg2u,753,2873496,3816,1420640,,,mixed
pool1jql92je87mrx5gpjhmwr6a8a766cktcf5p0p8wd0wxq87nu80yf,969,2859965,2951,200678,DIGI,opaque_fleet,mixed
pool1aq2kqdp9xf9w47vttvmqnahwd4scz2qyddsr9l4mfru4qddg3kr,597,2859762,4790,1291771,,,mixed
pool1xwqye6mlftwjg706acz5fjqz7gmf4qdye99zsjl03a4ru68ghee,34,2858133,84063,1551243,,,mixed
pool1uu65k00dp467qsszmqwl6udwnet3zszgx8n3kmn2aq84sae8ha9,545,2838675,5209,491794,,,mixed
pool1a2gt2mvuf5zvtqlvw2xgks2efze3p4r985ft62q64lua7gx7lal,441,2837370,6434,308374,,,mixed
pool1anxttanf5g4cjgagns6cf084wq6x9k2pfygjdjyk3swf77wj2ax,4,2835095,708774,2623165,FIGMENT,ivaas,custodial_moderate
pool10qmnswfc22zm0fscg80gkwqz65ujwjkqmctv8g9l9l58wqtelgg,453,2833870,6256,707761,,,mixed
pool1s6x6kltycpxq82hyqhlqllqj3q5l2m8w499gvtu4xrfv29c0q2q,1955,2831727,1448,268455,,,retail_heavy
pool1q0memmdw4ktr88fkma53tqgkaqeq3wfc476le59rped4cu8tn4h,391,2805699,7176,1951127,,,mixed
pool1nt65pu06tlggjeaer8862fdju98ddrrxa9wnw3k4lhfvgrrgt85,37,2761966,74648,2079956,,,mixed
pool1v4xevkf7fx08pzy7atsk59dds6p0sdyl6xmhwf4mh79x6l5p6kx,535,2723319,5090,826877,,,mixed
pool1568zhphxsnj5mfszwgta5zlvulu67g8f4jn6d3xs2tvas8ffu76,27,2719943,100739,1613967,WEP,multi_brand_fleet,mixed
pool1ptzt9j6y4jefzkq4vj3z7wa4h492ktlkecggseqvc8f060xuved,32,2719264,84977,1474762,,,mixed
pool127xwsah7jllutuhen8vl7sve5278h7hhxtnys3cl438dyhuwgjg,159,2710771,17049,1380119,,,mixed
pool10mf43thtl3keag50mrlvqa78xkwg7harmu4w5yzr3k7jvw0ap43,374,2706385,7236,972314,,,mixed
pool1jyutduy73e5u9877uns3k9rm0tf4r24j8lrn4xtkjpl3q5sn5mw,469,2694253,5745,808071,,,mixed
pool1w3xys99a8xmwcwse4tqpqmyqqzykryfc4w7cvvjusej0vnxdlrf,43,2647068,61560,906929,,,mixed
pool1n6z7rf722heq35v2dxvstfwezgdt8cv0mftpv4r9jay3wjk2kkt,16,2626005,164125,780040,,,mixed
pool1dswpls43u0s6cpt0dh2d6npm0rnxh5qcjm9xax9y6fp3uq880xm,275,2618018,9520,282461,,,mixed
pool1chfk2749hyrwqqpj9fapredjsgw3fdauyxw3hn82kavqva6nv3w,7,2583746,369107,2539546,,,mixed
pool1tcmk6at0dmkytxgq5j4u7fgsx9kytvfu7gz22lrs8hp9ztu7arw,398,2571100,6460,1000038,,,mixed
pool15m78a3nfcepn8ekyzx6sa8yexg7cqseer2ktu26f7l9jjq0e502,12,2570802,214234,2554661,,,mixed
pool1r8938r4ts8f4t8nsp9xl9dktzapt7f67jgpsp4wrju39xrdnaye,196,2554634,13034,531162,,,mixed
pool1hw3cgyx7tvxh2fpd46k9sqgruu5pfnzt4nxuyv2w7nlmusutda2,106,2539210,23955,487055,,,mixed
pool15wj590e6gsmpmttrxjd0emck09a0h9tazd2ww77q6duyvg8lyum,1033,2532284,2451,319482,,,retail_heavy
pool1c2utlagkpht4zj0jetsf245c258geuxnjqp9kf4f2z9rutx9dz4,438,2506934,5724,1243133,,,mixed
pool1ck8rqpxp7j8kyzutk856fnvgm8xsqmuh922wkeeg32ekjjrvtc0,29,2489291,85838,574155,,,mixed
pool1arsqn9w87wpqlm0sre66gs79dcs0jmwulytgke3vut7u62lttu7,468,2487772,5316,245977,,,mixed
pool1hfn7yuwfyhmmqe4qpaxfewuly7cnemc6kqkv5npytj9vcrskh6j,236,2477465,10498,1225244,,,mixed
pool1egunxfppwtglyu3t864uq76y0zu05s7pjda3e9g95nwlwc5ye2h,130,2459773,18921,850928,,,mixed
pool18vj02k4taarxxsdr36jxftcc5x270vsysp078j0n3v0njh0dt9x,9,2453994,272666,1397546,,,mixed
pool1py2uxkvuj926h42s40wxl26dh0ggaq882v4m0hkd99m86vzmwnz,43,2452787,57042,1439961,,,mixed
pool1jsxk3ymqv2gdc6mhqk52544g2aun4zhq5wgx6n32l5s3jlne70n,47,2433993,51787,1226830,,,mixed
pool189lfh7azuvxu0hyskwahnp35rtez0mzhsmule3742p3jkza00cq,145,2419329,16685,515492,,,mixed
pool1kvd03hq8kp0hnxq9lq598a5amrvauj9m386rwx7ydawvjdskwnh,416,2410139,5794,517402,,,mixed
pool1twd9vvegn3fqq0f4n08p3aml2ud8q87njs49900rycj4sr5hhcy,291,2402860,8257,496964,OCEAN,independent_mpo,mixed
pool1e4tjrl3ve7dcqwa70pexds6f8llk0txx09gm3r4m472ej4p6473,271,2393053,8830,654297,ONE_PERCENT,independent_mpo,mixed
pool1cew2q6pge250exctkq26lyl0w95923xxa54thd79nv8xy9j3xe6,81,2392833,29541,1272077,,,mixed
pool1efxh54fk0dj5uu2e4eu08klxl5ys3saphv3kec33kw3xv8738sc,436,2351481,5393,716088,KAIZN,community_branded_fleet,mixed
pool1fkg3cr9en57ccsmnde20eevkaeu3elp0h4yyqk3udkkxzhl70ju,7,2331918,333131,2088748,,,mixed
pool10q2fhzwe4f5k2llny65z5z2fuhrpk3x56fdc0782djdq58p9uee,41,2315768,56482,885165,,,mixed
pool1lmzhzkdvkh67a8hjcexlhajkk8f7kz2tf35frjut6creqs2kedg,2,2287305,1143652,2231658,,,custodial_moderate
pool137j9xuzycq4jxfpsmjnc75w2wnpz68khlwvsh69kt5negg6ldhg,212,2275923,10735,812813,,,mixed
pool1cg559cdc25fkvs73umj6w5nxlwy3mpmj02xt7p4v69eqs5ncz9k,502,2251571,4485,686715,,,mixed
pool185ev4czpm5hc9xud25xlcz5lhpnl2jztqas6mgxujqke7j5mdzc,1180,2242344,1900,293066,,,retail_heavy
pool1wxn9nsl8rvxa6r8e5eaak0ml6etfxnz2n9vqrmsw5nzgyexgkrn,741,2218607,2994,540386,,,mixed
pool13r4e7tttcxp4qfs4gqtv0hz5k48qdhhxrskz8pjrj6fqy5qmee0,86,2218555,25797,423220,,,mixed
pool19rz6ve8nz6uvq97yspwh3fvt7w03dsjsnmft6du83hvtc324dus,10,2216655,221665,2003062,WEP,multi_brand_fleet,mixed
pool1cjz6kg9a8ug9uk0nc59q60a67c2628ms58rd98gq587jwa2x5qt,1710,2209544,1292,593059,,,retail_heavy
pool1dkww2vlysa8lsnuf5rca979zdsyr3zvt59hu7e420yxfunkka2z,135,2207766,16354,1022291,,,mixed
pool1qqq9tqyj69j9kygpxza3h82ynh8d0xlueucnu2yqum8nse8hj7y,340,2206312,6489,463938,,,mixed
pool1n4fq4gw6snzqjep3pylj8dc6aaa4xgn78gl58k360dqdw6a58g8,46,2199424,47814,1673336,,,mixed
pool1m3gg43uhtetn4hmw79u8836dyq8qe4cex8qnn6mks5egza7n6tp,1963,2175380,1108,216247,,,retail_heavy
pool1l5kwfudnqrhw3k4lwzcppu36nun9puvvr7xnanuz8a2zx4jaek5,267,2168239,8121,216734,,,mixed
pool19ru9alj7n5anmzs0f9gpzlj8kaq44yhcp45mldjvldxck8f6yg6,791,2166976,2740,342491,RAY,protocol_project,mixed
pool1j3umdcuxcewcxz98wm3sx5xqwgxx0v7z376xyjfq4jgejpvv8fz,494,2166922,4386,391681,,,mixed
pool1xc6la5z92seku86c4rdnuvxjdc3fh8pdtanlgxdy99cxjrkhzkd,6,2139767,356628,2066861,,,mixed
pool1gm4mcrf8mytfetsj6ykulrmv4j70y7fhceawgdg2h09t5rtt7cf,81,2115049,26112,1000031,,,mixed
pool1ncg357pkgx29g6jrwunk94pwxe409ktxyrw8s0k66vwkc4qdgnu,49,2087259,42597,960053,,,mixed
pool1vpa84enqxhh5hnyypeqfshsgqhnjfzyddgq7z4tfmavh68c9s9p,54,2087071,38649,1586077,,,mixed
pool1h4gwh638485yd0xcw0pkrm935nvm4aecqsxjx2yzzz0u6dfj73q,69,2048250,29685,1102567,,,mixed
pool1lrnyqdlrj97d0ju5j6d9xa8prw0xeyumfd53rz5wk3gf7czqzjz,572,2038013,3563,510715,,,mixed
pool1utqhj9g53a5cwg7tyd8neky7jvjlgzuf470adc0e69cp5uuquzx,88,2025880,23021,594389,,,mixed
pool190a9js7lk9lvmrngre7w268z9tz9xs9yz77audvw8ag4jerfdhx,144,2022666,14046,1113995,,,mixed
pool1l54qvzlg2jfalkcram9kxsa8vcmgy0fz845q5gptjq8k20kzg2r,132,2018006,15288,450222,,,mixed
pool193rdch53x9c53rmftlqgzj22vmz6w8z8hhut2ckzd2zej45zpap,86,2016128,23443,1655575,,,mixed
pool1jgwu8lq3dqddnnx7prymcgcyrqy0fdlghg33he2hmw9t2gma3zd,635,2010670,3166,201620,KIWI,community_branded_fleet,mixed
pool1dww6s8stvm7dl2n8740s3v5rnxmsuqcl8jcnu64g7cds5w29pft,96,2009063,20928,1316789,ONE_PERCENT,independent_mpo,mixed
pool1tc6cy0cqknsm49cvsz0mksajfvlmh3vvcp8ngtmspycgx932w6g,11,1967057,178823,1860102,,,mixed
pool1gq07hfmull6etsr23l36cvwgfkym6jqn4q2dz5vz4y446yat70t,2,1941746,970873,1941740,,,custodial_moderate
pool1gztqypddgmycs0fjat62k5f2kt4zjck4l4f2ffrsmagj2w8zkq3,7,1938633,276948,845659,,,mixed
pool1ekhy5xsgjaq38em75vevk8df0k0rljju77tljw288ys5kumqce5,1660,1930904,1163,125211,,,retail_heavy
pool1dqlgn7smehsnj5ztz8almy2036lfhrdjv79nmg9tmje0zzt620h,396,1926898,4866,724741,,,mixed
pool1helzgcd9sjm9xtyh9mw2wy06gekh6r52s6mx987q0p8lvklwura,933,1910664,2048,436842,,,mixed
pool104v7kzpq86r0wnfsz8r7jeld2raap92qq84trjcqk62zyh9akqt,177,1892180,10690,1135581,,,mixed
pool1030vz0wxheg0dvarr8hmeavelpszmp52qucs68c7wc9uga6n6e4,1533,1887358,1231,346269,,,retail_heavy
pool1af7dmzgcyp9kc5lyrtrtpsce58l6j5cjvc8wavkwmzlr53ym50v,109,1869616,17152,915039,,,mixed
pool1jmx55w5ydjkn4xd58gmr9xgt5t46ngs48aek779t92e7zcqfw97,415,1865522,4495,302730,,,mixed
pool1q2fh3cl6rx0wv5gry4qx5l4h65qpjf7x99xmq66nqj2fj5g6u9z,172,1862800,10830,864385,,,mixed
pool12dcwy586prq83qggtfvaxwdpys9dw4sl2yahrdjyjxsqzcq84rk,30,1849137,61638,901733,,,mixed
pool18heqrjtge2emf2hes4mdxkr76y99zztkqk4qtjr9dul0vuur0yu,26,1846268,71010,1160745,,,mixed
pool1j3kzujz0m07detlksr26sx7smft8xn280695zgu60zjhge9566f,3,1839404,613135,1015346,,,custodial_moderate
pool1mcvq2z34f9cfdmkd97famsh20ekqtndw246ny5e8ug3mxfdf4zq,91,1832837,20141,347091,,,mixed
pool150hft90uw7tzr9uvj7tqkjp4u98a9hl20llj3n9ew76kkfm768r,81,1826897,22554,673263,,,mixed
pool18p7p752cjnf9z8g70ygkre5cstwmgfatzuqm0tm3n2xf739j8k8,170,1815716,10681,212814,,,mixed
pool1k99yncea8tq9pfeks3yymyj6fwjf4apx0s490j09m4y66vtyufr,83,1813705,21852,1542502,,,mixed
pool1nhd907krga9dh69kf0jg4tl0764rravepy337gptvsknxyyx94k,822,1806504,2198,187122,,,mixed
pool18t0u9vf408ftjf9xdpj47gdwkeq3jz3jqyshumm7fvtfkcq7ul7,42,1802918,42927,1700249,,,mixed
pool1zkdaju2rjefa52uh6yh6etsxla0x6aqs6p6wm245y5szk7k3msd,637,1778076,2791,290144,,,mixed
pool1jayej3rwf5ynfmmu7583x3w2j73dcedtflgnazdezfn3kl6062x,19,1774408,93390,425037,,,mixed
pool1da9msyhpfmt58vrdkk7lpzgwldvc0t7q46kvpcyvvpff7347lsp,3,1770828,590276,1770418,FIGMENT,ivaas,custodial_moderate
pool1gpz25s2aasmqnh9tg8a2rxmyxuvmj5s779htxk295e9ajnzjflc,136,1753145,12891,1256385,,,mixed
pool1f6lnuxzw90mmd399nxqjvzyyxgmf4h3cp7j6pp5s7xmps86arct,183,1746535,9544,108011,,,mixed
pool15zn2lqq4849ujttuthaycpamnyr8ae9k2pn2fkrlfzzsx4ek0tc,933,1725732,1850,893604,,,mixed
pool1ntwurms3f0j4kqe5wfpg9chlasylp0lmuw72m4fn66vnuyrvs8v,45,1705094,37891,386955,,,mixed
pool1rj6apcqxcvavaxp22f75zs9upphena7ntsnut2efvq98g4404up,401,1697804,4234,219853,,,mixed
pool1m83drqwlugdt9jn7jkz8hx3pne53acfkd539d9cj8yr92dr4k9y,124,1688400,13616,367530,,,mixed
pool1gu33fszp9ek0w9fkdt2xpnp4vznvvv2vhktc0dypa8fr53lc9pc,177,1678363,9482,505282,,,mixed
pool14ajz2t680q2c7tekek3eqazhnapfl3l4w3cep9tnh9ym6jhph8m,23,1676511,72892,1088409,,,mixed
pool1vqm5n5d503uumuc89s5y4wuczrwe3tlgylt2u2uj7y276avr5pl,800,1658079,2073,331794,,,mixed
pool1n7s5kpymwd0zsld8q23tpf7z5esjaqwmnnzzssee5630zpx5ww0,216,1641881,7601,413310,,,mixed
pool1dy7tz7eyf2qal2jcns4qwm4xqn34gc4rj9dz34kfs6zuju477k7,243,1638620,6743,211389,,,mixed
pool1ah6f5h5xss3qcc5wv5smvkwsqrqz2v2v4u0pvmrrttzs6z52kx8,4,1628705,407176,1603523,FIGMENT,ivaas,mixed
pool1je2n5smmnyn3lh92xrp8nepjyfp596ypga6pmdecwtcrcj9uvec,279,1613678,5784,337537,,,mixed
pool1js570lkcs6t3pwsj3eda0zz43mc5gm922ae5rdxcfn84gu5uyrg,26,1604860,61725,1211781,,,mixed
pool1cpr59c88ps8499gtgegr3muhclr7dln35g9a3rqmv4dkxg9n3h8,228,1590373,6975,285126,,,mixed
pool1vn0mxlvhm4l8pcft3jp5pxh4nhh89qevdg2xu6s6sdqvvs4ft28,3,1584056,528019,1583551,FIGMENT,ivaas,custodial_moderate
pool1c30lqt59t8sjn5lg04r5wk5eucxa5h9cj05xs9gzc8lngl4cmta,170,1579545,9291,402419,,,mixed
pool1q7wrwstqkzhrffdzpw8ftfd4epmxywdjnp8384atjcnezchv242,305,1560429,5116,310358,,,mixed
pool1sdvrd0sxh2mprqc3m9zmvrfccavzpz9r2uancg866hpec7nnt0s,20,1559406,77970,973942,,,mixed
pool1cduc7ut6grhqyavrmm3gzcdf4qfdsjk7vdwcxy9c0r5fyaxh2sq,294,1558281,5300,309948,CRDNS,multi_brand_fleet,mixed
pool1vc8jhqtwjrjwsfk6a0enx47hd2ufg98c34ta6lvl0zv0uhpech9,177,1557484,8799,359205,,,mixed
pool1vflcm2fde9qyzcr0lkkv4httte3xep6sycasrtaxw6rt2me3vwp,27,1541205,57082,1006235,,,mixed
pool1qeqylk3pnenvt3j4mah2dafcnd3h8uc3fqhvfzrxlxf3xuvdvvp,3,1533601,511200,1328303,,,custodial_moderate
pool1sm2kmdn4f9rat3kl67y9drqcnnqc34zg4f4ufmnrfaj45gcv89d,57,1532199,26881,527924,,,mixed
pool1zwqrrwpr5zx7c3f4ukpu4r4fz5c2hkwx9vwqka5068urgqvpjzr,238,1531825,6436,408606,,,mixed
pool1qqenhz258k5k9nyjull6gkzg7s4f3ae8v7qxwpegeef9v0nsy3e,236,1526631,6469,460063,,,mixed
pool1sfjdu0xmz7vdmp6cufxd55gprp95g4p703zzr3upt70dst0fur2,20,1519935,75997,1008710,,,mixed
pool12n6lycv28kjtkzecfz2a3uujyxy6ewuwjcmjq84my67psqmgagv,15,1514920,100995,1107765,,,mixed
pool128r8qqgl9zgy3ff4759a2qslyauu5takaec3nxx4a6mvj3ys8da,6880,1512438,220,61158,,,retail_heavy
pool17ynruzy9lvq0x55ks22vtf4lrrdrw2ucydh4tfzhg9kkyeaw8nf,760,1509394,1986,201041,,,mixed
pool1qqqqx69ztfvd83rtafs3mk4lwanehrglmp2vwkjpaguecs2t4c2,1250,1508733,1207,349914,,,retail_heavy
pool167qekemyleju9g7eugaguqxh5telvmmmrs3a7sp897f6za308hg,583,1505671,2583,307680,,,mixed
pool104hlwrk98e6h07e05ywee3thn379ddmmfveje8d6cuvp54zcah6,17,1501898,88347,768740,,,mixed
pool1yd67lvc04eztwrpnefqh3g4dsydmezwgrg6ce4km728v6sg8zwf,199,1500261,7539,317720,,,mixed
pool1l0pmgdsymmdntuyan4snj88q8nm9axemwefu5ymkuq2s6gr90cn,401,1492275,3721,403647,EMURGO,ecosystem,mixed
pool1we0xjccr3vc4ypnmhzsgwp7sxpsytu8dtv0syeqmtrllvcex68q,194,1489747,7679,314614,,,mixed
pool19rjjay24ez2ezgqkyqvna6uwc5ur9lt489gwvrv7ve5exlcld3x,62,1489559,24025,755715,,,mixed
pool1ktgug7wwf9k4hcsuk68ftkh8xs5n0333fzxyw9sagz8njhlskgm,148,1483461,10023,387134,,,mixed
pool1q8fqknvzyj9p4ezhxqdghlc7rnmwvwuku9eevgvl25cpjy385gg,255,1474329,5782,267539,,,mixed
pool1upa4pa4qmcgaps4uactx9eas44rfwk9h0rxgua3l4xnf6wevfkt,17,1473046,86650,719622,,,mixed
pool1lx7hdfz430vmrwhkrdgxu8c0xclffltavmkejpqzzz4ax0lnfvd,103,1456169,14138,235558,IOG,ecosystem,mixed
pool14qpadfdjzw6jkwxy67uhey6tjpyppsmwgz5awfsxwrtpsecslpc,191,1456093,7624,118101,,,mixed
pool1659knc82juzdqycvvwz0uzjsj5scxwewguhuzae93ed36xanxmz,6,1439706,239951,690726,,,mixed
pool1u2lghnv4ae3zy73ysjlgvxwj7tuqpmyfavk74j48g0gnqnyc692,75,1437876,19172,945816,,,mixed
pool17h6slydr6rd9vquqa38p5cf9xqnpc24w6a99rhllcjzljgugx6x,1426,1435112,1006,694578,SPIRE,independent_mpo,retail_heavy
pool18mnua97ndq302yw2c6aaw6msx5rgf79mfnk4xe5y92tvjl45etl,15,1432869,95525,1168335,,,mixed
pool1cmqpzlsrrjup8zg6qaperz868u64dlt7uvvdszsr658mvzz9qq0,433,1426897,3295,444178,,,mixed
pool1jv4yvr5edp7qp690hk3qfudwmw28n2wygjxyhaecqkzeqh0wlem,486,1420649,2923,616061,,,mixed
pool18jrsaddmrwtrdycydmk3zv0fxawnv0q8xh7f6fyp2r247zz9tc5,65,1410557,21701,444212,,,mixed
pool18ljuhhw27t85zddz0pvsmsjsz5k0mlz03pzsxgh8qarcsw5wycc,98,1400650,14292,511757,CAFE,community_branded_fleet,mixed
pool1wnpac2c9am0h3yx2luh9tlsdhcpz2tmfyqjm8g8f67afk7fa6mh,45,1398340,31074,941015,,,mixed
pool19ut4284xy9p82dd0cglzxweddfqw73yennkjk6mmp650chnr6lz,69,1395995,20232,705197,,,mixed
pool1j742gcsul7u8c05rsqmkgpkvj5qadj0pew69nctu6crqy9wjjn4,329,1387271,4217,377867,,,mixed
pool1p627hhec2ha6wu6ql377c3hv4mjd26w7ll0xyw2ezgnu6nyl0a4,22,1383859,62903,466376,,,mixed
pool1ezh8sewqgzy7267yvy0jssz8q7amce37x3dhmfl22j8lwz6wjrd,450,1379268,3065,185695,,,mixed
pool1sf784g6eje8vzq9f5wu583eurhfq2ee9hzyhl46yezkuqqtmw07,326,1377353,4225,213762,,,mixed
pool1n940lfxkd7z73qzj5y554yrletrmgg5x2eya9tpglh3uwcqfnud,461,1367281,2966,158910,,,mixed
pool1p3chxyfv5cfk95hwq5zqjuljrpyk3uk5ua5alpn8rjgkkvvy8ne,1012,1358986,1343,356637,,,retail_heavy
pool1jezf7dcx26edfpxmpuh05yen64a9cj44xm2ggsapcxrtqewfek2,36,1357278,37702,1014046,,,mixed
pool1dqhaw0h2f4ehpdhh57quszcj22qhkglhg6yvaf39w3clxdl2kpy,544,1349104,2480,469050,,,mixed
pool1c0xj2fa97zuz4phld87atg6yphz3hju409fm5xgnwuuvqww25qj,775,1348268,1740,64893,,,mixed
pool1crprz3rdcwvfxmc0s4gxquh3qeqmscww2qfvpl93q52yyn7agsc,52,1344564,25857,817259,,,mixed
pool1yyv7vx5zhhsd60jp4tl72vpznwvpvjp35m4z7jr42ugkxmndyv5,205,1342907,6551,738606,,,mixed
pool1030as3pp5684ghgf4kzcpv4p2jnmkmme7j363t95690zwxp7wa0,151,1331948,8821,307583,,,mixed
pool1es67mveksd22l9alfh5cht6w2krc7lcrq3zvxcpaj5hwxgmhg3m,34,1328552,39075,393927,,,mixed
pool1rqgf6qd0p3wyf9dxf2w7qcddvgg4vu56l35ez2xqemhqun2gn7y,58,1318196,22728,202886,,,mixed
pool1phc0dedrry2jp2s2tqngcw87vzx3mychvm7qqe3470etzsf3ph7,165,1311457,7948,630152,,,mixed
pool1kf0c6a38vy9t7muc2jpfefdc0y6ey8386ujtn6rtly25y5yxwqf,3,1309739,436580,1309297,FIGMENT,ivaas,mixed
pool1mscll7kd2y9c56kv7thv7kv99wjvrr72uwpmuhphaltjz0pkuqa,181,1307538,7224,1009362,,,mixed
pool1gxvkc0576e75065p5k0csvwme9y2qrefd5ga66nx0z65xxjt8jk,336,1299441,3867,326294,,,mixed
pool1hmtm4mukp5gs7fgrp0k997lveh4psq9qpeqa6ldugq9nsfcdxmp,26,1269780,48838,952319,,,mixed
pool1ywt7jqfsmxg0yplku4mtdwtm476rp72z6fns9mhevf7u72pkupj,18,1266170,70343,1107283,,,mixed
pool1s2rj8t2a5tfv0rpsfak77g03h96uv3rqxp62t6jm3dh45g2e2pj,266,1263586,4750,454139,,,mixed
pool1fcp4d2pxh0e7q5ju63sjqcdpxpr3pvxg6ykl23t6c97d7dnvjvw,70,1259504,17993,633564,KILN,ivaas,mixed
pool1pzqdfptvl5f8vh28az37jag2wkfmqz9x8d6eufl8y0z9q34hlr7,39,1257096,32233,982453,,,mixed
pool1r5srulgd6gpav0sympqrkt9f4ykl06lh9sgk0p20r54v7759kws,120,1256348,10470,447553,,,mixed
pool1khwvcz8jz9auk53k698ywgr6ams27hrz20vnwqx2d4xggscp93f,31,1252781,40412,804834,,,mixed
pool1lakxjm7v0q03xddynffn6m2wfm27pms3z9enztwvu7k0297tcr7,16,1252034,78252,893232,,,mixed
pool1x7j89z3n7y7g8syk06nahcrwkdphhw6dymt8r3gf8ulyksrzh5t,368,1249560,3396,177161,ITC,multi_brand_fleet,mixed
pool1frz0ds4nhg4t0e30jadc5kwx35kzj2vfp9eak9ehh2727m4dqnv,1228,1247314,1016,356686,,,retail_heavy
pool1e7mwu80pmsjqdf8lu7rsfdj5sldashslll0hpj7rhx3w6xpwkq7,10,1246336,124634,1206321,,,mixed
pool1ddywudgudfaphp8txj9qf7alj3uk6wzyd22u7cd2myhyv3lyxxx,15,1243019,82868,610155,,,mixed
pool19v4jgpxxl72eaq8pefctatvts3gkhtyzd8nwvzskkm3mkdv2tpy,97,1218490,12562,944538,,,mixed
pool1y89sy2e927hvvt66wnukx5xnnrarzxrt55eypttaw3n06u0uam4,146,1216028,8329,550526,,,mixed
pool1980svf2cxnfy66s5jgjv7y22xud75z9kfe6n0c3y54s62w56435,390,1212846,3110,368251,,,mixed
pool10wcmpvjmmv7ph7cz2263f52yckvnnwu5kdppwqgu74s2qhe7l7m,23,1211589,52678,502575,,,mixed
pool1mq2q0fjekk5lt8j2krryf5rvwx5z4l5l0r6afhhj0mtg23ylyuk,38,1200027,31580,329957,,,mixed
pool1vwquf4wt465lhketcy2j7jwpz5l6l0ce6a79ga3y4wg7gc8egp0,65,1196431,18407,1000549,,,mixed
pool13ws3wf9skw0ngg3aze482tdxqsnfmvf4vgy46cux599mxm8n27g,46,1194711,25972,901210,,,mixed
pool1szy2tdjj8a4av365wk3q2fqg9srllmt0383e6v9p664ng076x9e,425,1181101,2779,222277,RAY,protocol_project,mixed
pool1jldq2rf7y2ukm2t8ds8d9upzgdgv07jhkckl0mvedwhxx5nkugt,121,1176456,9723,335663,,,mixed
pool127gdv243hfcrapslaqq0nnh64u2gts72gtrt4888g6g2z0zsu64,871,1169491,1343,270781,,,mixed
pool1l8myd66tqjk75kh7uk9k8nyl20sd4qs33s4tzzn927ujyl7ahyk,108,1163016,10769,354817,,,mixed
pool180fejev4xgwe2y53ky0pxvgxr3wcvkweu6feq5mdljfzcsmtg6u,237,1162053,4903,126023,,,mixed
pool1ygsyw93csvam58nf63gttknj9dvj3zxh54h4eh0kals7kdf0nx6,51,1159892,22743,354781,,,mixed
pool1a6wdglfp93m2z4nhptx9xhjazgyqusjpu387gdrp899cj98yuqq,5,1155920,231184,400544,,,mixed
pool170028ak8q37qf4e5lf7z8eyuscgcrqgzn9lh58a4g9ngzd83a0h,68,1141175,16782,1006006,,,mixed
pool18qahj5ggudguk69g9aaztf5dvapmazql4hdvd7v0947j7gy4wqf,168,1139232,6781,315758,,,mixed
pool1n75mtv5qwzquyq2cprnu7yqpnyg4ppagpzvcw6gk2un5vadg48a,7,1133239,161891,1101405,,,mixed
pool145ak0czqxe97ef38zjupk0pz5yk7pahcyrdfee2lrnsnwawj6dc,1110,1131917,1020,125854,,,retail_heavy
pool156wg3relgtlhwu55z3wpqurtaprguefe9tzrakhuqyyc60553au,29,1119438,38601,501164,,,mixed
pool1gr7jlqk9kmhwuztdwcwf6nyr2teeq9r8h4y62ev0xrrvyvwly64,885,1114411,1259,752440,WESTBERG,community_branded_fleet,mixed
pool1u7zrgexnxsysctnnwljjjymr70he829fr5n3vefnv80guxr42dv,141,1112852,7893,151350,,,mixed
pool1k6altfangsst2mmxg8a9wvg3dppyszu8ckfzd3uv6azgw3z2txy,246,1107878,4504,308359,ELITE,community_branded_fleet,mixed
pool1lr5ku0p3jhykdf3a2kcr0tyra30qvzrtl02dr6uyv98rxdsy3k9,346,1105200,3194,301487,,,mixed
pool1q5za50d3sr707xkmjtyrs0v76ezxyj8g8uhggfk0wfl77aufd9k,16,1084446,67778,728419,,,mixed
pool1h04mh7qugt09hp8mhjpvfl4t0rutmz703dd003e6qeny5jf9c57,16,1077120,67320,219516,,,mixed
pool17n47upcpnzsdks0yd409nf79sg6hqy73twg87eddwh24uj745rt,49,1072942,21897,313526,,,mixed
pool12582dmkl7xanxlmfnwd4fepmx4tt5kkw327mmklcjdxngwaxvh2,3,1072073,357358,1071663,FIGMENT,ivaas,mixed
pool1ytyw34lckr8k9dhn59h287wqry5lk6waqtfhxe6v94v4gsaa7vx,26,1055883,40611,507905,,,mixed
pool17xh922cr9skc0fqk7sr8at6xx6eluh5qyv9p7ca2x0mtc3st0mz,848,1040039,1226,118195,,,mixed
pool1e2tl2w0x4puw0f7c04mznq4qz6kxjkwhvuvusgf2fgu7q4d6ghv,86,1039334,12085,164202,,,mixed
pool1nx2g7dzc90uu47e8kp057r59g8z5sz6v0x76wsph8xpcqzqycv7,6,1036224,172704,1022937,,,mixed
pool1fv9f8phzn7hp623ypw6ctf73a98hd7nrh8wm7glpcuhf64856g2,146,1032175,7070,403007,,,mixed
pool17gfj5t240hqaqr7vtrlrlhmyazw3lcyqvfd06v4kpxv7qxpdzau,16,1031383,64461,784007,,,mixed
pool1vqjyjsp6dawkj8tzmfpu39hvgnkph99qzarw4dll6yq76gpaa4d,90,1025792,11398,584440,,,mixed
pool1calq8kjzrvp83l80rtvgmulausl99q4tjfkz2lp227vkymd5wgg,593,1021677,1723,213124,,,mixed
pool1xmtmp6cmmmaatkn3jd9dlht8xjyf7xnqmrurs59kj2ygxuz2jkd,5,1019632,203926,961388,,,mixed
pool1zfhww5y28t303z6uyq3w47pkhfmxww9dsn89vrxteplg2zjkekl,175,1013480,5791,377941,,,mixed
pool1uu35qfkmjyxwpm3pgptfgr0qga9j2fzkc0tsjplcx840x295xj9,59,1010478,17127,362464,,,mixed
pool15mfkj8sl7estcmmd5a07afrx5f4hlz3pcr6p6ay5pfmrjfl2hlf,69,1009555,14631,466714,,,mixed
pool1w9u6rtvuzke9cq5q4x2r7g8xlt6lqmcd2tugzpjpj5w5xv0eyws,3,1006245,335415,1006051,FIGMENT,ivaas,mixed
pool1gvnkmpfu26vncrmhj6hr792kwu32hw553upadcphjwu4qewj7jz,10,998555,99856,928790,,,mixed
pool12yscr8j3zs34ewxrwlk0p2w5uvgcnrzywpp78ddjsj8kxd530f9,685,981864,1433,119086,,,mixed
pool1tjr4zpndkvwkw3du3fvt59f5men6jhuevt7rpx6xw0wcct5kl04,70,977842,13969,415536,,,mixed
pool1lugxr82p89qm35spzwccle405t5dfdznhrasyrtr2cyv2vyfud6,11,976089,88735,415810,COFFEEPOOL_JP,community_branded_fleet,mixed
pool15fxktqvd92sq8plh3rjdrksumt9p8rzsayfk4akv2hng5r8ukha,77,974029,12650,226312,,,mixed
pool1f6ltd3rd3e69klr32r0xw7h59lc76lhc9l705d380lj76d926du,3,965847,321949,959971,,,mixed
pool1x9q4jf3zwftwygeeulku8xtlywmtmzwxjk2g3fz3j5mlwjqnr3p,49,954262,19475,491409,,,mixed
pool1gslrt6mmljsqkzft6nd0q7w7g2fyhxpxx6sj4ff68x22kwx6unm,176,952609,5413,104597,,,mixed
pool1p9sda64t6l9802tsu2fj6phvt9xfqgcpjucyr3kek8wzurmn8rz,56,951060,16983,479656,P2P,independent_mpo,mixed
pool1g8w64u3sx9mrvhwrdfvysw4g4wnffkjfp5zds3ur6svwzdhwhx9,41,950681,23187,632600,,,mixed
pool199a44nvtjr0c5xlanz4p5c0nywu8l6k5hz3t2he0hq7wvljnsrt,130,946066,7277,178516,,,mixed
pool1lkcd3w5g6s6v3hf6kwt55dqpalrmq9h9f3ec033nnzhvgjgl860,88,944760,10736,615159,CNODE,community_branded_fleet,mixed
pool1jslaut45plz6ek7grjyzxz6kzgerr7p5204h9sprh3msw6d8yht,378,944453,2499,99616,,,mixed
pool15pmdr6nw3g6mmt7regefp2lrx3njah0gpwsnqm794c4wsr23062,962,932799,970,122968,,,mixed
pool1gx6eawfvnhckevmlzhfz9j3uzj92j2wgww0mdd2fu5d4zd4wvaa,172,932620,5422,553596,,,mixed
pool13daql23lkcwwj0gsz0dnu9tu20pugpswfped3kp05ekxkgmcumt,44,929831,21133,663455,,,mixed
pool1p42f6kw9lkgw5tn77kqyrc22zrs4uq298p468gacwzw6gq0ckq2,61,924230,15151,417160,,,mixed
pool1mdyuct0kgd0hcjjnea999me5dxqpepr4y8du4smegfm3vlr37w5,333,914828,2747,314907,,,mixed
pool1qqqq58jy30weq2an3px3maljdmawcwh6ml4hr8m9euq9z2n7wyz,18,910637,50591,522098,,,mixed
pool1k2cj852umvq5f527x9u7p58mnletdzx29gr4e4npv4nc6m3hch9,17,910534,53561,418108,,,mixed
pool1p8yn95k4wgznc38ezckler84ufc6kxemmsvptv74r3g4zkxj24q,44,909728,20676,656310,,,mixed
pool19ygh8apuc2qz0u9kr4wj9qj33xhw70n7z286xll0g6ltgccuq42,22,905377,41153,809260,,,mixed
pool1sffl322qgsrsmkcedzzwk05396dkmj56pcepqvj6px3n2re3qu4,57,904392,15867,382143,,,mixed
pool1qaxrj6n50naglqmzj5puq5sd0awgy9wnqmykpwmcah4vzhndpve,49,901478,18398,387256,,,mixed
pool1csrtagrya4hc5pectc20s8s7am3e6vpdjj6antqzvn2lgmm5afs,29,899427,31015,514596,,,mixed
pool1mhww3q6d7qssj5j2add05r7cyr7znyswe2g6vd23anpx5sh6z8d,191,897903,4701,234552,,,mixed
pool1p82vmqednsalje23mpnz9u3qt9ruj79xu83mr6p8t93fw5fcu3y,82,894055,10903,476335,,,mixed
pool16p8y0pzx8yx7vz6eqksw9xjhh3tzeymvxcstrgtk8ncw75356yw,86,891322,10364,245165,,,mixed
pool13nn6lk6dx5ww95h5qqeeazyp074j7en8e6qszq62rtj9wcx522z,14,886818,63344,860467,,,mixed
pool1n500map6vvxwkxnrw5m9vgmjqrmtaxuuxkgqvzz7699c7qc550v,58,879204,15159,266857,,,mixed
pool1jxv3my3c70e8pfr0cgm6esatehey2ml3v0qk8x236aw32eu0fcy,251,877417,3496,226976,,,mixed
pool1ksh2u6kktx74ugv8jadrdqttwyjz9074ke82xt6j0qgfvdn43a5,215,874034,4065,247956,,,mixed
pool1vvesqladm29fuzrv93px5qse0upw82a579lz9063xsfrz7yef7z,19,873574,45978,742984,,,mixed
pool19frt3kaxxk4vr4x3wnaapntu0ul0dsesu77wfqaawc5h5ffgfgt,77,857079,11131,768768,,,mixed
pool17gvd032slmxg267lp8rwcykkfa52txm8ylefhmdsdkytzugrtaw,34,855889,25173,771383,,,mixed
pool1nsaul82z7ytu73q96w2wgj8wrardmrzjkuzaankzn0xuqkj70qm,38,855453,22512,249103,,,mixed
pool1ft6jvmft8tg3lwzg6wfsprlex3ncuq5cnckwycavqk5q63jhrhv,90,854760,9497,547931,,,mixed
pool16knnvtezwzmgpnu8v03wht6y4u7mwfc7qz6y2yk62w4as4qymat,472,852084,1805,165307,,,mixed
pool16cdtqyk0fvxzfkhjg3esjcuty4tnlpds5lj0lkmqmwdjyzaj7p8,86,851532,9902,164129,,,mixed
pool1n3sjq3qvu5vvcd6aud6ndcwq7r3ghmkafcg60gznlwfrk2ucxku,1007,847998,842,227204,,,retail_heavy
pool1e59h5m5vyggszyafel7zvcnsayt2de7wyxyezlrsmm4a679q3zr,377,840081,2228,100069,,,mixed
pool12584mjtgz3fhgpx823qht56gycnfnezg6aqqthazv4qdxkd5c46,96,833720,8685,294856,,,mixed
pool1ax8znp3yeeh0udrr2vvtm4wkxjldwv4mywycn573km7fu20y5xa,13,827546,63657,750654,,,mixed
pool1n5shd9xdt4s2gm27fxcnuejaqhhmpepn6chw2c82kqnuzdtpsem,118,820381,6952,628065,,,mixed
pool12pwp8hln0cjsxv0h2a0463qsakkhwetfhyqw7vzmpwd2jdj86n6,12,820068,68339,299901,,,mixed
pool1w9yeaaadjz9563tf2h7katrlujvxnywda8el8z66h02ckccx95x,222,814444,3669,133527,,,mixed
pool14dswwngc8j92uek927jced2lfc7c4pa4ss9gry9nu9rhkc7a055,35,806933,23055,283568,,,mixed
pool157dwm0l9jf2h59me75slfww8dylcnumdgjvhpsyhfmlry4cn44a,39,802068,20566,400712,,,mixed
pool1h7eevnu53zdfujqfzldw4jgdjh475u0glvtruwrnmdmycn6jdzs,18,801644,44536,792934,,,mixed
pool1kv53mzjwqjp4aw48rczj8vm6hejwfnfwa634czyx5tw5qq3tata,83,801031,9651,430190,,,mixed
pool1rtnv5vj0glxu9w2mkl9ptev72enx75gjzdkc8urfhavr5reah0c,88,799114,9081,504435,,,mixed
pool1nchr83fc0hrykvhlnh64n3wlt5vkdu727xjep59znrwzs589jdd,22,790459,35930,514946,,,mixed
pool10n23qyec2zcetv0e3x7fdjydscsrlet5sph2hgtfc7x5ze56jqn,319,789580,2475,544536,,,mixed
pool1a44zldps27avv82mamm2lj33mrrkqdzt39nyrgn5dkk3jtm0wrp,36,785617,21823,377081,,,mixed
pool1gha260s6hx855p49fc735w78p0kcp4hyxl8glymp5k5muk9jkgm,315,782293,2483,230803,,,mixed
pool1kffetqjt06qvk4995tz3e3q9h3c8cdq9eedrz8qr3ynnc63qckz,128,780543,6098,164184,,,mixed
pool13l9hxj5dke9yd8xrxtfdkxgppj4wdyy52k99jded9f4kv5ce7al,677,773599,1143,125501,,,mixed
pool1g0hsnjnt0du3kp33gjua3npncngr3yg4ak2zfdhd4zvmy6r8hyd,133,772121,5805,252200,ATADA,multi_brand_fleet,mixed
pool1w9hdxd0ydy7qrtxe2lceg80mpsyamwnaqyvu2v0yngj4cfkfu2t,4,768923,192231,655435,,,mixed
pool1khyv2zj3asyhz76a4r2ky42sdxn3gqu3lcyw3sj74trmwhlc5ud,20,758398,37920,372282,,,mixed
pool1dv7s5fn4m9dee8ncvx5hktfmsnx6agydhn798rfdqjazuwr84gc,127,756056,5953,566453,,,mixed
pool1jqssxka8hu94aj6f4w3s8l5m6juqmx0hk3ges48jfac6zngmkh8,104,753840,7248,119567,,,mixed
pool1n353xqapcq8wtyskm8cj4g04t8rv03lteyl30c42zug7kzv8vqz,49,753205,15372,383022,,,mixed
pool1xaudqyen24fz02vhu9qa2ry44suzfk8z3lh7sc6qx7c3gpweww2,171,751901,4397,329404,OCEAN,independent_mpo,mixed
pool19peeq2czwunkwe3s70yuvwpsrqcyndlqnxvt67usz98px57z7fk,227,747940,3295,149924,,,mixed
pool18hpttrmc7v6nhjcywhdpymwzxv3y9kujzc5ne53jjdlf6hxa7cv,31,746549,24082,202048,,,mixed
pool1azwytj96wpa7hqmj5adks6tpw7rhnwdqpf9hkgyy0mwdxxzxz9w,3,738072,246024,637575,,,mixed
pool1gf8a46j6hvhad8e48hez4084x34snpua8k7t3kzy9w42q6w60z8,111,729393,6571,172715,,,mixed
pool1j8355yxxpfuhqyda4lrj8c9cdghaang3wvwge8jq8nlxurvfqv7,32,728258,22758,641707,,,mixed
pool1h40kkf28nr3amhs6nsmqn75aderg6cutmygr47czu2dw2dxzvgm,53,727984,13736,289940,,,mixed
pool1ulx9ennungrtcucslrpz93cze5fddlg96h0wwj83p6fpsrvgz2v,123,722446,5874,367959,,,mixed
pool1s0kkragd8r2xyyms680l9eed443v3eufmarykpjfh2r6cpksm2j,16,722002,45125,601798,,,mixed
pool13zq5jktx7xmngfer82nkrs8aqjklmydntxdqzttas328yuttgx6,40,714248,17856,347897,,,mixed
pool18mege8wvzzdvh8cxx6ncnqyvacl4lxukw495c87xmz8qcdl6lj8,347,711582,2051,156258,ONE_PERCENT,independent_mpo,mixed
pool1ht35ft8az9k9u7gnc2yut7usj96he5mqngthunyf2kmnsl2kmed,12,707468,58956,435382,,,mixed
pool1nwfzutmm6et5yt6mdk6d3ls57qfmwje0hwcepr3dn68mu9wl0pd,47,700747,14910,205222,,,mixed
pool1nwcu3al5vfm7t3dtvyuu4hlmlvezd05c5v386q90hlptks4mqw3,6,699074,116512,468066,,,mixed
pool1a2ffl2d20yransp2p4hqys5vy6hys8kmtchdvlfqale7ywxssjh,21,696762,33179,503998,,,mixed
pool15ju4ktqmtha9vry4mf44hr2psf807n4achj76z8uhawgw9462kx,43,695654,16178,218305,,,mixed
pool18872nzahx0h2f7j58pxrn5rjektn8na8p4amv08x2xj8qkht30g,245,695441,2839,243065,,,mixed
pool1xxvcz8dem4xufzn74v2y7fs709mfw3tpq963thzg5en5jrkv67a,132,692747,5248,345993,,,mixed
pool1pn36hexudnjg6uwvxc5tld3ay2g6ty99ardzhn7crhkhzshjpte,24,689877,28745,510983,,,mixed
pool12pvaxxcv3sgad5jqgfnggn337y76kp02uauptkufjjjes7nxwfm,72,683282,9490,142670,,,mixed
pool1258yqnsegc3k7raqcdkxu4893aqexxljflmg9g96yfha2qytayv,138,669737,4853,324787,ONE_PERCENT,independent_mpo,mixed
pool1u8yequt4vq3jhajeegc02r3msnne6krayxuzrypaz8jkq5v5pux,567,663701,1171,200701,,,mixed
pool1wm5quxelvgk8q50jyfznf9asvelp9zf0tk2wu4jazlw9yj4uctw,302,660902,2188,293149,,,mixed
pool1h8fnr4vlfcv9l4jlv9epalghy3zgjpye4wv85c4rafpvvfztsk7,12,659730,54977,310437,,,mixed
pool1y24nj4qdkg35nvvnfawukauggsxrxuy74876cplmxsee29w5axc,97,658844,6792,152628,,,mixed
pool1jqw9cv37w0eewvdr36w2kacd2w9wh5uwm2y3vmc0fmdfc0ax26l,303,651679,2151,89551,,,mixed
pool1la0t0gsskwejyfca5lchw5aqd5g8hknxdu6tuyqp0ttjxl6zt35,60,650635,10844,300919,,,mixed
pool1fu567g42mlv9f7enek7zeh94c0aht98w44du7s29t0elzd9yazz,81,648426,8005,256800,,,mixed
pool1qv3velgldz529zq904jy9qfrhdh0akwkkhylu2rymd6sw9m02cc,4,646973,161743,646946,COINBASE_BISON,cex,mixed
pool18q7axjzcrs7pd2vpmcgh33p0r5cng2q0v6ldw5vtwuhl6ctgmeg,17,644259,37898,274099,,,mixed
pool1chzrvd7wzmw8ufsehctn8fmf7ca27xf7d6f5tpreat7kxx6hwf9,21,634603,30219,352773,,,mixed
pool1vkngxunyagwen690yn36pa2v6jecyxgeavl9nva9dwzhu22fzt7,78,633844,8126,267689,,,mixed
pool1pxw4z2m0lmw422hr32dwyy3uz9436g8p7qdmg2sl2w0m5pyk3yn,182,627968,3450,233795,,,mixed
pool14z3hap9tf6gt4gk8u84kcwm3s0etcgha26sn8t8wmvcruk0kvgj,5,618385,123677,298280,,,mixed
pool1zsyqzr04g5pr3nv7vfk8ldc3uf0xljc8yftdsqpxxqpychpxj65,11,615834,55985,275408,,,mixed
pool1kkmk9dnzrrjtnsejttydecmq63x4dpkln70yfledaednj7mf7rk,65,615581,9470,97084,,,mixed
pool144m894gswuy3se407ma5870nkaw5ylykrak73gf4kpepj50ulfa,219,614753,2807,221199,,,mixed
pool1zn4wnk52kmfjy9mw4z85p6wn9kzrn94l9h5gys8r2k2w57mdnhh,56,608869,10873,312822,LINKTR_EE,community_branded_fleet,mixed
pool1z4f2vmmwckcm6c4fmhn3vmymhsg8gjukx5905g54hlhqs9kaht9,24,607211,25300,129828,,,mixed
pool1vhzjtcrcyzy5ld05mj8edy5at37x4g7du8uvvss037h26h8s8z5,68,600986,8838,151799,,,mixed
pool13mjxg33urh0xquvw33kjn85yw7j42uwqw0pvh8s6c67rszr7ssz,13,598975,46075,422020,,,mixed
pool1suvska2n58hqxqzzqwpw3558072vkmng0jezzgtlsj625yk7gt8,17,597724,35160,513336,,,mixed
pool1zc5l0d0j9d0969z7ssphjdq7rfexhnhrfdp2e88sv05ujlaxfk3,11,595174,54107,378987,NKR,community_branded_fleet,mixed
pool1xcslzgl6t2pcdr0u8ef2zkjhdyxy8xmgvzp0mcdgrw4k5gtg94s,25,593438,23738,326280,,,mixed
pool17e4rdh59t4fmn4g3p02xvs853katrjzge830tsmd3sfdc645yvt,213,593281,2785,222762,,,mixed
pool17pv7m8h5dxsyt55upay8n8ake2cgcz4mcr737um2tl8d2wthzqr,485,580052,1196,70438,,,mixed
pool1xnaxushl47aeha3mr3uwnxcfkvzj0um6c4zxdr064d3y68z646c,6,577920,96320,404188,ATADA,multi_brand_fleet,mixed
pool1cpqpw923842ple6gnkjl0k2z238uwm4s8xh53ryzxcavu89rp9p,25,577229,23089,341597,,,mixed
pool1wnrrg33lw9fxcn0h3x3vexh78up660ajgk7pvrlrz5kkcgh9khs,63,574483,9119,307233,,,mixed
pool1c3fjkls7d2aujud8y5xy5e0azu0ueatwn34u7jy3ql85ze3xya8,31,573988,18516,103298,CRDNS,multi_brand_fleet,mixed
pool14w9tn4w30dwd2lfv4cwjg2a2e3ukfd0nqrydx37fjzf7z5f5jnk,70,573842,8198,500240,KAIZN,community_branded_fleet,mixed
pool1aawkmkg7vg0x0vxaqh4gr0lwp4fekwsqrjduylx0et3tuz9hfn4,9,573394,63710,381366,,,mixed
pool1z724xxqgzf9a30eejsa4edznmv8hgy27ssxqfcpqz42sc6lfqwu,18,568576,31588,509176,,,mixed
pool1ralkckmup253k79hap4chku450qyshezh4sasjqh0ltxu2gytlq,26,566299,21781,277788,,,mixed
pool157e2zadjusu6esf9mmx37nf63ep2gazdeln5mh04ylpcvz59g5c,111,564497,5086,265014,,,mixed
pool1yy7vaszhqx7h02rp8ey0p84yy5zv2r2awzddzceeaurrs8klzxt,25,556751,22270,462532,,,mixed
pool15wppycnx4mgq5nmwg4eyzj4pg5wazhyml48wsy0jskunsqq69gh,2,554734,277367,554037,,,mixed
pool1afv4cmmjdkujtd5r9t63090a3frwwqy8f3e46gz003vyzjcj63r,488,553721,1135,113508,,,mixed
pool16utp8esfwwpwf4fzlvtulugtdj9mapt42gdwza962pk8q2f45yt,222,553448,2493,92118,,,mixed
pool1lyvg6ukqpumsr6wz0jvh7xutcgdtcyyde4wkvptzyl8rql4n3c6,40,549939,13748,377219,,,mixed
pool1h0prd5vcdv6uk7hglztdcqfp5czjqxdydxkxkdhg8rrk22mr4ym,49,549162,11207,198681,,,mixed
pool1xj5f7a79lnc9v0gjn00fkf2lyzexngka59tpcew5rrkyqveagpt,184,548665,2982,193170,,,mixed
pool1w2alpqttaulpukcrz0j902kk8wmq68q9qm50c6npaypk7yypy5a,8,544295,68037,500926,,,mixed
pool1lzupr43772kfux007sdt02vlx7uzmfcplrwmxntdztxmwv9myrj,99,538779,5442,253499,,,mixed
pool1ayfjmnrv5vg6tfducvysn360re6qfwuv2rhc4ph6jk33ztuxlhq,246,535727,2178,128483,ONE_PERCENT,independent_mpo,mixed
pool1wz4euuc8r3gfya335gvpxl2nuajkvkjh3d6ylm4w83wcz7lqxc6,58,534884,9222,511039,,,mixed
pool1hx7rpmjen9gx9w3awzp34zw5wr54mdyf2ft03llqz2wdszavuk8,4,533923,133481,423941,,,mixed
pool133p3wvahj3gzh6cv9ac0ka9pgmltrzs6lt269aumqlkpzhkd9re,9,532873,59208,462198,,,mixed
pool1ddheaqwfuxwqe89lyd9wla222uhzvp8zstmvc30mrzy4zc5yevs,16,524819,32801,237167,,,mixed
pool18l6lvx95vl5p88zfh7xjkx073s9gufpz4sa5q43fu7auqunjhg3,11,523574,47598,372867,,,mixed
pool12ndf7w5f4fdn746s5zlay4aexvcsjncnnmjwfp8falascjqav3y,40,521665,13042,229361,,,mixed
pool1ffrre548h22n68ln29xph3qezrag3z8ad0kg8yzu6epds3qr58k,118,520338,4410,142406,OCEAN,independent_mpo,mixed
pool1nzsjg3cuam3uj39qusn44cs2uj7h30lppqsrqsllwxs2c8fx4xs,995,516599,519,30066,,,mixed
pool126f65lklaqw39jgx9wl8klqtx99evewxk0x5yc2jzzp5wfs8fde,31,514633,16601,202489,,,mixed
pool1dcjycc5mvj9svh9ys482078mnqutu48k3zj7uqzswj7m54a7hzr,74,512842,6930,187799,,,mixed
pool1gsrcrjm6ctkquef6m8jsyvplv0j357hupn92uklqdcm7729ytv6,1490,511538,343,26503,,,retail_heavy
pool1u0u2s080a5plun4acn6s70xa3q98ct7skt88l7w6nnwwyl9ecym,91,511262,5618,94329,,,mixed
pool12f2r9xf4wvht030xwjhpjvy5yptr275qr2qcydnx57jkxyfzz2w,28,505676,18060,359673,,,mixed
pool1sks9qwpygf9vmgeuh4n4a3s36k35c3qnz7pd4qqvw5825x62y3y,37,504574,13637,100412,,,mixed
pool10jqlkjfn2rtlc6hp95p8k4h04h3dfmdcgnga6umwp2rpukpg20l,10,504282,50428,447160,,,mixed
pool19zhl50qqzpfvvhdytqg6qx0cthummjyunfyvkfqx9uxrsp7k8ek,53,501949,9471,364998,,,mixed
pool1t50sl2erwfaey5du4e7gnp52fylplh5q4j24zkkxk9t5vsxfcvm,13,499477,38421,487890,,,mixed
pool155x3l57d4xu52t93f9r55cqaysej4pc2dl3jkc9d6w5ckyu6u7n,107,497424,4649,319580,,,mixed
pool17mr554wv653z4ttr3rydt5dsxg6r28ysu5mlz9cc5ax32gsleh9,39,494944,12691,292104,,,mixed
pool1fr8ug253hlv0pt4sxu3w20r03pnpkh2wpedegp55t8nsx28rkma,140,492197,3516,210941,,,mixed
pool1t6xhh2stg5k50sjdzjglp2h0j59vupwv3kur45efvkk7cps5hwq,3,487434,162478,322023,,,mixed
pool1nh9j5qucsddxkzn3m4dm4gxkhwtpya4wm4e0ye2u0puaqgkcm65,182,482107,2649,304791,,,mixed
pool1sfuspqv9gyqn65vwu6e27dp6ju7gmqmgsnasqp6zxp6qqlzlpfe,51,475141,9316,180621,,,mixed
pool1kdfznpenxa9wwcz8tweump45k5h78h8hl4slv78fdypsug9ypc6,45,471110,10469,222984,,,mixed
pool1kjd9ff9u5ytq4atavv2dfsg3pvxqw8d50642pzmpn386zel0ka8,57,470801,8260,101606,,,mixed
pool1dj4l8qma9zzqqzhsawdkvxrs7qyqyv70kn56ywdqqazscvcqvva,70,455869,6512,92063,,,mixed
pool1l8pvaam6f2wj2ank46uywp32wwapqga8e8utve3mgzzuxksc3tq,14,448433,32031,111809,,,mixed
pool18rpw5dwfywfrzjuy7uzn2cetrw9v85aan8a80p3fdvtqcxykkqu,147,446950,3040,73119,,,mixed
pool1h2vtxz36m93e2dw9mn4luh64372t794qsjcpgt3fqpnycc8qh3z,19,445263,23435,186228,,,mixed
pool1w4am4s9w4gkt8r0245km62vtnnv9hhq6j68exzh2pyaxxfaq0gc,141,444839,3155,84500,ONE_PERCENT,independent_mpo,mixed
pool1kcrr7re05pwesye0zh00a4xxnsrw5c29rd82fn4qecdcqu5rue3,78,432365,5543,204294,,,mixed
pool15mv5w2vvfv2kplkrt40ylylyvdudv5axq5nyw6ln3v0gkd2auew,317,432131,1363,51707,,,mixed
pool1us8dkk3y8j00qq5kscxxklyzwt74jgav226s2rtgaqxek7h8vc8,78,431380,5531,248963,,,mixed
pool1d70vllztcsgx3ku8h5vnukzz2a7lpzjxfjmuqqvxtj9kq27hygs,88,430364,4891,282603,,,mixed
pool1qa0t2lecmzmvzn6z7lzc439wvlgz0x04lvnqcdyzv4gywz3qehp,9,429250,47694,213896,,,mixed
pool1dgmuwu0txducah4pes4e2avlcv98wedml33kdz7ujtrrxk8xv9y,20,429043,21452,146006,,,mixed
pool1q7k8mmnvsgthp94hpn8jrnacjewplvywq70eef90fv4nu7gedzp,53,428471,8084,195053,,,mixed
pool13qe6ycacqjg3gpvjewg8734d6hs6rhduuenjtnnkwh327hmtyz5,27,426679,15803,229091,,,mixed
pool1v5g4rmkk0394q6swgfusgzjjzrv9ajy8qntgpuumegka5xhpgam,23,423221,18401,150002,,,mixed
pool1h5jtxde8j86qrnqzj32ugn480u7gw5xw8wqy5d227rl3vfg58qz,94,420506,4473,153741,,,mixed
pool1ferfwtmcjm9rxc00ugtdwrm9m042jf4xjvse6a8u5smxqt0pwnx,74,418851,5660,210532,,,mixed
pool194lhpd5e6a8n8n0zce5hg9f5279pqecd86yl0ytf8nztk2x9unv,52,418334,8045,298292,,,mixed
pool1ywwtv7clgpjs88ysgpcntc6gemlrsy4037eulquswmtlv55cuzx,609,418172,687,51239,,,mixed
pool1xcn2yddehm5ncjx0p24vkguth4rta7zv3getcztflxs3kh9rexd,207,417586,2017,137160,,,mixed
pool15nww4436eq733eypdq7vnllsnqyrwftw434xkvpm2mc2kfue2ux,686,414938,605,23244,,,mixed
pool1lqeg5d3jpwr3nvra568nk28sr8lttyr6cf4yyssdx6qtxea9nmr,27,414321,15345,280764,,,mixed
pool1etgtwnwu4lmtw0dwdtmjvp9fh7wx2fk4e6jt725ysp5f7sjd5vy,5,413439,82688,413439,,,mixed
pool1grz62pdyyakffeymsjxpkz4x9382y3zhfa8zu28tk2fpqxm6p5l,971,412625,425,112969,,,mixed
pool1gyrvar6gwyad7u2rsryeg49dgqtsp99k4903knwj5eq9qmu5jlj,12,412625,34385,100739,,,mixed
pool1hc8y5s28zah72qsnnky93zxqcqcrvav7hz2l3sdj5gk5znztcty,8,410339,51292,154322,,,mixed
pool1mrxg6svcug7mc459ce5zum4qd6p0hkfc08jzpphxfnxzz8yf7ll,91,410108,4507,150941,,,mixed
pool1jzzacpnd5zu5ys29v4qjntf50vvdhn69wt2rpdquweclzayyrkt,3,409839,136613,390353,,,mixed
pool1upx7l0yrsxt4l94t5xfckahj6m7pt5dpmnx6u60sjxmn5p5mezs,71,408589,5755,129715,,,mixed
pool1r8lmsrdure385hz647kl2qjhyyxkdle4au5krjcsqed4x8227k3,383,408340,1066,101513,,,mixed
pool1dts0h87pntgmsffp6mjtnahfht2dz5zjjeeujhzmtn6wgctcuzd,30,406798,13560,290603,,,mixed
pool12u28yewx8ycf6dj77lzpj6vvhjwp6veh6kxpc63h8fqnqqtlwmu,353,404254,1145,108807,,,mixed
pool1z39sker5renxhep9m7z8aae2yh56940gwykptfcf053473mwy8t,47,403173,8578,191888,,,mixed
pool1zga7fc8swn5l4rha04ddq07m2rc8rh9vxqmc56j4k2l2xy4lw22,263,402204,1529,209547,,,mixed
pool1kxtzkv3ylyc48hgjqkwe93q2vkx67vgzag9tvqfalhwsjs43w9u,24,401513,16730,164755,,,mixed
pool1dkt4rqtjs6j6d8snna60s2g002ddcj5h62nee59mvsznk20q300,62,401436,6475,331837,,,mixed
pool109k0t72eh8txza4ptnagnfyqkjnmfe60afmtm4dvj9lz7dy78lh,725,397093,548,20016,,,mixed
pool1yl76e0fhq0kcfy2jqs2mt6hl9xeyrnesehqp0p4s896lwv7hrta,125,390050,3120,101748,ONE_PERCENT,independent_mpo,mixed
pool1wjsshqjpl3n6zlscnfvyy9gxklkav2dvfyprfye6l0kewyvv6yj,43,388414,9033,195002,OCEAN,independent_mpo,mixed
pool1fcgm2ae0j3rmvghwa2064rfxcvugwa2qt89cc4jwtj0ecgh8na8,15,387669,25845,244606,,,mixed
pool17y0uw9jraxxtqk4mhgkhkye2v6jqzn84u8hl68l9xwq3cvm2vqw,31,385046,12421,100155,,,mixed
pool1e8vr85ank99g6fx2r7tjel2mh2jyfppnqy6nmp8vr0arys65n05,159,382356,2405,124392,,,mixed
pool1fd8qnudvhz2hanlccdsfrwdxmmwwfryalrmy6a6y62cgqfx3ujz,14,375299,26807,182817,,,mixed
pool1fu69ry8k9qxfque9hng3lxcq7g30pykg38mtahah8x4mzpgls3k,276,375194,1359,33179,,,mixed
pool1k6knum588fm9fe5tmljeytyx65rv6h5jn8au824t86zt62nyd9e,240,374570,1561,109196,,,mixed
pool1p2ldp00jsl5l9xpg9m77zavhqmw7amtg5nlf0jwudlu2zaq389s,15,373456,24897,371037,,,mixed
pool1e2a7hrepdkn0anf65djlmz8jpycujcg4nmfzs8w2ftvcvlnrw0g,9,372674,41408,340125,EMURGO,ecosystem,mixed
pool1tah22gjtc7ntrdezv49hysegcwpzafea35t6f4hn3wr2y4hz3vz,38,365618,9622,150000,ACL,community_branded_fleet,mixed
pool1qsxhnvr03tg6jj7cl0y74jd63n85fgejm8tlqq7ct7fexfygkye,7,362047,51721,287571,,,mixed
pool1cj8dxjjlyn9xmjavr98ytmvlpd4vwgqp36kq8rl6jjyt6k2adfh,1702,354285,208,101027,,,retail_heavy
pool18zn7wa345uytjgds9hypn3jugnzqtfm4cny7anskkcmgwwxtwca,137,353803,2583,110486,ONE_PERCENT,independent_mpo,mixed
pool19k4azhj8tye5wwy5pfj7q6m938m8fg5nglds5dkhtfwnvcg3s0k,77,352128,4573,172107,,,mixed
pool1hvevy8qu5lwg7ul66xmzvwv8zwdgdradsg9ncvrflm7dvy407e0,68,351260,5166,131414,,,mixed
pool1zeya2r53sxmqh2ux3ssfsrqerergnw2hjxmp63r83ntwverpqwm,31,350006,11291,231338,,,mixed
pool1umflj8hjq873fs9r6aq2zvgs88zrs5xjswn2znkdaehlz2eqy59,15,349255,23284,182652,,,mixed
pool107qfdeg9wlpt9yntg7650kzval6ahl696jr2ca20763ukzr0tzw,6,345405,57568,256174,,,mixed
pool17wsk3ww9asev7kfk9ktfw2cxcq865jq2l796aue66xldwx6cy82,8,340857,42607,334956,CNODE,community_branded_fleet,mixed
pool10xmmn972gyza7nj8q4cyy0vrpn6kqzmdz2ut7ynnc8d0ycxlvw3,16,340670,21292,134524,,,mixed
pool16fa03u6u85ek2q8lryqprngpahglssj5qqh66pfaxf34vgu5rhl,888,339750,383,23186,,,mixed
pool1huyzkfxwnttj7r4530hv7gc5v6mzk75vuzysc75aemu85mae9vd,20,336446,16822,121488,,,mixed
pool177q3zxxyqzp5kffeh5jxssnxk7rwnpkf04628kcsf0cyj6jaklw,48,334875,6977,227219,,,mixed
pool1t8dkgz58qcqlak6nn5l5j4qqwvewwmjx85fxtsykk6w9j2e0ng2,71,334739,4715,174687,,,mixed
pool13wtywenpwvg5snncx5zvxevvry85cp3c9nq0xlxlck9l7qh2spx,9,332042,36894,319376,,,mixed
pool1yemdr25t4g3ev038yn433dt58d8p52nee7kmcykjlhye6hshu9m,57,331734,5820,78693,,,mixed
pool10q33p4hx4wqum6thmglw7z5l2vaay4w6m5cdq8fnurw7vjdppcf,26,331018,12731,293409,,,mixed
pool1trjvzzska2mnd8xjxvjz0kfart6cfsj232kk6ghrlnc7u2xyqx0,2,328039,164020,209332,,,mixed
pool1esd3cqme3zzvvdnsx3p6ywudn6p86mqyz7fpvqpegxv2qzmtes0,40,326982,8175,118658,,,mixed
pool12m0v0myprg2nfvlymzaghvjrzhnlzkh2psn3sur2nhkj5wpkdmh,93,324924,3494,105250,DAPP,multi_brand_fleet,mixed
pool1qhs3cf9ymc2nvmrd2j8cs36cj9jdqgnqk6s9ngyvy2lz5s8rak8,71,318649,4488,185598,,,mixed
pool1sghwg652uwe7ksmk5laxxft58j6km6prahvnddk3s6zgxek5qen,37,317881,8591,78373,,,mixed
pool1haus36sw7cwyg8jdeg882mentse5txac7fmeew8ketuwky6q602,26,317519,12212,310135,BLOCKDAEMON,ivaas,mixed
pool1smfwu5w54mnxea6dg7gwmkk6df8jauuf4h2x0cqew3dk2lgln2t,410,316436,772,58783,,,mixed
pool1qn77pnnf6cf22qjjfd2kadudmdc77rw0uxked3m2arnn2ea2f9v,14,314911,22494,211841,,,mixed
pool1stvux7an3kp2p55na0p7eec2e7l66gqcpuc7yu9cx5242g4j2eh,17,311174,18304,85602,,,mixed
pool17r3u34ywld6sehe9dd5t40ygq7rmc6yfw2k0h0hpllznwlmwsnn,118,304288,2579,150729,,,mixed
pool1zvm45jj5wz6kgfr2xfg75rx0auzxaedu4ulddhnrzk4uwuyuvpn,63,301881,4792,52379,,,mixed
pool16wt6mzvytu9key68efv7cx6zfkqn0d9kzlnt746cyuv0zj3nxh8,8,299763,37470,190470,,,mixed
pool1xdgzul0qespnz56zzrckwf4hcryyql9ypc4tya2dlu9a22h43ag,45,296678,6593,133220,,,mixed
pool18mgmqghey8az6duffc6e9tpzwxsquf00wpkl0jr8gvqxumkg4m0,22,296430,13474,131686,,,mixed
pool1yuq5ck8d6fssa3ju004wn9nap3ll06hd60a6tau4ptj8sqhtgsn,25,294942,11798,114519,,,mixed
pool1ksh2zpeeqe0rpcug63up5l66g3kr5vf58jraeun82rur6m4g6xz,114,294462,2583,125860,,,mixed
pool1eucxv3gn8lk93fpud5d5n5e87nr0j2udvnjnm99q8eqrucmj25d,3,294212,98071,171596,,,mixed
pool1ksfzungz56vxa9sy6hr54v5hf6qx8rmcu6734gqm3qlxucveed6,212,292060,1378,102352,,,mixed
pool1qzz0flh92qkg0mjufaw9j2zk72lmvf5n2kuaslk4f8j4ze362w4,659,290938,441,59052,,,mixed
pool12r08n33avu33ncstukwxyr440mgaazmuclay38v0yt34xytu2dq,66,289609,4388,169936,,,mixed
pool1p693mkpyjphqedgje9sx5k8dzaqsusmw99vh26gd8aszjzkajt4,27,288992,10703,207592,,,mixed
pool143x8nhnr3j9mpzvhayuaen0y8l350guj6yd8mhmhhuupvuah3hh,27,287242,10639,121290,,,mixed
pool13s6u5zjngelr5uddhqygqqf5tcup0g3ajenma6amy9zuu7e97gm,24,286233,11926,213929,,,mixed
pool1sj3gnahsms73uxxu43rgwczdw596en7dtsfcqf6297vzgcedquv,22,285343,12970,108691,,,mixed
pool1qq76dtlr0m9g6xlvngzq550j86cgtslphyjffz3pgpn7wazatdc,93,284306,3057,140968,,,mixed
pool1fdgzsd07tq6t7zd44na0a72kz6gpedp9avny02z7qsx9ywr3le7,1,283766,283766,283766,,,mixed
pool12hhrd4azpps5jxppcqs2pgtylatg7xkhaqmnetgv2988k3t4drf,22,282712,12851,263096,,,mixed
pool1qpuzf5kcxrmuf6qg2nnu9cs7hj2d6ke3fwz58l7rlefcy50caaa,16,280981,17561,169689,,,mixed
pool1gqk5pzqmrc9c6030m5sj2s3560ymm5ymq3hqjmz6vfdmx4mw5gs,46,278280,6050,75803,,,mixed
pool15hx9hze8ulcsw6e7ceelz2pem2g3u9c29wqe4eszkhspj3wcdlx,1181,277827,235,31294,SPIRE,independent_mpo,retail_heavy
pool10c9l3k0z50ytt4krkfet7w3gwpv9d9nq47kk9ecy2c5f2uyvkgk,294,277425,944,206160,,,mixed
pool14hsxa2zfwzvy9ncdjwnx0xkcltjmdydeayxfju7suuuewv0dnke,28,275936,9855,74073,,,mixed
pool1ktkhv4sw2y68d4xgfg9sjw829kejnvnh5zajq6g7jycry6cd7h5,89,274783,3087,114668,,,mixed
pool1yet04d4ykpp7me8uc2jx2glxrx88kt9uhmv6jeh7xkmtu5zucna,220,273925,1245,50233,AUTOSTAKE,independent_mpo,mixed
pool158ag8p06qm4apd750ekep6een9cdldqsq434ll2mp0ykgunmguy,22,268089,12186,231740,,,mixed
pool1lllmq2jgcqrag5c77lpc5m34fsqn63leadyx9tzx842n66ly3ql,58,266655,4597,121395,ONE_PERCENT,independent_mpo,mixed
pool1gqf605yxhmyfasdjhf8yxcesztgzuek9gfuvy2dnyj5cyp8zga3,63,266409,4229,91379,,,mixed
pool1ut39vczq4h03vpzfcn7ssxa04qzkyj8nxu4nq4rfv0nsxz39c5y,15,266010,17734,63945,,,mixed
pool1keasvddt9vndl8jyhg204s6kqusv5zgzg3kk3l3g949ew402ahe,70,262894,3756,186133,,,mixed
pool1w2duw0lk7lxjpfqjguxvtp0znhaqf8l2yvzcfd72l8fuk0h77gy,38,258015,6790,136877,,,mixed
pool1qdjx5xeeu6288ftmhmdr0c6mazkua7m07cydmr78ymfhz7jj7g4,133,256041,1925,50953,ONE_PERCENT,independent_mpo,mixed
pool1zm5nqvrdwmslk682d9qemd9fn8htg2rxlprxjuh0ae5l6sqzz3h,5,254672,50934,153615,,,mixed
pool16cy45uggzv3ah3s5m960v9vuxlx47sfnezpszuhcwl99z7nq8kq,312,254081,814,154691,,,mixed
pool1hlu9mdmcf0m9mqkq7apxsyalhd2nr07rqyhh8mgra3wzkva2d3p,6,251811,41968,215344,,,mixed
pool137cuaqqktk0rhh3a9zj4rchr75qm07pgzgekprle5qyq2xk2nzq,16,249191,15574,96010,,,mixed
pool1nw42xqnaplxsx3fq4ytl4x4qqvhs7g5uymnm906pfvx5636fglw,35,248772,7108,81600,,,mixed
pool1quj6cp7w4tarq7hrcdsjxlgcmnunm2xvnpvmj20l9nplue6rjxx,80,243656,3046,109464,,,mixed
pool1wxpzjtfr79pdfs6m6vg6xmcqjh79ff9d6sgzfdpvs2q26swahew,7,242078,34583,139889,,,mixed
pool1n5kljtvdhg29vrhr6uefqk76dpepzfwuvsw8zd0z5yqfuqj7x8a,7,237649,33950,211833,,,mixed
pool1svszcjg5xaxt5mq7ue2llm26ndt74dslvev04g6kwdmvyf0t657,35,236554,6759,104185,,,mixed
pool154sjkrwdu80wp6mnjvkwk55aj53l4v37z4zwulfak74vcxg60x0,66,235984,3576,85340,,,mixed
pool1lr9vvcf5r5jgkgv5ly7z2lh068ymzg4xmqk5f8pu2k23vt25x7a,84,230827,2748,114592,,,mixed
pool1wdzyy2lwc8rd5y9vxwkyxpv62dsa270jepjgy9fa3zpqgeuszun,5,230572,46114,222510,,,mixed
pool10ldeq0mccp8t4gfmvfkwmfcvh2pvz44hj2hmewfpk9udjxug58y,14,229033,16359,149742,,,mixed
pool1pdqcefsvu9mqxfalj5dywcfyymtpqpjqhlnxl99ds62pxv5ungm,10,228455,22845,113836,,,mixed
pool1qm06f4n2hwgeqzm9lsc3rdyqcsvtt2d7z76carwxjv0e274mu24,15,227074,15138,126424,ECO,community_branded_fleet,mixed
pool1lxhlu48gq0606mj6k20mh56zz804zf7narxvmty4pd3mgee65e5,6,225624,37604,181754,,,mixed
pool1d42r0zln3kvvc54w4945735gnrm635as8hj8zy38tjprw2l49rd,134,225190,1681,29280,,,mixed
pool1ah9fqr5pwdtjtw82nkkcskak4vtc2xjz70mkyselzvalgzd3jlt,5,225015,45003,201028,,,mixed
pool1yrqqa03ea5fdh5hnap99k4actjtj6ypeeauuwrvf8d3zw9ywvye,28,224704,8025,105785,,,mixed
pool1dqzprrl8305mlysnh85znqpe22lg0q2d9zest7jjhugajuf46kv,73,223967,3068,62652,COINBASE_BISON,cex,mixed
pool1ddghnthymd3duklvx5pfunymqg29xe4vlmy89u2efyjdktn33kz,32,222618,6957,87618,,,mixed
pool1ey0gxeyesszrsshc6zjlzamr7z0f2d29e3ut0ppg4j4gxduyn5r,131,221668,1692,179580,,,mixed
pool1njs7jzx60aht6ws459434lsx37gfmqahwr0uu4y00dd3wwnggym,25,220644,8826,71336,,,mixed
pool15xgej4c7ns20y5pt7dc5vq6yj87ss5sl2ffucmh5j766j90ppur,101,220443,2183,92186,ONE_PERCENT,independent_mpo,mixed
pool107attaqquuq5ne2ch0hx0qcnlkzzr2683s4gml4ywnqvgj6pak9,8,218828,27354,166314,JOY,multi_brand_fleet,mixed
pool1442wwr8zzdpcu8uwnglackzr3u5ggrmfxsjja0s7aef66hk2fuc,54,216506,4009,89416,,,mixed
pool1we9umarzn0l6jp8mcm98y28lxuuzcurzpjldnjwtgdhgw068mnr,70,216198,3089,70637,,,mixed
pool1wewygdzelh9m4m0kj8u70pmr957lxkzl8km4mttsrdd7wht00vu,20,215019,10751,102496,,,mixed
pool12pk63q22re4up2dg86tyjwthuauqu0ryq3jlxs9v29zk68cpugl,60,212807,3547,72043,,,mixed
pool1zt2d9aa8ck62uyy985yny47hr0f6cmf2hnxzke0up0lc7zcp65f,73,212451,2910,110085,,,mixed
pool1692dxqqcsavymwz28w44t2jhyjnakvj4l3gwz2dqrarmc2k6dkh,213,209742,985,88366,,,mixed
pool19n5ml38q5uedy8kgwwwtlsa3p9tmfcef0lfjp42k7j9d5mpgs2m,622,209459,337,35321,,,mixed
pool1qcw5gq4zsxupu33q4g7d4hqw87tmlzclqut3c9wexczpwfmqfal,32,207990,6500,50102,,,mixed
pool1ct59zfxfvtv74k3mmukq5faq7kc48wuxrstyxtd02pxluwf6mkh,168,207918,1238,103003,,,mixed
pool1kterawv22xya864tqjy9pq2ftmuptlggywtqt3p7adexg7qyl6u,35,207263,5922,129872,,,mixed
pool1l4synes9s3swlf5r5rsfpede3582r4km2wd94xctceyaudv9zx3,99,206886,2090,30072,,,mixed
pool194usk2h8vcq6yw89xs5asrvw22g08kcfy72xyfrnnkg6qrhtlfw,143,202846,1419,46231,AUTOSTAKE,independent_mpo,mixed
pool19xyfanyp28j6j07dxgwdjp0wur6seqmyyu64qgzstzl7s47pvpj,162,201830,1246,48142,,,mixed
pool1svv9st22dywp9exwsltt7cdc4v2dyrf4zls00jesv2lzvpz45jh,154,200772,1304,23242,,,mixed
pool1wll3vr4v605eap9hpjfpda5cjegqfkjt8hrz3kkxpnffqejhav3,154,200607,1303,101920,,,mixed
pool1f297l6rl99h5v56x48j4pgza70ya3lm37yzu0njpcnsljqdd4dl,28,200563,7163,133727,,,mixed
pool1re8cmjt895tpx8dx2veg0cew5yqtxnt82sll03e433a4ugnh9w7,108,200138,1853,120172,,,mixed
pool1zmtm8yef7725p9n7x433m50kvv9xpzjujnny9m5t960g5qm30ua,62,199280,3214,74205,ONE_PERCENT,independent_mpo,mixed
pool1u53apdhreh9fjmxtrctx3kezhjduc4m2f7cfd09yd7p6jkc6k2z,15,197903,13194,65528,,,mixed
pool1ee3fptp2m7z8a32yeg9cwq4kvehh5xeyv2547u2rqz85qqxaxnc,6,196489,32748,72615,,,mixed
pool1u3d2q48xqdge5kejkctwehlcz40vwm65rc0jed974zc6vfd4clc,8,195280,24410,168948,,,mixed
pool13q9w8c2namcec725euu7pfjnzz2fj9h5k2wjtafysnwnqdcrwg7,8,194795,24349,52839,,,mixed
pool1nwddjgvjrke3e2gu6m0a7y04alhgcx4egec6dd9gahr5sz0p5u9,33,194563,5896,64314,,,mixed
pool1luyjjta9jja0nvh4wzqt4jvtesrlt893dj4c7x533dvfq9zshvp,8,191003,23875,168334,ROCKX,ivaas,mixed
pool1th6xh9uks6rywerld5aya0gc3yswwrx3yus9zvehyqaky5c6utd,24,190286,7929,118065,,,mixed
pool1w0s8vf9qse980vulgszvusw3800d6dlc7wkusr0aqvzlz75qgqg,31,189886,6125,67223,,,mixed
pool1wdrg5vtv3nrh0mqmfua5qmj5p3zchzay2cz80jwfxxwrx7gp402,9,188268,20919,149110,,,mixed
pool18r2y72aue5nmv489xtnfxl36vzusq95qst6urd87yd5hgzms04c,171,186797,1092,40121,,,mixed
pool1a44j6jas4sjhh3qc96r8rmhsdjxjuntuzxr3440jzwjjcysl9ca,707,184939,262,29917,,,mixed
pool162343gl83jtrskacz2cex7szf4yd5t77f5nd0e65fg78ztppuj9,177,184274,1041,39676,,,mixed
pool17am8pt0vu7zp8du7edlnz7x9sq4pln22rsn802gkr062vtp6fdp,27,182855,6772,54729,,,mixed
pool1wyu23ahrnql8hc0y5jx00y2evnmw05d2rxnyqlgqq4lxs93q7ue,11,181687,16517,178984,,,mixed
pool1q6lzp5x6tqg04chsxakupgq6x829nsx2dk5w8h043fnajm8d3uj,64,180485,2820,40270,,,mixed
pool1hkumvckq9l79akgge54ugnxa4n86s63j6jvhmvx5g7cgz7nc6cs,13,179196,13784,20383,,,mixed
pool1d0vm9y545l3y2g9pamx45k4e498nllhd8wy4289vw8mt70am2r8,67,178194,2660,42915,,,mixed
pool1ha4z9zne9z7he43qf0tzv9pdq8cdj63xfrj8s246u89lkcwmq7w,111,177703,1601,30070,,,mixed
pool1q5sspejl875flc0z6wh9y9zxkgqnk0y3aaw8jc0pkxs6cpavm4q,43,175533,4082,60862,ONYX,community_branded_fleet,mixed
pool1nyh6jcznks8wvlek7r7rlvg9hfchfqqyvup39ugkmr6kghrl0as,34,174503,5132,97801,,,mixed
pool1rg8yt3kqrzdch8edul6fm7n6achgvfyg8n6zhrpx5a83scz83ys,15,174492,11633,173265,,,mixed
pool1p8ap6v2k60kkav3hqcchwltxhuwpfw2qtj8txcw4scp76hdvgmc,14,172857,12347,48840,,,mixed
pool1tqywsutw3wtgcvzrljdacgwmv5kfzm8f0ladml5frkckccd72gg,3,172770,57590,159453,,,mixed
pool1z2m3n779dyqjat2m8a5vl94nrl43xm2tlk8dtey6txggx0a6fyp,889,170296,192,26148,,,mixed
pool1zdl39pvapcaj5um8nyduaq2vmn64dqwz4qlhnzurnca8zetk74s,11,170037,15458,86302,,,mixed
pool1n5ytegzw3enscfw4t8wsjytrz228agvm9c3xaarce7pgjzftdtx,26,168986,6499,113330,,,mixed
pool1en2f7un7v3rjyhqkeg87d27nvsk5arnnva5tzx38t0lpv7hercz,39,168773,4328,56413,,,mixed
pool1vqq5mg8ccqemjr5ukfa48a767dqjsa7nas8xnpf7huvcz7amlv9,15,166747,11116,101050,BINANCE,cex,mixed
pool1777xvdg0vydjp78cdcfrmpuqj28w3nuasf7h9a2f6cd4z990777,43,166200,3865,78018,,,mixed
pool1h40xjqda9wmw9cff5jss3ww9npujkhlvg6xjy9l5ujsu5rqlw28,49,166016,3388,92082,,,mixed
pool1am69d5jfzgjepwhseryw59j0lspn0c0307shw3v2cvfq77gvnrh,3,165334,55111,126821,,,mixed
pool1fk7lk6x7j6jkxuvl0het8nmunra4g7370mw29f286dv9ylegutq,41,164845,4021,72251,,,mixed
pool1tnymyv08dl3k9wyfz040vq626542ztm60wwyu7szwl5l6x9h3vl,50,163983,3280,26430,,,mixed
pool1meljzszklf23y97ka5sjqwasnel50xe5ar68gz70slm0jmt2wxs,159,163682,1029,101709,,,mixed
pool1jm8s3r3xq4kpawavy096rqle964exle3lxwnpvx62wjnwadwd5l,57,162771,2856,100664,,,mixed
pool1jp67hct7n86tdkr7qxrfh3q0xl973rl6986aawxkrqz6wq4ymc9,85,161414,1899,37537,,,mixed
pool16l9ph0cm42qk4h8wqlka3fw7ws7rvnj5n59xzy8ky4l8gnudugk,18,160683,8927,112327,,,mixed
pool1wrjg8fts9cus0eq8jyf5wqsfe64e8tvrquxgff3tyze4qal4hwq,15,159890,10659,90931,,,mixed
pool1epqdygzumryx7w9kk5l76gfjsvzuesmeh3u3tfjmmdsw65ja7k3,492,158818,323,55148,,,mixed
pool1qxpjz94fpwdwnltngf036yjkh63nrl55xkshug56aukqqwn6gsn,41,156499,3817,51233,KILN,ivaas,mixed
pool1pv4hhvy8dkvllr706q0lpyu9py6lcf6zddl4wlynwx3cglxajmg,23,154328,6710,58366,,,mixed
pool1fl0gdfcmzg4jf3hw839epdteuazm23nff44vddap00r0sm5gvvk,26,154255,5933,44083,,,mixed
pool1sx4e8rvx2xdxgkww2fpjtmvrnaftfrtfge29xcn72hh7kch5snf,35,153769,4393,99517,,,mixed
pool12kdg7dmdfh0t9hmy43pvl38ftu5dvppyn86wgkc4jq8557xkyz7,27,153211,5674,48883,,,mixed
pool1jpezycd8q3l6a255dv8wt7vpt4aay8llqakdn7vkum5swes4hu3,149,151546,1017,37519,,,mixed
pool1axeed9wqmyvm8ttgdkpazx5dr0e6ezhucnzarpua0zpdg8ycqwl,5,150991,30198,100497,,,mixed
pool16erldmmx5nvrwncujtp6lxs9tmvgxcpthd600pe6axm5z3p6522,3,150580,50193,150565,RAY,protocol_project,mixed
pool104ylwjrxvrp87r7769d6g6agu0ydxsn6hgmqjdsrf47e6j2ek46,7,149347,21335,67034,,,mixed
pool1a9xyvnnfjnujzy0n2mpf4rztdwrssraw5p5f06mqlgn4s06z0nw,13,147819,11371,98756,,,mixed
pool12d3th585ga2w593eu5zqnkahsnlczjpqxemjc0qhku7awnhvn8a,10,146098,14610,124065,,,mixed
pool1r6dzsz6ju52hgelstefrrel4y8fsyt8ck9qgfvvmamgns4vh7w4,9,145665,16185,128412,,,mixed
pool1ch3k0e07dhqwum847sa02cyecrp000a6egdx89fz5rza230jhlp,63,145546,2310,20251,,,mixed
pool1u60gvu8qr69z4vx9wuqelxfhcuvjuxuvxyj9edf8rkmns0405ny,7,145471,20782,135554,BINANCE,cex,mixed
pool1fsck5keruz5n4qyes46s9rvrnxcrn8hukemgxazzlxpp6g66fzh,7,144259,20608,144159,BINANCE,cex,mixed
pool18c2qgn5fv5vfhsvqjvn20j943qjaegs0dylgpsmmwz2lx03n76k,50,143448,2869,64343,,,mixed
pool1456lrrp0a3gsgkmyx0rm8wkdmdku75tfdlu9xvpffvxmqmjkwee,18,143402,7967,82374,,,mixed
pool1ls80gx9sen3qc7s6c7u2ajw6hk8faqanljugcg5tfukp6qscetv,279,142366,510,67311,,,mixed
pool1t93hrmha847r5gqazttyg29c9fxfv778w3kc5vf4q7vu5g4ec0r,13,141219,10863,86147,,,mixed
pool18vyjg6jlyt2jywae7ndzv0f7xkrsexxgyhunxrlgm3zaku0327k,2,140793,70397,140719,BINANCE,cex,mixed
pool1my7sevxtc4dfvj626q0ujqqukntfa2v0uuydq6wd8x8hvml03rn,167,139686,836,52276,,,mixed
pool1n2j7zmw69gf3weqp3wae234p3lykjks49c84mleqgmnmg4jht3y,38,139178,3663,50104,,,mixed
pool1c0p84nykx0m4yqs9pkvlgagh3nlnrn77d5zed9kv9ktljh2cjcy,222,137892,621,33003,,,mixed
pool1fn8mfqp4jt6097ygqrze5rjzg3y5s8fktxszqgs9mg22jvr42dx,132,137641,1043,54144,,,mixed
pool177ukluyy3tq6mphkp7kfpe6ku48rs8x48le7y23quee0xqmal06,7,136190,19456,101928,BINANCE,cex,mixed
pool18qzks8vdf0yu0u5ccf8aaj35q6zfutdcfgrssuvdjmgtyykr922,98,135804,1386,48873,,,mixed
pool14n6nrj7rdrcxhwlzx5kytt60pqwnzjm97nuczrpa0ucwzyx2ule,4,135461,33865,131922,,,mixed
pool1psr42v6rvv3raeqsg9ru2zy5dp4cchlde8hw9xthrpstx5wz7wk,194,135235,697,31126,,,mixed
pool1wccveh5l4gvns7egngqdd4qk27w0kxqc68jjrnnkgjxz6zwt7ws,18,130728,7263,111015,,,mixed
pool1yff3j4xqhmunrccjsdh0u9qxrws7xdqhagjx5lqktklwj67u5s3,33,130679,3960,47458,,,mixed
pool1zxklu387uqpzpteqfk48enkuwyjvq0qawc2wvrdym540zk0yqps,5,130380,26076,123348,BINANCE,cex,mixed
pool134d4ndkh0q43mykqh922k0khrrkm7rlpkj834ju6kwja6dmu2f6,10,130330,13033,101924,BINANCE,cex,mixed
pool1ap4k28jflxcyekms0rjp39ruuydrvwrek2ca267w8mwyvknpx87,4,128053,32013,124498,,,mixed
pool1hv3yae6keeeu2y7eusejx4swd2myfkurldt7lasn2qu4xk20j8m,110,127621,1160,33294,,,mixed
pool13zdrhek6m4n947grhrm0772zt09lrm2vzkffsla25e7yq6xqjkg,40,127455,3186,50501,,,mixed
pool10ljdn3zwsh7vjkxf6t250423l5qy487x83st7m8a53jxznrkw5g,65,127063,1955,23719,,,mixed
pool1sru6yhj5q0zvfyyuappgrvssxzjumjsd3ekyeslhvwmv6hmmxzn,114,126432,1109,22867,,,mixed
pool18lc5x7fma0zsdwl56fa9rw97ayzc4kdue37sncrtdz2e7xfa8y6,2,126315,63158,126313,,,mixed
pool1ftfgs9lp0l4l07glvemrzu86pqvxrvzsn85lc3hathlq5ddsw49,6,125252,20875,88650,RAID,independent_mpo,mixed
pool10pvwz69qz468m79ysw8qjcav5z830sv4zmeprru2n4anyuxwj9l,6,124124,20687,124123,BINANCE,cex,mixed
pool1yz3fnqnsqhqpkc2tjqn4dkws8nnr8a5kcs50g780nh0wk8tgnp2,97,123774,1276,20702,,,mixed
pool1m3wam7j8xjahp5mq03rfkcfcy45kevzfyekmdy74x8ghgpm5cdz,12,122680,10223,39868,,,mixed
pool1y0lq6rjckxxly36gf3wdsxzjzg97mq9c90una3vfq8pu77g7zkf,255,122183,479,11220,,,mixed
pool1rhq7qyw4y2s80gstyevm6rhz2lsdsrcstawunxx5eld8csvuvlu,98,121740,1242,43925,,,mixed
pool1nss40t2xhh7ntgp8ca73u2xd8kzyn3dgtf9jfh0y57kxul9zt82,19,120243,6329,80028,,,mixed
pool1p00qq8zftf8m2ll0r9d24fx6tq7yzxzy5teltpswl7zew5m7nqp,60,119995,2000,84914,,,mixed
pool1glll6eskvg5f4jcep5trqcgqa8zpekfv8d8a6jrprvcwum6u5jn,7,118601,16943,101693,,,mixed
pool1u32s3ry3vjhqwhcrqz7p5u35cvzrx4tvdwydgvq6qm8720qrg0s,6,118424,19737,117773,,,mixed
pool143nv3macakarny2hvg67gg00q5j2kdg6yfvcmefqmea3vnj0nex,11,118058,10733,79868,,,mixed
pool1qqqq02jxq3q9j93devp9pts90ctm8w3r0rgek97ngujpjgpw46j,12,117524,9794,112071,,,mixed
pool1ghfmak7eu4t6f7ep8jkspt586l828z54xnxfw732yxlngtny0uh,11,116891,10626,56175,,,mixed
pool1sxj5qufj25ssfk83jjxp4tw2py7vfceta63p2u8ymugtga9us8t,25,115905,4636,109215,,,mixed
pool1twu4rn366744tqq9g66ruy3rete6842z7nnm4vy0q5jaqd48867,85,115845,1363,28670,,,mixed
pool1dsqxx4ehzudlaygj5p75eptkdz3kzwcck9qrft4aq02a5vf8agf,2,115592,57796,115591,,,mixed
pool12g6gfm5c4q7rzwwxdmh0xdxk07tyvujp6d9tke2m46k7q7cz7p0,10,114244,11424,108363,,,mixed
pool1qqqqvmpm9v2l0tkwx4dpzth3g85lapxjug2j6sucnphyqlt4fuu,31,113404,3658,58924,,,mixed
pool1wntxmftndrsj7y4aqles8knl3nfuyj22l83jun02yyx9s962gm3,17,113317,6666,73803,,,mixed
pool1qa2h3hha0m5he0429ym7tqvsn89nsddvn7wgkx3v8g6hsstdzc0,26,113308,4358,107097,,,mixed
pool1avrc505uzld32hjr78pxra8jtmxvwaxdttxq2zxsjearwsy0quc,7,112751,16107,112477,,,mixed
pool1f3qeehc4htjqpwv248kf5lfaumd0e84jtze379ev3ywa2w69aam,313,112407,359,13249,,,mixed
pool1s79cqtwk5s24lcske704ckx7k2pagn8hc95rxvy3xfda6r62pg9,217,112382,518,17164,,,mixed
pool10qrz84cvz95zg8saf43ruhs5ulczuuqm2d3jn6d8xkkkzgzfje7,11,112075,10189,88772,,,mixed
pool1263z8symvqmmsg876y2lzluv29am2v9fpzka9sf3nrhz7uwlzap,56,112047,2001,20023,,,mixed
pool1h9jr0f9evk3raxlljq6mt4gj7ej4v82afvnlc2wh28rwy2d8lsy,19,111191,5852,106400,,,mixed
pool1hcg8sa642l0xeygkzvpgn3sfj5s2yeuzpws7a0gypyy7grrjcje,77,110581,1436,29141,HRMS,community_branded_fleet,mixed
pool14rs7ky0p867k0fe9mk3uug9c6w0mwlz3sllh7rpwxcqacr70s8t,2,110503,55252,110498,,,mixed
pool136903m0kag2amlga2ypcz8wnf7d552qgy5t6vz2pqlzuq2kyshy,60,109855,1831,23479,,,mixed
pool1cdkv8070twtzhpeznc42wql8fre2edkc48watnuf2pmqcp93qjy,7,109411,15630,50007,,,mixed
pool1e96dkrs5msjuycwz4mf0kq6fytlz0x48mnrur5ggufqkzs2a4kp,8,108988,13624,102025,BINANCE,cex,mixed
pool1l6hkustv67tynh66w46mys94wsxhwddgp28k3r5twwlsv80uw0k,23,108638,4723,50926,,,mixed
pool1t0jheek3yftf0a9dgzgr2hc2wttwrcjyd5whdrek4ggcc5famre,90,108426,1205,30507,,,mixed
pool1al783um2muyhrpcj779y46z0qtnd0nteu0y5jt7252nl26dt0h0,29,107272,3699,23316,,,mixed
pool1udt98825znk9uslz4v05gh5cd3s5e4g0cd9c4gzhcfpd2j2xm2u,36,106814,2967,44567,,,mixed
pool14f58kf59ec7ymk7mm5w07advfgs6a2guur3g5zyf45uvyvl80t4,23,105931,4606,72835,EVERSTAKE,ivaas,mixed
pool1r76pjed6q8k9y8lngcedqhv52zqzc2gczwzqc93x6kwq73xprtr,5,104842,20968,51914,,,mixed
pool1jv9pf6w2fmjqpaekyt74tjkmjxhma8wsqs8ur3dte45tqdxe3t0,5,104291,20858,101164,,,mixed
pool1grhujlggx90ln0jcnrey4adckysxdx6rqfmx9s6fnhtc2g0qym0,435,104121,239,17153,,,mixed
pool1tnl3yxmj8848vq6meduhz9n5520a7dwsh05r5gfyvlatj87k3jl,36,102661,2852,42506,,,mixed
pool13p725l7vqedxvkrstaq7myguewcktjglapwls3re7wakxdv90fw,4,101933,25483,101931,FIMI,multi_brand_fleet,mixed
pool18q92uyx3973u3qt64nxf8p7us58gwkytrn0c3ed2a99s5uc9usc,7,101747,14535,101675,ITC,multi_brand_fleet,mixed
pool1wlzug8x3xu6dy60pdj6mrkcpvc0fa0cjje6fzxegl4f8ua97dvw,13,101624,7817,100460,,,mixed
pool1h0jfkyfqt729vxhq8ndxffcqn2afjhzzlwqecrvsufgu5sag0sj,7,101531,14504,64523,RAID,independent_mpo,mixed
pool10gtnlhevam52ynwuzua7dqgv7vje4q87q25dzzfrjgw3wwjk2xw,7,101501,14500,99676,,,mixed
pool1e9tp0emvvg9sc4ds9h4nhwk8qpn6869qwnas2qywu9ep2reaaxe,59,101430,1719,37261,,,mixed
pool1f5zye57nw6nsrczkkzkpd8avayar7j48zjw5pu2e5k38ssm2yhd,11,101353,9214,100254,,,mixed
pool1qrp4nzmalqdgc96avaqjha9zp6mkahtzler6tvuupzlvvw786qn,5,101351,20270,59362,,,mixed
pool1phgu0sftpeantu8smmve8w2pa0n4jhhxekrls8h8mnyuvm8m5t8,12,101112,8426,54916,,,mixed
pool1mkw6psku0jvaw60uqleul9jxlmyt2xet3urjrgu6735ryxtga60,12,100565,8380,72030,,,mixed
pool1y4yyg9zq2000akup68w68r0m42td2h2h5cz282ua4u985nzszkv,4,100080,25020,100042,,,mixed
pool19at4pzt6ghethuls7ehr0v5x65cg7mj0zun79eenefa074yfcz8,30,100007,3334,40721,,,mixed
pool1k65vmd0uyy0k5eylunwakd99m9j0n2hfynkxzd9472276m32p50,5,99692,19938,99447,,,mixed
pool1hxdcr4u22lytge79hr5hds39e90jsdmhafphdgnn4hlqvl4qlt7,8,97946,12243,86885,,,mixed
pool1arx4x8ecnxu46xrpfj88hwm25j9gcy8080szvf62a0avke556v5,77,97819,1270,14114,,,mixed
pool1k5a5e3ylva34qpmwdywv7fn75wt3gzv423e9uw2vmw5rqjc2q7t,4,97322,24330,88374,,,mixed
pool1wm89xjqp96t3mlun3pa5suxa3t4s5lluq239en0nxl7pcm5tprc,94,97095,1033,63062,,,mixed
pool1tdh56dcqs0sjeq4ehfdamlnzvxkrr5zgsysnhlkphzdzwmw4nvw,73,96681,1324,36968,,,mixed
pool13ew2l5glvzj6l8r0qkjqchxjyg7tzmv604zh4y68kvhf5x5skgu,15,95012,6334,84803,,,mixed
pool1jkxwcqkaaacvd77rf9lrj3qsgvtktqh7cglu3awsy34h5eava4d,7,92864,13266,61453,,,mixed
pool1tf73xqv234ye2crduemjpreuu4efrdfmpna3l9dwqy2uycvee9y,8,92074,11509,59043,,,mixed
pool1cuhcw4dhj577rzz847q5swfvrnthj2vn62hry6ljzp6g6v3ag77,166,92027,554,42312,,,mixed
pool1v8gvy6tjp8x8wg5h4jw20p9up04lxgw0l0lgery9mz4h7h9x25n,52,91759,1765,47535,,,mixed
pool1mltwh4elef39dkuuz058lgfuvx79c5wcnz3szau3arhsyq22ace,5,90732,18146,90655,,,mixed
pool1vfayajkdc0gw876lax5va6ygpfpsd8kz73k4y977emm3clnxlm5,41,90034,2196,15085,,,mixed
pool1d63tmq02tgtk7yd6g62p9h44w4xqdgz9y8jkmcrztfmmqga540m,10,89711,8971,30060,,,mixed
pool16x5fslqfvgmsyra4vmpvuzq7p5fzeln240envdwfm2jps0j3rw2,51,89085,1747,25680,,,mixed
pool1sqpksswmxpgk6yxllyq9ad4qhtnt5qyz2pv5xmz6kkt5ujrgqwf,19,89074,4688,44403,,,mixed
pool1hr4t5a052rh773vml9pra5planumw2tjn9cg6nsrzq64jdz907s,8,88849,11106,67056,,,mixed
pool18xykgvvvxej2e5ap04ks72d8fdke4qsqeh30satznyrtj88634d,57,88261,1548,16788,,,mixed
pool1rtnk3j8jv0wl0qz2j8xq4h5yeh0uvw3xj738fgl6wc4scxenkgz,10,88126,8813,51686,,,mixed
pool1yfacynd0va3rw27tjldfz05f6hfjhfv36wwdhn3dy2hfqq00w8y,26,88035,3386,61453,,,mixed
pool1k2yfr7tapqzfgdn7vq2u44225rtqxctelr6dp0xjqggrwnx9hnw,51,85640,1679,24193,,,mixed
pool1lm89trd8cl36k8njlhgsemavry2jymnhddpvtk7fk7r7g4e3fep,11,85193,7745,28174,BINANCE,cex,mixed
pool1t4zp4wlastva63rqk99k7578e2h3znqdk2arhzuegz6kgj0duc8,7,83285,11898,50317,,,mixed
pool1azwa3mcez0mr7520jznl0kamr3wdun5ygzscwtjulhdy5s58vvu,5,82777,16555,70041,,,mixed
pool1r80l6hsdftyfvqftjak0r6llnszdtnh2x7rvtllawzj7x3afq2k,4,82154,20538,73468,,,mixed
pool15a04yc72q4tfkwaweu86l0764urswee8c3zxperyrdq4kx8nvua,39,82086,2105,50015,ONE_PERCENT,independent_mpo,mixed
pool15dp6dchtfwml32ls8xuzu4u3xx6kjekc3kvn0enexefxj90hw3c,12,81754,6813,28421,,,mixed
pool1x0necz9ktlnah9505f3fkdncrlepz0q2gyfp4r7pjxnq53qw5kx,19,81727,4301,42559,,,mixed
pool12ame5t8hdltyl30npznvhn23kxnvthk82j9p7dr4uew3y92uqes,95,81647,859,36481,,,mixed
pool15676jwlm6gancffzs2jg9vf5xwzmspyktw75dl4kaucyst4qt8q,23,81411,3540,43721,,,mixed
pool1e6rjpsl42hsc52zc9s2awhv2df50yzw43xtc7d0vranpc9ej8uj,30,81262,2709,25423,RAY,protocol_project,mixed
pool1vl0hlf4jecm3rk0vcc9mtpu5us2cv7hzlz396cgs8crc5df43mn,14,79720,5694,70276,,,mixed
pool1v3rzrj25ak30dhuyrupkxeddttetxzh4cz9ccpjlfxuh6d85d58,44,79339,1803,32406,,,mixed
pool1cn0ku4zvg266h3rznm7kzsytg3smeu9wma785g25yr89xdgw3kj,32,75628,2363,13982,,,mixed
pool1fwh9zp2hw7ppkna86n7m7ycgz66dnkdhhyqqahhv362agxj2u7g,75,75165,1002,48193,,,mixed
pool14pm8aq4eu6ms4r5egy6j4g0ny76cpqgy40qgyxa8c4f02kj98wg,24,75059,3127,68319,,,mixed
pool1c45udwv2kdjcth5fvnhlklsz2tutw8spl9tcwnfw7m8cxl8eanm,2,74597,37299,73449,,,mixed
pool1hfzfx33ffjcma9xautgrg4ka0u32s062mmu8gw6fmf2zxftmp66,47,74442,1584,41203,,,mixed
pool17fge0jukcp0vqwu0chh3jh4g0emt4rat8vxucrx5n8s5qz6fegp,15,73980,4932,25576,,,mixed
pool1e3y7u0rtq2zskc7ansvtrd4p3vtv9hglyztzcvsvlk22w9t40v0,36,73978,2055,31352,,,mixed
pool1892ry20mvu6tvrmuua5gdmk7unw30w7tf8scpllpyq8w2sdwvc7,43,73877,1718,20013,,,mixed
pool1rk28hp58ptwapha9nc944ast32gln8a7hx6eue0gzuj7sndzrhk,8,73694,9212,28260,,,mixed
pool1lpw2wnj2vrc75fv7f4jnfzgkqvlrxlampz5nmduwve47xgnckns,11,72853,6623,42849,BINANCE,cex,mixed
pool12fzerww0hmk0fyvaujz5t2kg6hl4n8daz85rqy5jk8qk58r59y6,89,72298,812,10937,ZETIC,community_branded_fleet,mixed
pool1qadgwr92pgx0yz3u9n63f0s9ugryaud6wxers850z6sfu06y3rg,162,72231,446,13487,,,mixed
pool1eg6k5zz4ndk6a3sa3z7ug97y84ghj0zljs26zkhthzzkw3p82ew,6,70692,11782,69504,,,mixed
pool1r7tn56lj5j7te7zyj3wvqn0wyw8tr3g96chw6lwnqxjmgggrfd8,31,70539,2275,57974,,,mixed
pool14cautfm2e8jxv79tv59grnryjxs8f2wewz66wup695xgu7wjnvr,54,69422,1286,29565,,,mixed
pool15wk0wjrau5pv6rp6w34g3mjxqejkfj3yak0xa9m63upcxx63myh,8,68739,8592,53054,,,mixed
pool1xvfzclnwf0jyc9ekqmamshha9dmw8mpzd9ykgxjjpxnuwdv6mzk,43,68428,1591,67497,,,mixed
pool1sghd7rmq0ktp6xd8yp84m00530hhqxx94lsnswmajt2xxrzpyjk,11,68383,6217,64641,,,mixed
pool1s7eglqwzl84xgvpr4pptylcgqhkjr4xk8d6y3k22plu3sagms25,78,68364,876,54333,,,mixed
pool1687dfgyljnhamx05h6r04zdllv68exatshhd0jny4q56skc0926,4,68356,17089,64995,,,mixed
pool1ast5kjj9zer9sp02f5w44nyqsc54589l2glyp5fhsg3awqs5axk,12,67680,5640,54986,,,mixed
pool1n0tqrkw62zmr20h9jz5ev2ph428ym49wt2z0mq4vlylf5u0sv7y,15,67397,4493,25091,,,mixed
pool13xh3tgwzhr3hn25v5m2dnvqnfcmnzghcfah5t7kzufkywuy7w7v,175,66805,382,21289,,,mixed
pool1g79uyzvt9mm3z7jdcxnp36n4egm4z6l8c6n9l2mk8ae2yf5zman,425,66046,155,13506,,,mixed
pool14ujg8l2x6fm5jm07jd6jftktt35dzsnefl2jmx9d8vr4cxxkt5d,119,65752,553,16995,,,mixed
pool139ffqrvyqu9sgsekk3pu9t7jxx872w655vses7d4q4sxxyd257a,224,64783,289,11849,,,mixed
pool1qlpjsz5j5vqs59cnu09j90agycj2xvrp45sv0v6euujj60up6dw,17,64422,3790,25694,,,mixed
pool16nnl8ymck6c20x86lfd5p9q3yp9w749cam26y985459ww6kjtz8,6,64402,10734,50106,,,mixed
pool1e0jyj79d3ady680wajgcd4vgndqjdlf65777pz5939ehseqaem3,4,63907,15977,63896,,,mixed
pool1jqnywskl2n92fx65thtew8zlj3vqfrqxz7zyj70tt7d3qmn0m9t,8,63503,7938,28995,BINANCE,cex,mixed
pool1tkexntwvhg0fqs2xnm7xg6ljqzjkpk0pl4nxxe3nf48ux8nucqy,117,63045,539,19780,,,mixed
pool17p8a9e5ljeucdvmsl62a667y7lwwx9xzwzjulwu7df2q7854mh4,260,62487,240,36474,,,mixed
pool1kdhhrsl8av6gzr7vrf5q06pwlrsr8646wkjkg0h550tw6vxf8mv,12,61572,5131,32866,,,mixed
pool10x7rsal3ldumkycuc7f7rslx3vc5axhz5jzwngfcg7hd6t2p7sc,9,61563,6840,30793,BINANCE,cex,mixed
pool1qlxxw3zlgx0kgv2cel0n6z3a6yjs0w8grwtp5xwna8fm2g5tsda,10,60895,6089,55842,,,mixed
pool14f0uj8vghxzs09p3rzvhlur0dnfwylxc67whaz087srtjjrcjgd,14,60797,4343,36349,,,mixed
pool12vv4c6z7yf8j4m2amzej4j8tn2d4dxklqk5nqztz7wl02gratjp,131,60580,462,19887,BMTXS_GITHUB_IO,community_branded_fleet,mixed
pool1mzry5s8pkfy42ul2xevaq7dk6qae8247hqd8serm3ms06glvny0,18,60425,3357,50622,,,mixed
pool1udr30lxsqa799lyl9haxf0wzg8qsz3xaf2gtpqf4n2s064jrvsj,29,59713,2059,27222,,,mixed
pool1yzd344e32exxzjnjet4l466zcfnte5rnzveywvztxdxug2yu7m4,5,59345,11869,52703,,,mixed
pool18xmqj9h97tx245mzkz0fqlvas5zse0fzh9xmn9p6z77aj5jegsx,11,58775,5343,30227,BINANCE,cex,mixed
pool1taadtauxnhqql7s58fztlmnsxg0680mdaz25yry42q4m5s47z8n,11,58611,5328,41657,,,mixed
pool12xxugucen5pql0ay70uakgqjaxpwfj6c9py8euyu4q3p23s0fyg,16,58547,3659,29159,BINANCE,cex,mixed
pool1ll5mu4rgne203spelzdgrse0v7yk9rfzkp243rtt60rgu8mh3q8,5,58518,11704,47609,,,mixed
pool1p4a0vuantvzu9ysk3w430vgxjjfa95g0uz2sw8e4tltjg4jhkwz,10,57845,5785,57241,,,mixed
pool179mnckg6xz4w5x6k9056yl7r2ej8fd8uu68fc2vlsmulg7lzwhy,10,57436,5744,52957,,,mixed
pool19clgr0yxjs8pqmlsmfzu6hg5muy5ws2rze5hlesg0v7tvyhcgxh,18,57013,3167,27824,,,mixed
pool1xdcg6kg0g4y3wqf92f8uh44urz06suglhff036k5yak2g0m8zlc,42,56978,1357,32335,,,mixed
pool18e0uhtm4pspfrnktwguypytjfgwz6dw6zzn3gulpdjfx7qd0439,12,56865,4739,48265,,,mixed
pool16c989ahn582z53azjfmregygfuc9k44u3q97wqgyn0zxuzp3dn4,8,56747,7093,33332,BINANCE,cex,mixed
pool1u2d3guvld9rk0586lyhk2n8kvkzmem7czwdltgem0mgczqd3ygu,13,56403,4339,55995,,,mixed
pool14hp04q89xy58gh9jjvfra5x8lfzd7jes3jljwcjrh0rcjqkss7y,4,55893,13973,52703,,,mixed
pool1uautzneywzapn03te7q3sd737xdfejgjlu4mdfjz7mweq92dugg,133,55873,420,19110,BMTXS_GITHUB_IO,community_branded_fleet,mixed
pool1vy9qerf9fenp893mqrdm58uj45w3etutv4n0vdh8669uvqenkqr,20,55858,2793,27199,,,mixed
pool17g46wmt95mmn78pkcr2mgdd5n9q8glpg2j034udccrg974mtndm,12,54563,4547,13148,,,mixed
pool1vjjrjt5ez7d7yh385vdxl83mxyg36as785cp5l50d6wsjqdavax,23,52806,2296,27592,,,mixed
pool1796kveuwxrquwhwnne5g99er50q6alcaf7yjf3kd6xr5vemfaqc,9,52377,5820,48598,,,mixed
pool1p8a3jea0k5w749jf0jtr7qeer8xth9r0zr8ktmp75heqx0ewyz7,1,51498,51498,51498,,,mixed
pool15lp37f7da0guj662jcxy0eyc49s5gxudcd93j8qz4nfcvuhrsf9,99,51169,517,39369,,,mixed
pool1fagx52jnyh3dz0d722c2fedjvstc3mmwt4a2mlkgvszvqgkvt2g,2,50862,25431,50768,,,mixed
pool1dwthjmzrkm5q42yqa3x50jaye6pg57n7t569c44an6hzsg8qake,220,50589,230,12457,,,mixed
pool1fxlf6mqxeuptm7ztwdpp2zdwm7tsfcy3fweu7euyf6aduuh6u42,23,50333,2188,29553,,,mixed
pool1pzkgztz8y8tgd9tpfu7umep97x7m0c5ck0dpn2vqtf202fyhfv5,41,49997,1219,27786,,,mixed
pool1533ly347ggl6je42ta7l7dv262hg07n8p4y8v32npgvajl6rxqz,6,49315,8219,24396,,,mixed
pool16sm29hg3qrk5lyp74qcljt38l86v5zvg95395h9gqrn6qe97d9z,14,49201,3514,42876,,,mixed
pool1w0jjajfvur53nxrlc4nnm73087lm39qfumeq8r449jwvz3wdx05,20,49094,2455,17725,,,mixed
pool1rpfj2y4vddj8azwu9977a63s2cjl374pep98l6dhuqh5u9jctj0,12,48987,4082,28993,BINANCE,cex,mixed
pool1j4nkshfytq8tww99ttfwvrmv8n7yq2tvuw0xlphelzzw6vfghwq,7,48931,6990,27337,,,mixed
pool1d0ze7l6t8gjng564zsfyd7uw7snenpsjh9dacawdpr9g27djq8f,57,48894,858,36292,,,mixed
pool1jc24u7v5xsaw9dw6s0vftjat8ssc8ru4c0uhrj8zpm3usnrp03t,12,48083,4007,28422,,,mixed
pool1lk0hu3njxgra3emgfa73268el89qzytecff0fzz982avvjsw3l6,23,47551,2067,19462,,,mixed
pool17wph2uu643wykezxmm3ef3a8shg3hwyq2z0sgpu6r9sc7um83d9,4,47335,11834,45046,,,mixed
pool1u2j98kgj8uj7zr7g3deuezfv7hzv3ercnetxd5c9ppjh23x20qg,5,46809,9362,22153,,,mixed
pool1d4387s7mszjkeg5w0xppzxdtzsj7aahfqdgeef24emyh70mccmw,1,46097,46097,46097,,,mixed
pool1zpkqlcpu5gyk0s5e9263y5n7vzmkgrtpca0u4xpxan02w8ld0nr,208,45498,219,7956,,,mixed
pool197rexraxmzk5mv36h2yfy8p4lwxzlqyenjk50r0q8dchz4gp26j,30,44600,1487,11288,,,mixed
pool12p0qtp89dfzr6spqq4xl6ha2s9m8lqydnvfafyd0h38fy0hfv3f,9,44530,4948,43000,,,mixed
pool1v8q93vtkf4vqqqus6ts772w8dr9h5tz99lnylfj40x3p7cutxx4,7,43937,6277,15522,,,mixed
pool1wvhd4nf6mar2x0zaek2te6lqkrckk9mxtjctezy878a3zprru7s,19,43906,2311,30682,,,mixed
pool1xznpgmkfkf4f5wzks85z778v2s94vhmjxc60m8tphvypj6jp2w2,8,43681,5460,32015,,,mixed
pool19sydze39a8dccylczqe2m4nnslpreytxlj5fu400nqxkg8wvgx8,8,43203,5400,35904,BINANCE,cex,mixed
pool1mnhywmx87p5dlsk86szshumnn5pljdnacr0e8zsq2v32ckh5wyf,43,43015,1000,37600,,,mixed
pool15uuf0sz5w0kp50wmflxml8ffnz880402nvj54e40e7l8x06y5e6,32,42865,1340,24125,,,mixed
pool19qa8uctj5ql4e2uwslpruak6655h02l8fkmwjlanq8qnqyap357,2,42229,21114,41485,,,mixed
pool1cd7u9yenr0vkzh9kj7nhhy28ye289muhcdgnhyvz7r3z7jwcxl9,6,41227,6871,25426,,,mixed
pool10nwac5phcc4vkjvux5mw6gvdzlxurkd944e5yx9yyfa8sqs35t7,120,41180,343,12605,,,mixed
pool1u84yq2lvnay4p9kh4vx7nqfe6efzfehe5mvkw3hf4a89uhmpqgt,3,40993,13664,30477,,,mixed
pool1t9ckjy949dk97prfs6any8xdjyq9du6prnplx06n4fcn5jgukhc,4,40460,10115,20306,,,mixed
pool1et8qw5ejgl5qqq8v4gdfset78gjcphh88cc2xajykggau8vps0j,125,40350,323,19808,,,mixed
pool1qgsylc6kjv29zva4w783fuyf9xxhj78ktgjlxjvppest5ya9pek,4,39876,9969,36898,,,mixed
pool1k53pf4wzn263c08e3wr3gttndfecm9f4uzekgctcx947vt7fh2p,33,39663,1202,19799,,,mixed
pool14hk8kx2c8ukxcq7z3tqdedly9599f9sfhy5lfd3mp98txkdeevk,3,39180,13060,26857,,,mixed
pool13wzpwavanfpkr4r4j30plrlc6dn6p822lkt22zdllmy7q8y7s90,81,39136,483,13343,,,mixed
pool1wsar9vtmyghy3htc7gz0gwq70ap0v7wrq9hq83qwx5auvzfm6fg,2,38893,19446,38893,,,mixed
pool19dn4vmk5ayatdjshpnyvxy6w4fef0zfl585sfpls6l2wvn0xxjn,4,38761,9690,38099,,,mixed
pool1gdyn4dggh5c9yn5cjve3dlljjkpwzdt2g4au8aszgwd6y97wde8,9,38679,4298,20852,,,mixed
pool18cx6qhjeynrsd7pvcrv7e3y65ksyzguaep2427zumc8t2qzxvsk,209,38627,185,4002,,,mixed
pool1vd3rfulk3x3k6mafusvrtnzysx9qkcgcks9an2alcpm55msk63g,2,38412,19206,33998,RAID,independent_mpo,mixed
pool1aj697twgk5kt7c6kjtkpwejqqhljvf3hzsmsamswzy42v24cw5h,4,37933,9483,22004,,,mixed
pool1c0t0xzlpu7nhprxhnlepnapek47waww3m54ek6gaufnpjrl5j0m,3,37852,12617,37756,,,mixed
pool1qz9qfxcxsc46vpgrrj868scmttjp3y9xaehyn6knknegcsphq6u,5,37835,7567,19109,KTO,community_branded_fleet,mixed
pool1dwlkpwakps05gelgwdml2d44al2xfsv8k9jgrkwsevlxxpcelqa,5,37125,7425,26781,,,mixed
pool14dz6syalxmtlykaudkk50t9xtve0ne2rvtsgqmyvfeg5cxx68n4,5,36903,7381,35898,,,mixed
pool1cj2uh0ylps28czcjslnz85v2zyf8mld0w5tuqp3amxk4jjwfkgd,41,36762,897,31279,,,mixed
pool1qel9h28zarup4g5dx95smeggfruq26k47lc8e6wmdzaaywyj63r,4,36732,9183,33806,RAID,independent_mpo,mixed
pool1ec5lvdyd9dghpezzeqfzn48yvw34ff6u6m9tlh08kjjaxx4nxmk,4,36375,9094,33739,RAID,independent_mpo,mixed
pool19yf67fkanhu30qqdcug4gwfy7gpzy8jhq56llg5ua3g3kufg3s5,1,35490,35490,35490,,,mixed
pool1skykl3rncme7qzwy0t55wk258h4e4s9dyacrm3hnsya3u3k5vkw,18,35319,1962,21851,,,mixed
pool17ajuw0arwq8klfe4xy8tcqj4yetp8kerl4amzn5dsnne20wlnsa,339,35285,104,4297,,,mixed
pool1cl3fhy6me0nf5jnxahk997r0529aumt967kw4yml5vraq94mdk4,6,35249,5875,33501,RAID,independent_mpo,mixed
pool1v6mdg9xm9a80js00zx53c6nagcw5m0m970nm4my4pkrlyxq707e,40,35048,876,30533,,,mixed
pool1vz9txqmdhxwegpy7uzrsap84z309veehqv3uh4s60qwxk0u7h06,9,34806,3867,30638,FIMI,multi_brand_fleet,mixed
pool15wfu7td5r4k27erk5q5wt06x59skxxyqj206tdnfmfmk7pd3rp3,16,34697,2169,23119,,,mixed
pool1r9qyjstrc050njg8lm7wxy5874mgu322vyljntdsm5qgxvjcewv,202,34670,172,9172,,,mixed
pool1ps39v4j035ejzrga2qt56cfhjuwx38wved8rd0mujtyh6r5mt3c,4,33808,8452,32174,RAID,independent_mpo,mixed
pool1vhz87537anw4u0ruqsyuftyh7zxnrxptr4nnv0m6mjgeu8kp83z,1,33740,33740,33740,CHUCK_BUX,opaque,mixed
pool1lr02c9krwmtzr29e9h2w5e7crr9elss7qfflkr42j0ke6de4vh7,4,33506,8377,20010,,,mixed
pool1ekyuhd48h9nnymqpx0c00taz6ygnsge4502r7e67clp7zy9cegv,52,33464,644,21211,,,mixed
pool18te4aqp0umd6xunyps0mlg9tzk4dcjh30wgntqu8kf2n7k3y88f,4,33101,8275,30865,,,mixed
pool1ct4ag0j73mxzy4325zwwxhgswemlgmepdnqxj6f7edz4zmlfeve,9,32917,3657,17800,,,mixed
pool12e8xz54gjtcz6dzkhua9uq9dp23cqcmf6xc4929t4ep4ketccsm,35,32790,937,12620,,,mixed
pool1xzsckz6hd64pnle2c88e3gccccyfs7w6eauxuffpcc5sx2mtekx,13,32319,2486,9174,,,mixed
pool1484zq40k4xg69t55z4fqz78zz6j3t9pvlw4jd635w692xhfzkka,3,31812,10604,30472,,,mixed
pool1mwv76cr0znehqxe23xk4ylhr0j6gwsjxf2cvwjxm0ewdgcjzw3e,4,31628,7907,29114,,,mixed
pool1llfrhf0htc528jcmp9dr2tzsjnt93y2gkjfjn5znjh9a79avwv7,26,31243,1202,10031,,,mixed
pool1ehfmxk64lnl90rmy66zt7nfjlsvzhqkxlzsml348z4ptss529mw,2,31237,15618,30857,,,mixed
pool1wu4f8u7apml5nke7mjcvj2fvn0apfychx2957lf9gcuzxa07w6g,7,31020,4431,11462,,,mixed
pool127jufnlxk4n6he84qjf8ppzmxs9sjnqlhulnuzsk0uc0whtl9sn,29,30803,1062,12454,,,mixed
pool1k3wpsc8q8za2qeptx5kv73r76hs5gvp59gga6ad6u5hnj3scy3q,19,30646,1613,20001,,,mixed
pool1lakvp73yzpuueyrhzr3sfyy0796gm53g95kapgnmsvv4k6apr5r,2,30508,15254,25002,,,mixed
pool19m98gdj84d4kxem5h6ch8fvj92pvauhg0y4ktmzr3mln6c45yly,10,30421,3042,26231,,,mixed
pool1t6tyc9menh5uax38j89jgdyj0maz6e4mgx90n7xkcl7mu8fzqxu,8,30150,3769,28675,BINANCE,cex,mixed
pool1pu49urd00qf9zzeghrks03tvszzvrdzecw649ag5dwd07snx69n,10,29836,2984,10363,,,mixed
pool1jh5p5627hzqxdzjutfenz83qs7p2qtha4kvst3hs0829sdc0ksm,4,29499,7375,27957,,,mixed
pool1qarmuvc39q7ygl2affsuly2hs39mukcag9tunsnu8xudwv8mf00,6,28893,4816,25190,,,mixed
pool1frxut5ury0r2clgpvr0dewlsvc233ft7g6v7vx8msepy5068evn,3,28883,9628,15063,,,mixed
pool173qemdqfjnkrjzykmc0j4nqmxuuhvvv42pawt4xka3k2vwmd4mr,8,28756,3594,10244,,,mixed
pool1em9u4sf0lzkz4ammtcmakymunpf0l7445ayh3e7fpvryw640fc6,4,28735,7184,26329,,,mixed
pool1g6rm3p7695z7xfhp629hcsj09njun2fnsz03pjrshw8rgs7pluc,16,28438,1777,10277,,,mixed
pool15jh849vks9mctm28xe6kgz682vnlu0pzawvftl7ltjtvwpwp59s,2,28213,14107,23097,,,mixed
pool1673d663ml4p0mtreukyfx5jt7ekk9pajsyyv6utzlakzj0y9v0w,10,28189,2819,23066,,,mixed
pool1c8enfyd0rt39p4wr9h840y3d2xtqylxq5rsu3ku8gld45swgtne,3,28156,9385,14371,,,mixed
pool1fy5aaf5gz2646dghhm8u899mj6hyznn428sqhdx3tmqmsdy6rcz,39,28067,720,10402,,,mixed
pool1cyha5jsy6g06w699tw4awy2jw7gxj0azm38yzetr7zls7rkl0t0,10,27420,2742,9251,,,mixed
pool1yenqraf3znn07qmvtd8wg23fymsr0vsme7ry2475r48vk6ss0z2,23,27317,1188,17971,,,mixed
pool17k2dpgvx8spkdhgf5j7x5u7pqjpvlwa76sugwen8l3xtk7kq3c4,8,27221,3403,17862,,,mixed
pool1akt37u42nfegyf3atv6c3c64da7dwa9grt9kjxa8zwj9qr4y8u2,24,26835,1118,23585,,,mixed
pool1xt2nyju82ea3pz33e5sqwgjx05ks623tkmuw8jvlca3kzmz9mud,7,26498,3785,24378,,,mixed
pool18e545ehldchd8qr8qx7q7m5dljzaky2twxrynx2z29ru2mt6pv4,13,26457,2035,11776,BLOCKDAEMON,ivaas,mixed
pool122gklgk6gep3dm5grag0kavzzxcwk4kxxrqegfygghjpgch6pns,3,26416,8805,26062,,,mixed
pool14kd9lt3gsdhv48j9w4vgcufw0txdvz932xwh9dapkpv2c0j4ytd,11,26046,2368,17733,,,mixed
pool1ygmlrra5qn95zw6afntvzxpdpzz67vtqjr4dmslerua2c092a6j,7,25987,3712,13106,,,mixed
pool1wp9p6rlpratng7rhrvyz6mcjqsl04laxxvvuu06umc5vghacqa4,10,25985,2599,22928,BINANCE,cex,mixed
pool1zy0mg8thm4au4cqaz5gz4ah9ms6894e2vqkl9a6l2uq4vas3yam,10,25844,2584,15726,,,mixed
pool15l4plz3r2lm5x48lz78ph7qh8w89zd7ewrg62gvwv7u7kw6tmns,1,25539,25539,25539,,,mixed
pool15zvek3jke3z2uml5xeztl6wt56zuye5ne9caadz8mjn9ykyuu8n,7,25427,3632,23564,,,mixed
pool1v99msed3jqh4fd2qyzdn0t2qfmh3mv2cnfweatl85mdhz6l0ewc,21,25261,1203,8362,,,mixed
pool14mfq8s3gspe8sdka6cgkm6jzgd644dvw2av5kqa8w4havs9e57u,3,25261,8420,25261,,,mixed
pool15krrlqfd3uc8nea2tw8z3wl2v0fny4enhu3q892988zv7dhv0vk,10,25197,2520,12244,,,mixed
pool1yvwry5gmqta5tug7gjmfr33c2whdjf88tfykqckaxsdcgcd482q,6,25135,4189,19800,NKR,community_branded_fleet,mixed
pool128sj7hpet8874ycvxml85wlv9eyd8pehjhnj3clcvhrr5g5s9qj,3,25021,8340,13457,,,mixed
pool1rrzlme4g2r49x7tcesdkuk5wqv5ks2dkq3ptapgnclgvkcxy9sc,3,25013,8338,20930,,,mixed
pool1wp7vqk4mkx0w0wxzpy8avhft4qwcg60xldwem2uh9n4pw777fhz,13,24984,1922,20040,,,mixed
pool1g7axcymry0dz86usn9np76gm2tankhh478k2x3uc7v0pugcv2xp,4,24925,6231,22995,,,mixed
pool1h92eaq3wksa7j3ecd8llyxva9kuyuz5ucm7a8hpwz8vhzj0wtsf,3,24784,8261,24784,,,mixed
pool1scnq7w9rxgt2c4lax0y0ch0el2t9pjcyffhhzs2dfgt75u2zcq4,2,24778,12389,24760,,,mixed
pool1av640ert5ktadalakrc5lkgrf988tu0t0j58d9hptd06u57qlms,54,24707,458,10600,,,mixed
pool1wn5cmtuzkgqfnh6htjplu7uleq5qxk4thc6wtm2fjrgmspqutaj,74,24706,334,8557,,,mixed
pool1g50v6e6e0dpmt35lllufjnpqmdklsm3nrshzw4z4advqqjxfcpx,52,24576,473,6079,,,mixed
pool1wggqaqs4pw2l4vml0k0p2kmvpq7pme3fl6smwc8cjjhvvuun9ww,40,24469,612,14811,,,mixed
pool1c38rf777lz0lweuz856xtetz2p2tfq04xfles089839tclt4dp3,13,24315,1870,10514,,,mixed
pool1pjc7paja05sa5uzukgkc0wn6hfwmx37a50akys5hrhx3j96vf2j,6,24259,4043,10597,,,mixed
pool1kccqxg032r6dcqqpvmv87azttcug5ug6cur9pa7qkuwc5ze4pxa,24,23527,980,11123,,,mixed
pool1qcu4r9rw853pyvfznfeujfzxlku4xtvp8cas6c2y79hvuy22vl4,14,23277,1663,20098,KTO,community_branded_fleet,mixed
pool10jd7mphm0mmrnfvyytzs3tfrmjmtkvalfx8nql7tae06v0rkjk3,20,23098,1155,13057,,,mixed
pool1jq7083uth03spzhg5ag6gfgg24ux6fjuhng8vj2wdz8jkukqvcl,6,22654,3776,21688,,,mixed
pool18pnja3z8vfkw3sj578xetj3ujhyp2vmljezjg5es290awqmzq7g,4,22570,5643,15643,,,mixed
pool1j3t6mhgndeuzqkpcj6csyxfhsr2fkgwknk6e4tjeeqhnc52fjc9,3,22449,7483,22250,,,mixed
pool1tdtzmmmak0tkte2j2hr223dfnqpdy85ypd66tddwywpeuknn2pn,66,22067,334,5678,,,mixed
pool1wwjj0tcr6w9nvk0jpvnrqq9p7ukn7wux0h669wcw25t0zmx3zfh,3,21928,7309,9673,,,mixed
pool1vp5fev56urx924nyxj5qjvzcsh76e47c4lc8xruh0rdlv0n2kvt,24,21867,911,10033,IOG,ecosystem,mixed
pool1t74ckqauwmn9ef5ye0h7c5wsgfd36zx24ue9wvj4vj95cl54aff,24,21445,894,12717,,,mixed
pool1u3p6z3r2g5s7mazc0wmx8v0cyjjasusght53zm4kj436vs3u2th,12,21250,1771,11168,,,mixed
pool13vc4ekwpky5vtnl8pyj60phkmwtv7gsthn4g525udt7mjycs85v,14,21199,1514,12961,,,mixed
pool1m9h0ndgxlgxa63wsszv7a6l4x8lur35wktlnrycme6t852xrq76,4,20826,5206,20803,,,mixed
pool18cr7st8wvagllpgq23y70ncnejux2dmxrsdc45hyalk67e63jg6,7,20809,2973,18601,,,mixed
pool1t6stu46gth7awdlrdmxmjhgrk9rjhez9qfnlhkhfvf0fj4q3h2a,7,20736,2962,20720,,,mixed
pool1ucmm6rgdta0sw4qrcj3vml4wsr8pld495pptuypxg2uuvvlqest,8,20559,2570,8955,,,mixed
pool1whzghlghkuqn8qf3ehpm3a4rugv0xxmgzau43zqer2awy2rngef,11,20370,1852,20338,,,mixed
pool1zd728035u3406eff69h9a8gj8tg927qe62xwvg4leghwvs5hhmv,3,20251,6750,20045,,,mixed
pool1gplusrfxc087ep94rata3m02qpyqa6a6g4wezxf4fwwnczzyg3l,12,19916,1660,16294,,,mixed
pool17yme8t7ehfy6wamdtxyg6srz2vlk73q5vucp6jhtf4yuuuelc5z,2,19883,9941,11317,,,mixed
pool14lr9ef5a22ng5xcu2rhpkkc86u5fp24r5gnj6hvnjxmsv8t8rtj,82,19663,240,9283,,,mixed
pool1cjjtz6enkc76yytlf2zd86ngdu60e705vq7wq940ncu6506s6n2,10,19640,1964,18032,,,mixed
pool1pwfdasxs7ht7878g99fnw86g7u77hqjvv4qgvr9jx6reznfrllj,5,19354,3871,18735,,,mixed
pool193eeqrm9vfx5y7d7u7766zskcr0ss0pnypy8sn30mlar29s49zv,16,19335,1208,12336,,,mixed
pool1043kkcc2uwmdf76wg6jy80tkgwztzprep2rakyypmwc4637c2xe,5,18781,3756,17118,BINANCE,cex,mixed
pool1sydxpvsdhkn3rnk7d923fkwxhn9nwwdwcgmuqyh2q5nyunl0mgd,4,18284,4571,17508,,,mixed
pool1ww3v7euue6vkzstk2gm5r2s9jsnj9zgtvvscfcmhwfxlzpfgap2,4,18084,4521,14491,,,mixed
pool17j4er5hpzkzyzpqzc98hxc7srvt5pvuye9q86mcrxluhjjj2aaj,10,17993,1799,12825,,,mixed
pool1ydz2znwyh3409v55r3psgc70w2ykvqjkkagx3f5ep96vgp0vlmr,6,17854,2976,10746,,,mixed
pool130hx49xrg3cjtdqnqegmn03z8fgu6juenyctws0feh6ekdy0fam,12,17781,1482,14485,,,mixed
pool1jmw0strgchxurvgamymrexjn2lypxslexaz0q7la3078vnple57,5,17087,3417,11351,,,mixed
pool1plgh3y74vhkj7l0wpxtnwtp22czfq004a69y40fptfg4kntvypm,10,16653,1665,10851,,,mixed
pool1lptznmldt230m0ugku9ygx0jucm74y7sgmac4mu5x2x9jznr84r,9,16638,1849,8056,,,mixed
pool1zgzyp6nt5084e8renptskpyaksd79uvl4hrfvnszpxyfzdt86k8,16,16428,1027,12194,,,mixed
pool1qd6mlgr6u0yp2ddxn7gd5jr6pcflu5md3sff4xyu2ngeu503jkd,8,16318,2040,15004,,,mixed
pool14nzt6708j4jgu5f5ajxgp0pdfp42jqraum585dy2r7vt5zulyd8,12,16222,1352,9999,,,mixed
pool1hjszxsd493fmr99g2d8evnqlrlurscu00n8jv9mz8qm42f7jvln,3,16188,5396,14182,,,mixed
pool1y0mz6yevqk34gk4tml37a62h69tg59sfz6vslzv4sf5fvsjhvpw,9,16094,1788,13355,,,mixed
pool1fpkjz7j77m5ukhjx5xvspfttrs0578kyxa9hgn0458hk55wp784,6,16048,2675,12598,,,mixed
pool1fftlhn68f3lejs2u39pcd5q33zgwnlumrp20dr6cqqkxwyuft2r,23,16036,697,6396,,,mixed
pool16ypn6g8sm5um7mkxyhdu7j9eq9zl35wywq5n9x8g0aujc060qzp,6,15812,2635,14021,,,mixed
pool12qrgswlflndwp3met59zmuclqp4wryn4e9428gm7n8vwymnhvng,7,15586,2227,10404,,,mixed
pool1d04sakv5um2c8yrp3lm9ncncupgl7f7zw0lz2yuz3jrzsxvf42n,35,15473,442,13152,,,mixed
pool1mhrvkx5vfv7ygd55wsknycz2a8d6gd6y8m8rgdnqwa7jcy34g05,4,15244,3811,15244,,,mixed
pool1dwvtdk76v5vg99d8h2a28h5f94hy2zwcxnj576g6w90ezapqjyn,5,15213,3043,9314,,,mixed
pool1q3xdrewrldt06rpjx6pzguzm847ujxnmajxrsr7dsthscz4htlv,11,15139,1376,11779,,,mixed
pool1d85unpsumsxmq4kfvy0prju3n983vp3ajuavmt2r5tyzw2jtpcw,5,15138,3028,9910,,,mixed
pool1k8w7ylxa542hwymnwmuumpnudz7j9ae582wqecxv9n24zu8fptq,106,15112,143,3702,,,mixed
pool1qcdw8uk5d9ehldhccy926u886qhr07xa354yrkamdde0qku53nx,15,15090,1006,9257,,,mixed
pool12a4mx8ztxg7dwatm6lmfm36q7eyygkt3y3h29tklvcp6vyxp0nt,18,14785,821,6227,,,mixed
pool1zyjvzvvkppsepsv4d75t2lmxt5p3cpn73pw7jk9gstxh78aa9ah,5,14680,2936,7662,,,mixed
pool13u45a953lme8y835e5upndqp50r887dha7gt26v6hcaeup4aavx,3,14614,4871,12885,,,mixed
pool1k26f25u5uqvhxuj20x3p72kx5gx4lc658f55kr328y5xzh0x4et,2,14578,7289,14074,,,mixed
pool15wwz2tj30xjerxstwjezhlp8nqqu8jyvxp0h6dj4kzdq6cgv3gv,33,14437,437,4042,,,mixed
pool1k3mtxd2duy4848gx8knvlsas7w77f3k2cplwk6hjul72646fjte,2,14420,7210,13418,,,mixed
pool1knwd92dnngrypyvj3egguuxtl8g8elxarlvaqsyjewvh7sjla2g,4,14145,3536,14010,,,mixed
pool177xu75tv2wqnz2cg879yekswm3wqqvwfgzhulkglrfksslsyj9r,5,13933,2787,6758,,,mixed
pool1g7757qwvwzpqn35xfxqmhmw3nz8xe8rcptuqqwkv3cfzk38gedd,5,13839,2768,12069,,,mixed
pool1jf32ru0d9mcre5pp7yundjdfcz8qlhmw4f5cftgh8vkqy8scj09,35,13645,390,5992,,,mixed
pool1d2cl6yayuxp0wv0v7dtvu0s52vglg0x4z2lz27d6x4ewj72nk2a,40,13575,339,8639,CRDNS,multi_brand_fleet,mixed
pool1dde9jvej6nr4yqfnnlx5ydn036zv7yr098y4p2qs7cvn2l3kuj8,6,13548,2258,7094,,,mixed
pool1q8sll5g69z98q6mmu5teg7zn4fnlsqjyq898e6cxmec0cj9lk6r,5,13408,2682,12314,,,mixed
pool189elcklfyhaczaasjdyrrxmhaeepg6avn9gxjte78ntny5fqdl7,11,13268,1206,5023,,,mixed
pool1j5ukjmhn96jslmcd6k3ymj3vnjf3wpjn9sarhk7m7vtkv7ll2w3,98,13261,135,1920,,,mixed
pool1qlkr6qu4mm38x77ldp2vnxn0gatgq4ernvvdw4pxze2tuyw5pfh,3,13156,4385,12649,,,mixed
pool1mc4h5pk0juqfd5lj08d09d9tfeyd86v7se4kq2jyu9j0jy8ey4y,12,13052,1088,12635,,,mixed
pool1ztpwatlnzskuruwe7hxwvu6xjsv6l24835pyvpx7lslccy3xx9a,5,12905,2581,12648,,,mixed
pool124lm97s6f4satl7xz0ulzgg6tv30tskry3zcntwrz68n60v5yne,52,12845,247,1786,,,mixed
pool1ft4z335t0eclqwlxdktam5wphf47swfpzgxe4fslnjz5y70hq2p,5,12825,2565,5287,,,mixed
pool1570nv2jeglcq92gg0qmkyl5dwg92mj4374j4c7eagx47kdm0r4l,78,12752,163,11080,COINBASE_BISON,cex,mixed
pool173ul998qx9wnukxsz4hs47fv3slu7zcympa7gkv4m9qp5fheyex,13,12736,980,11608,,,mixed
pool14gw9d5yhxf5t6k68tqvpa95hragu78yuyr7lm9gz9d9dx2yz9s4,25,12697,508,3729,,,mixed
pool15jkpn2jewgensrnulsm0kqtj58nauvgng0qvy2ux47jdwncsw9s,9,12665,1407,7068,,,mixed
pool1wvezktuplgsgwxvccvaw6vyq3l8v3ecupe56apngyjuaw4jxg9u,8,12626,1578,8492,,,mixed
pool1chxnn5gurqm83728aafjm7thv8yla9tz85yejtstqsc658mrpm7,9,12621,1402,11744,,,mixed
pool1yv4s4v3rjgzfwj4zxm8sy24e2vq6zaexp8eudyrk9rx7yhwaxke,7,12457,1780,10539,,,mixed
pool1g5k0fks847av9zdayg05htnj8wx0ah7jmnwwqlt63rjdzyjr93n,8,12451,1556,9631,,,mixed
pool1lg4y9djpazcpaag230mawgx4w43vmld7xcd7rq35lpjvkn333nj,5,12421,2484,10351,,,mixed
pool1vut3caulpx8eukzwy8xd5fyhst0w7x2frdfsacpzr3jzxduazh5,4,12395,3099,12043,,,mixed
pool1ux4es4p8kfq3u4nax564ukcte2vzepsz68dkgg24k7l7xh5786v,3,12325,4108,8020,,,mixed
pool1prerctlrtn5e63m0zu5ydr2adaxpsypzj6wx3v8y44dsyj2lcwm,13,12199,938,11912,,,mixed
pool1u3v7s93f2d968a8kce6zgfmckfx56ly626jkml6jv7tgweplrn8,28,12097,432,3259,,,mixed
pool190fke89hjqyyvsc0snhnzrgg3wjjchf0y7n79jlal0yuj8060xt,3,12031,4010,6014,,,mixed
pool1935erruagz8y3lkq5fycd7jk7ye9ldp86638nntmmwp9558jmhf,6,12003,2001,9145,,,mixed
pool1749t2act40esvfj0w0g0ear7l3hrnjfc8l5rl8eznuh8vunjl86,20,11990,599,10443,,,mixed
pool1g6rugsgxrl7ylqnuw2qvma0kuk63wc4yv43a4tmw3qaawgu87c0,5,11913,2383,11861,,,mixed
pool1aq6sd3kr3cnjk995tfthhyf0suth3rm547kp6pv35z7wgqu6twn,5,11671,2334,10927,BINANCE,cex,mixed
pool1pvsvhzqlrtmseg2mlk600hzs7zqztuqm4ytxyeupa2dyjzs33nr,32,11643,364,3500,,,mixed
pool192xshj2cu50qfy2pm5cck8lnm9lxv2tjquznqjdkkzw6y5hnzl6,2,11626,5813,10017,,,mixed
pool1sktjey6tdtgp6svf0d2nth7ruq3zjnhgg2dckpkveyeqk0jttgj,44,11612,264,7264,,,mixed
pool1jyn6ynmz6qcpr48et0rkdk9j4vuyn6d0qdlsahc0jls8jrs708g,3,11537,3846,9755,,,mixed
pool13zkcgp7se22046p9gczt98au93dw85q2g7m3zany4kzf66y46x0,31,11530,372,6290,,,mixed
pool1kfu02878dsz2l2pml9r42fvh32l4zn3msjvgfx077q3yx2xgul8,15,11501,767,5634,,,mixed
pool1fgj2ua0rz4dkq0hmmkv7syuccda96slh40wex2w7vsnxujuvjtv,18,11417,634,7343,,,mixed
pool1kkwd6say8twq3z9e36v57adw02j2x52ascd6eumxy5zd66qm4fa,23,11271,490,10315,,,mixed
pool1pnsk7v8a4eyn9qtqev7k3clazzw2s66cpa850zprqlu5x5eqtuw,9,11173,1241,10466,,,mixed
pool1yrycp4fjyd0al60xw826jdju35zazqmfny53r07efucuvlvnej7,11,11125,1011,4068,,,mixed
pool1y0s5vwg2rdvfnynyhhgh08hdrd74p6rfhwxzvrxvfnrvjuddyf2,6,10983,1830,10815,,,mixed
pool1wngesrk9ju3x7fzmuqae49lp385k5khgmtz97rza629pwg86nlj,3,10923,3641,10145,,,mixed
pool16zx2pradv3pdv6tkp2dnll3d7u8sdwld884f228xl62vy2msdt0,24,10755,448,5514,,,mixed
pool13qppafmw3vq5rl4ewmxv7zy84x3rshx9sdczs0zq40cxu0dqkrg,6,10711,1785,10256,,,mixed
pool1mh5qagd86gndurjs44k9dwurktdr7rra9prm5wwf09c77cwwaqw,2,10688,5344,10176,,,mixed
pool1zsasyr8lvmw6w2ds8h05ppxknphk45c9q76vz7wwvf9dvl0d3x9,5,10662,2132,9248,,,mixed
pool13ss25l908k5vqfw0aq2t66xr3hrvlqlsf4tfsmp59kyfxhfmah3,1,10573,10573,10573,,,mixed
pool1lg4pepngyq03jdkskr3689pv4a4djra9q8nkzu6hwtzezwanhyn,7,10551,1507,10010,,,mixed
pool1kzf7zw2y05e7lyd7ht0nluh39fzmurm2wuvshvut6l6twu0el44,6,10549,1758,5825,,,mixed
pool1rpdfq9gm9ls0q8tnc2ssnpg5av3hm5ehktul7cfznjvjxyku2k6,5,10388,2078,10097,,,mixed
pool1w728ekz4fs2f33qmqf7047hvwsmarjrv5l575ncnh7hkc0zdhgz,7,10379,1483,6605,,,mixed
pool142cpn2gm89q72srv9pt7jtt7p7yg43a8ltfqhz3jp3t3xuh7x48,4,10333,2583,9827,,,mixed
pool14prutdqlndelj94pdz6h03yjh8c2qrmvgzrh4f46nryn2024u90,12,10253,854,2788,,,mixed
pool1wc2vw2x2xu2van4acthhk08xtucm8ddpuphmw0ahnc99qtz4a64,6,10235,1706,7809,,,mixed
pool1ye4zrxf0w7d7drq5wmat36dlzq270dxy9rhgcwufnaja644vwr9,9,10207,1134,7490,NUFI,platform,mixed
pool19gz6ffzagyh9daymscvyc64maq2xf4s05w5upthferlnwd7vgr8,2,10138,5069,5568,,,mixed
pool1lyxxsvl8tulypzj6rql4yaw9rsh6q6237fmfmj76a4mfsrz40gk,10,10088,1009,10057,,,mixed
pool1dhugawja82wkmrq0lhd24uyrhm02v7grdhnren9r2qgujsh5kml,1,10014,10014,10014,,,mixed
pool1wmyr8pp6f3rll0hdxed6e8kkxzvj9ur0ecc45sttan3fqcfldcm,1,10011,10011,10011,,,mixed
pool16e0qmln8gvtnjcpcvgvjdlhcnsz6z95uw90c58t50qfkc6rqek6,1,10000,10000,10000,,,mixed
pool1vygvrczrlzapm25qf8w3cxz4gxv2azrp43xj6538tt225jjfcpw,3,10000,3333,10000,,,mixed
pool19mc6suzenqdvmq3ssf3nfzv4xva3wgl83z6syumccdppyar0vga,6,9944,1657,7455,BINANCE,cex,mixed
pool16y2dn9e7cw07wtergytxr36qlydfe7aj92xhv59e6pzezgwxtv8,16,9913,620,7166,,,mixed
pool1v8cx78z8fqu4438vcmg20qlp4qujks8mrrlrcer6aa4f6eg9u2k,3,9665,3222,4849,,,mixed
pool1lrgpe8s7yskeqwvgu4t6tmkmh8eqwu0xj56yvufpxcn2kjgn7ss,7,9652,1379,3997,,,mixed
pool1dye0sw6hv4jee7wemgc6dnxhaquuz7sxkktz2tpm2ekcsqyyj9l,18,9642,536,5783,,,mixed
pool140xj040w37pcufxdhpjne03sn2rd0fxys4m2c0sgjw5pqjnlx8f,20,9610,481,2653,,,mixed
pool1h6l7mhtqqvkgq5hyvkrjrrwddulx7zc6mxlrsezsspymckuuext,12,9388,782,7958,,,mixed
pool1ndtsklata6rphamr6jw2p3ltnzayq3pezhg0djvn7n5js8rqlzh,20,9366,468,7654,,,mixed
pool1adryduxm4puhn67tuxys7rhvdleee6gw5pc9ufnwwzp8k2wjc2z,2,9309,4654,9307,,,mixed
pool1rx2745qj65qrgcutmpydv9k3ld930puq52t7skcd3ennqh550zc,14,9278,663,4665,,,mixed
pool1rcdq9r6f0nwv376afk5dx3ugaumlhm4kx7g8tue74dlwgwsmd4l,2,9267,4634,9267,,,mixed
pool1qlpen2kkw8yc0pjyjjcg4zlswhrahf73f99y3ae85kjy6leqk7l,106,9182,87,3155,,,mixed
pool1l3u6jww4npkx2e0utcsmkhwjjgnp43w62exrqwzm8wudg0457e5,4,9158,2289,6424,,,mixed
pool1xmn8ag7jctcpdqk9jtrzk9s7qgs4f3cehkxhtelgpag6c7fjxdm,58,9075,156,5397,,,mixed
pool1rj8zkzk3dm0lmnjtafczqfp8sshmang8gg85eypjeh2e6cve0vl,39,8958,230,2866,CHUCK_BUX,opaque,mixed
pool1fu6ppur5uumrpydpeswzrvfg4epr68xw39aar9rcu56tk5ukat3,42,8956,213,5673,,,mixed
pool12cmz6vtm43tztqck4xnayhpmeml4ljxutvuexhwgsvrpwllnscv,9,8899,989,3843,,,mixed
pool1n20x3spgcj72k0azl85gxt72qzr2eq7sr53tlmwdg8wrz60ynzn,25,8860,354,3323,,,mixed
pool1ks49mpnl7mhh4eqa7ff3krhqa8nnx7gx04cawe46qnjeufawr5z,8,8726,1091,4088,,,mixed
pool18yp9wal36lzzw34ujcds8vtfpsndkzq484zcm360evp5khex0l5,20,8711,436,4154,,,mixed
pool1xwy9ulstsdfwuh0q0jc76hjalvmh2mfal004ep6ka38k5z4zmh3,4,8491,2123,5007,,,mixed
pool1her5uyhxcxeyxws60jrft4kkczc2uxyz3z2sq24582z9kvwsng0,10,8444,844,8127,,,mixed
pool1xpeupsjcwntlt78ak74kk9ymfhn2pac000yu9dp42qlpz58f0un,5,8395,1679,7340,,,mixed
pool14g73qj0qz05ymqg7dp9kxdu8jr7uuzm6z6n3jwxpvqskghhmhng,25,8271,331,2675,,,mixed
pool1tay8z4sq4a4gmyhnygyt0t5j84z8epwjra06wq28jnnmschkkuu,7,8264,1181,4894,,,mixed
pool1h5kewwuh5jh6cuq52nwu5w7g8488qsp8ja7ahs8p2ln8ygde8xf,1,8247,8247,8247,,,mixed
pool17k4f0mdwyulkqhyu2mudavu2qqqd7hfc9xtxmxtk8dudvznma8k,3,8226,2742,8012,,,mixed
pool1tamft50mh0vjm346d9lusczc8fxxyh5z6fk2eel38srwvz38d78,4,8107,2027,5588,,,mixed
pool14g7yxpecpp2vt25nc7mjtf8q5g8n362wxksvpxz5fht35khqs0t,4,8106,2026,6565,,,mixed
pool1vj08te6uceklte43cy6canq7te45qjmmm0dhewy0kvstyjmgqzt,1,8013,8013,8013,,,mixed
pool1zsjkw3y0kyhce6esgat3r3vec9z9rwud79lpv00u84646pu7rvf,7,7875,1125,4123,,,mixed
pool10hua8csg69l59hv4v48fpzcap726l48g77kckdg27zm5v349p69,4,7833,1958,4841,,,mixed
pool1cvekct2pwhypvwrfw5e936vkk2kqhwsjxzkpf63xsc87klnsxqv,10,7813,781,6977,,,mixed
pool1qds0ldd626j09nnpn3g3ne2fvn65phr6cz74k6xv8urtgygu9cp,13,7791,599,3319,,,mixed
pool1ntyzyya7yde0yrna4q9n4g7m0gttpy35jzld9mckmtz0zfm28nq,1,7786,7786,7786,,,mixed
pool1qw4h9v0yqy53m2yx6ngcj5w8394q7wtmfk06edlpvu0zw4gn9ku,4,7727,1932,6098,,,mixed
pool18mgvt3k5sm5vns4tqu74qt036tw0yterxuz2zjczlqr9saeas9f,23,7696,335,4859,,,mixed
pool19nhmxfd2tts089nx742g8jtc2ynwstkhp2594y0wwp6d5we25f6,75,7589,101,1761,,,mixed
pool1cuccvs6vdlrxw67kwvzdx3gcl3ha0402mkhhseqmre7u7vdkwev,4,7565,1891,5248,,,mixed
pool1agk62kg0s9606v78exurl53mqsdu44d6qeuzypur5e7ku6gpgzp,19,7524,396,2912,,,mixed
pool1tw2vq5vuxe5x8fse40ljx2mp53rdna9w0sktcq8ndr2nwj4ysgl,5,7493,1499,6002,,,mixed
pool1xlgmew766a2ndakrn4sn63t00sf5z99w4ncd7k75r5thxqyln92,7,7395,1056,6370,,,mixed
pool1ttxsd0ls8w35mrluxa49v0vslt7a85pfusxxemxrkpasy27tkcx,6,7282,1214,3548,,,mixed
pool1devkrwcez409eqm07mr224qqm4a5t3efx3x7u046kct7yk4fxa9,5,7260,1452,5007,,,mixed
pool1y44fkeps7ftnnf495a7grfrwtt7hxcntaenyzu4x4vah5cud0mt,36,7239,201,3153,,,mixed
pool13rcsycq8h085yfu7m3s48gqf9gsxg26fp89q27e3l788k8xa4ea,3,7222,2407,6976,,,mixed
pool1dlzpcfmnn727lfsav0x8jmdwjz70sy429xfxjwnzk7r9wm6stws,6,7213,1202,4467,,,mixed
pool1ret0s9eqs27nvw0k7y6vvv7nzfhpx3a86qyjnl4np79sk29q8f8,3,7154,2385,4158,,,mixed
pool1ca862gvy5r06k5l3hulsphtp20tvuxqef0arzcyejdf365c5nrs,11,7083,644,2504,,,mixed
pool1kl7qlqtzxamrj8qwutn6ww0ksw3m7chwuewztqr6uu6yz0nuqtn,6,7066,1178,5701,,,mixed
pool1ycksh8m4ees8jf6f9muvpqxmprj7j2wk72h2qxcn7ykswv408w6,5,7050,1410,2003,,,mixed
pool1lgzryt60tckrjspn7z0gxup6ms6srd2xmtl9y7wvt5fsxnd2qxh,288,6963,24,1153,,,mixed
pool1trxkcm5vnaj07htsmlfgjpwxmljy70ucs8z2n2qy8mvgxr73qlv,6,6959,1160,4655,,,mixed
pool1lum6jezln4dtxsvjgagnd06uavwps9ntks9rk93h7spzkgyzu9w,7,6946,992,6607,,,mixed
pool168235cjpsrvwnvddmhc7dmtcqr7c40j2mlrph3qvuxk3jqls0wy,6,6930,1155,6368,,,mixed
pool1eu8knr403p82ythegskwmf8w6v8l2w858d8jz7qvvqzj7ryech4,5,6761,1352,5576,,,mixed
pool1ap5sw2p7erpvegveucua66gy50cadjvq72apar0hvzrdv8s27nl,6,6737,1123,3366,,,mixed
pool1zpsk3ql6qgzkgqncrlzulf9dype3km52rcdnajn5ttddwhhc3vj,1,6734,6734,6734,,,mixed
pool1s6s6eyve0lmc4e0emzf2l68n9ya0rhrpdcq0jmkmmmxv2rkrx42,7,6713,959,6619,,,mixed
pool1hl9tn0qpujfss69h6jr3wepc0e7tuczchpfu7nu4ma006u5scfw,4,6708,1677,4634,,,mixed
pool1cuzhrcpp676p4u9yk2vrtj7utmq2dy4ey56uw6znml2f5hrpgpw,4,6706,1676,4817,,,mixed
pool15jc92k3rhksa3uf92sluqhhnnetx04l49xttslx67kuxz5e36e4,6,6705,1118,2653,,,mixed
pool16m8xz3av9e3lwnxgu0jfnuwckgayev63zpzcu56hsxx7vy4eqzn,4,6689,1672,6588,,,mixed
pool17etnr2ngwpnqwuvdzszzd36u67kzcsrs8scuxf0a63hezy9zvpv,15,6586,439,6070,,,mixed
pool102s2nqtea2hf5q0s4amj0evysmfnhrn4apyyhd4azcmsclzm96m,4,6570,1643,4984,,,mixed
pool1rthy0xp2syng0cydp85wvz973szmq2ns8u5p4hdedkwlyhry27w,14,6559,469,5630,,,mixed
pool16uf3j299ndwd3xmv6fvh648pc3s4c3y80g2t0y2rwew3xz6c3aa,4,6522,1631,4065,,,mixed
pool1ap29p59japhsunqkknkrdm4wh4f8krrvhft66zhns43evawjd03,9,6305,701,5086,,,mixed
pool1vcmqgcykx4k3ngj2upkyhu424dsn85ansepz2xmdxg4mqw7w6ac,15,6269,418,4527,,,mixed
pool1wpj6th0242z6l2s7zl357a6rv8s7a4lq9x0p74mev453qczweyf,1,6236,6236,6236,,,mixed
pool10u90lv7ayyfdulnt004h2wg42yff22c8vjlnqjxv7pytypuaykv,11,6193,563,6184,,,mixed
pool12rv575nj9cfvy0r4th7jtz5x3nt6waht0qe5fdr58ucx77tk7pu,2,6161,3080,5648,,,mixed
pool1cshuf0jy40a83glgwakert9czfnqrpyq6zwqly2705mrwkajuhu,2,6109,3054,6097,,,mixed
pool1w3s6gk83y2g3670emy3yfjw9myz3u4whph7peah653rmsfegyj3,4,6086,1522,5940,,,mixed
pool1l93nkg4n5jzdsd7k33g8vsavq4ne6ka82eddt9ysnu35vy6883j,4,6010,1502,5002,FIGMENT,ivaas,mixed
pool1x9ar8wy7ljw83ppe6y9p6h2yskrmf5dfa0td36ypk6vtgqzwqh7,7,6008,858,5754,,,mixed
pool1f5s5lqe7e3x7wxscsawaj0ddjz42y4ckcfqcxrd3nxg7wwvsysn,2,5923,2961,4322,,,mixed
pool1ugwj76z4cx6sywscud8ntd2m9tg3gyesmnnl35qr2l5mu06pe3x,2,5897,2949,5895,,,mixed
pool1jhca0ycgclhc3ae860llt8fwtgvkw4p44m0khs2df5xawk4kx8t,8,5828,729,5823,,,mixed
pool1ytfsdx0zjdum8qwrk6urv6u6gxvlnd3r93j8p8ckj57wz3aaudu,4,5806,1451,4776,,,mixed
pool12rruj0mjqzaf8ryg7ny0x77y80lpdxd7zh4kgg5zyy0r2rzue0q,4,5754,1438,5600,,,mixed
pool1yd67ecxptd70flavhu9m4x9pj460fpy3pttlcfs5wvjlwzs79vw,2,5715,2857,5710,,,mixed
pool1pfl8ssfunf32pe5dyntel7eqc4gutej3f9r70h8ss7v3vesdtks,11,5643,513,2731,,,mixed
pool1mnghpud4rypv76fgq5urhzaujlevp94tjxug6556e9qyua43ktl,9,5612,624,5372,,,mixed
pool1rv3f2ctg35ke7t5azmaha6393skhvnhwedh96e6r703tg00wp77,7,5609,801,5266,,,mixed
pool174s9fj3073jx2t8zlm5x8rvyqt52uult4jn7slyrtg8gx8ay9jy,2,5586,2793,5028,,,mixed
pool19r33az023gn3n8p2x35hq00j2dxc8vwln0nanpcfuvc8759cvkz,11,5564,506,5543,,,mixed
pool126ut5j5qz5wg09sjxrjugmjhqyslgam9cyj7a275y99l6n3gql0,9,5517,613,3876,,,mixed
pool13lz5g3f0kef09j5jvlw4t0dq7ejugl5q8sh0r8yyaxhdu04z560,6,5434,906,3101,,,mixed
pool1fhrhklkcqy5mlygak5hszc3phplq7qq5a6wn30hjrv4e6ydrl9g,3,5373,1791,4997,,,mixed
pool1lv7v8r8ge22agkuv2astu503d42v749p6rp3sg8l6twuwqm525c,4,5342,1335,4578,,,mixed
pool1wh23dzv4mjrm2lv5y5k3pk9yx8dpggd63ma6duesvzvvymawpny,5,5266,1053,3056,,,mixed
pool1xaxps54m30n35fegcweum3c86pr7xp2mmcvfsd007v9ps9xu8js,27,5172,192,4491,,,mixed
pool14p4ksk3ddqtax905sys7ujakpxwvfsntjnvlu8p9d3wxycy7pv3,8,5123,640,3316,FIMI,multi_brand_fleet,mixed
pool18en4vtxkjt3u5x6ctu9l3nqmr6pm3r7akxgu84450xdvkr4j827,2,5115,2557,3500,,,mixed
pool1nf8990yn76kp9csnfrrl9aar7z8l7pas0jlfu637us5n6sgycem,3,5098,1699,3897,,,mixed
pool10s8x49tu6wcne63rqv6gmnhwpcg4kg8r4s3ncv6q7uxx76jvlwg,1,5098,5098,5098,,,mixed
pool1kxfg47ms0mlszthp5j8uqpmqp6575j0nfusqne5sd7ggy3ntlsz,6,5082,847,2465,WAVE,independent_mpo,mixed
pool1rzzz3sy88y05r8vqpejczv6zqntf6ayn3untjkn9kfud6nemcp9,2,5072,2536,5072,,,mixed
pool16l00309tdqza9606rltqtrqejx7tcr2swa86jrmz459txfnkgq7,5,5038,1008,4226,,,mixed
pool14sy0qjv6fl5jcv0gfn6zl8w9tqnm67drxum6tdmazcjvypy848w,4,5026,1256,5016,,,mixed
pool1ru5ltcffgwnz6qdmccq9lcfu4zncygacm5fzvwz6tq9zcfwyl0v,2,5021,2511,5018,,,mixed
pool1el6ze57482qzf830l6h2y9uj0l9fr5g7xzur89d4d806y896vgf,22,4999,227,4012,,,mixed
pool1a58fg4u3mcr2zwyqlc4dqd6mnwqjmcussmpmcml9lrmszwedmfy,4,4989,1247,4518,,,mixed
pool1w6vj437xqhlkasuhc2td09jd6vfem5e03nhhpn7yqxfkzrkamch,13,4934,380,1140,,,mixed
pool1p90ymkn27wj473ve0leq0u6s935atjspsq77kxttyzzqsekqjh3,4,4907,1227,2437,,,mixed
pool1h5368szqrqvfy7txc5r2lyay0xx4fvp2w38mswplqknax8l9wl2,11,4846,441,3055,,,mixed
pool1mw8jpnmxd22vw4h68uqw70nx24vfju4aav9rznesc4vnjnt68g4,17,4842,285,2670,,,mixed
pool1w2s88xpylulw3l8naaql9wzxqwra06n8c2lwklmph25zjkvwuvj,2,4824,2412,4824,,,mixed
pool136ahugdvaenv8ed0d3m9af4dxxtzu7u3vpfq4mxk7qq6xuvd0ca,16,4781,299,4669,,,mixed
pool1jqdvgk0csfnwftkzn6vyz7fq8s3606uu6k7wa9xrn0jpzg4r304,11,4781,435,2606,,,mixed
pool1d0ld90s42dnypxxp08923d7pezh4xnzht2gfl5c6xm2pg6lyyyq,3,4768,1589,2473,,,mixed
pool1pqdgdhka8xegl8y3lt780n0v4p9yl5z3vdh6qqs4vdlvgaujaxu,8,4767,596,4101,,,mixed
pool1enc9l2nealzp9sr7n77032rc593879faj6hqeny6f6h052eaaxh,4,4731,1183,4361,,,mixed
pool1fwhu9w2z82n5r7hdeu8ayl9tywraursthd78mxxekr6zzdjgpkm,12,4714,393,3328,,,mixed
pool10wugf8sxugp74y0dafvc83jmcg2z9v7u5yfs79zy67rxc5lqhd6,3,4678,1559,3880,,,mixed
pool14fka0t3prjrldjkavqc6vs0zyngq7jw9edek57js94g9v4r25rg,19,4629,244,3671,,,mixed
pool1n3agd6rep8jw3gff684mja56ns6wqmshayu0av7hxcgx7f4pnwy,3,4593,1531,2999,IOG,ecosystem,mixed
pool1ur2y44cgsyf9l40y4xdc7w3cwy88vgmj95deatatzqnqqhrfp7f,5,4576,915,3256,BINANCE,cex,mixed
pool1u283gl35gdj2l6c5cmg9crugf9aq7w6242pr88v6enr8u9q2vzj,5,4557,911,3267,,,mixed
pool1dzkrcxlqgamf3dwgyh89nrx2xkwm7cfju9mp54eyqwulku73jxs,9,4522,502,2393,,,mixed
pool1st58tj7nun3vynlhlmfawrn24ar0pshdle733vtkv43szxt2kq0,29,4517,156,1586,,,mixed
pool1fts0a4clzu7wyhdqw48cpg2kwvstzeqddtwj34pxfw9jgvznu0q,3,4503,1501,4497,,,mixed
pool1v9z04yz8cs2dvnmvfp2fmuhfvs8w784x6w6r8ah9xanugdzlmg0,3,4429,1476,4042,,,mixed
pool14pxhk34wlpu2azrnwy9ah8hrzxgffhqthcxcp620209eupfjfcn,5,4365,873,2923,,,mixed
pool1fmrd4ds793ja4c5muy7hwj6q7kssuhtx22em4udmvx6957z9m0u,6,4342,724,3512,,,mixed
pool1a40qpxlsqwjk4a9yk636dcawly4dcrd6l26tghjxlr37cmlrwv4,4,4306,1077,2170,,,mixed
pool13ft2syyqvrd0x89hcyskvz3dymqz6xavq646x2gy79lq6lrthrx,4,4259,1065,3905,,,mixed
pool10d303wup90j39mmvysf0lhr2xmr3mf38y5vs577nmlq6yy8n666,7,4247,607,2087,,,mixed
pool17ywx7vha7t8snj3xzwm9863lvnpke0ufqjtx94mh49sf28srg9m,5,4110,822,2858,,,mixed
pool1233gq8vt6nzytuw60sr9gy2jmehc88fpglrjrzsd8kys5gqelgg,3,4079,1360,2149,,,mixed
pool1jk9na2mu29wwap6pprs0c98j3rvh4jva95f5m3hxnwq86tk9c0l,5,4072,814,2706,,,mixed
pool16rcqtg9gywenzkp6t5qg8um5tuul6d4dzwauppz7z3ufyaj0ky3,5,4009,802,3490,,,mixed
pool175gxtzacpcm90adjpvlhjmfpj4ft2a3zuqsgm558hf3q7ra2vf9,6,4000,667,3877,,,mixed
pool1wumx7h5vnkjwhv0rycjwdqd8cykvr380etvszgevquxwz02p5wx,4,3907,977,2998,,,mixed
pool1l3rf0h8s6fdw8g4vy8qg7fw3wwj8jdm3hg0wwwycnvj8xcl2ps8,16,3893,243,1744,,,mixed
pool1m7eljcrzd593cawzwpts00mmnxnj52kr9da8r264r7c4kfd4m0h,5,3866,773,2878,STAKEBOWL,cex,mixed
pool1luwt2c73ng94v20qv75dcyduml727s39w3yr8xvx6eue6ae58h2,6,3841,640,3841,,,mixed
pool126kcx3ve6xedpdk8gm9gtgs5x2h77tuwe5hjjcrp2nshu2xv8l3,6,3826,638,2647,,,mixed
pool1aqr4843pgkyaq6p2557vgnxsxwnj5s5em2xusf5k4ya4uzk3w5l,12,3812,318,2024,,,mixed
pool189ysyxejgdu0d5u323cajq40ec6wsacq3yav3ul7fdxs6mhdhr0,11,3790,345,3561,,,mixed
pool1rte6kvv4z3f4fuq6np3qsmxh3pujem6rncpg58tuxc04gwmc2xn,10,3773,377,3162,COINBASE_BISON,cex,mixed
pool15kh3h3d77hdcv4ld82cm7mxh7uuqm6d568drqaky9ftlczl6hfh,5,3744,749,2739,,,mixed
pool179u2dtcn92xv7n05dldlevt6hcu5v3p7g4aaqva2fm8qjzu7lpc,8,3735,467,1803,,,mixed
pool1d5lk27jlkaj6dx7ndexjzmdqtt5hnnpx5224awz83ye0v28ve42,4,3735,934,2114,,,mixed
pool12plmfgtqk4nj0wse5wnr49xth22fjacxm0gxg3wc88ewzztpwf5,4,3708,927,3386,,,mixed
pool1sktpderrlmwnw8l769aqqfmmv2sn2uatp4r9z84htt6kg7jauyn,3,3653,1218,2209,,,mixed
pool19ddv2pe786q8zqjzvw50u60y2aau7wl76sg3pnkc4j92wcx2kp2,28,3632,130,1343,,,mixed
pool1q5h54ekx7wwqpfz78y8dppyl6uv7rpyvvr8nhf4es434un4mpx3,25,3629,145,2016,,,mixed
pool175jklkquzts0u05axap90uqpym5knnjxky396mz95hhauwyzswe,6,3610,602,2899,,,mixed
pool169mewaur9ma6ffw6x90xhjj0sk9j8yu3ynqz20jh03dj20syqwc,3,3573,1191,3019,,,mixed
pool13zh79cqv3y36cgknzagwegp8y0kuzel2j046jmup97hhjwk5myw,37,3567,96,1215,,,mixed
pool194rde70lnsrdu692j6hzrth2ka08l2t4g9mj0xl8tyfmuny7faj,2,3529,1765,3520,,,mixed
pool1ze57pe06f82s3v8ugjqxrny56sj63vs26sm5q879ahkkq69zn0c,14,3521,251,3174,,,mixed
pool1wvgf640twac8y7raqfz8hlqz4sajyw2gfpcxkq80wygekcx2402,2,3504,1752,2044,,,mixed
pool1e5efe78z67djz6juekzw2hqpu3tn9eaqmekdnqn2am6j25kmrt8,1,3502,3502,3502,,,mixed
pool1xmftxwzqqkug8uzl2n2yvxhm6k0tx4rjtel92wjgvrlfk0uqy8c,19,3497,184,1847,,,mixed
pool1aavk93lvhqfhskga397sadl0w30tul9sp587gh7r8mt625zxze8,6,3488,581,3476,,,mixed
pool1dhfz7yak8wqmpvm5luf8ey44aewa9hcrldz0ea3rhh97jmrru5j,6,3486,581,1333,,,mixed
pool1ey97shazvk483tzqsvda6hvh8z0kld4g5ssxanrgetddgcf2mns,3,3473,1158,3141,,,mixed
pool1vve4vgd0ncyjvalr6xzeaxqmfzvkqmxfswj7lyae8qsgqhta9wd,14,3430,245,1036,,,mixed
pool1pgdw8zfuwjkqhkl5fycfkdplkwqkmwvx7gsr2rkvvpnf23wwg8r,4,3396,849,3223,,,mixed
pool19n2rjlddd0afs02cgd86mehptwaajv5kndtfcuqzdmgzq06lq0n,6,3375,562,1444,,,mixed
pool1k9xjmvud972vng83669mkveaedteaprnfflqv047y66ugtqjyyq,6,3367,561,2001,KTO,community_branded_fleet,mixed
pool1u56s0gg8xn8uqyzefwd38napn8jmrjqaum446alm38sgj3248re,3,3361,1120,3351,ROCKX,ivaas,mixed
pool1auwfzangu7s9uagapchhmac87jy3k87a3dxhp23vadtw5m5dswl,3,3325,1108,2813,,,mixed
pool18dmncsu0wwzfnje42udk3eeld3z0zwjpjxname3lp8a9kpah28w,10,3312,331,2317,,,mixed
pool1zqcz8zt9v07ygj06zr28lwm85s20f6w2qdcdltjyd0wuklydqnd,7,3292,470,1164,,,mixed
pool1gmwp956mrfn5hcs7rp7nasa7xpwmx84kkkclyx48xwuh5dltmpj,8,3269,409,2200,,,mixed
pool1m80jrruqnynpuqvmm5cyhxjqy2q8pnnpyu40sd02z0gkzehqxua,2,3234,1617,2483,ONE_PERCENT,independent_mpo,mixed
pool122pmneflla304ptc7s5ws948u28zaek08k6hk3fmw8rgkzmgect,5,3222,644,3151,,,mixed
pool188837cdkhad7w2dwk2arsldyre3tcva8aardadf4ekc0j56267t,12,3219,268,2371,,,mixed
pool1mvk6eup390pja32f2r9fgeus5sr5u8l6x9ver65tf7q76t6309z,2,3210,1605,2842,,,mixed
pool1qsdg8ylzy4kv624drfgkzuqgqj3y29lw44qnvltepht2wegh58c,2,3168,1584,3164,,,mixed
pool1vekz9v9ntugs7g3flpg2q3au8tp7205zsyl9kh03g72s7rz5hvm,3,3168,1056,3168,,,mixed
pool1dmugaarr3nq0679fa02kqunlfmcyxdxfy3quc9x9s69zquty478,7,3147,450,1899,BINANCE,cex,mixed
pool1e603j2p4q346w8knqt2a8c96n8t9l5u4qdrv4kk50qvpgvh8hax,7,3141,449,3083,,,mixed
pool1usumnw5klscs76ycpmkgf5re5v8pul462g5mmzc0knxs5u04kag,5,3111,622,2051,,,mixed
pool178jmsy6t03udg2urvckseyync6y2jkq26haj7vxtwszc7ycq5ws,9,3103,345,1136,,,mixed
pool130sxcuaxh2yc4chs68c4jsep4v7zfhgdqutm60ngdvt9sa2ga06,37,3075,83,971,,,mixed
pool10f5k6djk7m95dls80f5n2temjlkacsqd47758z2xal8g79kg9ct,9,3072,341,1889,,,mixed
pool1h5spwddnynn6dt2z3qz9tvkju7sn6s8ptqetyfpltsppwalukyg,7,3057,437,1097,,,mixed
pool19klg32x4wrwh8yfdra6u52qa37meves4r68pxajxwllvzazd37c,5,3046,609,1897,,,mixed
pool1wnshjhwqv9j7fgd4tkynpsqr0xczns4pghljy5j4z4qjj7qy4d4,20,3042,152,1070,,,mixed
pool1rd02pkrtvme3pd6fznltk62e4cr5ddgq5fmd080neu4mkt8r020,2,3010,1505,3005,,,mixed
pool1lvl6pfge9lgjuanu3556x29zglf6s3fw2lf2m823x9duj9gz6tu,3,3003,1001,2998,FIGMENT,ivaas,mixed
pool1fr3ws5vwm7l5y2ywau2jrlaan0xmfqv68h5g3g3sum2ywthurt2,2,2973,1486,2930,,,mixed
pool19042p8xye9udlgxgxn6n358hx0u0mjuegcwpxradk3vpkqgf54t,1,2921,2921,2921,,,mixed
pool1v3avy78l7gvaemvgfmhsltydscukfew7kx3uz3sqx499wns07qz,31,2900,94,922,,,mixed
pool14wfydr6sewgx0qw39ccv53dysgg9m4u2763ngcyuyuxrxdfhq3e,3,2894,965,2702,,,mixed
pool1snvcmtdnssf6t8fhs7943uxmmujlt4f89yv58cp7m99cq5tw9hy,15,2870,191,2413,,,mixed
pool10le7rwlfg3t9646gm09jp05qg5kqvq3gvut4q2yaeu2ujncnh7w,47,2854,61,1199,,,mixed
pool13y37atzdckzr0gvj8mtnma49602jjtcw2dhr9zmpy4rase88j6p,1,2849,2849,2849,,,mixed
pool192ez0m2xn67tz4kx9casumhdkq9fz96rc6ja4ndl49v8ycnuwe3,4,2832,708,1215,,,mixed
pool1vurlp3ndgge8avz3h8lu2wzdqcwc8w4l5s43rzlk8p4pz0x5vla,10,2829,283,2049,,,mixed
pool12yfqjghmn47qajajqduf2rd83qxtdhva8j0qdctmla4v5w3mhq4,15,2817,188,2508,,,mixed
pool1n62v2xsrnpyyaav2mgauwzn40u8hfzavt520vsaehz252v2tf7u,12,2800,233,748,,,mixed
pool1rkz43352y9kmsvzqn3wp08t6qfz64j6at4gtmn74ge0tv7hqdhf,57,2800,49,1502,,,mixed
pool13ucz6778ywff5pmcag4pcknq9gm6j04qtgh65cu9c5mt73t5ulv,7,2762,395,2232,,,mixed
pool1u4u6jpf2verwtq2wjcrdr9ktnhgjpa7ag9qnnkfgqtxj2rh9d68,4,2753,688,2002,,,mixed
pool1q23kstu6ute8x43z95ahnwh04n9rpn6k0wzakq663ke75220682,37,2743,74,693,,,mixed
pool1eh6msmm3v7fs90lapzem3lkpl4sn2dgtz4hfvnfmqqtxya3k8yh,5,2742,548,1877,,,mixed
pool167n02n48l5hfgfu6e46xq8n3yefccm9dcnmefkmxuymhc8ncrjm,2,2690,1345,2656,,,mixed
pool1sk64cyef3v2m000eshsdz6ydu3j7rczuyv93dl76euyev7pslxg,2,2687,1344,2636,,,mixed
pool1ddskftmsscw92d7vnj89pldwx5feegkgcmamgt5t0e4lkd7mdp8,13,2671,205,2263,,,mixed
pool19nfs9chtv37vfawvpyf0x2shfhns9hpwy3qfckvpm4dmq0nrl8m,10,2624,262,1341,,,mixed
pool1szah3sjg5vhd09pa0y6fcsyja2rttsztdp0gj8jpngqxz9kj0a8,21,2575,123,1464,,,mixed
pool1kz0gh586tn9fh77fgc7em9tl6d82e3ly5quwsvvfevvszt64g8d,2,2568,1284,2511,,,mixed
pool1uae2f4eg8mhzuur43w9l8vpk4dur58w600x0cy2ef5angazhg3x,4,2559,640,2035,,,mixed
pool1gjmerqh4wxl553enqeqgc6m3r3gt6yspdg29jy6nuypa6k2tpdt,26,2534,97,2408,STAKEBOWL,cex,mixed
pool16uja2pt05ddq9mzcsw9xkv40qdl7sm00nvpj0h4arn0fgl2xrae,1,2533,2533,2533,,,mixed
pool1jas6p8hw9e2nz049g3xfn2me9yzknka4w84vzrxg0c2ej63stlm,3,2519,840,1307,,,mixed
pool1gduk8s5stt3uej5nl9vs7marx8jjyeadwz3505gzvuqey2lch35,5,2514,503,1962,,,mixed
pool1ydcx8pf36rttvgyak63kqpgkqgrwp94k6a723zsxer0sja9t3d8,1,2492,2492,2492,,,mixed
pool1kftku3r6truhvjm75gsh9pm33zfv7nuwas88m5sxqqknyyj82gf,31,2476,80,1511,,,mixed
pool10ww24pk8znf747x6d0wcueajegrjwzpv8x9a4aar4t05s7uzf76,1,2453,2453,2453,,,mixed
pool1sy86l3j2aumxgsvp2nmw4ukuq2tc7drnqum9z8796hxnzksde4j,4,2443,611,2135,,,mixed
pool1dxyj26fptj4muj6r2xp8h6lsp3s9ycgup6ssc0e62arxw6gc2xz,94,2410,26,999,,,mixed
pool1n7zh6hu89v9lz6d8ggjr9xll8q8jqr5aa4qxkfnlfh2uj39802c,2,2399,1199,1998,,,mixed
pool1xpfe5q3v3axrjdc8h38taaa93frq3m9pfewxk46x4r6jgy2yj5n,2,2391,1196,2391,,,mixed
pool1chxjq4stjq2q635q8lv3vpszu0jqntxh3ltl97s5de4rz0rkdn3,6,2376,396,2297,,,mixed
pool18fldcktken22hfd3tyx8qwes46lv6jhv43jhns8gg24k2rta4al,2,2355,1178,1213,,,mixed
pool1kyn4xguhrd600j4y9kvksptzjk8k4hz5rdcrxx3qw3jksuwjnwz,2,2342,1171,2000,,,mixed
pool187k9uqvh2dacad2qyfyex7ct8q0jxepk45026s9h7mkxx9pn7at,6,2339,390,1047,,,mixed
pool1j0ys5378p896epefs0q2ehx3h9rrd4gupd33adkza7g3q02f6np,1,2319,2319,2319,,,mixed
pool1l40jtd7he9dv272md7jxp9yctj5glc598r6d3f5xv93qkx3e5z5,24,2318,97,1055,,,mixed
pool1pg2fxvdpl9d8kdsfln3lvmwwk0apwvw6ykc5fyuc9jamgk6yvmt,1,2313,2313,2313,,,mixed
pool16lsx9mj2s2wr337hv9402enw0886d09grx5c0d4pk97w63kjn2a,5,2274,455,1363,,,mixed
pool1eqc4jwuez8yyerwlyjwenh99dlvmn6t6n3qjym70ulf5u8xr6lq,4,2268,567,1919,,,mixed
pool14glhqr7989jz4yu0hnytpw62xlq0666sy075ztufdya2yw4d6fe,10,2267,227,1747,,,mixed
pool16qhf24jz4pdru0gqrh9rwnvv9v05a6fq73g4md6mawavz2fg5v7,3,2250,750,2086,,,mixed
pool1kqpy3de52m07versalrkqd57w2qh5cze3wupwrgx39m5gvtkjct,4,2249,562,1755,,,mixed
pool1k8mxlherc4vmfk9pmxs0rk27qmu3sqy0gsdck4gwduz57xsepak,5,2240,448,1142,,,mixed
pool1tcjzs5lp05ze2af8tk0pk3e3w6ey9ec0jpu9hxvck32mwxj9xwq,4,2214,553,1555,,,mixed
pool10cpz0zepq23hm6lrk8vgnsdwl772lasq9caaemvw9kh9ktxqygk,3,2211,737,2143,,,mixed
pool127xz8pls3lr6nct6w274ph2g4u83vqajgykf3l9ll772gvmju8z,3,2162,721,2027,,,mixed
pool16gkhcchdyqr7a9vtupchcdaq4nu77tq9t0ny0k9m877u7zv03v2,40,2159,54,1183,,,mixed
pool1509aw97y38yl6cpamvpzv58hh9c6lxrggxssya9twj9f6xxd394,9,2154,239,1794,,,mixed
pool1ns6veetewra0zqlljq36rwt4g3d5s0lnvxmzmx82epph50weacy,9,2141,238,2029,,,mixed
pool10usr6ag036ujwhmm85km8w0skjn3fp3dwnktt8sje4lfvwhu40u,3,2137,712,2135,,,mixed
pool1d5zrmzgskqzse485j7p5cly2290xyffr2tyq9d8ngkzyxjjxwtm,5,2133,427,1129,FIMI,multi_brand_fleet,mixed
pool16w2mssm03rrk5jzkcvxyma77zcxx4vsjhwz77hka33gnsk9j47n,10,2116,212,1777,,,mixed
pool1lp9pugfvyrjt8rqj5v02yvucchzj27tlru9kwl7nj0fh2mjc5d3,5,2113,423,2008,,,mixed
pool1f3ptnevzpgwjx32az75u7nth59gkqxe5h5qld86a8vm0j5jrms3,16,2085,130,2064,,,mixed
pool1hg8vu74hyaj5qm66ys83c0gmr44j66g2k8s9sns4htw27whsqwf,3,2066,689,1614,,,mixed
pool1p8gda4td9882kcllejstrzfh84n8cxts0j67dyuuamzdg85cf3a,3,2058,686,2058,,,mixed
pool1rtr6nja4hh8j8hkrmevehw7009za3fu2vucv27rl6qdr6xttd09,3,2026,675,1519,,,mixed
pool1xflehvzad4wr6rrvf6eea65jst5af0r4k0rh4xvmnqgvkzt3xjt,3,2019,673,2004,EVERSTAKE,ivaas,mixed
pool19m3xzv58uymw76tg4th6q5fwkg9zktc8alvyysr37u04yw86axc,2,2015,1008,2008,,,mixed
pool1vzquqa6clffwsegafvyds0zkaqpjcw0hurq3a0xc8ape6h0xhkh,1,2010,2010,2010,,,mixed
pool1s4hxwet8ezjgfjxekeexezzyu2zhg302hpex6f683hvsw8qpd5v,1,2008,2008,2008,,,mixed
pool1c465ftax734tzx0kr36nudtmjy66zzwqgmct7ktpff46u8hrl0e,1,2007,2007,2007,,,mixed
pool19x60wat4eu8sh42s05th8l4p6e9rmmnc6g2a64lj4npag7zj5cx,2,2000,1000,2000,,,mixed
pool1ag6ae29hrcjhcjaqp56hwhwj9geszjerwqrkjz6xndmcq3u9k80,2,1967,984,1949,,,mixed
pool1hn7hlwrschqykupwwrtdfkvt2u4uaxvsgxyh6z63703p2knj288,7,1939,277,1631,,,mixed
pool17cacd3k230r83pw5xny6d493t9wn5ww730m6wayuqsrhqwzyecv,4,1923,481,1184,,,mixed
pool1n8nq690antqxcekkekzk07yp7y7psmm3v6ad6tmkm4v3ulyhz0w,32,1906,60,1054,,,mixed
pool1mfm9nf0fc2wknc94dxyedny3vxtmv4t05arq7czyxsmg7qcy76n,21,1888,90,874,,,mixed
pool1wxktpcvaceu8zcsmjk5k0nu2nldm762ra6m9ept87fcvsqucdkx,1,1845,1845,1845,,,mixed
pool1pmyave37l324x5phh0s7tdy30kx9mdzmqnj829teccun2je37xw,58,1828,32,1472,,,mixed
pool1ek4yc2mvmettdmkl7wjfpcjkp60xssq2urr9hc8ffx5ss73wdm0,3,1823,608,1745,,,mixed
pool1tyfdyg85t50lj69ehgmg90e4xr6y42he6pt8pvmau8v5x46fy67,22,1809,82,873,,,mixed
pool1c0qt93ydpjdndag5v9fsmzjv0hm87ehstqn6ttvrr60rw9d6uaq,3,1809,603,1809,,,mixed
pool1fnvj5za9k5ev88l8tw0nh3n4tn582gvf3d6vmuv7nh4ustqecn5,5,1804,361,1114,,,mixed
pool1lunsvxzwgxjqf622gq72n6jhclq5juy0mqh9v4ktufdrzulfncr,44,1770,40,682,,,mixed
pool1pj5wv8tvu5f5dpmx6w5wthqy4sg3vs4qjvumg439v0plxgnu8a6,5,1763,353,1561,,,mixed
pool1t8tw057cgksma0f6pawcy7npnwfu0psx64jdr6sqhza55mdvkls,7,1756,251,1146,,,mixed
pool17k568pj9x6qwmvutn97p5wgzvgmjf7m46sz3vzudq62swqdfh4a,4,1754,438,1287,KTO,community_branded_fleet,mixed
pool1xk3ck79lra9c9x5c684lylvg8vlexmh0eh7w90t6s0zvw6k5vn7,4,1749,437,1743,,,mixed
pool1eal2z34ugj8a0ckykd6xx45dz6jwdgz4cuvutk320cp4w8t2sm4,1,1733,1733,1733,,,mixed
pool1jqxp8hn0ywdrg3clzha9c2u7qh3zsh68u55wh50vdmecupc5rxs,5,1729,346,1182,,,mixed
pool1w404pkpkkw067ju4gjnyjdmqfex6wn92vrffhy9txhw5kxzupk5,2,1709,855,1231,,,mixed
pool1nydxffhrmpn0ft6wpg4l6cwp2jr2glxvx5hxr69xknl0s5p603w,7,1705,244,1161,,,mixed
pool1lhwzsyhh7dmw9wuz7qxnml2z5ef5303lp7jxgss2qnat22sprgx,11,1705,155,948,,,mixed
pool1tkqjk8s3yqqyuspn4c44rjz7vgsu6kfxm4uvt89cejwryetpt6m,3,1691,564,996,,,mixed
pool1d0329t36ac7udkqe9k5w4g4jpn8xrqfjh2u5jrrm4h4d50wkz2c,1,1687,1687,1687,,,mixed
pool1a26gnntcj3j5v7ng599qncn7uuav2sp560xwlkvp3pqlj822jtl,3,1685,562,1024,,,mixed
pool19gzu2dyp0g9e0nsvtg34fdhrtgr8c5jq37nscalqkh3hsjmas69,30,1663,55,826,,,mixed
pool123gn9my6u32zea8l3uk889rjj2qf2tfagcz67q4v4r9ccjjtge7,10,1654,165,697,,,mixed
pool179dpweul0jsfv9ls67ner4n286fh6hqtskaw6nux97t52dt5gxa,3,1654,551,1048,,,mixed
pool1vgfc8fqul93hf6fnl9n23czssgw6xyqx2yjn0lxqmcmvvc839th,2,1652,826,1488,,,mixed
pool1paxzxl23ygch4ad08m8zu477atpfumdeg6uyrvg579eawvsy77z,4,1628,407,1616,,,mixed
pool1u3despkvw4sqeq2fv9ufrh5dxacf8vm0aax00elkdeelymg7f38,4,1616,404,1209,,,mixed
pool1fp9z85qx2k6jgnn4f4taxlgn0xw0w9k3t47q32t83ymexz5ymwd,4,1603,401,1460,,,mixed
pool1h26acqctjzuzk04uxc35mt5eavnlr5wyaqavmdqhd3s2zr8v7nm,5,1595,319,449,,,mixed
pool1yechqtexl9r7esg5scwynqalmjrpd5l69wkwrrw54y0x26eljpq,6,1584,264,764,,,mixed
pool1qp3j2cy4xje783x3a98y08yz6kwr3emu05zm2xyxryajjhmt48p,3,1579,526,1493,,,mixed
pool1p8cgpwp63e08jsckma4y83x4ehc3ynt0tuameh99hmreg0hf7mx,2,1570,785,1570,,,mixed
pool1hdug72ukeepdxqxz0new8e3nhq5cykkn3prky9wgrz5tgyf4ty2,20,1568,78,687,,,mixed
pool1pkpey8fua58sqvkwr9w4zyxhnvrqhnucnu8g2cupeggsyxee6ke,5,1565,313,1237,,,mixed
pool1z5h4jhmhqrd2ndrhn3w7kr8nvcqwunds53hrs6vpzr882x4n3la,5,1546,309,1444,,,mixed
pool1j7cypyjzhcfuy0gsuc2vtd48cpsc0utmqkq09fjlp5dgsjrs7pg,5,1546,309,1339,,,mixed
pool1ah5jv4mrq0z7g4wuhjjnc24kfwqekwcap0wqmsr57thfg8mpr4n,2,1544,772,1011,,,mixed
pool1r5r0z899up4kc9slygn7a2uhl9ama33sl6qwafvef28jgaf06hz,3,1538,513,1111,,,mixed
pool1vyk3x4j2lfrj4y8t282xmwep936rh8gv2vqrkxghm2h67l2upjq,5,1535,307,987,,,mixed
pool1tpd9mcw6y5mx05gv9rgfkl6y0vsdswqs8qdexmf8vstkqk0snau,4,1531,383,1528,,,mixed
pool1xfj4dazvq0fszalwm30zr85ka9t65mwpq3vfrprdw35mwan3vq9,4,1505,376,1501,,,mixed
pool1c6ezumxqayxzfwec8q8nz40zpf58n3sr22nstpxf2pg3gggx0ce,1,1501,1501,1501,,,mixed
pool1vcc9lngr8g2j8xh0kgy84nne026adr5zmvwagkda99spy23993l,4,1501,375,1501,,,mixed
pool12vx0utf438rpxskmvwm870vpz6qnur39jzl7gs3hhhldqekzjea,2,1498,749,1498,,,mixed
pool10vgnav004xgw03qkqfy6864zq53lzjkcf0syeu4g3uj8xaytlm8,3,1476,492,1201,,,mixed
pool17y4pg5j8z8zklmplel2l3l705zx706w3mrac2etns0uccehx3nr,3,1452,484,1036,,,mixed
pool1pup39uk3d9hl8vg3v0evn3hxkxygkas0asekng7x9cpx5f2r6d6,3,1444,481,1001,,,mixed
pool127cp6le6v4hs453tkwnjd6ua9fcmmh7y5zc44zx752yzklgcrcq,2,1442,721,1175,,,mixed
pool1tha2grue5rppsx2w93v5tljr5sshn2lz94ud9z3szlltz46s5k2,10,1411,141,1381,,,mixed
pool1ndu9fpv7prmp6r6k23lzx6fcpjlvh6upl3w8ghldys467u6vvrl,4,1405,351,1397,,,mixed
pool1n9vs3ye3939ae8x6jfkf0unksj7q05zgsk2fnm8lhve95w3j0rs,2,1402,701,1354,,,mixed
pool1qngadlcclnkqgdwd4l3vp5gmgdc7cpkfek76q7rzscqqk5ak9y8,5,1397,279,957,,,mixed
pool1cvmk7ftz7v5u2pd944e0xvalgchtxgsnnhryzqmqfavgxwgxmcy,5,1392,278,1273,,,mixed
pool1aum2mx8ds554pfm45el2wn3lr7lsnphlggxzhk3qlpl56qnffm2,9,1385,154,814,,,mixed
pool1k0uv5fhsr74we0w7gfkv6m7r9rfpvgz2u7v66ppe0vxsvj0pzvt,3,1367,456,748,,,mixed
pool1mtnhc34ylrthfu7vzja3em2j5csaq3ewd5z294hs8xw2w6nupuf,8,1360,170,1280,,,mixed
pool1r9mgl8cj0hyht0678cpdljt2pw353672jyy9ak00dzalglx2jq5,7,1349,193,1073,,,mixed
pool1ge9c0gw40pzkcuj0xx6kevxz0hvwce7ac207lw2dtd58y957f74,3,1337,446,1231,,,mixed
pool1jqfk2y5wked4sjpx9sqxn6dmut8hq2n9qlreymqtpxuc5l38fl0,4,1328,332,1177,,,mixed
pool1e6z3jnnvu9zqxlk60hkfjym2vj3mvgysy6h8l2xxyj5j220vlsd,2,1321,661,1312,,,mixed
pool1z033qtxzsn7c9az4fzz8z0ewnynzcuq2dy54v6tfyqz5vfjkmv0,5,1313,263,1313,,,mixed
pool15amxxauxh409wcuc87e0tusfzuka0wfvxhxmpt6vugqgsw6j4d6,5,1313,263,1200,,,mixed
pool1aasrxs9vpr97rjlqqwpp5gnju9tp9dgtsmqqvmsy8hryuuepvra,4,1300,325,1294,,,mixed
pool16d004c5q7k7wyf223kgct26zjcpjqql04rvnx8vtc0t5ckmnzaa,3,1299,433,1291,,,mixed
pool1sa0uepv2uzwd0g8sh5lkjzgwkcxrg3z4m5wyzgfh93pnwupsm8g,2,1293,647,1293,,,mixed
pool1wpzr2xafvtne6cnvlyzjqf8dlj2dg7tgkv3vu4zt687266ep7wg,19,1291,68,1014,,,mixed
pool19l2vz7pdk09k49lezr9zcmc4j98zc30htuw2rnqk3cceckuce96,1,1258,1258,1258,,,mixed
pool1al5vg7cqtfs5mqgd5uyyx09z9hvsxqnh26lr42t920y5qnvq7aq,4,1252,313,588,,,mixed
pool1x08dl5dy0wsu6y9xp55drk4xeycgjnvutqdqm8wsqn5pwm6yx4k,10,1240,124,1014,,,mixed
pool14atewgzlv6nl2e8k3ndrzwt9y07sepuplj9vuxk3trzzj5lmg64,4,1233,308,568,WAVE,independent_mpo,mixed
pool1vemm9tq77upd9m6wtu7edw8wtju3ymnuq9wz43cfn35qk26ddqq,11,1225,111,1125,,,mixed
pool1dadzh387unlwu37ek693hy9a7w49r22mrmrl9y0fjfhhqe4qtpe,2,1216,608,709,,,mixed
pool1hdglvd3xn5m0glqx3l8cy73ajdlxzn7ztlvzwuythj95kwnmvwe,9,1214,135,998,,,mixed
pool1yrprrg6segrjprav2xjnvtgl57w6er3ttjskg70fjtwc524u0k4,1,1206,1206,1206,,,mixed
pool1tfye5tfgd6x2mw5xwe5lr2y6cu9grnpvenj7dc8258xmq8cuc04,2,1203,602,1194,,,mixed
pool1pmsjsvnd506xqzwlcavexcl86ta046eqz74xzvt97688urmd0qj,4,1197,299,1142,,,mixed
pool1prn0a3058n4e0evm55gvc5rrawht79p3jxpv42nq7s2ncxhszla,1,1191,1191,1191,,,mixed
pool1m90qdgknvwdewy6n7dz9ufkfqtscvdaqnw3q2vaphp20z27w706,1,1187,1187,1187,,,mixed
pool1eyccsl45l8f7sdplfs770460l2uqe9xfne4l64xvwewd22fcl9a,3,1169,390,862,,,mixed
pool1tf9e29shjqn9wcgf59fk4yrjqw2gq97wlkdqe92z2ngevhvkllg,3,1167,389,1007,,,mixed
pool1ghsq6nqsdmxxep9jrfml0j6jk935uhq7d9l5a0ltllev7nk2fa0,10,1162,116,515,,,mixed
pool12tvj2j05hh6gtsvw349vuesyn0zphh75u7vadh5rkjs566s2ty5,4,1146,286,1135,,,mixed
pool158je65d93ghx2sedvazczpxjvnx0k6mwxwup8vv6uxnz2x0xal4,2,1123,562,1121,,,mixed
pool1raua8hvrv65aq3gjuk0re4juzdpw4gnpkeq7lyl94j8cv2grye4,6,1121,187,1000,,,mixed
pool1mk9k389xy5szdzyc0fpty66fu93rhwnar3202vy0d7w9ue2rycu,28,1119,40,374,,,mixed
pool1tcctsz9jec45ugkcl8lyk8gz0yss675cnp63gazqalcwsx2dr37,3,1117,372,1002,,,mixed
pool1ed2usjswfh2hfyvatwuwl959y5g4fkf63uxtadcuez0l2rjn747,1,1113,1113,1113,,,mixed
pool1w6ez83j2lapmlzudtuuwygm9lwt23203keqj53n7yjdtwaamghr,4,1111,278,438,,,mixed
pool1ak3vhtv7alve9wfj5kx5xswrtfvy5a23txuupgy6nqpduq350w5,5,1103,221,647,,,mixed
pool1gqmjahruyhxvec59g9wh0z67aqxa2k3n4al4lyafv08xk90zl2z,1,1101,1101,1101,,,mixed
pool1hgksl8y3637f88zhet6g8j8seq2kzp6v2qt4ct2maxaxzt0pmmj,5,1100,220,563,,,mixed
pool1rdlpngqqd54x2ek7s9m8hl5yrc7dx5mlm9wtdqatldm5jfrcgqt,14,1099,79,587,,,mixed
pool1z075ym5pdu9cmeqzassp97z36ctkvuvg7pcxjzluyv5zqgau4xg,5,1097,219,1043,,,mixed
pool1zst2k3wnmtq69vqzm086q9m7v7dn3gpsu9fgxy2vasew6l8nlt0,1,1097,1097,1097,,,mixed
pool12f68ksfmsthe4r9xx2up9x4zx43tstu3psmjvk57papsv8vu9re,1,1093,1093,1093,,,mixed
pool1488f5rzus7kpu3zr6zwyw8mdy0rj4m3knssv58enurgsx40msjf,4,1087,272,590,,,mixed
pool19t833uyjq92aajf5f7qd9w3jcnyq78p4hsx0fn63aejfjtyn99j,4,1085,271,1001,,,mixed
pool1te6e6yc3p46yvdakrpngk49npvfvkcutk0z5qpj5xwx9gswkkpz,4,1079,270,597,,,mixed
pool165cyssah9wcnkuqq339c9fam5wga3x7zl6kw4ktltq5x68tlu4w,3,1075,358,1000,,,mixed
pool1r2z2v45320taq385pny6gz80hyq3rsue8r8n0w9zpq0c7yjl9el,3,1069,356,1015,,,mixed
pool1fy57yj7fq4n640h0r7yzchgytvx747nl85lkct7pc8faywwsyy2,3,1068,356,682,,,mixed
pool1rscmngzy9mzyy98kl7h38scshgmk4cw0cs6ed58mq68mw4uustm,2,1063,531,1012,,,mixed
pool1xa7zku52cj6aagevv5z685jm2ljhpqsekrrcrulpmkqrknnt2kz,5,1060,212,663,,,mixed
pool1fspfv7z8l8755une5vt8drk7aufenxlucnl0p09sy8vxjw5kz3y,5,1054,211,1054,,,mixed
pool17pappd4r69ag7ud695he8rhygzh80qvtdtv8k25hjyggzz8gc53,1,1053,1053,1053,,,mixed
pool1q34qp4ckh590gt99eadtz8w8ag3watavf5adj8qjs7guxmkgk8g,1,1048,1048,1048,,,mixed
pool1qm656ca3pdnu3gfetusmslva555j3m3efaq5u44sgpdsjn7dg4d,3,1048,349,1008,,,mixed
pool1msfz0v3yrzl3k5njsm92uw59cfs5uepajs4a62rxfm5xke9d2zr,1,1047,1047,1047,,,mixed
pool1wjt7mjhdaj857hwk3qg2wswn30ghjczm2qetrs7k6sjc20x4hfx,6,1046,174,1000,,,mixed
pool1v8pu7txqydjmfhusgrfzvan4pragec3wu066cfmq2xpuvm2m8r5,3,1045,348,1010,,,mixed
pool1sxrkzy0ty37s2qx66cscqwucdqlvemtjl96ep36mqfrnku9lq8t,1,1043,1043,1043,,,mixed
pool19z9ac79g48kekg2xghx3afj6qp5skr9ar590w0huhc8nxn9s5j9,5,1041,208,1028,,,mixed
pool1elvz3kppg3peep0dcclju3gwf9m37vzyxetuf03we37sqlnsjxr,5,1037,207,654,,,mixed
pool1lgves5hhdt5h6jzy7sf57l6gq9x3csf5w05ymv5zq7a9jfwn7kk,2,1036,518,1001,,,mixed
pool13q8kl9s0kufpl0vjmnrk2f2nz9nle3k9l3pnzh4negaf7kmd80p,3,1034,345,1016,,,mixed
pool1spakm5z76m4jvu3zn43yyw7659gj3zv5vtkgsvswdwm8q56zj5z,3,1033,344,1008,,,mixed
pool1v46kmtavsty57aql824069j2p6wxpcpk3j25veqauu54kynydty,5,1032,206,1032,,,mixed
pool1zcdwn5z04gw7m0n7qzwx9gqn8a9l3wfcvejc3wrdxfuhc88usua,5,1032,206,1007,,,mixed
pool18ytpk5m7fun45j9julxq0x06dcwzmfdads3ha5rmp3qqqd5lreq,2,1032,516,1000,,,mixed
pool1mgpzhdjucv0hyyndzq08la7m5h645wmsat35gxy9fv6au9k7eg4,2,1030,515,998,,,mixed
pool1fttmappcugymuqxvayq2uew72cd8qej2gc5c9ajexsckswj3qza,7,1026,147,506,,,mixed
pool12mca6l778v2e5wq5a4kc08h6grcv9j6f7yykt9wyjttckfxksvg,1,1014,1014,1014,,,mixed
pool1rjkalgw0mp4mh38yppx8mc9s0dyf23ktuqlzqpqld63uufvhudd,1,1010,1010,1010,SNAKEPOOL_LINK,community_branded_fleet,mixed
pool1reje63x6l2dh4t6d8ya3m04c9lypu4chc0cvn4jnk7lmus54ckn,4,1010,253,1007,,,mixed
pool1nt00f6p0frek3f0jza4u9ka5rey76752j5zkrpldkpqvjspytm3,2,1010,505,1008,,,mixed
pool1v5jj7xumvk4engwvqrxt0kfhpdkucqvydmmlwwq2x76hz99affw,2,1009,504,1009,,,mixed
pool1k6u3rdl30ruf85q3jpzcfyq4ta0umrxdlt30rcpxqqasumcnkgu,1,1009,1009,1009,,,mixed
pool1el9z347208wda3t5cqz65dmwal7r0e0eeq7xfzl6whdwvy80twn,2,1006,503,1000,,,mixed
pool1pg2k7lp6w68vlvdycug2ycu3mkrt0z4ftxay4g8zchj87mw6ug8,2,1005,503,1005,,,mixed
pool1ffhg5vdmjzv9pc2syjwxkrj85qg7xsnxsmmsrnag5r7wsggv4ac,6,1004,167,500,,,mixed
pool183usq53j55v86q3eguw37xaqy67au9n5terk474sevuu6jy7266,55,1003,18,278,,,mixed
pool1fd6geyevpsg26s7q58fvuv2eh559n5p9vv3ctxjs74v6g7lkew4,1,1003,1003,1003,,,mixed
pool1snyaulmp94axe7ltmqzlkztqn9axt5ykprjtxh3qgn35cred9pf,4,1002,250,882,,,mixed
pool1dhzv896pw40c4tw23w4h2ux5yzm47r59h8qaqhu89shwkugqygj,10,1001,100,506,,,mixed
pool1rf2q4a04tgrwpuj5xg4sf0dj737ytaqs8s6yuyps55r6s87x7v7,2,1001,500,1001,,,mixed
pool1dzk2hrh2vtfcc6wk5n69ml6a08jc8d8s3lpg7jsaydcdwrerlq2,1,1001,1001,1001,,,mixed
pool1lwp52dj9762g7uk2jk3czwywxqaa4753v7x2v56qr5l2znkky4h,1,1001,1001,1001,,,mixed
pool1wkaj4sy8set0fzrzgeyl8a8du9fg9fmx06yau2hyfemfy7k5mse,1,1000,1000,1000,,,mixed
pool1jh4caf4afnjdgne8m95addh93e7zf6zlnx0pk5flcvylsps7nsp,1,1000,1000,1000,,,mixed
pool1zevtw8lsd6xh45v2mfw3ay5rqtgyt5dm77daglqwjnpgjgc0ynp,2,998,499,890,,,mixed
pool1kqxgjf0zl60g88fxl3l8tpwu52pq78es33kqyaahgr2a7xh9g9t,4,993,248,696,,,mixed
pool1rzhyuwfwdzksm9v2ze8playmvdv3u04x9a0tmhg2krx7kt2635t,2,984,492,984,,,mixed
pool135y07cyqvw5tk55y336jtm28rae5rsgrsr6e4cwrzlvqz305cng,5,978,196,505,,,mixed
pool10retvgthe4vymhaq8vr2734zladmeeuwy07rq8r5f690ydmz3vc,3,972,324,925,,,mixed
pool1vn4gsw8fdg85yh8urxs9t5ykyvap4uscewy08g2refxzxwztnga,2,971,485,953,,,mixed
pool1dg80xj5qfgu2caursxwk67cm34esh03kzmu63qu89vdv2vk3x4u,5,965,193,527,,,mixed
pool1yjz9nhtlvnl9rx46t2kfufwxd338m0kw0jxaj86pqfthse837z8,3,951,317,745,,,mixed
pool1qpn9lpmwp9p88vtp6gt20xdc5e7rf50ew42hp7gdnfltxqvfpka,5,948,190,878,,,mixed
pool1pxhywws8s8h05c69ug3k4rl6jtpxms23eyag7eawwdvxql8spwc,6,946,158,916,,,mixed
pool15730lwmu7vrffkl40wtjrnctsfd840fl5jmuw230r0d65a74k5e,2,943,471,943,,,mixed
pool1yv8lps0rx4xxppwpm0vea852wwu6lg78xh3qfss7dmftq2gqy3r,5,941,188,444,,,mixed
pool15xfeh7v3kr5j4unyeszxnfvy349d4h8s92h4xdwl2hct6n0wgah,1,939,939,939,,,mixed
pool1uvv7r2zul9m2hm6jd56dygee9ddr7jnen5ysfy5z3xvez3m823z,2,932,466,904,,,mixed
pool1wsr9ehtfvc4cs3rzfv65jjv7w7pe3xngw58mtt0ex4jck5frw79,3,929,310,919,,,mixed
pool12zcqkql458zh0pxvpw9qad8mceccdatk2lm0cpxfql557lhve8y,3,924,308,887,,,mixed
pool1ffuv59d0rdp0jsgxa9x5r8pvmaexvuufeu43kpxl3u2qut3ljq4,4,906,226,906,,,mixed
pool1xx3wxlhxu2l8qcvdvealhsry8r0ge966lmpp45ztkte77lx3qq0,8,904,113,836,,,mixed
pool1hnmcevsa69k88nh4d6ud5qyykwmgzrg6crju79zsv2uu65mkgr8,3,901,300,499,,,mixed
pool1tegyxvyvya2lsqd7w2nna3h63ffdq85l0v8tg44yeak77du8zxd,2,897,449,584,,,mixed
pool14wn0gvhwme9lxx9l7j85k0dr2twyrgf9j0k3gx0f5d5ckzeln2l,3,896,299,455,,,mixed
pool1pkqtms0pzd2x8phsrxn9kk5gmy4gn79edg9hhldykjd0guv0av9,3,876,292,495,,,mixed
pool14e7g4xmj77s7sy5uajwvdmvejmjcvhkf449tasq3tz80gv098t8,3,872,291,872,,,mixed
pool192ve6p5958dam7hr3e656cuq5cucz5gnpfazlqr9kpc962gj07z,3,863,288,860,,,mixed
pool1uup47u5lmet469pmaym077hvewcp30larj9ugap8580uya3rtuw,2,848,424,820,,,mixed
pool1v7q3xsa9u4ezatnsunuyw8646fc3fsvjju9a5x3835d6uf09pe8,5,846,169,711,,,mixed
pool1mctfqjen6qflfk65vz2hm8zse0a6e3g289hc0rgvrml777g85yq,12,844,70,504,,,mixed
pool15ttu2vykfdfdxv7vve93l3dvk6tlrcegz7r6749syys4us2k3tu,3,837,279,405,,,mixed
pool15z7890uxn6nwl2yufxgrdsvjrpd0kzngvudfm2z2yafsjgkfndg,3,832,277,447,,,mixed
pool1grnz2afeg7st9480vlzqc25gavvs4n34ndtktne8pnp8yutsmfv,3,824,275,599,,,mixed
pool1wuu2at4ccsqnlaw9q080wz7y0hq7m5utclffjfn3g0vd2j9xs8j,5,817,163,649,,,mixed
pool1jphnr6n8v7hg4rhsmel2s6yunjalthar07vv7rwvgsky5q8k49h,3,812,271,502,,,mixed
pool147t2chee9vcyjxtafwd8emkjj88f9dra0xa2clgwlr6m7tzdzvz,11,809,74,510,,,mixed
pool1kxedw6c34730h344lz0s0z6848005qrs096l8l2whcwly3rcl27,2,805,403,803,,,mixed
pool1a8902n5s5z8cgehphzj8ujwv6wf7dycnrdx4ekfz9cwmwj2fenu,5,800,160,799,,,mixed
pool1z4d4s883ul7h6vsrmg9s3t64df2vcx02h8tqtm8sq5yqw62pu44,10,782,78,599,,,mixed
pool14yezww4csqq4ny9xwl45e3vckvrd7rkw2j4f350wl2mqqw6shcf,6,777,129,503,,,mixed
pool1nqveuw4q2yw9u9x6yzy260skdwc309krsx32hmgvpyp962mu996,3,777,259,777,,,mixed
pool1y8g5sk4maqzpg6k04t0e8x296xtumuph7k4ya8rsfqh9xhc5a7h,4,767,192,619,,,mixed
pool14tj8njl3ggzj4dzcsrm5yjekrahytp4zkh3s78gsxz4c55jfuzv,3,761,254,653,,,mixed
pool1w50f20mpxwtal3plsqmgrx2xxlg84hn7ep0fhlcajkhu77k8tfp,2,754,377,754,,,mixed
pool1v8h0h94vgnl54qx3jn0l0p3dya4tpjwcqqwmy0l74g0jxeavcwq,2,750,375,599,,,mixed
pool1pnuluy36ukdzv369d4zee8rarpw2k8ukwe5kkdmh06t6y78cyrr,2,749,374,585,,,mixed
pool1fpsp2ayycsvpj2k43jnctdp306murzt7nzrlg0fuyyr9y8vx3pp,4,745,186,489,,,mixed
pool1f2uwt68neknpyk8pw2rh68gmpc6czndekl5ym22n5zf4vy8ecct,2,738,369,717,,,mixed
pool1ax7rlt56kgfpn0ystuwk5jawjh5r6qfw6xhwa8ckaqe47va4y39,6,734,122,487,,,mixed
pool1cpzz6aqljgk97ks728xa76wqg96kj79ndc3gasx7kdnr74wrk70,2,729,365,721,,,mixed
pool1m4nc6ea8htk9t58yx43sqluln7cp2a6qmzq257uudrvtkue8vw3,3,713,238,711,,,mixed
pool15pggy59smh8465ldedcc5ks0nlr6xxlna73wmpkfp5jn7sh23pv,4,711,178,370,,,mixed
pool16rru46dcyk2h5qjwq6gnxwumdj8zkjjnhxdtvpclyq8h6q9apua,22,710,32,454,,,mixed
pool1g5gcxs48ur9y6kvycy44e9n8wn254fltvjklcf29jxfp23x2wjx,4,701,175,698,,,mixed
pool130u9tm5kzsjkzlt4zq989s33fne5n9qahkdcmamh688wzrk78g6,1,697,697,697,,,mixed
pool1uyfg8ysc2fpmx8aclq3u06xx5u9rete5kq68aysfdvxj5a5wcza,5,691,138,578,,,mixed
pool13gyxktxqh8umjn3dh2uk9nucacnegl0ppcsfg236hkfhcg8asxf,7,686,98,561,,,mixed
pool18kv6jmmtks4jwyt8tpvfc2kakh6wkcggjtehyj78yk9r7t2t2ex,3,680,227,581,,,mixed
pool1h2q3cyle9yrjv4g6qvwqyrm5vk9qj38gtqndvavpqf6lkgpqvj3,2,659,330,477,,,mixed
pool190gglea2zvf8vch44jnmpkzljyzvk3u84gpaj4l4ypwc2lpf27m,4,653,163,629,,,mixed
pool1st9xr6arqq8f2hjsdz6urxejjwzpjkjceatnjuehhr9xuq6k4eu,2,645,323,628,,,mixed
pool1pujegnn8qf7xux6tkx2mj2qdn9jf0y4z0t6nma97wdgqudlc9ww,1,641,641,641,,,mixed
pool1vz59e00250xfjck8qd04kns89j56430wjzpdf37zfjnnyxttm37,7,640,91,500,,,mixed
pool1jeu6mkn43sc8y0yf5jwtfy6g5yc7lmyt3psm2tlue7pfg8deygg,3,636,212,636,,,mixed
pool1wg3xyzscx4qp0d4zmvlh7ksw8cupqcnegulmezl0cp77vtwlvgr,5,635,127,576,,,mixed
pool14klr0hf5chszxhqt72nqxl57q4eemz0ys83pcpnc8nmy68fx5vc,4,633,158,449,,,mixed
pool1zydxfglzuvv6septzwzfgyslcdjsytealqmflft7kc57j9tqcvz,5,631,126,554,,,mixed
pool1329xugchyesx3zzm96nylqlpz78cauzhgvlxawtll0pt7gnyul7,4,627,157,603,,,mixed
pool1693h5jn424n7kazynt4h9r6fe8u8wtsp7us2me60msq5kpv390n,6,627,104,548,,,mixed
pool14zkvjsd7ny9dgc2d5faqwttzh2me0tzuk9xmf8vydxxcvqaaaya,3,621,207,620,,,mixed
pool1k0sdhxunrkpv6dqdhhn3wkul8ytxhskt9erw94h66xe46nsqp0c,8,615,77,412,,,mixed
pool1ylkps8vax4nzxe507a0mx2svu3p8w2mkvdhyjqu7rl78q9rehh9,6,612,102,448,,,mixed
pool1dzq7728vsl8alh46l7vdz7wa5pxt2kx58glwnteymaz7c6jmv4t,2,608,304,598,,,mixed
pool1znp7z30qfdgwcwel4htqmwapfm2h05ml32ttt8znevtz2vwnqwt,2,607,304,603,,,mixed
pool1fa0ydxjq23eq3nucw6ek46dj8p6vxq4t32ex822jhwhx5fyvzze,8,604,76,278,,,mixed
pool1qr6jmmu8q2u44gzy2xarmnkq70c0ggz72nnh77qmevl62th69k3,18,602,33,221,,,mixed
pool1rqwhzyfvm8uh6qseqpkkz2uvga0ufr0aaavrw7nynytuxy9uj6c,1,599,599,599,,,mixed
pool1m3tqw6s5dphrlkxyr97faxk4cm3gwejv54mtyfd6w34dsx429eu,2,598,299,598,,,mixed
pool1t4q9v8vxf8ltx407cqkwq3sksgmq85e459jqsf34x0cxyfaqljw,2,597,298,597,,,mixed
pool170jjhp3s7gw23clx6yvfdfvv9t6egwazjhk3gy5y0xnq6y8mjjt,6,597,99,395,,,mixed
pool15jdufl3ahh3gn0p4nf92pxjqhs2qm2kwf626hdaxktn9yh8m3p6,5,596,119,547,,,mixed
pool14p6lu0454w4wq6gsxxftqdz43x3tuv3teunp8kgu08tacgf43gd,3,595,198,498,,,mixed
pool12x6z2am9fxpw7s8wfjpsdd4jm2v5wdj62fshv00ztpxr6jy3ztp,3,594,198,496,,,mixed
pool12nhydvz643puda5jjc7hxyphk9685n8tlsgeenfvtttckd803e5,5,581,116,338,,,mixed
pool12h408zlkavwxw4wkw96mt8unjs8sn27k0yk4yhz4pzvsx0wvmq5,6,580,97,229,,,mixed
pool1hhlzudyzp80xch7r0vamq58hpdnspagutvgqwptsmr0tk2425vf,4,573,143,498,,,mixed
pool12xyhj4ktuhy0gage20p3e6z6r3s0tun7lmsk89lxv4y5wh93t0g,7,568,81,382,,,mixed
pool1jepxzmqljthtfvcx9dhcp7rysg9n40z6jxr9cw7963h0qv8mz60,2,568,284,463,,,mixed
pool1nyj2wwps0nk9kn48rtqck5876la35k3j4talj24gpvnauxqsfh3,2,564,282,564,,,mixed
pool1wydmv34dnmz4ek9s3p9jwaslwuutfyt8wlxt0mkunjkcufznl97,4,562,140,510,,,mixed
pool1kez2gdqpwq2d3xd5k5q4enea59sp8tmgqsyt0rtmgxvuyykz8qg,3,562,187,541,,,mixed
pool1peps5qt7kjcnsfh530hya9wa7ww5rplvw3n73efk800mk4unsyg,1,559,559,559,,,mixed
pool1w3ewp9s00evj200lnhwsy3dkn2yf3dg7zq7apj26a2dvv5r7hpg,3,557,186,515,,,mixed
pool1j045vdrzmj3hl36p50c6mhhpwtu2q7cmecnrqjuqq0khja02sr0,6,555,93,407,,,mixed
pool172gxn08m64vyfvpn926t3q8md5qf0q9k3y6kqz6krj8ry0tntmz,1,552,552,552,,,mixed
pool1qg0g6hv2e50wevkqj34g0cya4f9audctayzp8wqwhxtdjnhn3tt,9,552,61,354,BINANCE,cex,mixed
pool1ml8hj9zhv5esld4dwuxrkda0ktclw4g5xfggg86nw3majud2uf6,1,549,549,549,,,mixed
pool1ymqwfp9p8m6g09a6ca0mkm0nmc0ezgnvhtj0vpsvnmyjvy8zh7z,2,548,274,548,EMURGO,ecosystem,mixed
pool1wx9rs2z0nuzds7aj9dvptwcruxputh3dvvfcavnwr6hkjvly20w,4,543,136,440,,,mixed
pool1mmrh2l3t5r7w5l7e82ven0e595vhgvu0hyf4ttrgcyejq8gwqcm,6,542,90,465,,,mixed
pool1vkaycnf2sv8rxzv4nex8s2unnzahtjs8eht9ypua4takugjgaa0,1,541,541,541,,,mixed
pool1qrmc270m32g080pks0uvyf0hhj7m8gyhgckkpy32l7nnzrll85v,4,538,134,425,,,mixed
pool1udv42vs52wg34268zkfsgtrzuvyskphfavaf3n8tmf4tugm7et0,4,537,134,339,,,mixed
pool1zdn25g5v2qlcnerghvj60djfzzex9q6aysr3mdqz37x7qryesjj,1,537,537,537,,,mixed
pool1efzvmtxl4n9z8ylegk9jhctclu44z7k0qg82mp2kp2ytqa9xgf0,6,535,89,526,,,mixed
pool15jglqzc80vp83806wpa3rae699q32sxwycjmztkpy6h92p43t4h,3,533,178,502,,,mixed
pool19u2lzwnmkz3gqqmx9sahhys8nqvwzkl8dqu7m474m0zsj3acjfj,1,533,533,533,,,mixed
pool1t2zc29vmryg0z72jp3vh04awlxlrqf88jc3zfx7wm8dwjuhgch9,3,530,177,333,,,mixed
pool1wn7g7fs8nhqnkkzcafzucl6x6spa6rj980kkkg0rcnyajg62lur,2,530,265,498,,,mixed
pool1ncst8jldzmwa4s874u3x4q7seqjyq3njc89a2w2056m2ywktd6w,6,526,88,227,,,mixed
pool1lr54356svvdz4yeqrq69wn6la2025l9r65pm26xxl466gxqqs83,2,525,263,525,,,mixed
pool18a8vhtlcz7t0mahmfdlgtpsspvae62egz936j3dt7f9ykr4j2av,1,525,525,525,,,mixed
pool17we8ycehylszd2n3haxut8gll239m9m9q5a8ytsc9pg9g3uuga6,3,525,175,518,,,mixed
pool1samrdfdupytre8zuqf5y3sda0kxhp894yvjpnhwwczukwd4mx6y,1,520,520,520,,,mixed
pool1x3wuw3ungmrq5padffsqne82fx5uesy6dc2qmj83xyanq4rgnz0,2,519,260,516,,,mixed
pool1yu9y9qvqu2d399qvzcy2ugnrsw4vh8uzsufq8jhyfrsjk563jqc,1,519,519,519,,,mixed
pool1cxduaaaqpk8g3xr5yksg8urfemexxyjf42evekrmmg9a2f7gmn7,2,518,259,359,,,mixed
pool1j6uz7hz3mzd5hncsnvdw04q7785kpxx4vfze686zekdly7jz7gl,1,517,517,517,,,mixed
pool19f6742plmyxw4w4tzhew003q67cf2w7c66v28mtk6f7fxf80ak7,1,516,516,516,,,mixed
pool1zcdptx4spapxquc0rpeu33ucc3x08g9wxsmm0qchqg0dgxrh6g7,2,516,258,516,,,mixed
pool1d25d0c06al8geglarw7yd4nqh65nws82d7v04yrv2eec7rwcjlk,1,516,516,516,,,mixed
pool1jrsmda62uar63wrndmdg3jupdtmmtsxmnqt66r3mm33wj2fd2yh,1,510,510,510,,,mixed
pool1xn6rwtc6m7hnf66006uk3r0yp3yt5cq7u95esu3xg4mk52cva8w,2,510,255,501,,,mixed
pool1qzg0lsft8d6zz5vytz5td3f383ra8f46zsdnsa93dgrg2nf7ckf,4,509,127,255,,,mixed
pool193cdhdpaedcev7x6qps3eps7s4sh2v8k6v9yr4tc2ulujq4982d,2,507,254,507,,,mixed
pool12mvua605f7w2gs90d580ywzyyf96je0y5q6zwcz2l76tcdqa8y9,1,507,507,507,,,mixed
pool1rp466amdpse0gsmdkteqpqmnm5fl4v0q8juwwq4xagwygwzu8ln,1,507,507,507,,,mixed
pool1kn059wyuuff0srprtvufv327th542l4c25e5hhcmwlsjymwr32d,3,505,168,504,,,mixed
pool1vd9a6q0jknarhwfyg7mspplrgsxf8zsna7yjr7crrtqdwftl7yw,1,503,503,503,,,mixed
pool106l8sgu50wpw3nmqkmhlgzl5cctw428ruem2rpwjklg46nprex0,2,502,251,502,,,mixed
pool1jq3s8emkm332n7vd3n57amjzspvt3hygh4wqsyp33psugvw7zc0,7,502,72,502,,,mixed
pool1lj9t0saaxejj6drmxefgejwuy47lx4ewwruwvn3uttyuw6f5389,3,501,167,501,ADASTRONG_COM,community_branded_fleet,mixed
pool16q8rhnyj65mtfz8rvf38ernr0jlcr5gcdpjzv0wgtqvcc5yw7g7,2,501,251,482,,,mixed
pool1rm8rza3ff0cape54ddjclwwm6a4g5wx604t3y9mdlysdz898f42,1,501,501,501,,,mixed
pool1madkc465h6e9887ctj2adnky2t46km277wt3rs97hlzukzl4rx9,3,501,167,296,,,mixed
pool1gsfu7c2ac6rh45dn836myms9flp99y0erppqez80nwehk9c70eu,1,501,501,501,,,mixed
pool14ts4y6fpvxnc3e2aqwxqh5xskjyzlpzk6rexgyt3syh2vdgrv7a,1,500,500,500,,,mixed
pool1hwnl625swgnlp5w7e8dqz0chlz3kl05tm2lawwy8xq2l5uz5h0y,1,500,500,500,,,mixed
pool1zf7aswkv5ll0ej9fcg45jf6cqt2ee7tn3l2wq6zyx05t7a5srus,1,500,500,500,,,mixed
pool1k7asvr2vd28jxw25fsh9pxckt5ykadhn8ua4x88vu39dzquvqvh,4,499,125,495,,,mixed
pool18e48wynvkevefs0c5yuh705u6tpy0m4xflg506kp0r6vga9gkmr,1,498,498,498,,,mixed
pool1qkvt06tjvd5mjf3yms9y6hp22uedn5ys6384pn8k3d4tz3d7j2z,1,497,497,497,,,mixed
pool1u4708qd88n0ux2capce6gz6zcjvtwfsfpdu28h6kkh5yskg9eck,1,497,497,497,,,mixed
pool1gvydgpt2nt6zchvt6fyc5h3w5g24nrrw54tskm0mkc6hqh4ye5n,1,497,497,497,,,mixed
pool162szyrlrwes7qwy0za4ekufgyljfz0lac9t8h8svzale67n8vl4,1,497,497,497,,,mixed
pool1h4g295xugk46jdyxv4m55y9rp9kln0k5hy8fyk2kaef5u3gmt8y,2,495,248,483,,,mixed
pool1yze2j2m286u2evnsphkaz3uyx805wxrg9qqn9ftns43kypl45kq,1,495,495,495,,,mixed
pool1ga8rg7snafqj5t24zf4xr8cz7tl576ett05qf93qhcamgmkqmj3,3,495,165,495,,,mixed
pool1va0dv0map5dqhaj8pyc3rg0500drqs0m5smcxme6xghnc7ygmw8,3,491,164,488,,,mixed
pool15em5uvfe8ujs3ny6ydcnynazvxhnk7dq9hu8zp4qf5jmknx32jn,46,486,11,348,,,mixed
pool186wnrzw2zq20wt6p9aer6z33vqgv4xaxm6445fa4g4wr559e0j8,2,474,237,251,,,mixed
pool18aklqwussc7j6y9nap8vxst4ht8s6sv76ge9799rzv3lcrau7yg,5,473,95,357,,,mixed
pool1uhdcmcn36vq8kk3207tqjwp90t0nwr49pc498wh5vxmgqyr78d5,4,470,118,470,,,mixed
pool1ng0wg25mkdkcmryzh5dcw70p0462z7svegxr9c7d2k5cqf9tt2k,2,467,233,467,,,mixed
pool1cy77h3wzf5z9ea0z66wr8luczcp2u4wchhkejkndjvyrvyvqauj,17,466,27,466,,,mixed
pool13am73gpq93hrngwpnlz34cwcytuykpytxtkz9srmrq3x6x8qlsu,4,465,116,275,,,mixed
pool175p7tqqgmduq6r5ad7jca2c4jz6tp3rslz7jffx7zru3cakdmt2,2,464,232,454,,,mixed
pool1rglej4fkg4l99e5agyxsd5w977n5u7chq8wrpwsgmr80292fw65,4,460,115,460,,,mixed
pool1p86vmfhr4xnerm4kjltlhxrpzaeqjg30h7p8f6h279ulcty9n7e,1,458,458,458,,,mixed
pool1futpazj04ukh0754m6wexrr9gdezmrl6e0pksyhpc9gjql44l0y,3,458,153,347,KTO,community_branded_fleet,mixed
pool1hy08gpvzkutxkg3ccxwmkzqaun9cd0styl4dtpqp2yxq2rjxehj,7,452,65,229,,,mixed
pool1dsvkdd2t3wnn3mrm27q0572zl2z36lkw3cl2cf4z0c24vad28v2,3,451,150,374,,,mixed
pool14exgv53wem2jwutrqpsdxtrl4hweefymltq02xt72z60x8ge4qf,3,450,150,450,,,mixed
pool1ujpy2536jz3x9gje5d5vuadzcpadl7pwrcsgq4laestu7mrs9hp,1,444,444,444,,,mixed
pool1q42574l9xer3khqpshk8w2vc6md6zlah7493fp6zzv9mqurmufx,2,429,215,429,,,mixed
pool1syt2h0690xyjhkr5mntv868xgl82m407e83e4sznaucpkr0lg85,104,426,4,322,,,mixed
pool1l6946mnu54f6v0we4xzra8kwm68ch7fphhxvgytd0m4lzk3pats,4,420,105,376,,,mixed
pool1a9fmzl8m8ql8kk5s8cgxf0ny4c06v2540977gps5mjunwvk5zc0,4,420,105,223,,,mixed
pool1repwaml372lx5kf3yw7568yhefa4d60r2d07un5gmykyv57ejxq,4,420,105,406,,,mixed
pool1th8afnzy79jerwjg0cqgm3y4xz5pfphtfkggyqw0htz8ssujvf5,2,417,208,411,DAPP,multi_brand_fleet,mixed
pool1wr5ky4r3hz6hxenllvxpuncg7jya8gv89jta03059w9eqqjy6c6,5,414,83,248,,,mixed
pool1zx0lmhdymz23e702clzyywdw522nh66eqaseaye8sue3cyfzkar,3,413,138,299,,,mixed
pool1kdr3lv2e7h5tx3gp3fwrpxhaj8cxh7v422uwj84enqxf6j5flj7,9,400,44,117,,,mixed
pool1pmcgmdd2984nzs2azxmau9umr49sqf3sr0kgphhra6yfg67nt00,2,398,199,398,,,mixed
pool18243r3ncukrk54jrx3mnr2k6lvu30dy7y6uj252cyldhqze7qe3,2,391,196,391,,,mixed
pool1u6etszaexv9v4lrf8r5xtjk2rc8wqq9waq9akrn7l5az6tm6u7m,2,387,194,387,,,mixed
pool1sjrfgg0z0su3gun5xdsj5kvl34m5el3zf6mkaffukg9ucc0q4zc,2,385,192,385,,,mixed
pool1jwgt6tydz6f4kw7la2hxxqwzq0m8spj3reyju08nm07xjnlg3d0,6,381,64,371,,,mixed
pool1yzu4lp7f8ua7negffj8mmwfylx4ckhsu00a4gtf630rlcwnl7gd,9,380,42,211,,,mixed
pool1qelp62ghdjald2mfsmfd4k82y0rnd2e8udypc8vu58fwkpaceml,3,379,126,195,,,mixed
pool15jghwj2w3ag0yxh45w0a8d2aexlrhp3ce3gefm4ap07ssehz8qj,2,377,188,198,,,mixed
pool1ylhh4u260wz52zpct0ce8txh8alm0zmjaf4fn69yz09xs68y70v,2,377,188,376,,,mixed
pool1rfwfql54dxqe2f3pht7c8xztq9c5wncdhcp542nk76dcgshtvdk,2,377,188,258,,,mixed
pool1x0pr0y3hzlju5gxera9zt8fnxgzmqa4dqhm0wwu8ympxz37dwqw,4,371,93,200,,,mixed
pool1ka8q6my2a5fennpr2nmrj5yzma27d2fkev8lmpfq90kxzjszwgm,4,367,92,366,,,mixed
pool10p7hdyghmkfuuxep4slslvjs2fk0hechqwadc2348e6g2x8hta6,3,361,120,313,,,mixed
pool1sk6jvl4u8m4peddwqxzslgt82n57qy0rug2j0jfzkrjvy9f5mw6,1,357,357,357,,,mixed
pool1npdsmx25352qzj33rk2mtvc6u7c339qs0vv7gy43t7kpcapw95d,5,351,70,350,,,mixed
pool12t3wyzzmg5ms5tzz7w6evedrf7mh07m875r6dfk8xpmgzjc3d9g,2,348,174,348,,,mixed
pool173f5kzeuz485kshvga3t7un8u699w2rgn77apjx078xd73kzj6y,1,348,348,348,,,mixed
pool1g2htk67ngtrw5mz6npgu3tugmcuqfgu0lxm8m26d7x79w75xupn,10,347,35,188,,,mixed
pool1gw25vftc9nnqqgld043k2fsjsm76rkkcy2xjzqdm268cvlf698l,2,344,172,344,,,mixed
pool1myw0304x7q2zuk24pzmf2rwwcwlh9p29pnj257zzjcd9j29s4xl,1,340,340,340,,,mixed
pool1j9qrcwg28mgsu38p5jkrwpthff5pmm5wdpprghg2xrvfyfcm5ls,6,337,56,317,,,mixed
pool1s4ve6tap62x9khdvhkk9f8fj74ks5txuygsnu7wkujk3jd2c0jh,6,326,54,139,,,mixed
pool1ax6nusmcp8h8alsqmueqvxu46h37fmvfyr2y6w9l6486cy2rq06,1,322,322,322,,,mixed
pool1c39qg80pu8596huf5kh6cmfuxp8yzxz4kfqc4csfz7xdcwfwcnc,4,314,79,299,,,mixed
pool1mzn7a7h4ghv35d7hm7lepzcc8vkwq38qajnnuqalc60mkl0recn,13,314,24,305,,,mixed
pool14gzj8a99u43j2gu3z0wcyedvdca27m2lx7msqxywl3lrcyrvmys,1,313,313,313,,,mixed
pool1vxpu476qrulzkk2u97emkfskmc2jx4mzznvupw0zf5206nx35vl,1,308,308,308,,,mixed
pool1k93a7tazk6uhy0pe26pau9hthyn9kmtdcdl9er5kw9w82fl5j2w,2,307,153,200,,,mixed
pool1cj6js4ae570qqgssp5qr83zla0775u35fyxytk8j240uy2aca2q,5,305,61,199,,,mixed
pool1zx293a3jpjh9sln53uhlc34ccnppl6sze22rrcmt04enzapl935,1,301,301,301,,,mixed
pool1fu6cvwqamrfxkzc0pjsmd7mqazfqh558sckequqj3ckvgyyg5ta,1,300,300,300,,,mixed
pool1cwc8jnc89xnd0qlyl4tp9gu2uf6jxhc2xay9xqdwt88s66a5yzx,8,297,37,288,,,mixed
pool1wp0yez530qyyxu6nzeej9m9f2sma2w4r54hkw7dfewtts7qqvwc,3,297,99,171,,,mixed
pool1kveecu8hx4dk8pe9rmv4q4tjwr9xmq30nacu2pafeljhypcn4wt,2,295,148,289,,,mixed
pool10ez5uusmzx7ep6pee6hmqr79z5ee0lhgzdelzgptexh9xq3ar4e,3,291,97,190,,,mixed
pool1zd5jmdvhgcqja28at800tle5qltucce5979x3jgdv0g9qcmw268,2,282,141,162,,,mixed
pool1rq6c8ntlsh2xl3le0utg4fpxqhag7fdlpzdykcld7dh9gtz8fxt,7,274,39,120,,,mixed
pool18dqp26atwr6rd7z6suxjmguqy8zym5a3tgtveuazqsjwyeafrz6,1,267,267,267,,,mixed
pool1v2u8x73efaa7vlc342jdd4pdvdp9vmmgacc97tty6cljxrtxpse,3,259,86,218,,,mixed
pool1tlgwdlde3v5aq3vlm7pk8l37tydmjjhucsf0g84xwjtwvwfsmhm,7,255,36,102,,,mixed
pool13lswc5y4zycu9u63ktssp6rnczt97fy54cqk4s2ehwjawg5tlh6,1,250,250,250,,,mixed
pool10pmpya78vv23pngluf7hwpg9lerepmqdmdu47huf5vsskt56wzq,3,247,82,247,,,mixed
pool1nlv8mxyx5juqe5aua9tplr5j9ar4wy950zlya3ul94wkgqmf9z0,1,245,245,245,,,mixed
pool1ap0mx7frdu2mhk6f8rp3psy6wkd8t560dgh0cwnlxxfswtqjg9v,1,245,245,245,,,mixed
pool16az8esp0qgrt3vwnpqmn2n2z3h7nexrhm4qn8xrr4sds6tj0dxa,2,244,122,244,,,mixed
pool1k7ku4sqvepztwqfvqj7wjadcsw96mancwyf8spty9tm0jfnwls9,5,241,48,241,,,mixed
pool16ga833sw8tzuvv83gq2gp6zyuwhj3lka4nevnauj5grpuq8y2al,3,233,78,199,,,mixed
pool1q8xqp4w6yzt3z7wd7359ywn6xfke2qj249gyxtru684ruk8kazv,2,233,117,208,,,mixed
pool1llknxwa7zzugc52mnv3lpxgh7az8wnqylrxxfqhzzm9e2eufug3,5,229,46,86,,,mixed
pool1ysnxzyr2ck49pxafgq52tt8wzdhpcsqw3jxdftf7u2whgtmry3k,4,222,56,97,,,mixed
pool1g637quu9s4v8e30s8y2jg8zfejsne9s8mg985q62y8jfu4khtqg,2,221,110,221,,,mixed
pool1gwljutrkqx7km7ec2e8u93y0tvd8w07mgz2aaeqj75h9q7tntmq,5,221,44,170,,,mixed
pool1eeflu4eaztffgd33enpsfh4nkta6t5qk662nddqqhjyrgdgmkc5,4,219,55,128,,,mixed
pool12zgtcv0cu5caet8y2tna9l0jhthr46zpwh49dh0g4ew05st2t2w,3,219,73,219,,,mixed
pool1snauzgh8r7tww3emfmdt58dt4hpvyjc23j0nj3h0ql2wwzgdkp9,2,218,109,218,,,mixed
pool1zwvfvst3jldarh3sgjn07c3vk5yw8jz6p9m9xty5cakgqed6c9t,3,215,72,215,,,mixed
pool1lcl9j8zzqtcd4g2gf5zgexcqmnmjtvje707hupngymjhq43yk3s,14,212,15,117,,,mixed
pool1mgpcx225587y9uf2zcwrputd3kj70jfpf654ca86dehuw5qk5pf,3,210,70,207,,,mixed
pool1ajjz83zx620n7fyr0gvfaz0k0udc6x09rdnkqrgaxu9qwcz97qe,1,206,206,206,,,mixed
pool1gn4vygcs9trs7pzzdcwv6djr69eq5ux8dmwy028zk5vhcpgn8ty,1,204,204,204,,,mixed
pool1h5xdez7j0ncewgxs4m8fykjt9jzuy86t8e0m7m7m2l79w4jzzk2,1,203,203,203,,,mixed
pool1rcg65q6m4y2w49n0nvj570xfa3hsyarm5tjnnumy4xm3sw0d6lu,3,203,68,203,,,mixed
pool1eq96x3rdmq0dxdyx0wwwy064p2jzrlg6dp37r5uwhehnja29fxq,3,203,68,103,KTO,community_branded_fleet,mixed
pool1ylcl727memzjqypjaxg0jl0l40l3gy3vmtt0llwpjufwwdmptks,1,201,201,201,BLOCKDAEMON,ivaas,mixed
pool1ssn7vj756vpv84h5vgkkvv5rzk0zp6pp2kdrqwfjsffu60djyy8,1,198,198,198,,,mixed
pool1tjd4vxjnr99jvlnrh35gmg7xqmphxjyftpdfn3mlv3zw60yw5y4,1,198,198,198,,,mixed
pool1aczlsvfl50xtyfuff4vk3d0v2h9r78hr269ycxwgx00dcng4u9d,1,198,198,198,,,mixed
pool1huxl069mddvz0n95zg95u6gyx7ycvy0f0z0rh8md9w6kyvur9h6,1,198,198,198,,,mixed
pool1rek8m67j3lrslpkrv5twxr5adpt2r5k3qq2huh6vgx8jkcw4qc8,1,197,197,197,,,mixed
pool1vgryztjlm0grah2g5gngd0vlmy4z3yrsm42h00hn967e5mqk4nq,1,197,197,197,,,mixed
pool1dvp46zdtmzwkt6x74g6dzq7cyygp5armhrzh2t5hm8scwtxvsnt,3,197,66,197,,,mixed
pool17z4hzv0544uxx8q7yhedvsrtdavtz46nzwqyp2rgtku4x6d0zcn,1,197,197,197,,,mixed
pool1qhnjcmyy9xrf00z4uj66yedje5ue2ukqte2hr6dmty9a2gz7tu5,1,197,197,197,,,mixed
pool17p4syst04f92ylfzlcn8qwq8w5muxkwqn0a5fl98ksxhwj6y7g7,1,197,197,197,,,mixed
pool18qamc87vnl2sjd888f3gv4ssh4qjww859z9v6mr622fvjhemunh,1,197,197,197,,,mixed
pool1xzpjn9f5nk52lnfzskuxey3r3h5fh8z78389qsd6vwyfcqum796,3,197,66,101,,,mixed
pool1dadfsnjauzhgcvz5hkrulwevpe9mk2a9rsxt24pawcy7zndhll3,8,196,24,148,FIGMENT,ivaas,mixed
pool14rf039l9kskejp4g7synrefujghemdwkenx544gywgp9cttert6,4,195,49,98,,,mixed
pool14y3wr9lkqyeg8z8pwuprmjwahr0ydu0pjs8usy2g93mugtpx622,3,191,64,162,,,mixed
pool1z26udkezqtry8xtca2u9f807ptf0llcv70rnr3j2357gqgrs79f,4,190,48,173,,,mixed
pool1xply0kq63yvhwl6v090yuf4mxwrq37rse75w69ddw4k7sxwnxd8,5,188,38,117,,,mixed
pool1wxzumlr95mjxhgxnd6cmxcey38pwe5zwu0ly2mlme07qy8n00r9,3,188,63,125,,,mixed
pool1xamkqfkkfm4eldv88jhdcm5uzs8kd3p776e789hqv8yfzjgqh9s,5,185,37,119,,,mixed
pool1w65amkyxhlstja5mp0vf7q2av5tm0m6zjsm9pll3xw36x6g8qte,12,183,15,109,KTO,community_branded_fleet,mixed
pool1qp7ge7rwk8ht63v8z6vkyw3g8em5qr5k0z0l6ta8mxjtzx4dzy8,5,183,37,115,,,mixed
pool1v2dq9rex477rxqh7f8wwyprtc0qvxr3vvysvep7nj2qu68zdfaf,3,178,59,171,,,mixed
pool1j3azwphh66wk6efre3ezjjw8mqljqmnxe5qr9tyfmjdq6eqe5fc,1,178,178,178,,,mixed
pool1u9vgtxyupd36czsdvh3h9zr8eakdqesug8j6k2nw7nszy97z4m0,3,178,59,144,,,mixed
pool19xhza3f7nye6j5p6stsnkpvadejztnqvck0ge3l2uy9gvsvy05f,3,175,58,175,,,mixed
pool1mlw3uh4m8qy0jlc8x0amx58gwt5xz277ya60xk6xv5daxjzt2gs,2,171,86,121,,,mixed
pool1j5tw5wwfvk2zllqycg0cunu8emtd5g9tgymp0uayc6nzujunrhq,2,166,83,165,,,mixed
pool1qd9yemufpf2fctpd2zyx9v2lv3h4fne3v8jplse284gqxk8ketu,1,165,165,165,,,mixed
pool1v6xpvq7argftng40s80804eyf4m7as45292las40jw0nxte295m,5,164,33,106,,,mixed
pool1s4a3y5ktdg7s08d6mntkctzc739h5n46t930jggef287cwz8pph,1,163,163,163,,,mixed
pool144cfav5vd6vwaej6cspzea3pjfvdcjg86uzv9phxegz87ynw2zz,6,161,27,95,,,mixed
pool173trwz74lv2ncl0dn5fqvgnhqtmqu3yvnf6dpx7k6psuwhzn2fc,4,160,40,105,,,mixed
pool17dqwaa26crnkecs7lydfr8826k3evkv5ypdf7wx8fu5mzexxa2x,2,156,78,155,,,mixed
pool1thfkd47x8s84f2vfpxr6v0sfvhrtlwxdv0r7mtjaqvglgpuh9p0,2,154,77,146,,,mixed
pool1y2433yepkpw5xwps004zlz23xuja9xp2ckplak5lp72qss37333,5,153,31,99,,,mixed
pool1npx8wwtj8knlavx6h7spcj7sk6n6dd5qa0npk9fcdefd542y9vx,1,151,151,151,,,mixed
pool1fjxud865hvsg3us4t5ndv6jhjcssj5rg2eq783664wpn720deqr,2,149,74,149,,,mixed
pool1n8xmcjuadnkn8kk9axtjt3ahx5amj4nc8446grdjzfdrzl77xh6,1,148,148,148,,,mixed
pool1g0fvxf4ewt0j3hplp09dv4ak2uv5ay3ftw8upk80d8kx2ca5syn,2,148,74,148,,,mixed
pool1ye53d6kl460egekdnunjl4tx5zhs5puze8nqkfxyjuae7364w74,9,148,16,146,BINANCE,cex,mixed
pool1f4pxpxcee0mhwd2knwqkwquaj35enlstssc6crsmt2tvv0pwymt,1,148,148,148,,,mixed
pool17edtg9kt83mpguyh87u6ju2fkgjta4jjmmyzj9n8tsf4uwalg7h,4,147,37,113,,,mixed
pool1g6czdusgxwskqy8evsnxvqkg2a70rpjtv0maauldl5uusmhm94a,1,146,146,146,,,mixed
pool1jwpt6qmmkvfusvwan4f9pfhn7pljsm33lcqf7ftya3mtc0fs2nz,4,145,36,122,,,mixed
pool10pxym4rs92lj853juzku38z58d9n59ra55qd2mnm820ljx4c6h9,1,140,140,140,,,mixed
pool1n6w5q9hw3gj6574uts75mkyrqcm702n240fxlk5df4sf7a7vlvk,1,139,139,139,,,mixed
pool16j549cl7ftj9ejw9sx5v50zjyuh8l49stmakrfrea4rxy0e7us5,2,138,69,104,,,mixed
pool1qvqpd95v4k2ge6unntpettve72ntguk6qp9ktet572e7v4v9de8,2,137,68,136,,,mixed
pool1g2zsavkscwrzz0tqqwwykkyganyedlzgqc63fneq6nvzc7rwdzp,4,137,34,107,,,mixed
pool1tem8k8927zvn5jg22g3mxuzhnu62jdnqvn523dduupce24vwlrl,2,135,68,135,,,mixed
pool12te7g032e9dqjqe5xsr05mrk7xs9ve4w6t275cda7e9quafr3zq,4,135,34,118,,,mixed
pool1s7vl4r9vr2etmr2pfhcvxu223e8asaxu96te3urd7gh3c2kl74a,1,133,133,133,,,mixed
pool1nhstzc6dk7d04k83yfccyrylzewhpd422kall4u6a5ck5c0pw3q,7,131,19,121,,,mixed
pool1chdvqec5lwsxuedrdhcdcxg2295tqrce9lcz3luru5fruzjf3wr,4,129,32,112,ROCKX,ivaas,mixed
pool1rq70y0sj8fnjgnuavsjtvk2qm6hjw2r9zfacd46z6z8c7tlgcmx,1,127,127,127,,,mixed
pool136mu955m4fl6stzq9rjrsww92xftwnjr85997zykeqylc9h3k8u,3,127,42,124,,,mixed
pool1njs6ejpvdkt3cee7u8ekqyunmufm82jjrehtg42xd28m7zhzn5v,1,127,127,127,,,mixed
pool1hd5r62ktu43k53tskpr8xja8pyt5k6vws2fxylqm7hp5ye954ea,2,126,63,119,,,mixed
pool1uwk437q9npu9yhsj5r3qdnkq6r47wvyfzjp0c52932esg5rgnkx,3,123,41,107,,,mixed
pool1llwt52flj60vwd2tv3z4qzynu9p2njvsm95cf603zemlua4f955,3,123,41,107,,,mixed
pool1r2249l40de8nlj77u77yzk8kxl3av4k09ztswcuqfexzcxwx3k8,3,123,41,123,,,mixed
pool1lzg07gaddygem6f5ch60yv0l0g2529af87hqgw6gkqdmsfs39z9,1,122,122,122,,,mixed
pool1ymmhkw7r5xj372w7gwel66fwtvqw4uv08j0fs2wycee96qv32j5,1,122,122,122,,,mixed
pool1p39fgnpatsmyln2nyhr64elqfzxxk8q25xtkny97qgnlkllaxry,3,121,40,121,,,mixed
pool1v7v9248nczqdplztgn7fwf4x4sd59utl0rx4uj7wewslxruwplu,2,119,60,117,,,mixed
pool14pwff25hl70dusazjckjqvzft35ew67t33x49hwjm5j7y675ere,1,118,118,118,,,mixed
pool16zjsdvuxa39w9k48c9ds7sne4c9lhclmmcly53cdat4nu7l36f6,3,117,39,100,,,mixed
pool13p8rkc9nv8umw98qdvjqv0tmwgjmzlmyedrd3m50pjpp58ek53a,1,116,116,116,,,mixed
pool19d5anp46tkzvf8xmqmxrtedr6lvw55snk65zfep2srsd2qe2wcc,3,116,39,79,,,mixed
pool1r9dfv5360alp5dh020k050d4n4yh9h4gms9lf0srm43z5zk4d3s,3,115,38,107,,,mixed
pool1ju00mkurj9t920staddyd3ln9r98kktx38jrer0zp82eg8x36jf,3,115,38,115,,,mixed
pool16vxqq0ttyvfkt84f6ksncskgdk0r9w8ulaum0af8cmmfgsf5hua,2,113,57,102,,,mixed
pool16m6c5rcpm63k2606lkqadg3x5pykjwr4pthhj9h4ancquafwhjl,4,113,28,110,,,mixed
pool15mkly3gw008dmxfrh9eycl5aguyfm0rhdlup2hzukjkrsfdxqew,8,113,14,110,,,mixed
pool1gd3nuzly536f20e4kpm4ctkgv0ywes37qms6g7cy2f0xxf56nh7,1,112,112,112,,,mixed
pool1nq0jx33p0sfa2fux33yklkzssck4kfgaqlgnlc0a7a9ggqzhgnt,2,111,55,101,,,mixed
pool1q0c5nnpfpyl8ks0fdm0h2p833yxj0gll237z362yluvs2nt65pp,1,111,111,111,,,mixed
pool126ugnr0nxjxz72jrlzrqetqx0exn43t5w67u9vuq23xex4ym7dv,1,110,110,110,,,mixed
pool16jczz0dlv557vgywgftd4m3vwnwjnl38wpn7wu5gqryz7aedahd,2,109,55,108,,,mixed
pool1g0t2a93g5e2j7wj0clmk73fhd8cjcj4xn383yt7xvdyhq37m0kk,1,108,108,108,BINANCE,cex,mixed
pool1gavc60d7mz7vvhsh7grcrc8pmcy0zugrnxh3dklwx0sjsdva6sj,2,108,54,98,,,mixed
pool1rsrmpq6jnxnwh6z8wlzphnan4huyz6pymcgna2p5m93mz780xkw,1,107,107,107,,,mixed
pool1gqp9e65nqy0q08dvqst6mk9fyc96sdels5drncsdz5d82dpw5gg,3,107,36,107,,,mixed
pool1van29pcguetr6gwnyfwd2g4f68rt3vkgtvu9wjdj0xwpylngsdk,2,107,54,107,,,mixed
pool14z5zuqy98d956cktyjuztaj7u4a4wje88c8ewznqdh6uxwlpnj4,5,107,21,100,,,mixed
pool1ztz3370gwds2v7hjzgtns33f7kw0qp0zjx34esg3dvlcycnnte5,1,107,107,107,,,mixed
pool1x96hyvvamshl5ymcpdshz4ymqjp33vvz9s8dx06xxwpzzkhgra7,4,106,27,78,,,mixed
pool1xdwe294ntvnken52vsaar7edxpxeths4dvsm84pm4chyq70r0ny,7,105,15,98,,,mixed
pool1t2e4v7ajh38qhjswqaavjqfsevyllhda24t2s2u6vhsavyhhqaf,1,105,105,105,,,mixed
pool1mzf0vc58p7ktgs5gqzqrcwtrs4xnlpd5v9thzl7gahqj7f7aqye,3,105,35,103,,,mixed
pool1yw05sn4p9972p6lsdw9g4twvwxdf72rqtfuvwn0wp736vh4azfn,3,105,35,95,,,mixed
pool1zlsrcv64qzzahdky99r3e2m0wd68uav3d7f5nxegalhj66r8nnj,2,104,52,104,,,mixed
pool1clkt34hufs3k4gfnd2rl8gy9zlzzdgr9838y0k2hwfuhy0mh2t9,2,104,52,104,,,mixed
pool17qyahrvutlsyq7c6ceynac8ay4qkmxkd2sh43w4va5yr255x437,1,104,104,104,,,mixed
pool1lz95nzjjmr6449lk0avhplw9678m6kxghvxzg2yfcmy3vl0k6jl,1,103,103,103,,,mixed
pool1sk4s9cmjc9s5uw5zju76tnu3hjc7qj4geaeq7psy9yjay4a9nwd,2,103,52,101,,,mixed
pool1eww2f6gu0g65v5l6xvqhuqq32qg3jeyadzz3jxlfn0e3739337k,1,103,103,103,,,mixed
pool1rven0s3l30qawndj2m8v0fwgc8rsthumda72l4wkgwdhx7qgdjw,1,103,103,103,,,mixed
pool13ds97sp5wtfpu7x720pj843ax2chfrcj25d88a39l8czjmg4gkf,2,103,52,100,,,mixed
pool1qxpzlkxfem0q230hjp9f622c6yaej8qycwy34nwyt98axedf78f,2,103,52,100,,,mixed
pool15l7f5vd5sqchjqys6x5ygmdgs88q4y6ndwc7xy9a05y2jfced93,2,103,52,100,,,mixed
pool1xkrqy49edygfumvw9jxna55c373cmckzqq92m57ng82ycpykcmz,1,103,103,103,,,mixed
pool1jkltjlyk484wpdrhe20sjmgqgxhw0zx8lx6tml4wkprt5z28tvw,1,102,102,102,ETORO,cex,mixed
pool1erd30yrzqx4nvevnqu3cxmgv5nh6reau5ycxdulde7vq68zcrlz,2,102,51,102,,,mixed
pool15jzfzmh3s4vnhm2qm3p5e0632kv8nuw2luxarqrzpa8a6cgnthk,4,101,25,100,,,mixed
pool18v6rlcg506atlkkhy8sdgtnm5efzjjjshk9axyvp8fa35txspr8,1,101,101,101,,,mixed
pool1856hr68ypjteu686stdagfpv2sxjzguwzjxu946v8wdqzn0f67s,3,101,34,101,,,mixed
pool13zagy9a4nnhgme5wcnl0w3xzt523yn76jxh52360rryexc9f9dc,1,101,101,101,,,mixed
pool1rsm2ara9zm9tq0gupcq4c7e3v7c8lwxlgjgh2zalgjf3669rlwq,1,101,101,101,,,mixed
pool10dzswwk8ycrxfv04nv44fjpqdx4j5euj406df0xsq7xyy0r0ta5,5,101,20,98,,,mixed
pool1km88m74x0l6gax9whuw9v86ftejwztxyg4arfh5cartjv8eqsze,4,100,25,100,,,mixed
pool1p0jc0n0sqhj7fhm8sng8086akyyrsl085cvd6ewskhhly9tn3d0,1,100,100,100,,,mixed
pool1es7867e973f59y07uwn04sylwd7myrv49q76e3jqp4a5ktvzpeg,3,100,33,100,,,mixed
pool1t9ve93m48au8m4w8x0m2exh55s0tf2jjk5rwj5hsuqegvvgfq4z,1,100,100,100,,,mixed
pool18y056s0echkc44dwnnd0hwanmrlnecxvkluwn339ukhnwnaz5v6,2,100,50,100,,,mixed
pool15jlf23neurgga440wxfux2g4pk0pwjm0t9mvvzvs0npvy59mdpn,3,100,33,98,,,mixed
pool1cejaj3e490r9ejf854k3pw0kagglczuaqp69g6g5jzyfxjxgn4h,3,99,33,99,,,mixed
pool17d6yemu3wsv9t3lf507z6vuu00slpyw3qstavfdtztjjy42qcp7,2,99,50,97,,,mixed
pool16jhjt6nly4s5thsjc0yek6h9prwtkqhq6dff2mkjypweut69zh3,5,99,20,97,,,mixed
pool17wdqcn6xjym38wlry6t2ull00fg7ghqejd0xuy4p20djyua800c,1,99,99,99,,,mixed
pool1uda4kkzqn52fuyrwuchjxykdly8vj46yv3rc2h4zp9raunz4sgl,1,98,98,98,,,mixed
pool1wamhqzxcn7psr3rrqvg35wwjwmj8qktnvgyncj2vzyaqx9hkmsz,1,98,98,98,,,mixed
pool1hg9yyezrm6dslw9q767n5tlu0qk2ccvd4k9946vv7ymgvsvnttf,1,98,98,98,,,mixed
pool1svzk9ckds6r83nvg2k7w9hszza2haqd9zu7fuyg37e8gg3dylrf,1,98,98,98,,,mixed
pool1xt0z35f0ms6xt5r8swhtd2xcymqxvk42m8fk5q8fnw8hjhr6yax,5,98,20,96,,,mixed
pool10fsg5ykzcjuzq5fzm9vj6d3yd0jjqgg6qnza6u8wtq0677vam2t,1,97,97,97,,,mixed
pool1ctfxzwgqakxujmn95dfvprcm0h3dtzjh408apk0cewl0c4r6gg3,2,97,48,93,,,mixed
pool1w9ksllt0ktnztjdzzlzaqfh7tzspu09xf5l08flz0cadyq0dv3j,4,97,24,92,,,mixed
pool1k0d5szkmzsw6035ytsm8dv75d4ewu5gkm7c7dhsjug9uvkaunz3,1,97,97,97,,,mixed
pool1ps3quyamsmn5cvp403tgjzgpfwha5u4dr2zc3wtts5kgqc078se,1,95,95,95,,,mixed
pool17f450fgggph94ectjspqersd3u88cggvf3nu45k3xj2fwdqxjpp,2,95,47,95,,,mixed
pool18nx24xhkcewezxvrjgdpt9pgt69pefr85m8qa8fdjd4m6p7egw9,1,94,94,94,,,mixed
pool1g04psph8yjpqrgvtltqxrgh6vtl3uklvl46ng6ttrdhwjuvelna,1,93,93,93,,,mixed
pool1g43yqk4yuflm07faedr9qsgwdvjuw4welxae2vcv7ymyj27q8mg,1,92,92,92,,,mixed
pool1pk6q8vjxu0404jzq0dpt7fceyz9yu57lmx5csne8tmce5nx523m,16,90,6,67,,,mixed
pool1tll7ysfwe8cmsh7g336fh2qxf4jsxap5ssmhzrs9jpksg2g86zt,1,88,88,88,,,mixed
pool1n96ql32ct37n8w0l9ddhnc2t8tv0uyd6kuhzua8uxy63xs35wgl,3,80,27,78,,,mixed
pool106jtt06k5wjpqc5r5fkz06pgwhwaljzs624mnfua8fkhq0fl9am,6,80,13,52,BINANCE,cex,mixed
pool1qwn9l4vzm4rsrd5kexuafqlsgg4ap877vsunqpm4yq89crm4aqr,4,79,20,79,,,mixed
pool1h8625k6vszveym92qandxwjv3wmnekc548yzcepr5w88ys824pg,1,78,78,78,,,mixed
pool1u24fm2el64cd906xn9fjg8m8v6nra5zj5mpl0363un2jsyyuyup,1,77,77,77,,,mixed
pool15tn0nlazaatulwq667qdfs597pqlrgn62at0fqv3lvz5cg9l30m,2,70,35,42,,,mixed
pool172vhywk0n2m7r47a8wq78xzc7nnytu3x78wyftmdedvjyzxjc7s,2,70,35,48,,,mixed
pool1eggah53ghqwlsm2u4upwnm3s9et8m5yd4p56shaqtm7vql6zm4h,4,70,17,63,,,mixed
pool193spq4aagtqthqxnwzat2n53ugjkyx8d42wqu6wm8lckj056y0t,2,69,35,66,,,mixed
pool122gfj3ynz5ch8cfkx0tt5dsfpnf36sujcvrvxzqjm28yym8vv8x,3,67,22,53,,,mixed
pool1qd3hwt2hvkt2jn9lktcjqpdk9cz0mk8qdue35x00p7ud5g0268s,4,66,17,62,,,mixed
pool17lue2fr93qlstfjwgstpkt22y5lg6h44ry3rz7jxe0mqqnq53wf,1,63,63,63,,,mixed
pool1u7s8etmnm0y0ktls7kkvx2apnep5ercy7wwyljgw407yjzjastq,3,62,21,24,,,mixed
pool15zrj43nldc357nas0g7glm09wqhtyexxs64skq52mtg6sdrsjzd,2,61,30,54,,,mixed
pool194x3sx05hac6fhy37a7umfj55uaac4qf2ysp5fl2gyq2x7n4n98,5,60,12,32,,,mixed
pool1hjlkmtquuanfvvumfwsu395gdrmt36kda0x6wwwpz4kqctg5lyy,2,60,30,58,,,mixed
pool19sk7acvpdxszed5hmckt0wmqxljalartue7d7d4a7qhwuw0n0ws,2,60,30,60,,,mixed
pool1dx5t3yqhzh3v5ch7add7836tg0ey255tjz87spjvws4j2gjp9yg,9,59,7,56,,,mixed
pool1l5jfc3zv4nue29uqh32fvz9khstd24azmxjltus3s90ckzw37p8,2,58,29,55,,,mixed
pool1je5j68dcgm0hynv4fd2t2xsplmad40adneu68vp3h4nlcdaznwc,1,58,58,58,,,mixed
pool1vddluuhcfrrflgmnczgzz472rc3g6h06hzz6hcv565nwcrelvma,1,57,57,57,,,mixed
pool18lwlvq4j8yxgrsuvyqntmyq7wyeql5t9nhmtg0cx0uqa6n5hplm,1,57,57,57,,,mixed
pool1fvuy9r4ndp432yuh059q4fekh42t4d42qjhgz5qxlr8jctrp5l2,3,57,19,56,,,mixed
pool1m5chjwkxs3w5l43uf4y9ys2pprqxv86ffdm0fr4n38np2c7mhg6,4,56,14,47,,,mixed
pool1ufh42ppqnet625mqql2fkc79p3emuqsnmf6s6ugxygqa75xgc8c,6,56,9,48,,,mixed
pool1hut596zjmx2eunuwt8vjnh953ezgtvc3cwv3nat8cepsc2jeaxe,5,55,11,37,,,mixed
pool1vru3p8sswq5xkr38ceavad67t6krh6m6q0q42p59e6htkld4yxs,2,54,27,54,,,mixed
pool138e249zh9l93azsf2pf7wyhxyayzcxdhsrg3vqpfx665c8xa348,3,54,18,54,,,mixed
pool16r36znhvh3h2lk55vu89hsx3ug94sx2etqv9s2006d8awufhaz7,1,52,52,52,,,mixed
pool1fjdsl4zajjt5rv8panvnp89g6pnvt2t3e6za8hcf8yw2zncnl07,2,51,26,51,,,mixed
pool12jzydsj2yjjn59zefvgz2q47rvfk950xckm5x4ejcdvucueg5c8,1,51,51,51,DAPP,multi_brand_fleet,mixed
pool163aacna7n8tgphz40prapjgkrkpvsfttaqt56yeg2psd2umnxqu,1,50,50,50,,,mixed
pool1waplz6cz4t2uss0qcst8wkqj52rzhy9vfr5jr9se9pjx7ucjcfm,4,50,12,50,,,mixed
pool1wc2kuqz7w36j4xc7x8aqekgjhmy4ggknddqqfuw4mr3pu9f8wxn,1,49,49,49,,,mixed
pool14nxj3szga2tgllwenjgajfl3y4t570yghhyk36d2heuqvy63wl3,3,49,16,46,COINBASE_BISON,cex,mixed
pool1klq8yy3rr6k4ez7uwkzz5ku3yuym3eeg6g2ne3p9f4hnzfycfkl,3,48,16,44,,,mixed
pool1aaa4rk9exk0scgjh7a247p4hdgkuq887kau8vnf9c6xqcjwca7e,1,48,48,48,,,mixed
pool18xwr0zysfyyxsva6sta7alezd44nsa5nasewmjxweg9sgqntlxn,2,46,23,27,,,mixed
pool1kxzfswkhgcmyahh6lfjpy5uxh75qzsnlyprh3450av9jghsda89,2,45,23,33,,,mixed
pool1r650ja5y4jy7xd6srjz8ujkumy8xpk8kqgrxu92g3nwyk5jf4zq,6,45,8,24,RAY,protocol_project,mixed
pool1yztpevpmfyyz2eu4dklmgfx8g0q0vme7ppdsnawcpnwxs3vfxy7,1,44,44,44,,,mixed
pool1aga0u8m7rqpdvkqa7qfr8rhyweyqlg3jxt3skfq660vdczwzyca,4,44,11,37,,,mixed
pool12tlu3dm864fzxgcjp9jrsykcmcvxskjtqwy07z982avqx3n9dp2,6,42,7,42,,,mixed
pool1je8qh9d4nawl9zstsg3vyan3r64lyw9dzruw0ulxvpumxa66l6g,2,41,20,32,,,mixed
pool1xlst0jw9safmz3c8m56zvl4m65y306dcp48hdks8ursmsz2awm2,5,41,8,13,COINBASE_BISON,cex,mixed
pool1ydgmfmxpuateqwz028lpgypsdchs5m0tzes732qdragdg4jp0uf,7,40,6,27,,,mixed
pool13xlhhdl2phz8sup0hwcuhp6c4kscrtxs6d05n99hnmuakfkd6ws,3,40,13,22,,,mixed
pool10emzedn7jczjrk7x7687mzwpqs2qfk8dnmyuf3ca7ju8cx79z57,2,39,20,38,,,mixed
pool1y046n8u3uz552nmhz9wx7jv2gn9lytyvwlntetkyavvq52nzqzs,4,38,10,36,,,mixed
pool14h7cjyklnrf2ylu6g2z89n5zckeyprw36lstw7lw5kvqwc4xw2d,5,38,8,35,,,mixed
pool1qkwseukqpnezhh9gjcuhtse7wp7v8m8asgekl34lh3f5xnnl6z2,4,35,9,20,,,mixed
pool1675wjgy0ggtt2l23eeaj5ey5l02qj2ra48stvc7fyussslr0kq7,2,35,18,18,,,mixed
pool19tkfl9x2dkk07z43rvamftvnyu5vtcfatdpsag8phzqvgpdklqq,3,34,11,30,,,mixed
pool1efj8td645z33mr8h0ww5y5s0lz6jwj7e54cj4mv44s2269r7d4f,8,33,4,25,,,mixed
pool1njgax5g706nhknujnntnrx0gyu8zqvrhexwmmp7qrfhjvaumfq4,1,33,33,33,,,mixed
pool1kcrpxr6rqyqu0zlpdflma4565qrxtz4u4whcqhsan6335g5uext,2,32,16,31,,,mixed
pool1p2vgec7gamn3zq0pgevauvu5m7gzhzwal48sutz4hc5tk54vnxn,1,32,32,32,,,mixed
pool140d97glhjr5nws8cdhn70h4nk35vmmmvqe3zwg43t4caxt0m7wn,1,30,30,30,,,mixed
pool1hqlvn3qndgkne52uhe5347nlysmmec73ys9vduk96rs4jzjjyxm,5,30,6,12,ETORO,cex,mixed
pool1x9kerklpmyrzx22z944l9n8x9gn8s597vqy4hsllujetue8e5g8,18,30,2,19,,,mixed
pool1czlxfj2dyc2lt2gcrhhxyqhgzcpza845yjr6k262e2vqsysrylu,5,29,6,21,,,mixed
pool1fmf707pca09wmv6dc7ap4kxf0j648374ruu6ahazhpywcngt780,5,28,6,27,,,mixed
pool1z44fjvz77atzgwcwmwtls7skggnczlx8e30pugqn6ugajjrzgc3,1,28,28,28,,,mixed
pool1rg4h4fc9j70w3jx86s3vc8vzd7hxwd4sz4j80d93hk7j7mm5dx2,1,28,28,28,,,mixed
pool1h7nugww5y2q74435nadg6gggsj20nj5v3dq0w2gjwp3qvrpvgzh,1,28,28,28,,,mixed
pool1j5kx7rp08axydqevxhmujs5vthfv5kjzq2h40edpychlxg5twqw,6,28,5,16,,,mixed
pool1n7zhzk2zyvqywfj476s4xk9h0xzncsq37469d8cyg37lsngvvqp,2,27,14,21,,,mixed
pool15xdvllxmlzhz0ct3u35wv3gmzxym06zwg3l6ltuqmcsmv9jq527,1,26,26,26,,,mixed
pool1nnfwte5lhr8rxjye4a8m8krt5fsu6fs2g39g6ccq09nqqf8sekw,6,25,4,15,,,mixed
pool1h4n266z2xz0v754qf8uu09cda7q68gpymt5dlf4zxcvlg3hq3r7,1,25,25,25,,,mixed
pool1f2pqecfn9x8kzgjeecyjk7cnqj0nyu84uaj2ptr0xdjr5w9qepc,3,25,8,25,,,mixed
pool12qj3qpa2ca3jq8nj6p5psjrx7xu7dvjm25xra5s0sxxps4qx7c8,1,25,25,25,,,mixed
pool12rt30v5khmh2y9nap3ffe6envd89lq9qf8f4usr0enwwzzwktsu,7,24,3,18,,,mixed
pool1rkknx2m6h3dw6y6t8ux6fx65mxamgk207mdwtcc3yvas2yyrvxp,2,24,12,22,,,mixed
pool1pvg7uqf9a0ms24xcdfq8f48p72csfslgz3gzwlmfee5szuda0du,1,23,23,23,,,mixed
pool1j55hm5wkgcegrpn25nnfl0rgjdje26fhw9uxmgxf8dez2uups3y,6,23,4,15,,,mixed
pool196fz9gd7n0jnn2rwpcqqdyf9j5q3na6qwhhy0k6j9ysx5f3u7r4,2,22,11,22,,,mixed
pool1v46s6ak79m3mlv65pjh7ypvsp7n6cc62a723dpwmhtn8uy4pld5,2,22,11,22,,,mixed
pool1g59d82m8c84f2ds6l50mng863h9cxfm88khxyhna2l9rzgv6030,3,22,7,17,FIGMENT,ivaas,mixed
pool18sqt4qwprlt6ytg8pu2qpz262j9vhlzmtwn2fwvhpcnzc0u5ynw,5,21,4,21,,,mixed
pool1aqslsnawz622pd8367tgsu2atfm3lgk9xcdw5rh3c6rgzca33yq,2,20,10,10,,,mixed
pool1q6ydlweuzytf4wxdnr9h7qxalu7v3kg4c2t6m7uysn0r67jqx62,9,20,2,17,,,mixed
pool1l5ktcfhhsx66ms6ugguusytr0nnsy49t2684avev6dak55jc00t,6,20,3,13,,,mixed
pool1l54esv8h5xjry9ms3jq4mnf49vwt3yuxl5fdudp7jpdx2swuaah,1,19,19,19,,,mixed
pool1qh4jvncd9chmm5ru3sk3cqxuat83vj8v7rgl4x5lqfepcywvc9g,6,19,3,12,,,mixed
pool14hpc9wgnwy0w3jrlcqwftyufm8xs5qena4sax5hx7e5q703uuml,1,19,19,19,KTO,community_branded_fleet,mixed
pool1h08araxldht60j00vp8lzllmwyevjwqd5zwyprc62536gk4s5ge,6,19,3,10,,,mixed
pool1620fkxluaftsvz5lge29tjur3flwa8wydpzqy0zd4cllxx2w3ma,1,19,19,19,,,mixed
pool1cljrz5vyw7jp2mp23nt9ywn2wdg5ulamhalw6d3mng326laxs77,3,19,6,15,,,mixed
pool1fwg2x8pwwxverf0wqtk3pnqtywlah9em3ywyvhskafvm5z3e7kr,1,18,18,18,,,mixed
pool16g4atk6yaj7hxexrlhyf96gtxts3kjs5wszvxmq0paw3xdre68q,6,18,3,17,,,mixed
pool1tgt94w0gmhmg5yw2v366fsl39yh90ktxr8uk2xsx3alsyh0tywg,3,18,6,12,,,mixed
pool1gprrm7gehg9wlupqsvyf59l52q8wgr3y46p656r66t7zy7j2z66,2,17,9,11,,,mixed
pool1ryyfhgm4rqa9pnykxuhxcmy6rdn0uyltufm9t86c6uskwv3aame,1,17,17,17,,,mixed
pool18pwq8mctjyctx00rl36e7r7m046mg34365amyaluw0n5cd7rv7w,1,17,17,17,,,mixed
pool1spqkpaezku3knl9ug7txrlyzr8kkvdr0h75yyz262cx6gls6zlm,1,17,17,17,,,mixed
pool1dv4yvcrl2kefasd4qxf8pzu695npqqfdzvlyauh2xqfhgf6ng8d,3,17,6,17,,,mixed
pool1evun4ps8xa0dfpj2r0cw9p94t2pctcvusccsm458enajuw2mftw,4,17,4,17,,,mixed
pool146u0r8qh0jg6rd3th76q6cepwm03nya4pkvfj08juqrz7wxnfv9,2,15,8,8,,,mixed
pool1ga0h4pv0psju8z3j7l852elq92c7xshuspt27jklnx665r4l2q8,1,15,15,15,,,mixed
pool100wj94uzf54vup2hdzk0afng4dhjaqggt7j434mtgm8v2gfvfgp,2,14,7,14,,,mixed
pool1hxlu84r3xhce4gcc4rdqzlwdprqjptd2jqky572g35jfsjrnzww,2,13,7,11,ROCKX,ivaas,mixed
pool1zsfyca7vnftr3ywzhwq07whjev9nau2j65mq6kehnpvvccstlzz,5,13,3,9,,,mixed
pool1mugxe86p0p6fzeesthdzkuk3h9xtndf4my9cznmxtmpvujzlw4f,6,13,2,13,,,mixed
pool17d6xuyhwkvp5g44q5jwukrfldhvcz3equ2tk34yuyrd0jlh4jjy,3,13,4,9,,,mixed
pool157sjc5een0ptynrn6ettx6zr2gl8wm8ymjtwuyravqmmcs45d20,1,12,12,12,,,mixed
pool1s54847dyrcpgxjvsjvhjjqjrkz3x6vevy77xaqje5nugxhp6j2g,3,12,4,10,,,mixed
pool1xm4nalvh3yd7pzczlr84w4jlzymwqrnshlpv80u8s6zex997kc6,7,12,2,12,,,mixed
pool1p98qztq2t77u89vvsratsmsx8hu965w4n7xneg5qu7gtgcdude0,2,12,6,10,,,mixed
pool1d66wvltjn768rm2ywdzpetzx034z7vanrlz8mrpn9us8zjcyjaf,3,11,4,11,,,mixed
pool1gcqq0gt4hmgvq942x0s57lf3f4mhtexuuzgjrsmtj0kmsmqz32z,2,11,6,11,,,mixed
pool16kja6em4zlu8cmlr5la32yrsx5jqpejdqktadw9nv3cwx2s6ccf,2,11,5,11,,,mixed
pool18fw3qgzt4u094hn8kf82n6jye5y96csamj0f20dja8tnq4ad0hy,1,11,11,11,,,mixed
pool1t2mxyjvqsay4yl6vm5gqep5f76nm9wen3452zxa0nu2xugmsm6k,2,10,5,8,ROCKX,ivaas,mixed
pool1lq60ecvs6ake3ntq45sv38v0xq3traf3tvc60vx7263n5c37df7,2,10,5,8,ROCKX,ivaas,mixed
pool1gseulah8qjuemuuh6wf2a2t2k2na7k8xrewdslcljprmcr2fqeq,2,10,5,8,ROCKX,ivaas,mixed
pool15t0vyldspax6eu8mq7f50s4rjk2qn2g7kudl98tjuqzt2a2zpmx,2,10,5,8,ROCKX,ivaas,mixed
pool1pd7x30trlcd86h9x8ya5ch3j4729wudgdh4qrmr6fulh5zm24w9,2,10,5,8,ROCKX,ivaas,mixed
pool1qle9cf4ycvz2ervhjsedsq8kkxdey4a9jxyuhhmj8wanx2xjqgn,2,10,5,8,ROCKX,ivaas,mixed
pool159lt33zgmwm4ehyhr39lw5gv4flncg0lswxrrny8fnc4uun4h74,3,10,3,6,,,mixed
pool1tngckke7m227384rvehwdm9t47zmhuy6w6t9cgnetc3ujlsnwj6,2,10,5,10,,,mixed
pool1rhew9hdp6wpudh22k7gyjtv98r872hca064n8ug8lk3j65ae59a,1,10,10,10,,,mixed
pool1kllc67fn00yqpffw8e9dqnlcaa733h9u5nwx97vhtjlw2t5e56j,2,10,5,10,,,mixed
pool13l9qxpuzd70h7hkjr4ec3pf50w4x6tst5pxc7w33l5lyj4lpmtv,1,10,10,10,,,mixed
pool1yfxhjwwlzr5da82h77jy83nkuryh970ey6zypd89fy6qyuxfppe,2,10,5,10,,,mixed
pool18hk4akqtnktgsptxll625lksugwpc4r30nzjgz4pxtufqgw5gdd,1,10,10,10,,,mixed
pool120s8wucgh9dnshf3xkvffq30lcf4kta9uzf35s44eulezc8puwj,1,10,10,10,,,mixed
pool13w9mcp8af4ef8vwsw624ams38w7hs0chvtjknz2t3pcxkm8w9m2,2,10,5,10,,,mixed
pool1rk2mshek3ln2uahk9xg2r2yf6z5u00h37g4jc2mkyt6yk0r2xw3,1,9,9,9,,,mixed
pool163q9zuwpt9wr8rruuhw2mz6w6em25mhtrv58f8nz9aywj7vzer7,1,9,9,9,,,mixed
pool1f5ml07llzd2ndk5mrdl0gvtkkaq72v2hxusla795ksnms4tae66,3,9,3,4,,,mixed
pool1ff9rrcn2qdvv754al6d8qx8f3mecyeez3hp2nunm9uj2k7tj4pf,3,9,3,9,,,mixed
pool1suy76cpk5lkpsmaqpecygl5j9na5du0xe2lrxd733dlwcus9j2n,1,9,9,9,,,mixed
pool18lc8uxyrnuurer7hr77xqh83cp667jazlghe2qetvzfqvxjtdqc,2,9,4,7,,,mixed
pool17agmzy52u2hh2f8zkuvzrvth94wdr3erlpng50thrlmryqvkz57,2,9,4,8,,,mixed
pool13ehs4gzc9t6tjr5rpynqtyp8act4jfqth54huymasuslj05fu8z,3,8,3,8,,,mixed
pool1vsdsgufhfellves050nf8mh5jzrvwwcq7qlxwkneyp8hv3z4w9w,3,8,3,8,,,mixed
pool1mxv85lq4lvuqx8r83lmwlvqhtnu3qjy0lldhsv83rfnj5ed7vyg,1,8,8,8,,,mixed
pool1jrst9acplgqk95469zu68xv5xj802lqxe682jjsd39z26ddj8ur,2,8,4,4,,,mixed
pool1x9tc05u8dqefrdyw9pgxn72szr7p2peyd7xgqs3l28s76f59c0y,1,8,8,8,STAKEBOWL,cex,mixed
pool1vrpme37hyyysgl4n8uk87p0njvfejc8kswzn5yxmgf4dyxx8haj,1,8,8,8,,,mixed
pool1xcesfga2h2fh7s4es4v2nsu4npc3ayg5x93m4mvt7whn2pfswma,1,8,8,8,,,mixed
pool1axgtae69sdv7tnqru3enjdln0hff9k7n8awlh9xxzq92cdgmq53,1,8,8,8,,,mixed
pool1wsug8q6kjtje0hzwp68lchwll0046t6huua3f7p35fttx7fcwm8,2,8,4,8,,,mixed
pool17xtz3a8ppy9prj4e2e5t5ggk6p68ls305x5pyyxdxc2lut0ltm2,3,8,3,7,,,mixed
pool18ml3ex5ra5wkv00vxx0mw876s2xe0058z37mpzv263872nasmv0,1,7,7,7,,,mixed
pool1euzg0c7npjm9dld4f7n5kj7as6n5d8ts8q6qt4rer50p5p9nr6g,2,7,4,7,,,mixed
pool1c8glhjlfs7lqww0zg7ghajtyf527zrahyksyawnz7l58kx0utf7,3,7,2,3,,,mixed
pool1k0h45kcsfynjfyplgn6qpaw40n3cvlcrdryez04x40ayq6w9dgh,1,7,7,7,,,mixed
pool1qprj52nh0j32p5vq290rludcfz58kujyszt5ztfvj2ymx43649f,7,7,1,3,,,mixed
pool1wpp9pslecqwv4wjr4gfhcsv9hmagz882q6fl6umwup8guxy5whm,3,7,2,7,,,mixed
pool17m2zg7dcg54a8gz2jgkwz2s3fzzth2gyf466k7sy4dl7wchp3lv,2,7,3,7,,,mixed
pool16dk66d47thmteth783kt2cw9uh0zc4xsdvlqrwadz7vnyaev8cv,2,6,3,6,,,mixed
pool1aksxtgqz36vtvnf3rrgrzz9qxrvjv4p2ukqcdyv5q66s5eqhql9,5,6,1,6,,,mixed
pool1ajpxqyq3p3aczgaxuc66lwtgzhrapzu6duk90dz0wz5twh9jzyw,1,6,6,6,STAKEBOWL,cex,mixed
pool1jz4vmzq5zkedem6wep8c99fxatxgvymlvdzs9qxxn7xsuv4m8um,1,6,6,6,,,mixed
pool1lssudmnyy4vlzrvpmw4539xwklnx0lm2murc9t7n25u9sg2ce3n,2,6,3,6,,,mixed
pool17m39tt99rq96gv9s4cp7u93auavams3khrdtzfapngxgjs3tj7s,3,6,2,6,,,mixed
pool196tul7axlt0qzqvs7rx4glfdkpsjlsh68tdkl7y87q3uztcvd5k,1,6,6,6,,,mixed
pool1uu5ve3qdv7zxpmger77u0kw7pm8l4apmgr5xy6wspceayl05vsd,1,6,6,6,,,mixed
pool1tuux2sctklrlzsh34w4gquz2wtundky30fvrn0qky5p7qr5n00d,1,5,5,5,,,mixed
pool16a23pum2srw5xmkknvw8dtc8ynqedx3wecmhacez4chrv9huvyg,6,5,1,2,,,mixed
pool1zmj5rkpvhdknscjrgul4cxw4xhaqfhfcjqv9kffmhd0zvdx6rvd,2,5,3,5,,,mixed
pool1tr33ynaapce33pjc5ctvj7fju596gppsmqwna4smx0f2khnetjf,4,5,1,5,,,mixed
pool1umukx8qjyjuatw0zznvhc7ma06wl6pdc2ly50d7uv3svkkefjml,2,5,3,5,FIGMENT,ivaas,mixed
pool1h5a30zxga37fphw3tjkp8anu3xm69a28kytceppz2prysfzfcjv,2,5,3,5,FIGMENT,ivaas,mixed
pool1m4awll97kncxpantx2cvswt3yfh0sqkhzzg7m2rstyy36udnt29,2,5,3,5,FIGMENT,ivaas,mixed
pool17uux76nu89sauwvzuy99lnk50war63uye826sqc20a4ysekegd6,2,5,3,5,FIGMENT,ivaas,mixed
pool1fc3m8hdjj76n6llxextpc60tt63w5ygwgvf2ekzr3k222kxxdkg,1,5,5,5,,,mixed
pool1ew5543rzgp7vs5qvmc0c42zucz9v6d3vct2zsa74erjfjen2p2d,2,5,2,5,,,mixed
pool1j4vmgapf520ul8tvwz95xsmne4alpymxpmcnf0zu5v4vz2pej34,2,5,2,5,FIGMENT,ivaas,mixed
pool1gglca5t7h2tky6jrhp08sxsf3mecvh0xk6sc4v3mcpfzc8jwu2w,5,5,1,5,,,mixed
pool1llwfa6erdh7k87j06y2z9999jcc84cnezwhg9e2sulrgwzrsug4,1,5,5,5,,,mixed
pool1yw8qh0jnnl6eumgzt77fulfhgmyzda39zcndgvyc27ffu6jeh5w,1,5,5,5,,,mixed
pool1qw5jc5u4k6ck47kdwtwh8msv6t82x5c6qx38hjaycnha6skrek7,4,5,1,5,,,mixed
pool1j8r3q09v0tx48f78u4kxldmakryd384uk6cg9rrlzjhtu93027r,4,5,1,3,,,mixed
pool1suuvhhetdpjmenal5j2uyjld26jke57xw2yz7gc4j2s3yhgd7us,4,4,1,4,,,mixed
pool1m4r66650ugw2xshz3gtred6wdxcn65v48r0r6p4vy64dy276q8h,4,4,1,2,,,mixed
pool15zuu7g6030wsfafu6a80pf6z2w6ceu4aumu2d6neykgtcx650u2,2,4,2,4,,,mixed
pool17dx6ld5544pngfc4w6ere708zmjga7wmykeelqhqt4tpkjcpup2,1,4,4,4,,,mixed
pool1alukhlxd53jat03vgt5h4dxxqyaapzefhk9yrl40e4r3x5cr5au,5,4,1,3,,,mixed
pool1h5uycju7n5puxn2ckfkpza550rf6jk4twr6ef0hsmxft78ajt6q,1,4,4,4,IOG,ecosystem,mixed
pool1rq4vahleea4yc38cr58klupl6g0w7ca07lc6kyvtcznp6649j5p,2,4,2,4,BINANCE,cex,mixed
pool1w9cz3yyz8glemkwpn8hue6s89jrlhkap3nupzac7kdx77gj9am8,1,4,4,4,,,mixed
pool1a9j9dtdppvfq94w84ns59fnrptz3cj2mkwpmku57e2yf5k6a4ae,2,4,2,4,,,mixed
pool1w92z3lxwrycf3kmf075dja2fwem0luyjc4ysv2afh6sg554qjwn,1,3,3,3,STAKEBOWL,cex,mixed
pool16nvyyawrxy0rsx99g332y3yasnnz42arrqhrsxq8pv7nwsya9nu,4,3,1,1,,,mixed
pool1qfdzhvd4kttdew9klp89jtuts46dnecxdj36lwax9j2eyag0v6t,2,3,2,2,,,mixed
pool17037mqf5k46e6jpaue46lfy55v827re9cgm3qp8vsp33q8zufvy,3,3,1,3,,,mixed
pool1q86d5lfjtyrq8yzkyc55dy5p4yw0qvgkp5nqgr9ld5fv6ustg8h,1,3,3,3,,,mixed
pool1vhusc9c38uqkuspnecq6clcqadx86g8wpxfaadyxfwdrukh0kg0,1,3,3,3,,,mixed
pool12jqfrwhuv2jn0uymwmud2d63gp5drj08fjfart9dxgpu2tmj8a0,1,3,3,3,IOG,ecosystem,mixed
pool1646vlaras0deljthqtfl9dpdw2xsna799l0kayyu9v44cql4ky0,1,3,3,3,IOG,ecosystem,mixed
pool10w8gmhnprfmhdlp6npjt8d3ts64ng4qxsu0mr33dhpxpzwn4rgt,1,3,3,3,,,mixed
pool1enve22w67h6nm4y80cl0svc4edlm26h7ce226u5xlxq7ucawt07,2,3,1,3,FIGMENT,ivaas,mixed
pool1cuufgqx2wymaavuuuuewrcywksqql299ugjxcw5hf8gux3ed3lc,1,3,3,3,,,mixed
pool1w7y659w3ya4x4rd9ljp6rmcx70yj2t0s0nk97d6zgmymq0a2k7w,1,3,3,3,,,mixed
pool1p7x98437an7p6c7jf9zdkd0ekmw077q4a3c3r3lazxr0ccgf5vp,3,3,1,2,,,mixed
pool1r48usrtdxqzt6dmd02xgjss8xgqc9pc92cpkm4pykywnv7n33g6,1,3,3,3,,,mixed
pool1gaq7x3ejv47cykw2wrcyt99f3gcy3ayyuxsf6gqvd8j2jf90w4h,2,3,1,3,,,mixed
pool1pvxsyzqze90jyyqqewg5spkh6tst0cwyvtvh6qfsn6xx75p2vk9,1,3,3,3,,,mixed
pool1ygrwdlhn46gehyay2duxp8ynh57drxg0lgf9huymxlpvukdv0k6,2,3,1,3,,,mixed
pool1z59y9zk6kvyzl9fv7evxpnry8sk6ymxuee0lc6kw2rkvzh6f077,1,3,3,3,,,mixed
pool1l5tmww2aqkhl3lfcrced6xpsd30pzx65p6v4e48v29g4jtlvf3d,2,3,1,3,,,mixed
pool1ktg9hvae8kluwnr29khma3mxd7ffjj9k5l0yjdqlmazjclv4j3d,1,3,3,3,,,mixed
pool1u6rml05w6hpl3t3ft8zwng6quksexa97wsxgdpg5kj4f78hhv7h,2,3,1,3,,,mixed
pool14ga04y2dec7vmahzstd2c5mjsw7vq0v62mwclqynvy2wsc5g40p,2,2,1,2,WAVE,independent_mpo,mixed
pool1dmuaa0wmqrwwx467p48fu83y5w7wdkxf8xlgymmfc73kjy3vxg7,3,2,1,1,,,mixed
pool1xcy8wtzrmzdhr2sqjjm8qe0hrxr4dc23zsv9mdfegahv5t0jud9,1,2,2,2,,,mixed
pool1stjukmjtgs7rdvy8ucsc543f9y2ct56ss08zed392php7k0teaq,1,2,2,2,WAFFLEPOOL_ORG,community_branded_fleet,mixed
pool1vuhc5fl733g3twn856xsfjqusczvk68r6pvs6lqgtadzsf6fue2,1,2,2,2,,,mixed
pool1qsql4xy359qgypnnh3hu3hm7ax4rs37gkas9tnhun03ygglxtth,1,2,2,2,,,mixed
pool1xt0gxs63r5vgjsrzhm7jfuhuqzga9pf8kqvp38qmdzn3wjxudvr,1,2,2,2,,,mixed
pool1pnvthl5hwnsuulx6fch0885aae0l9fkht35rla46dw9r54d5whr,1,2,2,2,,,mixed
pool1pm635fj8skdkh0lvhtcygateyt4nt4gj5rap28zqpe7rv0wgdhf,2,2,1,2,,,mixed
pool18n7kk90klq4uf45j6pguqskyrxe9eprgfgrjhr7cpvdxzus3zn8,1,2,2,2,,,mixed
pool1a0wm2emve4y6e3tn8lnhk9vfhk9u7wgjqmrs5zfsn792gjtquu3,2,2,1,2,,,mixed
pool1xpptvfwpqau6qg7j8e4qatkzeartxm7ezux95evgv4zm6xxd3px,4,2,1,2,,,mixed
pool14t5mu3sc07e92k6etpq2xftwjy2z3y8gxq0wny2crdckq2rpt0r,2,2,1,2,,,mixed
pool1jcpwtg5ce6xr42v37nk3xahmduwrs87mvd6pkm92v7tj2ux8v5j,2,2,1,2,,,mixed
pool1mn0ydnu5tt4w80y3dxdsajddhdz03p6mudk8vlh55r5exqywxhh,5,2,0,2,,,mixed
pool1teg62xfrjvgahfukqhgd0q4wrkn7k0ee03tnju3klt63ws48w50,1,2,2,2,,,mixed
pool1d4tuk5ln88x5s9xcck4lfz8u4svdvxzsh2ue9rnmqrxm6a486uv,2,2,1,2,,,mixed
pool1vr8tegnnjtvfe7me66qrchaq6ucmmxve6anuuypwn6s3zs6342s,2,2,1,2,,,mixed
pool1kcwfpv65agclgu9p6eetn6x4q0zexzgr5v2cl9255qlwjjqr56v,1,2,2,2,,,mixed
pool1la6wjq8uaqctd05zw58dczxp6csf2z66wf726kdfyr9l7hnr6jp,1,2,2,2,,,mixed
pool1r6lp6uumua0kvs069y0k5kh3t7acvv4pz9pfw3zs6rmmcs52z4z,5,2,0,2,,,mixed
pool1r96tdg42e7qpxxef2fhzlusl4wtqjk24kznsj4ttar0f6adw0jq,1,2,2,2,,,mixed
pool1ha70qvqwnmnwpa7e575y9tgyx47aw29rvkz73mnf42z5wet5dr3,1,1,1,1,IOG,ecosystem,mixed
pool12ql6www8aa8usn98azlkz76d2htxtm9swalvyac27rlq6mdkxc7,1,1,1,1,IOG,ecosystem,mixed
pool18au4xxwcu552tjyxgyfssc95lwcf08g49z0ln5f7l060qh8r3wv,1,1,1,1,STAKEBOWL,cex,mixed
pool1wkk7mlwet6pgqk9gd706trlw25vnu9a7ygvrugap0swjcfty7vd,1,1,1,1,,,mixed
pool1js3l2kgut64prz0q0a8px7qtyduclfm3h2kuvrl5gfzmy0waxyt,4,1,0,1,,,mixed
pool1k2rhjxppp87k488zfeu9t24hl4jgjrjcqxwfg4q7jcu6wvkfwpn,1,1,1,1,,,mixed
pool166fpvc9lelw8pdvc4n3xeqns5ktkkmzu4plaen999fwy2xytgce,1,1,1,1,STAKEBOWL,cex,mixed
pool139l6650n4u0gg9fmnd3aczp62q5xwngp299pwwhe2mj7sm5vqs6,3,1,0,1,,,mixed
pool1ek2m5zuydqcgqv3s5mlh55tr8gp76yuxe4hj4s7xtxajyc94rx3,9,1,0,1,,,mixed
pool1apts5675m9f6tkp4ed2jeu35azt7a0hxd3dypzjvwr2hxu6lg9a,1,1,1,1,,,mixed
pool1m2tgjxn880a3v6w4v3uf3kz9kduhvtr97slmpwnppd6r63230sm,1,1,1,1,,,mixed
pool1hjz482dskv7vvc3wpmgwy2avx784c26xq8v5pc8dm0ne6shyfzr,1,1,1,1,,,mixed
pool1vw0rqsvfx0ngct7gfmlz5j2e4gap6sd9pwrmemhd488eyxvm88r,2,1,1,1,,,mixed
pool14mumny7t9l4ydjkqkllylxzzvwf0s5te9vujqet82eszj3d6ccm,1,1,1,1,,,mixed
pool1yqd4ln05uj7qd0fs657yufwa29an8lu49farezn0x6a9xph9h49,1,1,1,1,,,mixed
pool13682rvnneuwl5j7tfh0zfp2t808zujjdrw499qkahuxd6zqxz00,1,1,1,1,,,mixed
pool1k8l84smxjczp2mpqmn7qsd23j7h4vd7rwagdscsrjecvgplkmw8,1,1,1,1,,,mixed
pool10v6uh7yan2dg8utwpgurj6th3u3s3q3m2lcg8z9mxtncvx72dhc,1,1,1,1,,,mixed
pool1vl46tq6mxq3f5c4m2e2x3jlruutweahnv5adkjy2sskyc3lc4ge,1,1,1,1,,,mixed
pool1570hpvwg22nm8uat505mj5hm6p6z26528nuwvrr7r5nh6yavdqt,1,1,1,1,,,mixed
pool1ura3w5x8uy7mgzu0pd4kskap4hynt9zymt30h5macll4kuxpqnv,2,1,0,1,,,mixed
pool1xxjcu9djguspkrctjgszvzcagy7pzy8vxqfaqtl5xy9824fz2qg,2,1,0,1,,,mixed
pool190vx20f4ptv93u8em69pl74y6kux0mgl6kpzwmq6xvx8qvza429,7,1,0,0,,,mixed
pool1jp3wtdhgpeu6qf53upw5rupaqwtl7pzvcuuyyn0f8u3xgx5755y,2,0,0,0,,,mixed
pool15l8p8v8yzdjvl3vml6qafx0wgy4k6t938jl0qy24wslgw7xlhc2,4,0,0,0,,,mixed
pool1yydna77k2j8yq4fw08d202z664g3fvavfvqjg5g4lxmwzsa9k9u,3,0,0,0,,,mixed
pool18tdd78q5vgr9qy2lun7m8srmnuc3h2mg6vqe66gezjh4glujje3,1,0,0,0,,,mixed
pool18s9snlm9kwex29wtgjjpkmwcn8j3fk3r22dpsehtjyqs754l70q,1,0,0,0,,,mixed
pool1ph3u549evvr8626xav25vk3sgcwa9llhvcp65q0m0gvz6q2klz3,1,0,0,0,,,mixed
pool1y90zp3ysrwzttwqhm2gjc7gp4d7tg2n6zsw3sp3lyk7vjxc56d6,2,0,0,0,,,mixed
pool148ajvsw7z9mhgw43tqvgmfrv22azvm638knkqghqv497xvdl2tk,1,0,0,0,IOG,ecosystem,mixed
pool1y9xftc4cq0svcv0gjdtusnvllrg5v5rn0d24g8r4m7tnsem6ve8,1,0,0,0,IOG,ecosystem,mixed
pool1pmknsy9yqh06fpmduf8vzcvkzpllygjj8uzkjccgvewtq9uc53k,1,0,0,0,IOG,ecosystem,mixed
pool1uyqvgumuy8azzs4mal9hp89lkpqjgvy32s9ahq4aqwprs9357ud,1,0,0,0,,,mixed
pool1pnpdsl0cungyn362fgp0lk8wt34xh68fywljnvtq9dtkk2sd8qv,1,0,0,0,,,mixed
pool12cc8t9yr58xureweksj73v87xkm6svcs8j3xnt93zd5zw5q6ugr,2,0,0,0,,,mixed
pool19upjnw6s32kyfrv863nxu08yw6fyvjz7j3p4c3zl95arytp068x,1,0,0,0,,,mixed
pool19xtc9sy9g7zcrrazrkg4s6ayjkkh9aynvfa6gqnawtdauulqxck,1,0,0,0,CHUCK_BUX,opaque,mixed
pool19yzav2l45q4gcwa53mh9ga6pf5c45t75qtqu6usfzup27qk27j0,1,0,0,0,,,mixed
pool1j2lzgkv7lpjd727tq5efty2aqemphw32vx02ldu3jnuxuyvwvyx,1,0,0,0,,,mixed
pool1j2g7nwksj60fszcz6pxsf2hyzny9ch673en08xjlx05jwxeh2uz,1,0,0,0,,,mixed
pool18ecuhr75yr6zt9e707shkj5w9p664syqnkt8gmmlkydg27z39xt,4,0,0,0,,,mixed
pool1j0j39t2dfmkflfnvresds8vlfhwg75qwufa95u55nw376ky29r8,1,0,0,0,IOG,ecosystem,mixed
pool1esvefse6m77u5nwetxjz82rh77062htxmdcfa4h98cx65gjg8zg,1,0,0,0,,,mixed
pool1hzy8quep7xkajxx8lep59y2erqll3cr440zm90ctej4hchyfedg,1,0,0,0,,,mixed
pool1ygamv2t9lw03khcxpe75rjd4p8lnn36hux3deeg3hrc3jwrx43z,1,0,0,0,IOG,ecosystem,mixed
pool1py5y4uqukj777aj0ax0dpc7tchcl35dax5rxppuwfj0wkg3km82,1,0,0,0,,,mixed
pool1mv7z7jzats0g3s36rd6sk08ew6wg4pf7ulu9uvd6grpdc0mh7e0,1,0,0,0,,,mixed
pool1w3q90q8cmfv5l0nxettd9pafpfhews2ta57e6xvr6s96swfkrvz,1,0,0,0,P2P,independent_mpo,mixed
pool1x909haq22shn2479qtzkkr9ww2s9nr7v9xzyhxefg50yyt3lzfy,1,0,0,0,,,mixed
pool1q3snnww4ggayr8hd6gd83ypx982yhwlhywlcew7yxq46jzyst2g,1,0,0,0,IOG,ecosystem,mixed
pool14ym9xrwe8vjl8xfm7xjx3eeg7fdqekkrejhuug732myd66y6qdy,1,0,0,0,,,mixed
pool1uklezq2zz38zldrjrgujqmvrnswfzmupakgfp5wzgln9zx8tcju,1,0,0,0,,,mixed
pool152zrg07tzs7vjcw7q64r85egv6efr59lsyn4v5yqqxy0vspj26f,4,0,0,0,,,mixed
pool1uj0r26e5ymqgre7zxqsapl2stlh36fc8n6mvrcdzjn247u2cf5l,1,0,0,0,,,mixed
pool1ezs46e9nftk46w723zg4e66n2vaytms5slrmywvd7fx5y65zkru,64,0,0,0,,,mixed
pool1867sv2tgcq2cjmyhqgsfveekmsy5zksld69zhgrlkluukfydq29,1,0,0,0,IOG,ecosystem,mixed
pool18499qzkx0gcsa92ykrv84yr9pycqrje2dndcg2xxq7pxyadvwjj,1,0,0,0,,,mixed
pool1uc4hd4qe0uf9dl9ajjxxyclvn6cxhhctfmzy82lsppwfq6a9hvd,1,0,0,0,,,mixed
pool1qatl6qf2zja8a3hyhn42ar5a54h9k0dn3hd2j4uxvz5mqn25zy5,2,0,0,0,,,mixed
pool1hmgufw0zuwtf5h4nudugkvu9qgk8zefrz70tv4ng4vhq5frzeuf,1,0,0,0,,,mixed
pool1hm55kzfkyll747qqwe5wnlqlu75kt9hm36nj0eruhez7wqyd58p,1,0,0,0,,,mixed
pool157xnzltgv3h4zzege5qh0fx23cr90gve663xddtq4j0u56fu8c9,1,0,0,0,,,mixed
pool159nu5jnr7jc58hqaw880qtpzsq72q9pc9w3r88reeuyh702apfe,1,0,0,0,,,mixed
pool1qdw8vw3tk20e4lgcd9evd9u4hxj8zekdg2qpmnzdk83dcncavpd,1,0,0,0,,,mixed
pool1hfxjswx4wnpfmdad660hvzx4knjhf32uwgg6wgsnqp98x9zz927,1,0,0,0,IOG,ecosystem,mixed
pool1x5ge78ks6jc0j8nsfwyqqhk2ukxlkvz7zxlm9utgk6405hh490n,1,0,0,0,IOG,ecosystem,mixed
pool1u6r6439cne2ymaa2sn98c4l8wqkgcsg6pj3wr523j92f6744qcu,3,0,0,0,,,mixed
pool1kp0wl7kxn0zt5xtmld72s98rv6ejpufvl39qk26h99nqshmkmge,1,0,0,0,IOG,ecosystem,mixed
pool1kqrsr700m267q9tz4pw4rjeg69nkahk5wuy3kkw479y56fqfy9t,1,0,0,0,,,mixed
pool1u5nyr9y7fz4znep9utncyvjrnd57p77yt9lm4fu89fawswz7guj,1,0,0,0,,,mixed
pool1qf0wftuxq20v4c0es83qgfunte4uxepx7jesy8nczxz2wv8yld2,1,0,0,0,,,mixed
pool1w43rswva2e4hulr6ayxv4aaaf0fzvxjj5c8kv55xmm2auey5xvz,4,0,0,0,STAKEBOWL,cex,mixed
pool1adllnm43t3nuspvnr5r08jh6gpyvedu76hrhc6xymjzavd5d8f6,1,0,0,0,,,mixed
pool1md2zw92j6ye2m2dl34x6pvp8phdpjcknay72tzrz4vcq523druq,1,0,0,0,,,mixed
pool1mayjfth7yz6mpd4hhtcwl974ut8hld8hls2f07rrdul3ypqt9rm,1,0,0,0,,,mixed
pool1cx8njhvw34weqykla5fz38ngt3dr4d0ltv0srqjqa8ugzap937l,1,0,0,0,IOG,ecosystem,mixed
pool1ajrl335z92udy65gxlgsrvthf9esfksp6m2yf3y7qcn7jqp0zsc,1,0,0,0,,,mixed
pool17dkgt30q7q53eavtrygh4p549wml9eq2339pfkuec6yf7x7h5rz,1,0,0,0,,,mixed
pool1fn2e64q388nustgn7ca0tangxa29ta5z908cq2c5nztj6sntdsk,1,0,0,0,,,mixed
pool1kxfvv8e8u9crfgy3fp89hlchehutrjq9wv7hax7dxs3lsjuw9kc,1,0,0,0,,,mixed
pool1tseacydhjcj6hext49ehs9zc9lea83azc8t7k9rqqqq0w5xhcky,1,0,0,0,,,mixed
pool1ajy6eslg9ju7mpqzlaeehz02algkfs7fk3qsym7wun7ks6z06tu,1,0,0,0,,,mixed
pool1h5tldkcwftpnnwj4ygtfd8ts6mxkcv0qyes9tum9hxx27zrjzpf,1,0,0,0,,,mixed
pool1trvj5seg8u2r5tz2usenfmz9vs8qnf3nc8aft6vr9uqhszdlrx0,1,0,0,0,,,mixed
pool1fn5fq6r68hsxv5yqa2xjxmrchcwrmylmyluqvsmvfam5jr36nnx,1,0,0,0,,,mixed
pool1l38lxca7tzp0trqedr97usd0zk89q2x74qrez5xcafxechcw452,2,0,0,0,,,mixed
pool1cpqzd83axxlqxkeyuauwsmyqwud4jekjjvfmr0mp0mrrsnz3dng,1,0,0,0,,,mixed
pool1fndvmevsjh5a0hkt5me9mrtlk4ugu4n8yns0dwk4jyhdqcq3ayy,1,0,0,0,,,mixed
pool10tcg3efecc706w98qs7j5jw84nxkcycseksp4mw64pjty26wr7f,3,0,0,0,,,mixed
pool1l5a4689wchd3vrdzck70ysdcn5d390um6ge4x4rzx79vzmgwvf0,2,0,0,0,,,mixed
pool1tq03j8aa5myedlr8xj6tltstdsn5eprxq4cd4qr54mhv25unsyk,1,0,0,0,,,mixed
pool1fqnluegrkns2jj49vgvn8vvn5u8y4m2m3xptx4wngvf4cnwa2fk,1,0,0,0,,,mixed
pool1lyvtenf7325hsrtdgeqsv7yau6hyq7ztpdwwdeqcueh8s83h34l,2,0,0,0,,,mixed
pool1gwyuzpvu9vhe2ge4qmg2qca8y0pzmzmwpu872vwzwse6shlespw,1,0,0,0,,,mixed
pool1tn49xn2jpq62uwff9lt8d25kfzhu3nzjkkytq8pc062n6c7h6tg,1,0,0,0,,,mixed
pool1tk3x77en700tk4w47xm8vzr0p490m29q6dknt77pakdyc4qmw65,1,0,0,0,,,mixed
pool1guzmpktw0h98ezwgekzcvw2wgmf58a3egcjaecx2yv8esrtv8tw,1,0,0,0,,,mixed
pool1gu522f03e6azk25v5n6mur9zyl8ghe2ul8223zp3vfnp77fagfa,1,0,0,0,CHUCK_BUX,opaque,mixed
pool1tjaz8a62743k5tzdd8lyd0sgf2lcvtk09jsz9etvas82zdamc2q,1,0,0,0,IOG,ecosystem,mixed
pool1r04czz6aq4qnd8a3x2klzd6g20mrxns0ksrac0z0jn7uycgl7l2,1,0,0,0,,,mixed
pool172fsazvg6zrpkj7c8wklsp7lrn5yxjvhru4enddvvfnyx343dyc,1,0,0,0,IOG,ecosystem,mixed
pool1wunach3tra8tmaqgft9ryg6ndxt4y83z2vuzmaztwzdr5x7ylh5,1,0,0,0,,,mixed
pool10pktmr26fpvrt77j7m5mchqlt0mjmmfvt7ruvdewkcpasp0nzkl,1,0,0,0,IOG,ecosystem,mixed
pool1lyh8e725vttnkr5eylgfap7pmnmkrk0wznpkfl8qxahyqe2agcu,1,0,0,0,ETORO,cex,mixed
pool16zymwv7r24sgcxg43z4ce0g0mw0yt6zdxehcgwyksj456y0ef4a,1,0,0,0,,,mixed
pool10nug2zc80t6tz64awqr0362kfsh6yvje6xz2a6appzhzwe25nc5,1,0,0,0,,,mixed
pool15m3nrmzhaef66j4sue7p66yshtxfug84zuhfd8skxhh9q6mkgyx,1,0,0,0,,,mixed
pool1gpz97nhqges80ggnefeshg3n4grprrltdvzqr8sz5fvxg3lekqh,2,0,0,0,,,mixed
pool16rq0nmr3pr202a7dcf9507gy5u3sh9j6dw8jjwp3dg4qc6cqj0f,2,0,0,0,,,mixed
pool10h9j9hazmtszyfyty7e6vj3usr6v0jdzvraqcxxs27rtqp7hsgc,2,0,0,0,,,mixed
pool16qsddpnjv5msjp62lxam4erurckks98t2e6k7tuqw5e4u5xcmc5,2,0,0,0,,,mixed
pool1ap6fj6xllhlc3xuuq7uvz0ed2wjws08f7h680xcgq47qk2pvnme,1,0,0,0,,,mixed
pool1t6mnkhwj99hm0ckt8fkf85r84le9p95v2a3l874vfn947g5ajmu,1,0,0,0,,,mixed
pool1gpc08dtula7mpdzy3rnf9zfw8tp2n6c03ukj2kf5shqzca5ulw2,1,0,0,0,,,mixed
pool13hqjq6yxcsk3wpygedcp04crk58qsc00gw4wf77q6kehxxagqme,1,0,0,0,,,mixed
pool1t5zgwakxfmqxgu7l65fk45u33frlqrvgsvzn7demdy0ejgrhq9a,1,0,0,0,IOG,ecosystem,mixed
pool15xy7ljyr733vtpvh65mpaq0lt5u9jqsr6u8urmjq7rxh6ne904c,2,0,0,0,,,mixed
pool1rryu0ckdfzcrxuef98q78fzw25dh3lck8l0u3lq6zpv7x5a6qyd,1,0,0,0,,,mixed
pool1t3xele4dr85qz797gv9n4gdcwtcmsv9wvn9jyavxhpc3qzu50fx,4,0,0,0,,,mixed
pool1szgruqm2dlhkh5qh7rft28xz9gkxj6rzfncsuquf3vm37k63kqv,1,0,0,0,IOG,ecosystem,mixed
pool1rw3sdsrge8wa076403lrxey3zw557v3kpaw0kwaxwg02zjfv82k,1,0,0,0,,,mixed
pool1gl90juvqt674dhvr06f6vtth8uarhglx3q6cj3y3q0vdsy5ujsc,1,0,0,0,,,mixed
pool1rzlg6gtquajeyzpn5whh2alqzgdpy5ugha275z2haq79glqze85,1,0,0,0,,,mixed
pool1swywvk87zmgypz45ura8d5af6aw5nrrgalt96raqm6ze2uqkhk0,2,0,0,0,,,mixed
pool1ge06eu8lvdj6jakxw8zuwj3yxtpmeek8j8rgwqfshj7vg390fj0,1,0,0,0,IOG,ecosystem,mixed
pool1lrd3lza7r2a3uf4z9y52zf792kmmgqpxgl8suaz88g7fg7sdw3g,1,0,0,0,,,mixed
pool1s2qefm0h0449tdwsh7w6gw7mn9n8d3w48zunslxdazlfghtn4wh,2,0,0,0,,,mixed
pool1gctelcfktanxhqfjw88vjp9v0ayumd6lr3re38pjw3kvvc8tanq,1,0,0,0,IOG,ecosystem,mixed
pool1lr7pglmne4pgl4nynz398cuyjdfwhg0xxad83eqy2s6hv0cx3cc,1,0,0,0,,,mixed
pool1sskadl6p2w0ttfr60y2ssfzcmrnaty4wt68v5glzd3e5vwkh7z5,2,0,0,0,ETORO,cex,mixed
pool1lq78uw50ple5j3ruk6rx3np3u5ya0hcgq2k47yfmpuj46mahwnl,1,0,0,0,,,mixed
pool1sr82s7yvwwsy6q0geveawrglt8ss39jhsfz7d0p4a5y6kk30mdd,1,0,0,0,IOG,ecosystem,mixed
pool1sqxvayj9w80g42w7chla9x56atj75jwxvkrkrtkcvcyjcak9wx2,1,0,0,0,,,mixed
pool164nml0s3vt20jd8uf0lwf5hjnt4vcan9sjmxr8huq7k2qswd8jq,1,0,0,0,,,mixed
pool1lc4yn2hew7nquk5gfc8k8cs6d7hee4a9hc2hauwj7dv759zzek0,2,0,0,0,,,mixed
pool1lenhysfdw3w6a37mukd4xfvsfssgvzlrnhk6v882j2kns6uyxd6,1,0,0,0,,,mixed
pool1c5ntzp7mm3rgmyxugx96eecycjupu8v3mcq9wylzxjgsujrj98j,1,0,0,0,,,mixed
pool1g90xrq0qrgn7z9xdfpx6xlgxwedf7unrcmh2drj7j70hxr35jxk,1,0,0,0,,,mixed
pool1xk8xt05lck3sm86yzwu2xgrser0t7g4jzrvqhks9u9tg2tca52s,1,0,0,0,,,mixed
pool19gspsgyjq9hdkm9crrr7n00fn5p62udpcujw5mjv86u0xua9yxr,1,0,0,0,,,mixed
pool1vpav6vlznpwzrr82nvq7jenfxk4mwqk9jju9yx03dryqcg9sqnn,1,0,0,0,,,mixed
pool1nmnauud7ghvm3l9tyw9fwhgus6vcymqyksynlwjxxjeyx4rrsvx,2,0,0,0,,,mixed
pool1k0w7n5rfxdzgfxpy8x6t7zfy6pfwrp54se7ezhxxed2x7mfmszy,3,0,0,0,,,mixed
pool12v7aukl49ehf9ysagq960ek26jeywnq3yzv5hgl4ecvhvyax5p6,2,0,0,0,,,mixed
pool1dqq4ugkrkpwhray2z8jvk8nvnpnq3gm3g2stz4wmusap6tkuclw,2,0,0,0,,,mixed
pool19ccud9eawdghzqg8425g8upxqws9r64f35f3cvv3vpxdcl879cn,1,0,0,0,,,mixed
pool19c39hucr2p6ra4v6c5qwqt4zgc6ugchu7cs4yal7ndetsnrmzju,1,0,0,0,,,mixed
pool198wj6nckft025tvkthdpamw6xxwdftactw34fag60d2xxa2qz7y,1,0,0,0,,,mixed
pool1nuhdrn8v7jrqpqtyrjhqqd2jtjff2pks6sz7qfsurp96vqdswz5,1,0,0,0,,,mixed
pool1nad4u2vhlwpjd2f52dpgf5rh36ntvdsm38mxmztndtmcscpy82u,1,0,0,0,,,mixed
pool1vujjarchz7tgec2xazavrsa0r8trf3u6840lgnq2p4kdsg0830y,1,0,0,0,,,mixed
pool1vhsjmemxqg3ktv4hwqc09cxhhg6td86n9p3qwg5t5y6xc4dcddp,2,0,0,0,,,mixed
pool1xnfhm27l9sts2mq85qp2dp0yhw5xw0nt7vxxaa4a89zngykvxu4,2,0,0,0,EMURGO,ecosystem,mixed
pool1e0shheqzrlrkzfhz9shnw562tg6ma3qqyytupk2edua56a9r2yd,4,0,0,0,,,mixed
pool196e8g7evuyf84jz4gr6f4xacudmupxs3ad323krx9e4xse6cf8y,1,0,0,0,,,mixed
pool1nwljjun9hsly0vkuq2kuxzleteyl35j9s8ap4x9yh4lpuglxmu3,1,0,0,0,,,mixed
pool1vdly044nj2r3vnghwq4s0z0uragd307wnsnsj4usdh3fu8jx6nt,1,0,0,0,,,mixed
pool1e5dxsm5ckaq0k9fg9hkclcrdj740757w4tqf9sk35wt22swypdu,1,0,0,0,,,mixed
pool12znadsadf2h4v6xhf8jwqc6grjxsrdn6f53h5esrkaj5qjtjnfs,2,0,0,0,,,mixed
pool1nyq3fcx438ydyprzfnpg8y8nkekmjqe2gp3mh04e9hv22ljaavj,2,0,0,0,,,mixed
pool1jssdknzgsg4fm3v70uvhrtfjtakwpr5q6x0dwc0fcff8wtd05f6,1,0,0,0,,,mixed
pool14kddecyyn0vjm07kr7vctnqnn3dt668dna63epdly220z4kgss7,1,0,0,0,,,mixed
pool12pupdkq80hxxcje94kjgc75x9vsqsgaz65upnmx7k7zmvc3rpd5,1,0,0,0,,,mixed
pool1e68hwymvfqxss0v29tgu95j0q8rv79z76l54wm4s0625klfq6y6,2,0,0,0,,,mixed
pool1js763t3yw63ffsxqpume8974z03hdlm4nddnezhfla6dskln37v,3,0,0,0,,,mixed
pool1e827fy8efd7n9zacdknhtr2n5rqmry5up05mqgqsjkmmzjmzrf3,1,0,0,0,IOG,ecosystem,mixed
pool1jp9plcy9uqq0y832sj90r40sed03ft9pjczwy4zgy25hx9cj79e,2,0,0,0,,,mixed
pool1ecqt8vmkmu2mteqlkcxl4v6hp0ngzmgpx6k6wp2hp8tguq88u4l,1,0,0,0,,,mixed
pool1edm3pa2da0dz2sq9mgfqgf8nr2tjtnplhnvkdwuwd6j0ylmfxpp,1,0,0,0,,,mixed
pool1p4s6gafaqd2w2dft5c5j2zj6grudvmpwsyx9gumzunak688x5tj,1,0,0,0,,,mixed
pool1p6hcxptwdpepslluq44shkzgk72k5gsszhhllykdcvts6xnrwvg,1,0,0,0,,,mixed
pool1vazy9q3064xgmqn7fxwgysyuqfvlxlcn7dfcn79ydcn3kw2xuvm,1,0,0,0,,,mixed
pool19r4ef6n0xkw3pvztuwd44ymrzrkylyralnf5rudnc7hnvvddyqz,1,0,0,0,IOG,ecosystem,mixed
pool1v9gqa6n4em4aly7ew2trvhgrath4mrsp9tyc290l638nvqs5aej,1,0,0,0,IOG,ecosystem,mixed
pool1eesa3kdfavq33kd3f3ajwh4mg9sal76fp348en5u37435g4h4ca,1,0,0,0,,,mixed
pool1v8lgn85mfvj0hhslfjz2u0nut43ahkhuzhfcm5aexjkewn8krle,1,0,0,0,IOG,ecosystem,mixed
pool18w4dzpe8wtkx29scf74qmshrf58xg760mcxu5p7s0azxufwwgec,1,0,0,0,IOG,ecosystem,mixed
pool1kcw2kqj27qe7ntsz9fhvyvyvpf7prclwc5jq4cw0qydh7cygcek,1,0,0,0,IOG,ecosystem,mixed
