pool_id,epoch_count,mean_stake_ada,stddev_ada,cv_pct,min_ada,max_ada,range_pct
pool12pupdkq80hxxcje94kjgc75x9vsqsgaz65upnmx7k7zmvc3rpd5,73,0,0,,0,0,
pool1kxfvv8e8u9crfgy3fp89hlchehutrjq9wv7hax7dxs3lsjuw9kc,73,0,0,,0,0,
pool17dkgt30q7q53eavtrygh4p549wml9eq2339pfkuec6yf7x7h5rz,73,0,0,,0,0,
pool1ajy6eslg9ju7mpqzlaeehz02algkfs7fk3qsym7wun7ks6z06tu,73,0,0,,0,0,
pool18tdd78q5vgr9qy2lun7m8srmnuc3h2mg6vqe66gezjh4glujje3,73,0,0,,0,0,
pool1rzlg6gtquajeyzpn5whh2alqzgdpy5ugha275z2haq79glqze85,73,0,0,,0,0,
pool1fqnluegrkns2jj49vgvn8vvn5u8y4m2m3xptx4wngvf4cnwa2fk,73,0,0,,0,0,
pool1tq03j8aa5myedlr8xj6tltstdsn5eprxq4cd4qr54mhv25unsyk,73,0,0,,0,0,
pool1l5a4689wchd3vrdzck70ysdcn5d390um6ge4x4rzx79vzmgwvf0,73,0,0,,0,0,
pool1py5y4uqukj777aj0ax0dpc7tchcl35dax5rxppuwfj0wkg3km82,73,0,0,,0,0,
pool1vpav6vlznpwzrr82nvq7jenfxk4mwqk9jju9yx03dryqcg9sqnn,73,0,0,,0,0,
pool198wj6nckft025tvkthdpamw6xxwdftactw34fag60d2xxa2qz7y,73,0,0,,0,0,
pool18499qzkx0gcsa92ykrv84yr9pycqrje2dndcg2xxq7pxyadvwjj,73,0,0,,0,0,
pool1lyh8e725vttnkr5eylgfap7pmnmkrk0wznpkfl8qxahyqe2agcu,73,0,0,,0,0,
pool1sqxvayj9w80g42w7chla9x56atj75jwxvkrkrtkcvcyjcak9wx2,73,0,0,,0,0,
pool1dqq4ugkrkpwhray2z8jvk8nvnpnq3gm3g2stz4wmusap6tkuclw,73,0,0,,0,0,
pool1fn2e64q388nustgn7ca0tangxa29ta5z908cq2c5nztj6sntdsk,73,0,0,,0,0,
pool1r04czz6aq4qnd8a3x2klzd6g20mrxns0ksrac0z0jn7uycgl7l2,73,0,0,,0,0,
pool152zrg07tzs7vjcw7q64r85egv6efr59lsyn4v5yqqxy0vspj26f,73,0,0,,0,0,
pool1l38lxca7tzp0trqedr97usd0zk89q2x74qrez5xcafxechcw452,73,0,0,,0,0,
pool1mayjfth7yz6mpd4hhtcwl974ut8hld8hls2f07rrdul3ypqt9rm,73,0,0,,0,0,
pool1fndvmevsjh5a0hkt5me9mrtlk4ugu4n8yns0dwk4jyhdqcq3ayy,73,0,0,,0,0,
pool1gl90juvqt674dhvr06f6vtth8uarhglx3q6cj3y3q0vdsy5ujsc,73,0,0,,0,0,
pool164nml0s3vt20jd8uf0lwf5hjnt4vcan9sjmxr8huq7k2qswd8jq,73,0,0,,0,0,
pool1rw3sdsrge8wa076403lrxey3zw557v3kpaw0kwaxwg02zjfv82k,73,0,0,,0,0,
pool15m3nrmzhaef66j4sue7p66yshtxfug84zuhfd8skxhh9q6mkgyx,73,0,0,,0,0,
pool1nwljjun9hsly0vkuq2kuxzleteyl35j9s8ap4x9yh4lpuglxmu3,73,0,0,,0,0,
pool1vujjarchz7tgec2xazavrsa0r8trf3u6840lgnq2p4kdsg0830y,73,0,0,,0,0,
pool1vdly044nj2r3vnghwq4s0z0uragd307wnsnsj4usdh3fu8jx6nt,73,0,0,,0,0,
pool10tcg3efecc706w98qs7j5jw84nxkcycseksp4mw64pjty26wr7f,73,0,0,,0,0,
pool1x909haq22shn2479qtzkkr9ww2s9nr7v9xzyhxefg50yyt3lzfy,73,0,0,,0,0,
pool1uklezq2zz38zldrjrgujqmvrnswfzmupakgfp5wzgln9zx8tcju,73,0,0,,0,0,
pool14kddecyyn0vjm07kr7vctnqnn3dt668dna63epdly220z4kgss7,73,0,0,,0,0,
pool1lc4yn2hew7nquk5gfc8k8cs6d7hee4a9hc2hauwj7dv759zzek0,73,0,0,,0,0,
pool1t3xele4dr85qz797gv9n4gdcwtcmsv9wvn9jyavxhpc3qzu50fx,73,0,0,,0,0,
pool1trvj5seg8u2r5tz2usenfmz9vs8qnf3nc8aft6vr9uqhszdlrx0,73,0,0,,0,0,
pool16qsddpnjv5msjp62lxam4erurckks98t2e6k7tuqw5e4u5xcmc5,73,0,0,,0,0,
pool1tseacydhjcj6hext49ehs9zc9lea83azc8t7k9rqqqq0w5xhcky,73,0,0,,0,0,
pool1jssdknzgsg4fm3v70uvhrtfjtakwpr5q6x0dwc0fcff8wtd05f6,73,0,0,,0,0,
pool19yzav2l45q4gcwa53mh9ga6pf5c45t75qtqu6usfzup27qk27j0,73,0,0,,0,0,
pool157xnzltgv3h4zzege5qh0fx23cr90gve663xddtq4j0u56fu8c9,73,0,0,,0,0,
pool12cc8t9yr58xureweksj73v87xkm6svcs8j3xnt93zd5zw5q6ugr,73,0,0,,0,0,
pool1guzmpktw0h98ezwgekzcvw2wgmf58a3egcjaecx2yv8esrtv8tw,73,0,0,,0,0,
pool1c5ntzp7mm3rgmyxugx96eecycjupu8v3mcq9wylzxjgsujrj98j,73,0,0,,0,0,
pool12znadsadf2h4v6xhf8jwqc6grjxsrdn6f53h5esrkaj5qjtjnfs,73,0,0,,0,0,
pool1vazy9q3064xgmqn7fxwgysyuqfvlxlcn7dfcn79ydcn3kw2xuvm,73,0,0,,0,0,
pool1gpc08dtula7mpdzy3rnf9zfw8tp2n6c03ukj2kf5shqzca5ulw2,73,0,0,,0,0,
pool1g90xrq0qrgn7z9xdfpx6xlgxwedf7unrcmh2drj7j70hxr35jxk,73,0,0,,0,0,
pool1cx8njhvw34weqykla5fz38ngt3dr4d0ltv0srqjqa8ugzap937l,73,0,0,,0,0,
pool1nmnauud7ghvm3l9tyw9fwhgus6vcymqyksynlwjxxjeyx4rrsvx,73,0,0,,0,0,
pool1ezs46e9nftk46w723zg4e66n2vaytms5slrmywvd7fx5y65zkru,73,0,0,,0,0,
pool1ygamv2t9lw03khcxpe75rjd4p8lnn36hux3deeg3hrc3jwrx43z,73,0,0,,0,0,
pool18w4dzpe8wtkx29scf74qmshrf58xg760mcxu5p7s0azxufwwgec,73,0,0,,0,0,
pool1sr82s7yvwwsy6q0geveawrglt8ss39jhsfz7d0p4a5y6kk30mdd,73,0,0,,0,0,
pool19upjnw6s32kyfrv863nxu08yw6fyvjz7j3p4c3zl95arytp068x,73,0,0,,0,0,
pool1wunach3tra8tmaqgft9ryg6ndxt4y83z2vuzmaztwzdr5x7ylh5,73,0,0,,0,0,
pool1ge06eu8lvdj6jakxw8zuwj3yxtpmeek8j8rgwqfshj7vg390fj0,73,0,0,,0,0,
pool19ccud9eawdghzqg8425g8upxqws9r64f35f3cvv3vpxdcl879cn,73,0,0,,0,0,
pool19r4ef6n0xkw3pvztuwd44ymrzrkylyralnf5rudnc7hnvvddyqz,73,0,0,,0,0,
pool1v8lgn85mfvj0hhslfjz2u0nut43ahkhuzhfcm5aexjkewn8krle,73,0,0,,0,0,
pool19c39hucr2p6ra4v6c5qwqt4zgc6ugchu7cs4yal7ndetsnrmzju,73,0,0,,0,0,
pool1kp0wl7kxn0zt5xtmld72s98rv6ejpufvl39qk26h99nqshmkmge,73,0,0,,0,0,
pool1q3snnww4ggayr8hd6gd83ypx982yhwlhywlcew7yxq46jzyst2g,73,0,0,,0,0,
pool1t5zgwakxfmqxgu7l65fk45u33frlqrvgsvzn7demdy0ejgrhq9a,73,0,0,,0,0,
pool1gctelcfktanxhqfjw88vjp9v0ayumd6lr3re38pjw3kvvc8tanq,73,0,0,,0,0,
pool1pmknsy9yqh06fpmduf8vzcvkzpllygjj8uzkjccgvewtq9uc53k,73,0,0,,0,0,
pool1k0w7n5rfxdzgfxpy8x6t7zfy6pfwrp54se7ezhxxed2x7mfmszy,73,0,0,,0,0,
pool172fsazvg6zrpkj7c8wklsp7lrn5yxjvhru4enddvvfnyx343dyc,73,0,0,,0,0,
pool1lr7pglmne4pgl4nynz398cuyjdfwhg0xxad83eqy2s6hv0cx3cc,73,0,0,,0,0,
pool196e8g7evuyf84jz4gr6f4xacudmupxs3ad323krx9e4xse6cf8y,73,0,0,,0,0,
pool1j0j39t2dfmkflfnvresds8vlfhwg75qwufa95u55nw376ky29r8,73,0,0,,0,0,
pool1w3q90q8cmfv5l0nxettd9pafpfhews2ta57e6xvr6s96swfkrvz,45,0,0,,0,0,
pool10pktmr26fpvrt77j7m5mchqlt0mjmmfvt7ruvdewkcpasp0nzkl,73,0,0,,0,0,
pool1kcw2kqj27qe7ntsz9fhvyvyvpf7prclwc5jq4cw0qydh7cygcek,73,0,0,,0,0,
pool1y9xftc4cq0svcv0gjdtusnvllrg5v5rn0d24g8r4m7tnsem6ve8,73,0,0,,0,0,
pool1hfxjswx4wnpfmdad660hvzx4knjhf32uwgg6wgsnqp98x9zz927,73,0,0,,0,0,
pool1e827fy8efd7n9zacdknhtr2n5rqmry5up05mqgqsjkmmzjmzrf3,73,0,0,,0,0,
pool1nuhdrn8v7jrqpqtyrjhqqd2jtjff2pks6sz7qfsurp96vqdswz5,73,0,0,,0,0,
pool1swywvk87zmgypz45ura8d5af6aw5nrrgalt96raqm6ze2uqkhk0,73,0,0,,0,0,
pool1v9gqa6n4em4aly7ew2trvhgrath4mrsp9tyc290l638nvqs5aej,73,0,0,,0,0,
pool1tjaz8a62743k5tzdd8lyd0sgf2lcvtk09jsz9etvas82zdamc2q,73,0,0,,0,0,
pool1uj0r26e5ymqgre7zxqsapl2stlh36fc8n6mvrcdzjn247u2cf5l,73,0,0,,0,0,
pool1s2qefm0h0449tdwsh7w6gw7mn9n8d3w48zunslxdazlfghtn4wh,73,0,0,,0,0,
pool1e68hwymvfqxss0v29tgu95j0q8rv79z76l54wm4s0625klfq6y6,73,0,0,,0,0,
pool1jp9plcy9uqq0y832sj90r40sed03ft9pjczwy4zgy25hx9cj79e,73,0,0,,0,0,
pool1p6hcxptwdpepslluq44shkzgk72k5gsszhhllykdcvts6xnrwvg,73,0,0,,0,0,
pool1tk3x77en700tk4w47xm8vzr0p490m29q6dknt77pakdyc4qmw65,73,0,0,,0,0,
pool15xy7ljyr733vtpvh65mpaq0lt5u9jqsr6u8urmjq7rxh6ne904c,73,0,0,,0,0,
pool1lrd3lza7r2a3uf4z9y52zf792kmmgqpxgl8suaz88g7fg7sdw3g,73,0,0,,0,0,
pool16rq0nmr3pr202a7dcf9507gy5u3sh9j6dw8jjwp3dg4qc6cqj0f,73,0,0,,0,0,
pool1eesa3kdfavq33kd3f3ajwh4mg9sal76fp348en5u37435g4h4ca,73,0,0,,0,0,
pool1qatl6qf2zja8a3hyhn42ar5a54h9k0dn3hd2j4uxvz5mqn25zy5,73,0,0,,0,0,
pool13hqjq6yxcsk3wpygedcp04crk58qsc00gw4wf77q6kehxxagqme,73,0,0,,0,0,
pool1h5tldkcwftpnnwj4ygtfd8ts6mxkcv0qyes9tum9hxx27zrjzpf,73,0,0,,0,0,
pool18ecuhr75yr6zt9e707shkj5w9p664syqnkt8gmmlkydg27z39xt,73,0,0,,0,0,
pool1j2lzgkv7lpjd727tq5efty2aqemphw32vx02ldu3jnuxuyvwvyx,73,0,0,,0,0,
pool1hzy8quep7xkajxx8lep59y2erqll3cr440zm90ctej4hchyfedg,73,0,0,,0,0,
pool1edm3pa2da0dz2sq9mgfqgf8nr2tjtnplhnvkdwuwd6j0ylmfxpp,73,0,0,,0,0,
pool1md2zw92j6ye2m2dl34x6pvp8phdpjcknay72tzrz4vcq523druq,73,0,0,,0,0,
pool18s9snlm9kwex29wtgjjpkmwcn8j3fk3r22dpsehtjyqs754l70q,73,0,0,,0,0,
pool1js763t3yw63ffsxqpume8974z03hdlm4nddnezhfla6dskln37v,73,0,0,,0,0,
pool1vhsjmemxqg3ktv4hwqc09cxhhg6td86n9p3qwg5t5y6xc4dcddp,73,0,0,,0,0,
pool1x5ge78ks6jc0j8nsfwyqqhk2ukxlkvz7zxlm9utgk6405hh490n,73,0,0,,0,0,
pool1ajrl335z92udy65gxlgsrvthf9esfksp6m2yf3y7qcn7jqp0zsc,73,0,0,,0,0,
pool1hm55kzfkyll747qqwe5wnlqlu75kt9hm36nj0eruhez7wqyd58p,73,0,0,,0,0,
pool19gspsgyjq9hdkm9crrr7n00fn5p62udpcujw5mjv86u0xua9yxr,73,0,0,,0,0,
pool1tn49xn2jpq62uwff9lt8d25kfzhu3nzjkkytq8pc062n6c7h6tg,73,0,0,,0,0,
pool1fn5fq6r68hsxv5yqa2xjxmrchcwrmylmyluqvsmvfam5jr36nnx,73,0,0,,0,0,
pool1hmgufw0zuwtf5h4nudugkvu9qgk8zefrz70tv4ng4vhq5frzeuf,73,0,0,,0,0,
pool1u6r6439cne2ymaa2sn98c4l8wqkgcsg6pj3wr523j92f6744qcu,73,0,0,,0,0,
pool1w43rswva2e4hulr6ayxv4aaaf0fzvxjj5c8kv55xmm2auey5xvz,73,0,0,,0,0,
pool1p4s6gafaqd2w2dft5c5j2zj6grudvmpwsyx9gumzunak688x5tj,73,0,0,,0,0,
pool1ph3u549evvr8626xav25vk3sgcwa9llhvcp65q0m0gvz6q2klz3,73,0,0,,0,0,
pool1nyq3fcx438ydyprzfnpg8y8nkekmjqe2gp3mh04e9hv22ljaavj,73,0,0,,0,0,
pool1ap6fj6xllhlc3xuuq7uvz0ed2wjws08f7h680xcgq47qk2pvnme,73,0,0,,0,0,
pool1qf0wftuxq20v4c0es83qgfunte4uxepx7jesy8nczxz2wv8yld2,73,0,0,,0,0,
pool1y90zp3ysrwzttwqhm2gjc7gp4d7tg2n6zsw3sp3lyk7vjxc56d6,73,0,0,,0,0,
pool1pnpdsl0cungyn362fgp0lk8wt34xh68fywljnvtq9dtkk2sd8qv,73,0,0,,0,0,
pool1gwyuzpvu9vhe2ge4qmg2qca8y0pzmzmwpu872vwzwse6shlespw,73,0,0,,0,0,
pool1esvefse6m77u5nwetxjz82rh77062htxmdcfa4h98cx65gjg8zg,73,0,0,,0,0,
pool159nu5jnr7jc58hqaw880qtpzsq72q9pc9w3r88reeuyh702apfe,73,0,0,,0,0,
pool10nug2zc80t6tz64awqr0362kfsh6yvje6xz2a6appzhzwe25nc5,73,0,0,,0,0,
pool1adllnm43t3nuspvnr5r08jh6gpyvedu76hrhc6xymjzavd5d8f6,73,0,0,,0,0,
pool1j2g7nwksj60fszcz6pxsf2hyzny9ch673en08xjlx05jwxeh2uz,73,0,0,,0,0,
pool14ym9xrwe8vjl8xfm7xjx3eeg7fdqekkrejhuug732myd66y6qdy,73,0,0,,0,0,
pool1lyvtenf7325hsrtdgeqsv7yau6hyq7ztpdwwdeqcueh8s83h34l,73,0,0,,0,0,
pool1t6mnkhwj99hm0ckt8fkf85r84le9p95v2a3l874vfn947g5ajmu,73,0,0,,0,0,
pool1nad4u2vhlwpjd2f52dpgf5rh36ntvdsm38mxmztndtmcscpy82u,73,0,0,,0,0,
pool1cpqzd83axxlqxkeyuauwsmyqwud4jekjjvfmr0mp0mrrsnz3dng,73,0,0,,0,0,
pool10h9j9hazmtszyfyty7e6vj3usr6v0jdzvraqcxxs27rtqp7hsgc,73,0,0,,0,0,
pool1e5dxsm5ckaq0k9fg9hkclcrdj740757w4tqf9sk35wt22swypdu,73,0,0,,0,0,
pool1kqrsr700m267q9tz4pw4rjeg69nkahk5wuy3kkw479y56fqfy9t,73,0,0,,0,0,
pool1lenhysfdw3w6a37mukd4xfvsfssgvzlrnhk6v882j2kns6uyxd6,73,0,0,,0,0,
pool1lq78uw50ple5j3ruk6rx3np3u5ya0hcgq2k47yfmpuj46mahwnl,73,0,0,,0,0,
pool1uyqvgumuy8azzs4mal9hp89lkpqjgvy32s9ahq4aqwprs9357ud,73,5,42,854.40,0,360,100.00
pool1szgruqm2dlhkh5qh7rft28xz9gkxj6rzfncsuquf3vm37k63kqv,73,0,2,854.40,0,17,100.00
pool19xtc9sy9g7zcrrazrkg4s6ayjkkh9aynvfa6gqnawtdauulqxck,73,963508,8221979,853.34,0,70249804,100.00
pool1gu522f03e6azk25v5n6mur9zyl8ghe2ul8223zp3vfnp77fagfa,73,985408,8406684,853.12,0,71828205,100.00
pool1rm20ecfxj8plt6509yzlc5x853s2twpjkmv8zt0pjtr9vhlmyhq,57,6808,45299,665.41,544,342809,99.84
pool1867sv2tgcq2cjmyhqgsfveekmsy5zksld69zhgrlkluukfydq29,73,0,1,599.94,0,6,100.00
pool1uhdcmcn36vq8kk3207tqjwp90t0nwr49pc498wh5vxmgqyr78d5,73,34009,201184,591.57,470,1224462,99.96
pool1chdvqec5lwsxuedrdhcdcxg2295tqrce9lcz3luru5fruzjf3wr,73,403,2341,581.27,129,20127,99.36
pool163q9zuwpt9wr8rruuhw2mz6w6em25mhtrv58f8nz9aywj7vzer7,73,31,171,560.77,9,1475,99.36
pool1j8r3q09v0tx48f78u4kxldmakryd384uk6cg9rrlzjhtu93027r,73,13,70,548.99,5,606,99.24
pool1fagx52jnyh3dz0d722c2fedjvstc3mmwt4a2mlkgvszvqgkvt2g,73,1541,8334,541.00,94,50862,99.82
pool1aaa4rk9exk0scgjh7a247p4hdgkuq887kau8vnf9c6xqcjwca7e,73,128,676,526.57,48,5823,99.18
pool1qv3velgldz529zq904jy9qfrhdh0akwkkhylu2rymd6sw9m02cc,73,15717,79158,503.66,27,646973,100.00
pool1rryu0ckdfzcrxuef98q78fzw25dh3lck8l0u3lq6zpv7x5a6qyd,73,16,80,486.39,0,400,100.00
pool1xnfhm27l9sts2mq85qp2dp0yhw5xw0nt7vxxaa4a89zngykvxu4,73,8,36,472.54,0,182,100.00
pool1ret0s9eqs27nvw0k7y6vvv7nzfhpx3a86qyjnl4np79sk29q8f8,73,44818,202754,452.39,1649,1017431,99.84
pool1c39qg80pu8596huf5kh6cmfuxp8yzxz4kfqc4csfz7xdcwfwcnc,73,633,2801,442.29,301,24240,98.76
pool16nvyyawrxy0rsx99g332y3yasnnz42arrqhrsxq8pv7nwsya9nu,73,1609,6715,417.32,3,29311,99.99
pool1xlst0jw9safmz3c8m56zvl4m65y306dcp48hdks8ursmsz2awm2,73,162780,656618,403.38,41,4140134,100.00
pool15em5uvfe8ujs3ny6ydcnynazvxhnk7dq9hu8zp4qf5jmknx32jn,73,3486,13961,400.49,369,86000,99.57
pool14t5mu3sc07e92k6etpq2xftwjy2z3y8gxq0wny2crdckq2rpt0r,73,6,24,399.92,2,148,98.65
pool194rde70lnsrdu692j6hzrth2ka08l2t4g9mj0xl8tyfmuny7faj,73,202,806,398.33,10,3529,99.73
pool1qz9qfxcxsc46vpgrrj868scmttjp3y9xaehyn6knknegcsphq6u,73,1099,4360,396.61,555,37835,98.53
pool1es7867e973f59y07uwn04sylwd7myrv49q76e3jqp4a5ktvzpeg,73,522,2050,393.11,100,10358,99.03
pool1f2pqecfn9x8kzgjeecyjk7cnqj0nyu84uaj2ptr0xdjr5w9qepc,73,46,177,387.85,25,1537,98.38
pool13y37atzdckzr0gvj8mtnma49602jjtcw2dhr9zmpy4rase88j6p,73,35256,133498,378.65,2507,587542,99.57
pool140d97glhjr5nws8cdhn70h4nk35vmmmvqe3zwg43t4caxt0m7wn,27,665,2509,377.25,30,13218,99.77
pool1klq8yy3rr6k4ez7uwkzz5ku3yuym3eeg6g2ne3p9f4hnzfycfkl,73,84,316,376.39,4,1598,99.73
pool16a23pum2srw5xmkknvw8dtc8ynqedx3wecmhacez4chrv9huvyg,73,2274,8425,370.47,5,33132,99.98
pool18sk7mn0r0cyujft352lwkzg5pz7e67ve3ps2sryrwacd2r5zhp6,73,5180934,19119284,369.03,0,76020300,100.00
pool1n7zhzk2zyvqywfj476s4xk9h0xzncsq37469d8cyg37lsngvvqp,73,108,388,358.58,27,1972,98.61
pool1wp7vqk4mkx0w0wxzpy8avhft4qwcg60xldwem2uh9n4pw777fhz,73,82510,285738,346.31,24722,2099394,98.82
pool138e249zh9l93azsf2pf7wyhxyayzcxdhsrg3vqpfx665c8xa348,73,127,438,345.82,54,2721,98.03
pool1fdgzsd07tq6t7zd44na0a72kz6gpedp9avny02z7qsx9ywr3le7,73,48425,167415,345.72,1116,1425347,99.92
pool1uc4hd4qe0uf9dl9ajjxxyclvn6cxhhctfmzy82lsppwfq6a9hvd,73,26,88,339.90,0,413,100.00
pool1zmj5rkpvhdknscjrgul4cxw4xhaqfhfcjqv9kffmhd0zvdx6rvd,73,460,1532,332.82,5,5706,99.91
pool1y2433yepkpw5xwps004zlz23xuja9xp2ckplak5lp72qss37333,73,619,2046,330.55,121,9057,98.66
pool175gxtzacpcm90adjpvlhjmfpj4ft2a3zuqsgm558hf3q7ra2vf9,73,174065,569243,327.03,2772,2092032,99.87
pool1pup39uk3d9hl8vg3v0evn3hxkxygkas0asekng7x9cpx5f2r6d6,73,10045,32650,325.03,443,167541,99.74
pool1m4r66650ugw2xshz3gtred6wdxcn65v48r0r6p4vy64dy276q8h,73,1737,5637,324.64,4,20438,99.98
pool1w728ekz4fs2f33qmqf7047hvwsmarjrv5l575ncnh7hkc0zdhgz,73,190759,582940,305.59,10379,2736046,99.62
pool1k2rhjxppp87k488zfeu9t24hl4jgjrjcqxwfg4q7jcu6wvkfwpn,73,2,6,304.59,1,53,97.59
pool1vr8tegnnjtvfe7me66qrchaq6ucmmxve6anuuypwn6s3zs6342s,73,66,199,300.79,2,675,99.73
pool127cp6le6v4hs453tkwnjd6ua9fcmmh7y5zc44zx752yzklgcrcq,73,2884,8649,299.89,1442,54065,97.33
pool1h92eaq3wksa7j3ecd8llyxva9kuyuz5ucm7a8hpwz8vhzj0wtsf,73,49349,146962,297.80,243,591254,99.96
pool1evun4ps8xa0dfpj2r0cw9p94t2pctcvusccsm458enajuw2mftw,73,362,1072,295.79,17,3842,99.57
pool1grlhzfvd93ea4832tm36hwd7y4h8ghnlwnp3awx5heffjttgf0u,31,10145,29843,294.17,223,99844,99.78
pool18dmncsu0wwzfnje42udk3eeld3z0zwjpjxname3lp8a9kpah28w,73,5049,14843,293.99,3312,130133,97.46
pool19ddv2pe786q8zqjzvw50u60y2aau7wl76sg3pnkc4j92wcx2kp2,73,13198,38681,293.08,3431,172732,98.01
pool15a04yc72q4tfkwaweu86l0764urswee8c3zxperyrdq4kx8nvua,73,165520,484202,292.53,81172,3097855,97.38
pool1s54847dyrcpgxjvsjvhjjqjrkz3x6vevy77xaqje5nugxhp6j2g,73,57,167,292.39,12,669,98.18
pool1u6etszaexv9v4lrf8r5xtjk2rc8wqq9waq9akrn7l5az6tm6u7m,73,42,122,287.02,0,387,100.00
pool12v7aukl49ehf9ysagq960ek26jeywnq3yzv5hgl4ecvhvyax5p6,73,118,338,287.02,0,1075,100.00
pool1f6ltd3rd3e69klr32r0xw7h59lc76lhc9l705d380lj76d926du,73,150973,430881,285.40,1203,2081781,99.94
pool193spq4aagtqthqxnwzat2n53ugjkyx8d42wqu6wm8lckj056y0t,73,282,791,280.43,69,3258,97.88
pool1v7q3xsa9u4ezatnsunuyw8646fc3fsvjju9a5x3835d6uf09pe8,73,8955,24592,274.61,135,84266,99.84
pool1lfxjjg2fmaea3dnvu6wpxylrtrzq0pkgjutjesuzwem4xymtqaj,28,4504063,12125944,269.22,5,63000149,100.00
pool1yd67ecxptd70flavhu9m4x9pj460fpy3pttlcfs5wvjlwzs79vw,73,709,1890,266.56,5,5715,99.91
pool1efzvmtxl4n9z8ylegk9jhctclu44z7k0qg82mp2kp2ytqa9xgf0,73,19864,52943,266.53,0,160167,100.00
pool1spqkpaezku3knl9ug7txrlyzr8kkvdr0h75yyz262cx6gls6zlm,73,47,125,265.97,17,563,96.96
pool123gn9my6u32zea8l3uk889rjj2qf2tfagcz67q4v4r9ccjjtge7,73,4038,10572,261.80,1654,67208,97.54
pool1ufh42ppqnet625mqql2fkc79p3emuqsnmf6s6ugxygqa75xgc8c,73,1367,3439,251.50,52,11234,99.53
pool1qsdg8ylzy4kv624drfgkzuqgqj3y29lw44qnvltepht2wegh58c,73,438,1095,250.31,4,3168,99.87
pool16m8xz3av9e3lwnxgu0jfnuwckgayev63zpzcu56hsxx7vy4eqzn,73,332,819,246.84,101,6689,98.50
pool1am69d5jfzgjepwhseryw59j0lspn0c0307shw3v2cvfq77gvnrh,73,22910,56401,246.18,102,165334,99.94
pool1dadfsnjauzhgcvz5hkrulwevpe9mk2a9rsxt24pawcy7zndhll3,73,4181,10073,240.91,196,29291,99.33
pool15pggy59smh8465ldedcc5ks0nlr6xxlna73wmpkfp5jn7sh23pv,73,2702,6489,240.12,341,22485,98.48
pool1rkknx2m6h3dw6y6t8ux6fx65mxamgk207mdwtcc3yvas2yyrvxp,73,2367,5631,237.93,24,16400,99.86
pool1vemm9tq77upd9m6wtu7edw8wtju3ymnuq9wz43cfn35qk26ddqq,73,139,330,237.39,7,1225,99.40
pool1rhew9hdp6wpudh22k7gyjtv98r872hca064n8ug8lk3j65ae59a,73,2227,5287,237.38,10,14693,99.93
pool1d66wvltjn768rm2ywdzpetzx034z7vanrlz8mrpn9us8zjcyjaf,73,3796,8871,233.71,11,41542,99.97
pool1gprrm7gehg9wlupqsvyf59l52q8wgr3y46p656r66t7zy7j2z66,73,28,65,230.84,17,415,95.80
pool1ctfxzwgqakxujmn95dfvprcm0h3dtzjh408apk0cewl0c4r6gg3,73,8,19,230.33,4,97,95.63
pool1k26f25u5uqvhxuj20x3p72kx5gx4lc658f55kr328y5xzh0x4et,73,1655,3783,228.54,504,14578,96.54
pool1a9fmzl8m8ql8kk5s8cgxf0ny4c06v2540977gps5mjunwvk5zc0,73,4325,9879,228.39,286,30575,99.06
pool1dghwejqptsjtf9k8paspg9rhl8humxx0nh7sk37j0ada2dr9mqh,73,1424221,3172067,222.72,545,10849872,99.99
pool1rsm2ara9zm9tq0gupcq4c7e3v7c8lwxlgjgh2zalgjf3669rlwq,73,214,475,221.43,101,2172,95.36
pool1tegyxvyvya2lsqd7w2nna3h63ffdq85l0v8tg44yeak77du8zxd,73,2590,5696,219.93,897,21492,95.83
pool14p6lu0454w4wq6gsxxftqdz43x3tuv3teunp8kgu08tacgf43gd,73,3202,6951,217.08,595,26143,97.73
pool1j4nkshfytq8tww99ttfwvrmv8n7yq2tvuw0xlphelzzw6vfghwq,73,241851,524167,216.73,46971,2110754,97.77
pool12t3wyzzmg5ms5tzz7w6evedrf7mh07m875r6dfk8xpmgzjc3d9g,73,62,134,216.32,0,348,100.00
pool16vxqq0ttyvfkt84f6ksncskgdk0r9w8ulaum0af8cmmfgsf5hua,73,126694,273822,216.13,113,710977,99.98
pool16sm29hg3qrk5lyp74qcljt38l86v5zvg95395h9gqrn6qe97d9z,73,89060,190356,213.74,49001,1002382,95.11
pool1xamkqfkkfm4eldv88jhdcm5uzs8kd3p776e789hqv8yfzjgqh9s,73,801,1706,212.86,66,5318,98.76
pool129hymvzfw4ns3keud8zd9pdrpxa54jghsqh2j4jjxh4dcljet2f,28,9041643,19192473,212.27,9527,49474574,99.98
pool140xj040w37pcufxdhpjne03sn2rd0fxys4m2c0sgjw5pqjnlx8f,73,40278,85199,211.53,9610,295088,96.74
pool1sktpderrlmwnw8l769aqqfmmv2sn2uatp4r9z84htt6kg7jauyn,73,661,1384,209.44,0,3653,100.00
pool1n7zh6hu89v9lz6d8ggjr9xll8q8jqr5aa4qxkfnlfh2uj39802c,73,3496,7319,209.34,401,22786,98.24
pool13rt3ngkek4l876980ect869cu978d36dcyh22ts4nwuf7ncq02u,26,603098,1247719,206.88,15,5149369,100.00
pool1rzzz3sy88y05r8vqpejczv6zqntf6ayn3untjkn9kfud6nemcp9,73,973,2011,206.71,0,5072,100.00
pool1e6z3jnnvu9zqxlk60hkfjym2vj3mvgysy6h8l2xxyj5j220vlsd,73,2591,5304,204.72,9,17808,99.95
pool1lgves5hhdt5h6jzy7sf57l6gq9x3csf5w05ymv5zq7a9jfwn7kk,73,45774,93367,203.97,1001,292445,99.66
pool1fpvs8h5q5kwpz4k2yd0vw90dgdxacr3ef508tzzewm0kysdt4eq,73,13013709,26256478,201.76,10,70000011,100.00
pool1tngckke7m227384rvehwdm9t47zmhuy6w6t9cgnetc3ujlsnwj6,73,2,4,201.54,0,10,100.00
pool14dz6syalxmtlykaudkk50t9xtve0ne2rvtsgqmyvfeg5cxx68n4,73,6145,12341,200.82,1005,36903,97.28
pool1k0sdhxunrkpv6dqdhhn3wkul8ytxhskt9erw94h66xe46nsqp0c,73,3840,7591,197.68,615,25422,97.58
pool1vy9qerf9fenp893mqrdm58uj45w3etutv4n0vdh8669uvqenkqr,73,287815,563933,195.94,49359,1772698,97.22
pool1l92vxagssugcsu4wyhvnjd0t6dlqjjfrxkt8v4qaucgmq8t3j3s,28,14897268,29049550,195.00,5,69568797,100.00
pool1sghd7rmq0ktp6xd8yp84m00530hhqxx94lsnswmajt2xxrzpyjk,73,256839,492983,191.94,68383,1578295,95.67
pool12nhydvz643puda5jjc7hxyphk9685n8tlsgeenfvtttckd803e5,73,16709,32051,191.82,581,120614,99.52
pool1fk7lk6x7j6jkxuvl0het8nmunra4g7370mw29f286dv9ylegutq,73,249361,477970,191.68,126334,2237338,94.35
pool15zrj43nldc357nas0g7glm09wqhtyexxs64skq52mtg6sdrsjzd,73,850,1627,191.53,61,4168,98.54
pool1zd728035u3406eff69h9a8gj8tg927qe62xwvg4leghwvs5hhmv,73,3996,7649,191.42,208,20251,98.97
pool1dv4yvcrl2kefasd4qxf8pzu695npqqfdzvlyauh2xqfhgf6ng8d,73,4,7,190.05,0,17,100.00
pool1vxpu476qrulzkk2u97emkfskmc2jx4mzznvupw0zf5206nx35vl,73,1493,2832,189.72,308,8171,96.23
pool12p907u2s7hh84cn8xn26h8ytdtftrv4u8fe6xznl4xasvckxd8r,60,3267,6173,188.94,255,21936,98.84
pool1avrc505uzld32hjr78pxra8jtmxvwaxdttxq2zxsjearwsy0quc,73,24927,46853,187.96,275,112751,99.76
pool1futpazj04ukh0754m6wexrr9gdezmrl6e0pksyhpc9gjql44l0y,73,713,1335,187.28,458,8579,94.66
pool1687dfgyljnhamx05h6r04zdllv68exatshhd0jny4q56skc0926,73,8270,15393,186.13,3361,68356,95.08
pool19mc6suzenqdvmq3ssf3nfzv4xva3wgl83z6syumccdppyar0vga,73,7581,14034,185.13,50,49483,99.90
pool1m4njkh73pdj90xxkgaz9dnh7gffweeupft8nfurlntg6cgqfmy8,60,2856196,5238055,183.39,179,13035501,100.00
pool1scnq7w9rxgt2c4lax0y0ch0el2t9pjcyffhhzs2dfgt75u2zcq4,73,3573,6531,182.82,18,24778,99.93
pool1r6lp6uumua0kvs069y0k5kh3t7acvv4pz9pfw3zs6rmmcs52z4z,73,989,1804,182.44,2,4240,99.96
pool1cauj94scz5wp58defdxqqgnujaalvxe388peyv2gx79y6suzl55,32,5888147,10696598,181.66,5,33486843,100.00
pool194x3sx05hac6fhy37a7umfj55uaac4qf2ysp5fl2gyq2x7n4n98,73,140,255,181.65,60,1505,95.99
pool16qr7dz5q4vwf3n87t4lmr0d2zlr5knexpdzkuk4trc8dwed7aw3,73,2950787,5350524,181.33,231177,20849072,98.89
pool1jrst9acplgqk95469zu68xv5xj802lqxe682jjsd39z26ddj8ur,73,712,1287,180.71,8,3031,99.74
pool14nxj3szga2tgllwenjgajfl3y4t570yghhyk36d2heuqvy63wl3,73,5,9,180.45,3,49,93.87
pool136mu955m4fl6stzq9rjrsww92xftwnjr85997zykeqylc9h3k8u,73,14468,25631,177.16,3,63153,100.00
pool1q2fh3cl6rx0wv5gry4qx5l4h65qpjf7x99xmq66nqj2fj5g6u9z,73,5737444,9835634,171.43,1850718,38458494,95.19
pool1wnshjhwqv9j7fgd4tkynpsqr0xczns4pghljy5j4z4qjj7qy4d4,73,21254,36372,171.13,3042,111424,97.27
pool1y046n8u3uz552nmhz9wx7jv2gn9lytyvwlntetkyavvq52nzqzs,73,189,321,169.71,36,897,95.95
pool18aklqwussc7j6y9nap8vxst4ht8s6sv76ge9799rzv3lcrau7yg,73,3400,5754,169.24,473,33274,98.58
pool1elvz3kppg3peep0dcclju3gwf9m37vzyxetuf03we37sqlnsjxr,73,187683,317152,168.98,1037,773678,99.87
pool1wlmyl6csyc5m9sxezcladq3ttty4hja9mue63dwdh5g7ymucukl,39,5303428,8958936,168.93,95771,20393632,99.53
pool1j6uz7hz3mzd5hncsnvdw04q7785kpxx4vfze686zekdly7jz7gl,73,132,221,167.36,7,517,98.74
pool120s8wucgh9dnshf3xkvffq30lcf4kta9uzf35s44eulezc8puwj,73,76,125,165.38,10,310,96.83
pool17m2zg7dcg54a8gz2jgkwz2s3fzzth2gyf466k7sy4dl7wchp3lv,73,259,428,165.10,7,1017,99.36
pool1y0s5vwg2rdvfnynyhhgh08hdrd74p6rfhwxzvrxvfnrvjuddyf2,73,45322,74103,163.50,10983,203958,94.62
pool1ysnxzyr2ck49pxafgq52tt8wzdhpcsqw3jxdftf7u2whgtmry3k,73,305,495,162.51,222,3236,93.13
pool148ajvsw7z9mhgw43tqvgmfrv22azvm638knkqghqv497xvdl2tk,73,12,20,162.23,0,50,100.00
pool1k8mxlherc4vmfk9pmxs0rk27qmu3sqy0gsdck4gwduz57xsepak,73,3714,6018,162.02,1314,21473,93.88
pool1efj8td645z33mr8h0ww5y5s0lz6jwj7e54cj4mv44s2269r7d4f,73,56,89,160.74,33,424,92.31
pool14h7cjyklnrf2ylu6g2z89n5zckeyprw36lstw7lw5kvqwc4xw2d,73,114,183,160.64,38,628,93.95
pool1frxut5ury0r2clgpvr0dewlsvc233ft7g6v7vx8msepy5068evn,73,7648,12232,159.94,698,28883,97.58
pool1yw05sn4p9972p6lsdw9g4twvwxdf72rqtfuvwn0wp736vh4azfn,73,1626,2582,158.84,105,5974,98.25
pool1vekz9v9ntugs7g3flpg2q3au8tp7205zsyl9kh03g72s7rz5hvm,73,911,1444,158.45,0,3168,100.00
pool1z5h4jhmhqrd2ndrhn3w7kr8nvcqwunds53hrs6vpzr882x4n3la,73,298,468,157.38,102,1546,93.39
pool1fuge4duc9hfgm9xvu33llsntmnfcumsyw2d0away49v8gmphfzs,13,22325217,34855229,156.12,5,72588006,100.00
pool1jepxzmqljthtfvcx9dhcp7rysg9n40z6jxr9cw7963h0qv8mz60,73,1231,1904,154.60,568,6622,91.42
pool1plgh3y74vhkj7l0wpxtnwtp22czfq004a69y40fptfg4kntvypm,73,8454761,13044337,154.28,15863,42366011,99.96
pool1hjlkmtquuanfvvumfwsu395gdrmt36kda0x6wwwpz4kqctg5lyy,73,186,287,154.11,60,828,92.78
pool1sskadl6p2w0ttfr60y2ssfzcmrnaty4wt68v5glzd3e5vwkh7z5,73,3108,4765,153.31,0,10314,100.00
pool1l5ktcfhhsx66ms6ugguusytr0nnsy49t2684avev6dak55jc00t,73,1298,1981,152.60,20,10517,99.81
pool10p7hdyghmkfuuxep4slslvjs2fk0hechqwadc2348e6g2x8hta6,73,3508,5352,152.58,361,14355,97.49
pool1xflehvzad4wr6rrvf6eea65jst5af0r4k0rh4xvmnqgvkzt3xjt,13,632,963,152.47,15,2019,99.27
pool1va0dv0map5dqhaj8pyc3rg0500drqs0m5smcxme6xghnc7ygmw8,73,1039,1572,151.28,491,5488,91.05
pool1fspfv7z8l8755une5vt8drk7aufenxlucnl0p09sy8vxjw5kz3y,73,285,428,150.20,0,1054,100.00
pool1ndu9fpv7prmp6r6k23lzx6fcpjlvh6upl3w8ghldys467u6vvrl,73,3479,5203,149.56,1405,16450,91.46
pool1ak3vhtv7alve9wfj5kx5xswrtfvy5a23txuupgy6nqpduq350w5,73,623801,932251,149.45,1103,2488618,99.96
pool1f89cpnym44rfv52jj88f3g20axraw4g9g7aglnqsgjl220lpdd8,73,9967495,14801113,148.49,4262,32665324,99.99
pool1qdw8vw3tk20e4lgcd9evd9u4hxj8zekdg2qpmnzdk83dcncavpd,73,500,743,148.46,0,1588,100.00
pool1qsxhnvr03tg6jj7cl0y74jd63n85fgejm8tlqq7ct7fexfygkye,73,469031,695839,148.36,54459,2454791,97.78
pool1anxttanf5g4cjgagns6cf084wq6x9k2pfygjdjyk3swf77wj2ax,13,904503,1341011,148.26,5,2835095,100.00
pool1l7xwy6sswcpxcepf9m43sez4kwgrgxuw5ekhkavj3k2lv6njvec,73,9986551,14802999,148.23,7080,32702030,99.98
pool1vn0mxlvhm4l8pcft3jp5pxh4nhh89qevdg2xu6s6sdqvvs4ft28,28,508703,752684,147.96,5,1584056,100.00
pool14f0uj8vghxzs09p3rzvhlur0dnfwylxc67whaz087srtjjrcjgd,73,326300,482386,147.84,31822,2136672,98.51
pool1det0jsa8huncdzmlxh4rtcn23vc4eks93544wla86shxq8yl99m,26,35610,52619,147.76,199,191226,99.90
pool1cj6js4ae570qqgssp5qr83zla0775u35fyxytk8j240uy2aca2q,73,44846,66126,147.45,305,141677,99.78
pool1fl0gdfcmzg4jf3hw839epdteuazm23nff44vddap00r0sm5gvvk,73,388841,572735,147.29,141387,2234437,93.67
pool12rt30v5khmh2y9nap3ffe6envd89lq9qf8f4usr0enwwzzwktsu,73,3253,4789,147.20,24,10271,99.77
pool1vfdw3j9246kkem4lychnsqj9edsmfglfvxvmyl4ekqddj92e33f,31,3234,4755,147.05,48,12763,99.62
pool1ptzl40tt9a6l2kp6fhjmzsg3t2maqdhwv6cnqu8kj6xgz3vw9us,73,10085238,14801201,146.76,114749,32795646,99.65
pool1lvgs6gdcgl3lgcc77wxmuyst8x4h9gxcth07pzry0rfsv5ntl3r,73,10087790,14799826,146.71,115417,32798821,99.65
pool1f5zye57nw6nsrczkkzkpd8avayar7j48zjw5pu2e5k38ssm2yhd,73,23271,34103,146.55,1099,101353,98.92
pool1tll7ysfwe8cmsh7g336fh2qxf4jsxap5ssmhzrs9jpksg2g86zt,36,1828,2661,145.56,88,5783,98.48
pool1ah6f5h5xss3qcc5wv5smvkwsqrqz2v2v4u0pvmrrttzs6z52kx8,28,529721,770234,145.40,5,1629635,100.00
pool146fn2mcz0f9npcuqwvr3xjn93840jzueja973uc03xkqvl2w36c,28,56910232,82309756,144.63,11820,275674669,100.00
pool1enc9l2nealzp9sr7n77032rc593879faj6hqeny6f6h052eaaxh,73,1419,2051,144.58,83,4731,98.25
pool1jh5p5627hzqxdzjutfenz83qs7p2qtha4kvst3hs0829sdc0ksm,73,9086,13066,143.81,517,29499,98.25
pool1s2gxepqa5r6qzze05x3vxunt24cmqth2d2lmfrtudfqcg5c78kw,31,45352,65212,143.79,1083,138329,99.22
pool15676jwlm6gancffzs2jg9vf5xwzmspyktw75dl4kaucyst4qt8q,73,149660,211480,141.31,81359,1098648,92.59
pool1085up093vl7qgwnqsuset7kdt3yflscdp6h8eeakuhyzwlhmq68,73,494124,691670,139.98,175649,3556173,95.06
pool1nhstzc6dk7d04k83yfccyrylzewhpd422kall4u6a5ck5c0pw3q,73,1011,1414,139.83,131,4426,97.05
pool16rcqtg9gywenzkp6t5qg8um5tuul6d4dzwauppz7z3ufyaj0ky3,73,925,1279,138.23,151,4109,96.32
pool1kxedw6c34730h344lz0s0z6848005qrs096l8l2whcwly3rcl27,73,667,918,137.61,3,4663,99.94
pool1kf0c6a38vy9t7muc2jpfefdc0y6ey8386ujtn6rtly25y5yxwqf,28,467538,638772,136.62,5,1310363,100.00
pool1w9u6rtvuzke9cq5q4x2r7g8xlt6lqmcd2tugzpjpj5w5xv0eyws,28,359308,490902,136.62,5,1006373,100.00
pool12582dmkl7xanxlmfnwd4fepmx4tt5kkw327mmklcjdxngwaxvh2,28,382688,522844,136.62,5,1072073,100.00
pool1da9msyhpfmt58vrdkk7lpzgwldvc0t7q46kvpcyvvpff7347lsp,28,632346,863943,136.62,5,1771553,100.00
pool1fr8ug253hlv0pt4sxu3w20r03pnpkh2wpedegp55t8nsx28rkma,73,1281339,1744718,136.16,486599,6171820,92.12
pool1gwljutrkqx7km7ec2e8u93y0tvd8w07mgz2aaeqj75h9q7tntmq,73,10927,14869,136.08,51,34923,99.85
pool1azwa3mcez0mr7520jznl0kamr3wdun5ygzscwtjulhdy5s58vvu,73,29118,39410,135.35,12,83506,99.99
pool1l4synes9s3swlf5r5rsfpede3582r4km2wd94xctceyaudv9zx3,73,305057,412679,135.28,197560,2297993,91.40
pool1j9qrcwg28mgsu38p5jkrwpthff5pmm5wdpprghg2xrvfyfcm5ls,73,1677,2249,134.11,337,7405,95.45
pool1fza7ms33y7mnq63etrgz0caqhaw2tsxme0gp52ltv9wwgwurged,61,11213699,14616714,130.35,8,38263319,100.00
pool1t0jheek3yftf0a9dgzgr2hc2wttwrcjyd5whdrek4ggcc5famre,73,307271,398946,129.83,107985,2226476,95.15
pool1lyxxsvl8tulypzj6rql4yaw9rsh6q6237fmfmj76a4mfsrz40gk,73,2978,3852,129.33,1032,11095,90.70
pool17ywx7vha7t8snj3xzwm9863lvnpke0ufqjtx94mh49sf28srg9m,73,4928,6334,128.52,456,37509,98.78
pool13u45a953lme8y835e5upndqp50r887dha7gt26v6hcaeup4aavx,73,2788,3563,127.78,1729,14614,88.17
pool1cg90yrzsj6mk84jzqt6sg3mg9gxx6f40tk7fk2v7uyp5cxw02wf,35,18936,24181,127.70,0,56022,100.00
pool1wsar9vtmyghy3htc7gz0gwq70ap0v7wrq9hq83qwx5auvzfm6fg,73,14917,19042,127.65,0,38893,100.00
pool14rxm70xxyj90dw0x58msyl7gkejqlz2tfp9u7a92zx4gyw7c7ry,30,524265,666715,127.17,54746,1642301,96.67
pool1g2zsavkscwrzz0tqqwwykkyganyedlzgqc63fneq6nvzc7rwdzp,73,1179,1498,127.03,137,4222,96.76
pool1qpn9lpmwp9p88vtp6gt20xdc5e7rf50ew42hp7gdnfltxqvfpka,73,4368,5507,126.09,70,13054,99.47
pool1fp9z85qx2k6jgnn4f4taxlgn0xw0w9k3t47q32t83ymexz5ymwd,73,2548,3181,124.84,1603,13105,87.77
pool1xznpgmkfkf4f5wzks85z778v2s94vhmjxc60m8tphvypj6jp2w2,47,469518,585932,124.79,11752,1811099,99.35
pool100wj94uzf54vup2hdzk0afng4dhjaqggt7j434mtgm8v2gfvfgp,73,427,532,124.66,14,1527,99.08
pool12pk63q22re4up2dg86tyjwthuauqu0ryq3jlxs9v29zk68cpugl,73,542071,674266,124.39,13599,2470062,99.45
pool1p8cgpwp63e08jsckma4y83x4ehc3ynt0tuameh99hmreg0hf7mx,73,624,773,124.03,0,1570,100.00
pool18sqt4qwprlt6ytg8pu2qpz262j9vhlzmtwn2fwvhpcnzc0u5ynw,73,327,400,122.49,21,1240,98.34
pool135t6gh8sa4ahajdzw76yy7m5r0js49ra4990ahrk6ydzxef4xrd,28,24738947,30126285,121.78,35023,68109606,99.95
pool102vsulhfx8ua2j9fwl2u7gv57fhhutc3tp6juzaefgrn7ae35wm,31,425,516,121.42,119,1771,93.29
pool1fr3ws5vwm7l5y2ywau2jrlaan0xmfqv68h5g3g3sum2ywthurt2,73,4178,5041,120.66,2973,24973,88.10
pool17xtz3a8ppy9prj4e2e5t5ggk6p68ls305x5pyyxdxc2lut0ltm2,73,165,198,120.29,8,607,98.76
pool1c3fjkls7d2aujud8y5xy5e0azu0ueatwn34u7jy3ql85ze3xya8,63,1819520,2187762,120.24,100380,6225080,98.39
pool122gklgk6gep3dm5grag0kavzzxcwk4kxxrqegfygghjpgch6pns,73,7351,8838,120.22,54,26416,99.79
pool1ksye6zwlzaytspldngc3966aj79zkjvmkykydu2txay75c0krfp,39,71413,85732,120.05,247,236624,99.90
pool1lp9pugfvyrjt8rqj5v02yvucchzj27tlru9kwl7nj0fh2mjc5d3,73,23978,28719,119.77,2111,61206,96.55
pool1ylhh4u260wz52zpct0ce8txh8alm0zmjaf4fn69yz09xs68y70v,73,727,869,119.54,1,1942,99.93
pool1xk3ck79lra9c9x5c684lylvg8vlexmh0eh7w90t6s0zvw6k5vn7,73,723,863,119.47,6,1749,99.63
pool1k3nkfa5ugavrpd9nwd3s6yyx454qxnquxwmux4rzfunl7q0z38t,48,34406616,40947676,119.01,3,106062196,100.00
pool1vcnevxtlwswfh8cdnqc9xrgpxq8wt33l2jtcfle2eqwpwd9997d,31,15003,17833,118.86,1275,48413,97.37
pool1cuccvs6vdlrxw67kwvzdx3gcl3ha0402mkhhseqmre7u7vdkwev,73,345545,407436,117.91,7565,830553,99.09
pool1lf2u2m27y9lsu342xvmyxjfvuyzua487whmddt883kmay4mxjeg,28,911357,1071383,117.56,232,2128689,99.99
pool1vale5v0rm72lmz3ssv39a9ywceucqczux4v6zhegfmh7vlgfchf,28,18855462,22115891,117.29,130,44009965,100.00
pool1fveclhv3w9q3nl02j0rwpu8rwgsk4vrxwk27mpdsa8stx27n93q,28,18393322,21571386,117.28,97,42926666,100.00
pool1vresred49vtwxm87v0gg0dxfrdhfv6rz826u36ts9a60unw2nrk,28,18700499,21918548,117.21,21001,43636720,99.95
pool124lm97s6f4satl7xz0ulzgg6tv30tskry3zcntwrz68n60v5yne,73,67003,78434,117.06,12845,182142,92.95
pool1kcfe6evpfmh5rh40yta3qrrudsy956scuwfl7wgts0z926z6kuw,28,18942517,22132429,116.84,1046,44115593,100.00
pool13ew2l5glvzj6l8r0qkjqchxjyg7tzmv604zh4y68kvhf5x5skgu,73,63351,73464,115.96,10908,208814,94.78
pool1509aw97y38yl6cpamvpzv58hh9c6lxrggxssya9twj9f6xxd394,73,7917,9132,115.34,2154,22217,90.30
pool1rzhyuwfwdzksm9v2ze8playmvdv3u04x9a0tmhg2krx7kt2635t,73,1136,1300,114.41,984,12093,91.86
pool1j0ys5378p896epefs0q2ehx3h9rrd4gupd33adkza7g3q02f6np,71,269648,307868,114.17,178,825537,99.98
pool1r80l6hsdftyfvqftjak0r6llnszdtnh2x7rvtllawzj7x3afq2k,73,7808,8891,113.87,5924,82154,92.79
pool16ypn6g8sm5um7mkxyhdu7j9eq9zl35wywq5n9x8g0aujc060qzp,73,3359,3770,112.26,1791,15812,88.67
pool18xwr0zysfyyxsva6sta7alezd44nsa5nasewmjxweg9sgqntlxn,73,2940,3298,112.19,46,6648,99.31
pool1rj8zkzk3dm0lmnjtafczqfp8sshmang8gg85eypjeh2e6cve0vl,73,55348,61926,111.89,8322,193522,95.70
pool1p627hhec2ha6wu6ql377c3hv4mjd26w7ll0xyw2ezgnu6nyl0a4,73,513494,574064,111.80,127101,1588645,92.00
pool1kftku3r6truhvjm75gsh9pm33zfv7nuwas88m5sxqqknyyj82gf,73,68299,74929,109.71,1358,178290,99.24
pool12p0qtp89dfzr6spqq4xl6ha2s9m8lqydnvfafyd0h38fy0hfv3f,73,5507711,6030042,109.48,44530,12173261,99.63
pool1dzdglfergm9km74055n6c9xsp8n78ec8ztsklgxg5c5gyrfz9zc,28,5796126,6341764,109.41,5,12707941,100.00
pool1kez2gdqpwq2d3xd5k5q4enea59sp8tmgqsyt0rtmgxvuyykz8qg,73,644,704,109.24,562,6572,91.45
pool1wfvreaqszfzxe5w2swwpqpy7e4jax9nyky0x855xqswkzq4v7zf,31,292,317,108.34,3,692,99.57
pool13l9qxpuzd70h7hkjr4ec3pf50w4x6tst5pxc7w33l5lyj4lpmtv,34,35118106,37847902,107.77,0,75634416,100.00
pool1w3s6gk83y2g3670emy3yfjw9myz3u4whph7peah653rmsfegyj3,73,2788,2997,107.50,146,6475,97.75
pool1n3agd6rep8jw3gff684mja56ns6wqmshayu0av7hxcgx7f4pnwy,73,6540,7028,107.46,4096,29857,86.28
pool1jqxp8hn0ywdrg3clzha9c2u7qh3zsh68u55wh50vdmecupc5rxs,73,2486,2651,106.62,1729,12184,85.81
pool1f9934hk9awd25mmxl0dd2haqvda9nlquwnh5pv64hs42znl07zj,73,24887116,26449598,106.28,3354,59562584,99.99
pool1e0shheqzrlrkzfhz9shnw562tg6ma3qqyytupk2edua56a9r2yd,73,2731,2882,105.56,0,14764,100.00
pool12va8zrqehhwuz39trxgq6dagzjyq3qjenqd96jy9qvwwx2372zv,31,2827,2980,105.41,215,7920,97.28
pool1cxl0gk32hwe6sckdmy2zydkl7wrk8npjay0u3u5zsglwvkqmjen,31,1603,1686,105.20,459,4195,89.07
pool15kek228mhvnsncdjn77u8qtrn8hjh5wfzmh6g942xf0353yc77j,73,16008593,16783606,104.84,7847,35260899,99.98
pool1auwfzangu7s9uagapchhmac87jy3k87a3dxhp23vadtw5m5dswl,73,795,831,104.55,512,3325,84.60
pool12h408zlkavwxw4wkw96mt8unjs8sn27k0yk4yhz4pzvsx0wvmq5,73,559,576,103.20,256,5282,95.16
pool1fpsp2ayycsvpj2k43jnctdp306murzt7nzrlg0fuyyr9y8vx3pp,73,15208,15642,102.85,745,32250,97.69
pool1mnghpud4rypv76fgq5urhzaujlevp94tjxug6556e9qyua43ktl,73,25726,26445,102.79,5612,107943,94.80
pool1hx4wc45qhhychdvquhem0q3madcs2mp4r0wllk70zkpxz7jhyf4,73,14829621,15224077,102.66,10587,70520766,99.98
pool1u3d2q48xqdge5kejkctwehlcz40vwm65rc0jed974zc6vfd4clc,73,189131,194097,102.63,13332,524700,97.46
pool1f6lnuxzw90mmd399nxqjvzyyxgmf4h3cp7j6pp5s7xmps86arct,73,2353092,2410874,102.46,110671,9945700,98.89
pool1phgu0sftpeantu8smmve8w2pa0n4jhhxekrls8h8mnyuvm8m5t8,73,992252,1016128,102.41,100684,3365609,97.01
pool1qxpjz94fpwdwnltngf036yjkh63nrl55xkshug56aukqqwn6gsn,22,40548,41264,101.76,101,156499,99.94
pool1nw0cj8zd2m6uu73msp7a5sjnht7ap3pe73kuqd7cjwsmzyhflex,57,2703788,2750823,101.74,818,6224295,99.99
pool1rv3f2ctg35ke7t5azmaha6393skhvnhwedh96e6r703tg00wp77,73,10011,10154,101.43,343,22807,98.49
pool1w0jjajfvur53nxrlc4nnm73087lm39qfumeq8r449jwvz3wdx05,73,53900,54653,101.40,32975,511799,93.56
pool10cqp98vsdtam5p4xkfuleahy99vcdggsfdl4cszxcefmcheexma,31,491,496,101.06,126,1470,91.40
pool15jlf23neurgga440wxfux2g4pk0pwjm0t9mvvzvs0npvy59mdpn,73,49,49,100.99,2,100,98.17
pool190vx20f4ptv93u8em69pl74y6kux0mgl6kpzwmq6xvx8qvza429,73,63,64,100.98,1,128,99.46
pool1sk64cyef3v2m000eshsdz6ydu3j7rczuyv93dl76euyev7pslxg,73,22703,22816,100.50,2687,50794,94.71
pool1aq6sd3kr3cnjk995tfthhyf0suth3rm547kp6pv35z7wgqu6twn,73,4527,4544,100.37,744,11671,93.62
pool1wsug8q6kjtje0hzwp68lchwll0046t6huua3f7p35fttx7fcwm8,73,2435,2435,99.99,8,5001,99.85
pool1qrmc270m32g080pks0uvyf0hhj7m8gyhgckkpy32l7nnzrll85v,73,819,819,99.98,538,3882,86.14
pool10kya8ug3wr6cwnzm0qdcppjtuwfwmnvusu2uenscz4dg7pl07qv,30,13309337,13269743,99.70,725880,36744218,98.02
pool1dsvkdd2t3wnn3mrm27q0572zl2z36lkw3cl2cf4z0c24vad28v2,73,798,794,99.48,374,2376,84.27
pool1lhwzsyhh7dmw9wuz7qxnml2z5ef5303lp7jxgss2qnat22sprgx,73,2041,2029,99.38,755,5932,87.26
pool19tkfl9x2dkk07z43rvamftvnyu5vtcfatdpsag8phzqvgpdklqq,73,1193,1184,99.20,34,2385,98.59
pool12d3th585ga2w593eu5zqnkahsnlczjpqxemjc0qhku7awnhvn8a,73,49133,48584,98.88,20625,146098,85.88
pool1mdzxt5rl2sgnehedgnl0jwk8vumsglequrap26qgg0uwg4cuq52,40,4959527,4887804,98.55,5,10046445,100.00
pool1zdn25g5v2qlcnerghvj60djfzzex9q6aysr3mdqz37x7qryesjj,73,2506,2450,97.77,537,5621,90.45
pool19qgfp80d2sv3p2azmygfq87g7va4s3ewd6aaulas6eqsyz4r2yl,42,3649939,3565464,97.69,0,7818123,100.00
pool16d004c5q7k7wyf223kgct26zjcpjqql04rvnx8vtc0t5ckmnzaa,73,1779,1736,97.56,1299,8131,84.03
pool1hvevy8qu5lwg7ul66xmzvwv8zwdgdradsg9ncvrflm7dvy407e0,73,664795,648168,97.50,231467,2984297,92.24
pool1j55hm5wkgcegrpn25nnfl0rgjdje26fhw9uxmgxf8dez2uups3y,73,743645,719146,96.71,23,1537302,100.00
pool1gpz97nhqges80ggnefeshg3n4grprrltdvzqr8sz5fvxg3lekqh,73,117,113,96.64,0,224,100.00
pool1tha2grue5rppsx2w93v5tljr5sshn2lz94ud9z3szlltz46s5k2,73,678,655,96.61,30,1411,97.89
pool1lr02c9krwmtzr29e9h2w5e7crr9elss7qfflkr42j0ke6de4vh7,73,590630,567689,96.12,33506,1170865,97.14
pool1chxnn5gurqm83728aafjm7thv8yla9tz85yejtstqsc658mrpm7,73,2415,2296,95.07,877,12621,93.05
pool1rcdq9r6f0nwv376afk5dx3ugaumlhm4kx7g8tue74dlwgwsmd4l,73,22876,21734,95.01,9267,114518,91.91
pool1qfdzhvd4kttdew9klp89jtuts46dnecxdj36lwax9j2eyag0v6t,73,1148,1091,95.00,3,2185,99.85
pool16jtszaecta7rey84rteah39gv53pw7953u37fhrqm49xwfdtdjd,31,278,264,94.86,43,564,92.45
pool1y8g5sk4maqzpg6k04t0e8x296xtumuph7k4ya8rsfqh9xhc5a7h,73,1848,1748,94.60,767,6543,88.27
pool1vp5fev56urx924nyxj5qjvzcsh76e47c4lc8xruh0rdlv0n2kvt,73,380123,358674,94.36,21867,1123226,98.05
pool1hxlu84r3xhce4gcc4rdqzlwdprqjptd2jqky572g35jfsjrnzww,73,16,16,94.36,13,91,85.42
pool1nf8990yn76kp9csnfrrl9aar7z8l7pas0jlfu637us5n6sgycem,73,3720,3503,94.17,10,10100,99.90
pool1hv59awqky90plv68xun2k3rd7jqfe5y2c4ry8f7p0x9pxhd7wqr,73,39548810,37182258,94.02,0,74038407,100.00
pool1mvk6eup390pja32f2r9fgeus5sr5u8l6x9ver65tf7q76t6309z,73,1496,1400,93.59,367,3210,88.56
pool147t2chee9vcyjxtafwd8emkjj88f9dra0xa2clgwlr6m7tzdzvz,73,2784,2596,93.23,809,6149,86.84
pool1zvm45jj5wz6kgfr2xfg75rx0auzxaedu4ulddhnrzk4uwuyuvpn,73,383570,356862,93.04,93092,1424680,93.47
pool19x60wat4eu8sh42s05th8l4p6e9rmmnc6g2a64lj4npag7zj5cx,73,2442,2259,92.51,2000,15684,87.25
pool14yezww4csqq4ny9xwl45e3vckvrd7rkw2j4f350wl2mqqw6shcf,73,1581,1455,91.99,653,10794,93.95
pool1dzkrcxlqgamf3dwgyh89nrx2xkwm7cfju9mp54eyqwulku73jxs,73,4419400,4057423,91.81,4522,8763103,99.95
pool1mvtxupzcgdtslv2sw0l3f4zlhd3a69fue6gu0vhqz47w7j5zryx,40,5513296,5050461,91.61,5,10053453,100.00
pool14y3wr9lkqyeg8z8pwuprmjwahr0ydu0pjs8usy2g93mugtpx622,73,874,800,91.60,191,1798,89.39
pool1hy08gpvzkutxkg3ccxwmkzqaun9cd0styl4dtpqp2yxq2rjxehj,73,17947187,16405409,91.41,452,32928164,100.00
pool1qlxxw3zlgx0kgv2cel0n6z3a6yjs0w8grwtp5xwna8fm2g5tsda,73,17863954,16274328,91.10,56399,32713534,99.83
pool1mmrh2l3t5r7w5l7e82ven0e595vhgvu0hyf4ttrgcyejq8gwqcm,73,371,337,91.00,77,1826,95.79
pool194lhpd5e6a8n8n0zce5hg9f5279pqecd86yl0ytf8nztk2x9unv,73,430043,389688,90.62,38622,1577507,97.55
pool1lu2luhmkyayq9njh848kfknn6evwzmn3gzsxar7z3sttg7grxcm,49,28463643,25753475,90.48,0,66049789,100.00
pool19066qvd5dv6vq7fh5a5l7muzk6nc5fw8zq3w4tclyrhvjvlyeuc,73,21510315,19451448,90.43,7210811,68720278,89.51
pool1cejaj3e490r9ejf854k3pw0kagglczuaqp69g6g5jzyfxjxgn4h,73,296,267,90.35,99,1150,91.35
pool1kcrpxr6rqyqu0zlpdflma4565qrxtz4u4whcqhsan6335g5uext,32,17,16,90.12,2,32,94.15
pool1kks6sgxvx7p6fe3hhnne68xzwa9jg8qgy50yt3w3lrelvns7390,73,10402786,9327081,89.66,3327815,24136382,86.21
pool1hn7hlwrschqykupwwrtdfkvt2u4uaxvsgxyh6z63703p2knj288,73,82268,73547,89.40,1939,151913,98.72
pool1r8lmsrdure385hz647kl2qjhyyxkdle4au5krjcsqed4x8227k3,73,921793,814675,88.38,383824,2711246,85.84
pool1qprj52nh0j32p5vq290rludcfz58kujyszt5ztfvj2ymx43649f,73,9,8,88.19,7,74,90.46
pool1c2wf97p3j9gfvfjshj99ufxerpy3aznm8tzr2fd0ua465s26th4,73,50007829,43914706,87.82,2637796,123141996,97.86
pool1lj9t0saaxejj6drmxefgejwuy47lx4ewwruwvn3uttyuw6f5389,73,812,712,87.70,501,2567,80.47
pool1kl2vuauwfc5k0avf874ym5tcm04ywa22frleszhujeccj4va3lt,54,36273169,31781005,87.62,8,70060235,100.00
pool1jf32ru0d9mcre5pp7yundjdfcz8qlhmw4f5cftgh8vkqy8scj09,73,250981,219093,87.29,10978,557759,98.03
pool1892ry20mvu6tvrmuua5gdmk7unw30w7tf8scpllpyq8w2sdwvc7,73,278211,242617,87.21,73877,874932,91.56
pool1qtscx3ge0rgmpffgqen5uup8r8tnav7a2veduweskqx7gf8gjec,54,20236977,17599524,86.97,8,37158955,100.00
pool1ra2su7cvnmr83pu9nvvz4a9carsgc9egc3e5fuk7h9pycyp5ela,60,35913075,31200593,86.88,266,91500136,100.00
pool1tpd9mcw6y5mx05gv9rgfkl6y0vsdswqs8qdexmf8vstkqk0snau,73,2553,2215,86.77,1531,7735,80.21
pool1wn5cmtuzkgqfnh6htjplu7uleq5qxk4thc6wtm2fjrgmspqutaj,73,86186,74754,86.74,24565,227456,89.20
pool1ew5543rzgp7vs5qvmc0c42zucz9v6d3vct2zsa74erjfjen2p2d,73,144,124,86.43,5,531,99.08
pool1wdzyy2lwc8rd5y9vxwkyxpv62dsa270jepjgy9fa3zpqgeuszun,73,572873,493489,86.14,229293,1323058,82.67
pool124hy9qgc0nhqsve268kj5r53pvz7ppg295q6r2d0sjxswchljf0,73,18954698,16320333,86.10,43137,33218751,99.87
pool1mugxe86p0p6fzeesthdzkuk3h9xtndf4my9cznmxtmpvujzlw4f,73,2944,2533,86.05,13,5105,99.75
pool14cautfm2e8jxv79tv59grnryjxs8f2wewz66wup695xgu7wjnvr,73,231815,199318,85.98,69422,476517,85.43
pool1z4d4s883ul7h6vsrmg9s3t64df2vcx02h8tqtm8sq5yqw62pu44,73,2715,2330,85.83,782,5486,85.74
pool1ewd9g9zcz6tvlytk0plfj3e8jq645l0xr4n62epa49dgv9h43an,32,1407,1203,85.46,14,4553,99.69
pool18cr7st8wvagllpgq23y70ncnejux2dmxrsdc45hyalk67e63jg6,73,11133,9494,85.28,2098,23979,91.25
pool16j549cl7ftj9ejw9sx5v50zjyuh8l49stmakrfrea4rxy0e7us5,73,923,785,85.07,138,6929,98.00
pool10jd7mphm0mmrnfvyytzs3tfrmjmtkvalfx8nql7tae06v0rkjk3,73,80588,68387,84.86,15988,338781,95.28
pool1qp7ge7rwk8ht63v8z6vkyw3g8em5qr5k0z0l6ta8mxjtzx4dzy8,73,2533,2149,84.85,183,4497,95.93
pool16jhjt6nly4s5thsjc0yek6h9prwtkqhq6dff2mkjypweut69zh3,73,262,222,84.82,99,759,86.98
pool173trwz74lv2ncl0dn5fqvgnhqtmqu3yvnf6dpx7k6psuwhzn2fc,73,738,623,84.43,160,1401,88.56
pool1kccqxg032r6dcqqpvmv87azttcug5ug6cur9pa7qkuwc5ze4pxa,73,40546,34181,84.30,22849,130664,82.51
pool10hua8csg69l59hv4v48fpzcap726l48g77kckdg27zm5v349p69,73,9773,8234,84.25,7746,47234,83.60
pool1ycksh8m4ees8jf6f9muvpqxmprj7j2wk72h2qxcn7ykswv408w6,73,19398,16118,83.09,7050,46182,84.73
pool1nl74emh67vuyt8cgv6gwhjnrctxgrpqlrdzznj4l3lh5j8lj3ah,20,1601959,1328412,82.92,105125,3284365,96.80
pool1mxhq6etmemv3pdyycz2kxth3a8gdqnjewxgne67fqwlfgz6f7xa,59,26074317,21556500,82.67,35888,52930788,99.93
pool1tr33ynaapce33pjc5ctvj7fju596gppsmqwna4smx0f2khnetjf,73,290,240,82.63,5,501,98.98
pool1ax8znp3yeeh0udrr2vvtm4wkxjldwv4mywycn573km7fu20y5xa,73,18795044,15530053,82.63,827546,32110561,97.42
pool1ydf0337sh8ct7ke59sf46ke9eygyj80wc9zqhkwjw7v6vmlxp59,31,508,419,82.49,23,1223,98.08
pool1wnrrg33lw9fxcn0h3x3vexh78up660ajgk7pvrlrz5kkcgh9khs,73,1329878,1095004,82.34,366304,3885944,90.57
pool19qa8uctj5ql4e2uwslpruak6655h02l8fkmwjlanq8qnqyap357,73,24082,19656,81.62,144,42242,99.66
pool1vurlp3ndgge8avz3h8lu2wzdqcwc8w4l5s43rzlk8p4pz0x5vla,73,5774,4664,80.78,2800,13893,79.85
pool1xt2nyju82ea3pz33e5sqwgjx05ks623tkmuw8jvlca3kzmz9mud,73,89660,72138,80.46,26498,197532,86.59
pool1u8yequt4vq3jhajeegc02r3msnne6krayxuzrypaz8jkq5v5pux,73,16590374,13152525,79.28,621392,31135608,98.00
pool17c4u37tjcjaeym0cs5mffvdkyyv74rkhczhnsgplef4sjglkwpj,73,20149440,15943211,79.12,59385,32942794,99.82
pool12xyhj4ktuhy0gage20p3e6z6r3s0tun7lmsk89lxv4y5wh93t0g,73,3836,3002,78.27,568,6699,91.52
pool14zkvjsd7ny9dgc2d5faqwttzh2me0tzuk9xmf8vydxxcvqaaaya,73,475,371,78.10,1,1503,99.92
pool14qpadfdjzw6jkwxy67uhey6tjpyppsmwgz5awfsxwrtpsecslpc,73,2151551,1674949,77.85,339726,5199990,93.47
pool1zjecj80kehtj88py42j9hxvfspqnvc7vcqrev5kcsfyzyn0a4kn,51,110820,86179,77.76,14886,271352,94.51
pool1qm06f4n2hwgeqzm9lsc3rdyqcsvtt2d7z76carwxjv0e274mu24,73,417096,323038,77.45,98631,979907,89.93
pool1pkpey8fua58sqvkwr9w4zyxhnvrqhnucnu8g2cupeggsyxee6ke,73,2194,1697,77.37,1565,7890,80.17
pool1rtnv5vj0glxu9w2mkl9ptev72enx75gjzdkc8urfhavr5reah0c,73,376510,290878,77.26,173016,1262275,86.29
pool16c989ahn582z53azjfmregygfuc9k44u3q97wqgyn0zxuzp3dn4,73,20700690,15926983,76.94,33590,33022309,99.90
pool18xmqj9h97tx245mzkz0fqlvas5zse0fzh9xmn9p6z77aj5jegsx,73,20695639,15919885,76.92,47341,33006762,99.86
pool1jqnywskl2n92fx65thtew8zlj3vqfrqxz7zyj70tt7d3qmn0m9t,73,19913410,15314931,76.91,42462,31756338,99.87
pool1vqq5mg8ccqemjr5ukfa48a767dqjsa7nas8xnpf7huvcz7amlv9,73,20696583,15915034,76.90,28889,33009741,99.91
pool17g46wmt95mmn78pkcr2mgdd5n9q8glpg2j034udccrg974mtndm,73,102979,79143,76.85,52932,256026,79.33
pool1tc6cy0cqknsm49cvsz0mksajfvlmh3vvcp8ngtmspycgx932w6g,73,1189056,913371,76.81,84980,1967057,95.68
pool13h08lf24fjmxxg0mmuattjv8dvy0r6fc4hrqg4qmj38xsweexrv,73,45186272,34510983,76.37,8031528,127949000,93.72
pool1lx7hdfz430vmrwhkrdgxu8c0xclffltavmkejpqzzz4ax0lnfvd,68,4429489,3363454,75.93,1005,9225099,99.99
pool1v3avy78l7gvaemvgfmhsltydscukfew7kx3uz3sqx499wns07qz,73,3949,2996,75.85,2888,12430,76.77
pool1ptzt9j6y4jefzkq4vj3z7wa4h492ktlkecggseqvc8f060xuved,73,922413,697292,75.59,604757,2724247,77.80
pool10kjjh9zfs77vzxpp4qpdxwvnh3x8zdf8qcv7pckvdhw02fu6unz,73,9745911,7361405,75.53,3070185,34393744,91.07
pool1vl0hlf4jecm3rk0vcc9mtpu5us2cv7hzlz396cgs8crc5df43mn,73,153423,115539,75.31,79720,379099,78.97
pool1aznnuv8rx07e6djpheq3kh05r7zwm0z672u8vd8tr3yxsnegkp4,40,3023,2269,75.07,1340,6571,79.60
pool1mrxg6svcug7mc459ce5zum4qd6p0hkfc08jzpphxfnxzz8yf7ll,73,486245,364599,74.98,330184,2459242,86.57
pool1ndtsklata6rphamr6jw2p3ltnzayq3pezhg0djvn7n5js8rqlzh,73,3002,2233,74.39,1712,9366,81.72
pool1fgj2ua0rz4dkq0hmmkv7syuccda96slh40wex2w7vsnxujuvjtv,73,14996,11100,74.02,11417,52678,78.33
pool1la0t0gsskwejyfca5lchw5aqd5g8hknxdu6tuyqp0ttjxl6zt35,73,1148169,847890,73.85,642642,2779956,76.88
pool19zz6frugmvm82ecgl5hh5vq3093d4kzr4h2r5vfmt6la7trk929,73,20664646,15243232,73.76,10980,36321735,99.97
pool1n0uxgs5qfk5n9xl7qvq9jt8zuu02cntrsjnjayjlqtejyffnemj,26,34637092,25518803,73.67,14,62569831,100.00
pool14lr9ef5a22ng5xcu2rhpkkc86u5fp24r5gnj6hvnjxmsv8t8rtj,73,34314,25247,73.58,19663,109297,82.01
pool15xgej4c7ns20y5pt7dc5vq6yj87ss5sl2ffucmh5j766j90ppur,73,470041,345516,73.51,220443,1501691,85.32
pool1692dxqqcsavymwz28w44t2jhyjnakvj4l3gwz2dqrarmc2k6dkh,73,509599,370652,72.73,208487,1019736,79.55
pool1zm5nqvrdwmslk682d9qemd9fn8htg2rxlprxjuh0ae5l6sqzz3h,45,106801,77420,72.49,61095,301099,79.71
pool1sysgx87cwxnqy0pqn8g97gdhd0dmre9rw3jvpn2k7apuwa7cgkn,38,39039260,28190909,72.21,71,62084523,100.00
pool1us8dkk3y8j00qq5kscxxklyzwt74jgav226s2rtgaqxek7h8vc8,73,740009,533757,72.13,426215,1744846,75.57
pool1eyccsl45l8f7sdplfs770460l2uqe9xfne4l64xvwewd22fcl9a,73,519,374,72.05,307,1169,73.76
pool18mnua97ndq302yw2c6aaw6msx5rgf79mfnk4xe5y92tvjl45etl,73,904261,650364,71.92,8016,1438176,99.44
pool12jzydsj2yjjn59zefvgz2q47rvfk950xckm5x4ejcdvucueg5c8,73,535,384,71.85,51,835,93.89
pool14g7yxpecpp2vt25nc7mjtf8q5g8n362wxksvpxz5fht35khqs0t,73,3841,2754,71.70,223,8496,97.37
pool1n353xqapcq8wtyskm8cj4g04t8rv03lteyl30c42zug7kzv8vqz,73,5004476,3579149,71.52,753163,8684008,91.33
pool18e48wynvkevefs0c5yuh705u6tpy0m4xflg506kp0r6vga9gkmr,73,647,462,71.35,498,2054,75.78
pool164xvrnwxg0xwhkcm0fsnlzmtj3ptp5s7hne32k4dyv60x4utfje,73,17387657,12345194,71.00,5673739,50952276,88.86
pool1esd3cqme3zzvvdnsx3p6ywudn6p86mqyz7fpvqpegxv2qzmtes0,73,310860,219954,70.76,165758,1089428,84.78
pool1xpfe5q3v3axrjdc8h38taaa93frq3m9pfewxk46x4r6jgy2yj5n,73,5082,3583,70.50,2391,12970,81.56
pool1eu4s4jmjam94dgzm56mejgk5k3l7m7unk95296c7t73xqgp6kfr,31,84,60,70.50,6,138,95.77
pool1h5spwddnynn6dt2z3qz9tvkju7sn6s8ptqetyfpltsppwalukyg,73,12014,8412,70.02,3054,21336,85.68
pool1uautzneywzapn03te7q3sd737xdfejgjlu4mdfjz7mweq92dugg,73,593940,415070,69.88,55873,913487,93.88
pool1zsasyr8lvmw6w2ds8h05ppxknphk45c9q76vz7wwvf9dvl0d3x9,15,4385,3060,69.78,1077,10662,89.90
pool1yjz9nhtlvnl9rx46t2kfufwxd338m0kw0jxaj86pqfthse837z8,73,7551,5262,69.68,207,16727,98.77
pool1sydxpvsdhkn3rnk7d923fkwxhn9nwwdwcgmuqyh2q5nyunl0mgd,36,13346,9273,69.48,2045,27490,92.56
pool1kcvaxe4q4npwt28qlr3h84htjf4qrqglqk3cr2484ptycr0ldut,73,22131594,15294028,69.10,4870,41283710,99.99
pool1rf2q4a04tgrwpuj5xg4sf0dj737ytaqs8s6yuyps55r6s87x7v7,73,1992,1376,69.08,1001,5282,81.05
pool1yemdr25t4g3ev038yn433dt58d8p52nee7kmcykjlhye6hshu9m,73,518259,356455,68.78,331734,2202624,84.94
pool1qlpjsz5j5vqs59cnu09j90agycj2xvrp45sv0v6euujj60up6dw,73,239567,164664,68.73,64422,392773,83.60
pool1kxzfswkhgcmyahh6lfjpy5uxh75qzsnlyprh3450av9jghsda89,73,21,14,68.65,13,45,72.17
pool1fd6geyevpsg26s7q58fvuv2eh559n5p9vv3ctxjs74v6g7lkew4,73,1860,1276,68.64,1003,3786,73.52
pool1wumx7h5vnkjwhv0rycjwdqd8cykvr380etvszgevquxwz02p5wx,73,2261,1549,68.50,739,3907,81.09
pool1q7k8mmnvsgthp94hpn8jrnacjewplvywq70eef90fv4nu7gedzp,73,14115396,9654887,68.40,389739,20920390,98.14
pool1zvsanfncazr5udf0s0s07hzd0e0nkqhza9d8h48ujq65vuamnu3,53,6070,4126,67.97,3632,13729,73.54
pool19v4jgpxxl72eaq8pefctatvts3gkhtyzd8nwvzskkm3mkdv2tpy,73,1050003,712913,67.90,188101,2191228,91.42
pool1zt2d9aa8ck62uyy985yny47hr0f6cmf2hnxzke0up0lc7zcp65f,73,420883,284935,67.70,208751,919405,77.29
pool190fke89hjqyyvsc0snhnzrgg3wjjchf0y7n79jlal0yuj8060xt,73,19255,13022,67.63,6017,37330,83.88
pool1tpr44v3pxth9j0ff246dvsryxpanxwx52f024ws3ecvn72sgv55,73,32701589,22019855,67.34,193686,52955486,99.63
pool18e0uhtm4pspfrnktwguypytjfgwz6dw6zzn3gulpdjfx7qd0439,73,30050,20100,66.89,7834,56865,86.22
pool1h6l7mhtqqvkgq5hyvkrjrrwddulx7zc6mxlrsezsspymckuuext,73,17097,11373,66.52,9388,35034,73.20
pool1ur2y44cgsyf9l40y4xdc7w3cwy88vgmj95deatatzqnqqhrfp7f,73,4534,3012,66.43,1319,8135,83.78
pool19peeq2czwunkwe3s70yuvwpsrqcyndlqnxvt67usz98px57z7fk,73,1034534,686675,66.38,698628,2846939,75.46
pool17k4f0mdwyulkqhyu2mudavu2qqqd7hfc9xtxmxtk8dudvznma8k,73,8387,5557,66.26,218,40514,99.46
pool1wxn9nsl8rvxa6r8e5eaak0ml6etfxnz2n9vqrmsw5nzgyexgkrn,73,7750228,5129729,66.19,2218607,13845108,83.98
pool12kdg7dmdfh0t9hmy43pvl38ftu5dvppyn86wgkc4jq8557xkyz7,73,209363,138557,66.18,152586,773212,80.27
pool1x9q4jf3zwftwygeeulku8xtlywmtmzwxjk2g3fz3j5mlwjqnr3p,73,14544912,9567023,65.78,891519,21360228,95.83
pool1kxfg47ms0mlszthp5j8uqpmqp6575j0nfusqne5sd7ggy3ntlsz,73,7118,4673,65.64,4455,44102,89.90
pool1km88m74x0l6gax9whuw9v86ftejwztxyg4arfh5cartjv8eqsze,73,177,116,65.62,100,422,76.20
pool1c30lqt59t8sjn5lg04r5wk5eucxa5h9cj05xs9gzc8lngl4cmta,73,4351972,2851461,65.52,1567919,8671672,81.92
pool1568zhphxsnj5mfszwgta5zlvulu67g8f4jn6d3xs2tvas8ffu76,73,3491352,2279017,65.28,1131198,9505421,88.10
pool106sjgd9m4shsvtc9ruk7femgndknefmct6eedskww37pzv8hz9n,34,30716598,20039614,65.24,279,62494580,100.00
pool19r33az023gn3n8p2x35hq00j2dxc8vwln0nanpcfuvc8759cvkz,73,19309,12571,65.10,5564,30649,81.84
pool1mhww3q6d7qssj5j2add05r7cyr7znyswe2g6vd23anpx5sh6z8d,73,15064352,9805824,65.09,886987,23068204,96.15
pool18gysxqfwz4j8rm3vlh6677vs9n23prvfr7gwe88mhn5uudgx9ng,73,7163363,4656181,65.00,1498255,17475233,91.43
pool19kfm6lz5uw7nylq27swr367mqdycmug7tve94l6h3xsz64seqtc,73,25316499,16409331,64.82,18668,75862894,99.98
pool1dqzprrl8305mlysnh85znqpe22lg0q2d9zest7jjhugajuf46kv,73,368099,238417,64.77,110394,749631,85.27
pool1x0pr0y3hzlju5gxera9zt8fnxgzmqa4dqhm0wwu8ympxz37dwqw,73,3835,2476,64.57,371,6975,94.68
pool1u8f87frd3k6cy9lp4uk5faj53wfzh8smxjdpt8ua45f0x8s5v58,37,6268881,4043040,64.49,5,12556027,100.00
pool186wnrzw2zq20wt6p9aer6z33vqgv4xaxm6445fa4g4wr559e0j8,73,806,519,64.46,251,1337,81.23
pool1mq2q0fjekk5lt8j2krryf5rvwx5z4l5l0r6afhhj0mtg23ylyuk,73,16040522,10330663,64.40,1199377,23493698,94.89
pool10gtnlhevam52ynwuzua7dqgv7vje4q87q25dzzfrjgw3wwjk2xw,73,65058,41775,64.21,16770,101506,83.48
pool1ax7rlt56kgfpn0ystuwk5jawjh5r6qfw6xhwa8ckaqe47va4y39,73,1821,1169,64.17,734,3205,77.09
pool1denmfptpdhy2vp8q92ttrmalf3kynyv7aguudqzeq83d7zpcaeq,17,307739,197037,64.03,2887,432609,99.33
pool1a5ld0eulnjxwpg6qyjs6hxzqwj0esft7k0qsf6nj8pkfxy5lml3,73,53538006,34272004,64.01,0,76367010,100.00
pool1a5jd3x2udlvpm9mt4gpau4jlags6qtth6jdsguryh2zy27f5ttj,73,3423623,2190808,63.99,865320,8255257,89.52
pool1mv7z7jzats0g3s36rd6sk08ew6wg4pf7ulu9uvd6grpdc0mh7e0,73,775,496,63.99,0,1088,100.00
pool1cn0ku4zvg266h3rznm7kzsytg3smeu9wma785g25yr89xdgw3kj,12,48477,31009,63.97,1393,75628,98.16
pool1eg6k5zz4ndk6a3sa3z7ug97y84ghj0zljs26zkhthzzkw3p82ew,65,192930,123169,63.84,11,302488,100.00
pool1tdh56dcqs0sjeq4ehfdamlnzvxkrr5zgsysnhlkphzdzwmw4nvw,73,144180,91563,63.51,95297,357251,73.33
pool1js3l2kgut64prz0q0a8px7qtyduclfm3h2kuvrl5gfzmy0waxyt,73,49,31,63.11,0,68,100.00
pool1cduc7ut6grhqyavrmm3gzcdf4qfdsjk7vdwcxy9c0r5fyaxh2sq,73,14852608,9365080,63.05,1258412,21746280,94.21
pool1eqc4jwuez8yyerwlyjwenh99dlvmn6t6n3qjym70ulf5u8xr6lq,73,1487,936,62.93,273,2342,88.34
pool1cpr59c88ps8499gtgegr3muhclr7dln35g9a3rqmv4dkxg9n3h8,73,15266464,9595764,62.86,1590373,22231638,92.85
pool1l40jtd7he9dv272md7jxp9yctj5glc598r6d3f5xv93qkx3e5z5,73,8280,5145,62.14,1914,12559,84.76
pool12fzerww0hmk0fyvaujz5t2kg6hl4n8daz85rqy5jk8qk58r59y6,73,204519,126661,61.93,72163,327298,77.95
pool1v8gvy6tjp8x8wg5h4jw20p9up04lxgw0l0lgery9mz4h7h9x25n,58,203534,126003,61.91,88582,624576,85.82
pool10vgnav004xgw03qkqfy6864zq53lzjkcf0syeu4g3uj8xaytlm8,59,826,511,61.89,248,1476,83.22
pool1p8gda4td9882kcllejstrzfh84n8cxts0j67dyuuamzdg85cf3a,73,42292,26169,61.88,2058,100501,97.95
pool1a7gj89pcxm7h63le3hjkneappj3m5kuqeg4t8fa5rn5d6z2nhkx,14,4190940,2593547,61.88,14410,6003665,99.76
pool19jyw8flky7da5y20jtdme4utwd8sa0l5pletmnny06w9xx05eqc,31,5097,3153,61.86,1070,8220,86.98
pool1lfsslc99da8jhj5apzctsnfm76kjc6ndyc6hnynagcj8xexvjsr,73,23772960,14662115,61.68,53936,33018149,99.84
pool12ahcpgfgzkm29zajw8fgfqjma6ngsks7zdk4tr7q280pwfvtlek,73,23802628,14669741,61.63,70309,33076779,99.79
pool1a40qpxlsqwjk4a9yk636dcawly4dcrd6l26tghjxlr37cmlrwv4,73,2528,1558,61.63,197,4600,95.71
pool1yj9xduuwzvdkcwm2mc9x893zq684x7pyah4ja8zmzplgvxz6wgk,48,6768948,4164897,61.53,1007,17387616,99.99
pool1utqhj9g53a5cwg7tyd8neky7jvjlgzuf470adc0e69cp5uuquzx,73,15435184,9451104,61.23,1801591,22076961,91.84
pool1we0xjccr3vc4ypnmhzsgwp7sxpsytu8dtv0syeqmtrllvcex68q,73,15534510,9508238,61.21,1488912,22801243,93.47
pool1w6ez83j2lapmlzudtuuwygm9lwt23203keqj53n7yjdtwaamghr,73,532,326,61.21,438,2322,81.15
pool1zeya2r53sxmqh2ux3ssfsrqerergnw2hjxmp63r83ntwverpqwm,73,913737,559248,61.20,119348,1508887,92.09
pool12m0v0myprg2nfvlymzaghvjrzhnlzkh2psn3sur2nhkj5wpkdmh,73,741094,451701,60.95,223293,1734395,87.13
pool1hrfv7z55k4m2q6ghemu56r3zkw7dt5wd5xay5yw7an7p7aw33ac,51,336961,205332,60.94,148752,821622,81.90
pool19gzu2dyp0g9e0nsvtg34fdhrtgr8c5jq37nscalqkh3hsjmas69,73,1987,1209,60.82,836,4418,81.07
pool1luyjjta9jja0nvh4wzqt4jvtesrlt893dj4c7x533dvfq9zshvp,73,10736152,6518885,60.72,190378,14829114,98.72
pool10ljdn3zwsh7vjkxf6t250423l5qy487x83st7m8a53jxznrkw5g,73,2283769,1383883,60.60,127063,3202167,96.03
pool1r650ja5y4jy7xd6srjz8ujkumy8xpk8kqgrxu92g3nwyk5jf4zq,73,763,459,60.18,45,1055,95.70
pool1h6q8jj55dn6727yydlypu0rz4sflf2enxhs0thqydmddgu3shl5,73,21010887,12635282,60.14,4376887,40736173,89.26
pool1w0s8vf9qse980vulgszvusw3800d6dlc7wkusr0aqvzlz75qgqg,73,2044230,1226876,60.02,183833,2920671,93.71
pool142xwjhpcvtp7tahpmn8tlnek7smefp9wn66z67j8vjpmjxqdg56,73,37178574,22312013,60.01,15406516,72209244,78.66
pool1e9tp0emvvg9sc4ds9h4nhwk8qpn6869qwnas2qywu9ep2reaaxe,73,166298,99382,59.76,101022,489431,79.36
pool1j6zqawj6f58lp4p00t26eqe58gxx4pa3cudlzpkv23y92nlxjzd,73,12902402,7704188,59.71,5666644,21558008,73.71
pool1gavc60d7mz7vvhsh7grcrc8pmcy0zugrnxh3dklwx0sjsdva6sj,73,77,46,59.42,10,108,90.73
pool13xzckaj3srgldr67dksx874jxe3c9xnc245xyr44p7cdxh07hft,73,3955239,2320881,58.68,47258,5805856,99.19
pool19d5anp46tkzvf8xmqmxrtedr6lvw55snk65zfep2srsd2qe2wcc,73,5706,3339,58.52,116,7673,98.49
pool1en2f7un7v3rjyhqkeg87d27nvsk5arnnva5tzx38t0lpv7hercz,73,137562,80124,58.25,3981,283949,98.60
pool1ktqaf79utweyenk6e7289ta5p5993g32emn8355rxmp0kgh2r0m,13,6970200,4041296,57.98,1000000,14007243,92.86
pool1p6t3cglz78w32telly44te3d5l30zc0f0mprhehm6jus59m9aaa,13,6939310,4011723,57.81,1000000,14005985,92.86
pool19egsg4esywdpq8lk5e0r4c8se3mx6k68de2pt2d0fnrs7jntp6m,13,6955155,4018883,57.78,1000000,14008505,92.86
pool1ds25hy480zcnzjwzr4eef28j85lvpm4mq9qm55vr4mqr5h3l68y,13,6893246,3981186,57.75,1000000,13806659,92.76
pool1u5nyr9y7fz4znep9utncyvjrnd57p77yt9lm4fu89fawswz7guj,29,402,231,57.43,0,533,100.00
pool1h5368szqrqvfy7txc5r2lyay0xx4fvp2w38mswplqknax8l9wl2,73,6507,3736,57.42,4846,15293,68.31
pool1796kveuwxrquwhwnne5g99er50q6alcaf7yjf3kd6xr5vemfaqc,73,37628,21533,57.23,3625,65265,94.45
pool1ffuv59d0rdp0jsgxa9x5r8pvmaexvuufeu43kpxl3u2qut3ljq4,73,660,377,57.19,89,906,90.16
pool1kgwaa6fhpaqu8v4hrk35lzjhjsa6typ55ammszhd2q7zkxv5v40,31,20003,11384,56.91,4810,33468,85.63
pool14mhf0xtx45a8979mcnad8upas8apwal4nfqd95arv4wlsuk6m9q,73,18949280,10777992,56.88,9358704,46551849,79.90
pool1j6jnnxsngexalq60tqnvn2muge7vevd5ukc0unacr4432t4lr28,13,7047215,3994314,56.68,1200000,14006663,91.43
pool16x5fslqfvgmsyra4vmpvuzq7p5fzeln240envdwfm2jps0j3rw2,73,319046,180682,56.63,79360,531360,85.06
pool1gmwp956mrfn5hcs7rp7nasa7xpwmx84kkkclyx48xwuh5dltmpj,73,2015,1140,56.56,667,3269,79.61
pool1pyegru75d64xgg4jh83904nst8fs8qz6mvtxquatv44rkartevc,47,1640874,927531,56.53,70928,2196880,96.77
pool1xn4kqt45xh3udf87kmtkdfz8xh9qn6trlqsf39eusk23ufmxhgr,73,18857057,10573590,56.07,11111266,69197185,83.94
pool1p00qq8zftf8m2ll0r9d24fx6tq7yzxzy5teltpswl7zew5m7nqp,73,621911,348403,56.02,119995,1662778,92.78
pool19k9grwq9cdswn4k7vxzmwcls24jj3466g4s4xr5vucehcqpslfy,73,25783986,14437984,56.00,2730790,41878062,93.48
pool1szy2tdjj8a4av365wk3q2fqg9srllmt0383e6v9p664ng076x9e,73,2162568,1207501,55.84,1162785,3846540,69.77
pool1lcl9j8zzqtcd4g2gf5zgexcqmnmjtvje707hupngymjhq43yk3s,73,127,71,55.78,31,212,85.23
pool1vyk3x4j2lfrj4y8t282xmwep936rh8gv2vqrkxghm2h67l2upjq,73,1189,662,55.67,548,2047,73.21
pool10pd44d65586rldtdzuu88e7mn4sxjctvdksmt05nnqfzqu7g7hd,73,6621388,3676276,55.52,3583531,13850988,74.13
pool1kprt6l4quz03dhqx8jw22spdjvp5dkshdnn567vlexqkj35hd8a,73,5493539,3044934,55.43,3438240,12603013,72.72
pool14hk8kx2c8ukxcq7z3tqdedly9599f9sfhy5lfd3mp98txkdeevk,39,33250,18362,55.23,10005,62647,84.03
pool1jakl9kqhx87ywc7fcxweaxvna9khxhzyh6v8j70u6zpaxa45ghh,73,47408823,26166171,55.19,23014,63515182,99.96
pool162ejhdrf7m5te4hpuzagrpck6vt78undp2flx9as3lww6uvs4lq,31,297,163,54.92,180,660,72.76
pool1y9rdlv5tksudwrx47afjx47grd4tyh24zccffjtp32u0cfpegvk,73,12387484,6799948,54.89,3819885,18248234,79.07
pool1kkwd6say8twq3z9e36v57adw02j2x52ascd6eumxy5zd66qm4fa,73,14221,7802,54.86,11271,43243,73.93
pool1wun8t7nt4daw2zgv0vj7cmwru97vsw0fccucjzuvs7y0qlc8xyv,44,3881901,2129634,54.86,52,5077657,100.00
pool1jldq2rf7y2ukm2t8ds8d9upzgdgv07jhkckl0mvedwhxx5nkugt,43,1532183,838658,54.74,4,3118334,100.00
pool1sghwg652uwe7ksmk5laxxft58j6km6prahvnddk3s6zgxek5qen,73,1063752,581321,54.65,316936,1711055,81.48
pool1y24nj4qdkg35nvvnfawukauggsxrxuy74876cplmxsee29w5axc,73,1798667,982190,54.61,639570,2776103,76.96
pool1xaudqyen24fz02vhu9qa2ry44suzfk8z3lh7sc6qx7c3gpweww2,73,739428,401859,54.35,406742,1398819,70.92
pool1aa4cn4khwq76cs8u2fkgayrea9xwh7x82lnvz2wep03l6lmzp3g,50,177940,96669,54.33,65580,332258,80.26
pool14g73qj0qz05ymqg7dp9kxdu8jr7uuzm6z6n3jwxpvqskghhmhng,73,17375,9435,54.30,8271,27165,69.55
pool1yenqraf3znn07qmvtd8wg23fymsr0vsme7ry2475r48vk6ss0z2,73,16240,8800,54.19,8980,27317,67.13
pool1t93hrmha847r5gqazttyg29c9fxfv778w3kc5vf4q7vu5g4ec0r,73,100935,54502,54.00,965,141219,99.32
pool1g9v6nnrn8x7jcj26mqernsh3h97g6gyhamttzg8q39yvjr60g7k,38,172949,92999,53.77,129552,388761,66.68
pool1h9jr0f9evk3raxlljq6mt4gj7ej4v82afvnlc2wh28rwy2d8lsy,73,404407,216401,53.51,4792,577878,99.17
pool1pqm2cev326p2mrruzw9xru65uvt3r7f0rdf5gtx54zdskxqhmur,73,6558156,3509023,53.51,3739630,14430871,74.09
pool15jh849vks9mctm28xe6kgz682vnlu0pzawvftl7ltjtvwpwp59s,73,21225,11342,53.44,5117,38714,86.78
pool18qahj5ggudguk69g9aaztf5dvapmazql4hdvd7v0947j7gy4wqf,73,17895466,9498884,53.08,1139232,25358177,95.51
pool1v96277f457qtwhuq3ma9yjlacq4mjw9h4j3jfy5rjgjru5lyxea,32,28018590,14846936,52.99,5,43945855,100.00
pool1suvska2n58hqxqzzqwpw3558072vkmng0jezzgtlsj625yk7gt8,73,479444,252902,52.75,55708,828179,93.27
pool1ksz6vfc4xqdxyhp06h4n7kckh60370cy2t6m3wfgdxtug7ph4x0,50,8179313,4311235,52.71,265539,18901090,98.60
pool15amxxauxh409wcuc87e0tusfzuka0wfvxhxmpt6vugqgsw6j4d6,73,3654,1926,52.70,1313,5424,75.80
pool1upx7l0yrsxt4l94t5xfckahj6m7pt5dpmnx6u60sjxmn5p5mezs,73,876139,460986,52.62,408589,1756400,76.74
pool1g59d82m8c84f2ds6l50mng863h9cxfm88khxyhna2l9rzgv6030,32,16,8,52.54,5,22,76.92
pool16cy45uggzv3ah3s5m960v9vuxlx47sfnezpszuhcwl99z7nq8kq,73,328034,172171,52.49,206773,1094056,81.10
pool12wpfng6cu7dz38yduaul3ngfm44xhv5xmech68m5fwe4wu77udd,73,18084554,9375124,51.84,3301262,27068732,87.80
pool1e984zjl55jxym2v57f4axfss0geg0qundlhcmmwlj8ekqrk5e62,48,883670,456556,51.67,0,1132361,100.00
pool18pnja3z8vfkw3sj578xetj3ujhyp2vmljezjg5es290awqmzq7g,29,16303,8378,51.39,1700,22570,92.47
pool19hrn8me383w9atvmjwukjxqsdvr8udpmyxau956hdc53x669j8p,73,44663628,22953993,51.39,5757690,72907903,92.10
pool182eyxl2a92uw7yg3zfep2cgzul3h0hh7afu760xpus2tg2j4m3c,21,209922,107861,51.38,15,268096,99.99
pool1llfrhf0htc528jcmp9dr2tzsjnt93y2gkjfjn5znjh9a79avwv7,73,36417,18694,51.33,27788,130525,78.71
pool1pv4hhvy8dkvllr706q0lpyu9py6lcf6zddl4wlynwx3cglxajmg,47,309519,158807,51.31,2029,575962,99.65
pool1cyq3v3v43hu7spwlfxdm6vq9djpsjjueerhlu5qr2rvd57vqk84,73,31803014,16249148,51.09,10191111,67490202,84.90
pool15fgwk5vxn34efj79qlfzuahdpu6ax8x2hkchyh8mehdh23q0nqz,31,9791,4997,51.03,5850,15982,63.39
pool1a0kp4vl4fh0p0rs8s08rm7qq3vkj3epwraayk3sdgm8sz0zwt7t,71,31194803,15864849,50.86,1912,51298264,100.00
pool1tnmd6aq6rn3ctyqqqw8csvl5vlqncx3fwaqk8rsxsmqn5v9e28n,22,1158379,583207,50.35,494222,1746868,71.71
pool1sktjey6tdtgp6svf0d2nth7ruq3zjnhgg2dckpkveyeqk0jttgj,73,6302,3161,50.17,4153,16927,75.47
pool1gpz25s2aasmqnh9tg8a2rxmyxuvmj5s779htxk295e9ajnzjflc,73,1827742,907655,49.66,716381,3408927,78.99
pool1du3r4a7xq60hg2x0wcz7lw5ya3qs74rk258c8kanp93rsqdqu45,73,31443159,15603239,49.62,9183222,52159282,82.39
pool1uyfg8ysc2fpmx8aclq3u06xx5u9rete5kq68aysfdvxj5a5wcza,73,1045,517,49.47,691,2736,74.73
pool1qd6mlgr6u0yp2ddxn7gd5jr6pcflu5md3sff4xyu2ngeu503jkd,73,11254,5551,49.32,4666,19784,76.41
pool1lk0hu3njxgra3emgfa73268el89qzytecff0fzz982avvjsw3l6,73,72287,35451,49.04,45410,140914,67.77
pool1hju4yeclny559p5wrnpgprhs3wqpne8zg8glmtfm4muwcyrxju5,20,68,33,48.77,47,206,77.06
pool1k3wpsc8q8za2qeptx5kv73r76hs5gvp59gga6ad6u5hnj3scy3q,73,43477,21199,48.76,30324,83425,63.65
pool18kqs8hf26zpcmxz68lqqya79tks4y7gg3ua3msgamq2vuphfc2z,16,706268,343821,48.68,243221,1085977,77.60
pool1c8f3ffu2g0eatw4fctjpq5q48pppzst0yg90fgj23637uhhhx23,31,16292,7916,48.59,401,20233,98.02
pool1dzz5se25fp696axykcw6wwp3yl4fk44jc62yeflrquvfxlktldq,57,723686,351311,48.54,186206,1431319,86.99
pool1nffpy6r7l4ueeedzvvzsta2vty9g6mtet6huuhfzyvndkwd35dl,73,3676678,1783351,48.50,26230,5120954,99.49
pool1hnnfvsq3xlln6vz7d2xmk6kqekd5z4ctmfpdad8g8kr0yk8kdfd,73,11167893,5409806,48.44,4235983,25276190,83.24
pool10c9l3k0z50ytt4krkfet7w3gwpv9d9nq47kk9ecy2c5f2uyvkgk,73,340449,163636,48.06,209911,681626,69.20
pool1w2duw0lk7lxjpfqjguxvtp0znhaqf8l2yvzcfd72l8fuk0h77gy,73,579317,276586,47.74,256599,1047540,75.50
pool14n77mmxh6a2d9k05jamzdwsws2ayvkyje8uc7led958p63at3aj,73,5109723,2426181,47.48,3032951,10407477,70.86
pool13zdrhek6m4n947grhrm0772zt09lrm2vzkffsla25e7yq6xqjkg,73,214296,101561,47.39,127203,397324,67.98
pool12hhrd4azpps5jxppcqs2pgtylatg7xkhaqmnetgv2988k3t4drf,66,936011,440827,47.10,1212,1496641,99.92
pool1qqqqzyqf8mlm70883zht60n4q6uqxg4a8x266sewv8ad2grkztl,73,20095290,9433343,46.94,5757664,27222490,78.85
pool1hjszxsd493fmr99g2d8evnqlrlurscu00n8jv9mz8qm42f7jvln,73,12885,6036,46.84,2006,16188,87.61
pool1venk342j5dqg2a9ue6nnv854rht25734jqaxanngqtrjk6m89um,51,125142,58316,46.60,15787,175866,91.02
pool1jtaquxknypnngdfuufgvx47pfvkkggvvnlwyxr62gcws7gym7nc,34,82789,38529,46.54,345,100600,99.66
pool1hkumvckq9l79akgge54ugnxa4n86s63j6jvhmvx5g7cgz7nc6cs,43,118730,55202,46.49,7,179196,100.00
pool1p8ap6v2k60kkav3hqcchwltxhuwpfw2qtj8txcw4scp76hdvgmc,73,213127,98927,46.42,172857,797111,78.31
pool14hsxa2zfwzvy9ncdjwnx0xkcltjmdydeayxfju7suuuewv0dnke,73,369583,171257,46.34,275892,963241,71.36
pool1hnmcevsa69k88nh4d6ud5qyykwmgzrg6crju79zsv2uu65mkgr8,19,492,228,46.31,103,901,88.61
pool17am8pt0vu7zp8du7edlnz7x9sq4pln22rsn802gkr062vtp6fdp,73,319797,148058,46.30,148737,801692,81.45
pool1qcdw8uk5d9ehldhccy926u886qhr07xa354yrkamdde0qku53nx,73,8017,3702,46.18,5942,15263,61.07
pool1av640ert5ktadalakrc5lkgrf988tu0t0j58d9hptd06u57qlms,52,22901,10512,45.90,2,29197,99.99
pool1udr30lxsqa799lyl9haxf0wzg8qsz3xaf2gtpqf4n2s064jrvsj,73,126274,57891,45.85,59713,207415,71.21
pool1arx4x8ecnxu46xrpfj88hwm25j9gcy8080szvf62a0avke556v5,73,124141,56887,45.82,74807,197904,62.20
pool18fldcktken22hfd3tyx8qwes46lv6jhv43jhns8gg24k2rta4al,73,6708,3067,45.73,2355,8840,73.36
pool1ttxsd0ls8w35mrluxa49v0vslt7a85pfusxxemxrkpasy27tkcx,73,4358,1991,45.70,1493,7282,79.50
pool1kkmk9dnzrrjtnsejttydecmq63x4dpkln70yfledaednj7mf7rk,73,697580,316198,45.33,333636,1710319,80.49
pool1g7757qwvwzpqn35xfxqmhmw3nz8xe8rcptuqqwkv3cfzk38gedd,73,16781,7588,45.22,12241,37384,67.26
pool1c2wa8326fulnkq42uerra78pue48pdwsqru2dhp5xrhsgzqmlsc,12,1381838,624822,45.22,696454,2260495,69.19
pool1zx0lmhdymz23e702clzyywdw522nh66eqaseaye8sue3cyfzkar,73,313,141,45.11,114,413,72.34
pool143nv3macakarny2hvg67gg00q5j2kdg6yfvcmefqmea3vnj0nex,73,221095,99694,45.09,77392,367870,78.96
pool18xu4fh88v4naq5u3x9ya5aevfkrfd7a8a4gw6sejdvjnsrpud2a,73,50799552,22878741,45.04,25527,79951973,99.97
pool1twu4rn366744tqq9g66ruy3rete6842z7nnm4vy0q5jaqd48867,73,313182,140965,45.01,114892,426247,73.05
pool1ev8fwfccn8gr0zcz3uyps0t0mcrefc6s95wjc6aed3ngc86y5rk,73,3760904,1685080,44.81,2159745,6900625,68.70
pool150n38x8gquu4yt5s0s6m3ajjqe89y68x96dh32tq8a4es2l6dvp,73,12892861,5771390,44.76,4388,17747868,99.98
pool18872nzahx0h2f7j58pxrn5rjektn8na8p4amv08x2xj8qkht30g,73,1416657,632948,44.68,638260,2942369,78.31
pool1t6tyc9menh5uax38j89jgdyj0maz6e4mgx90n7xkcl7mu8fzqxu,73,26020844,11608319,44.61,30150,31396376,99.90
pool1wm5pnu72efdcvjm34r7ykkxx2h549swddjrn6r2aqy3tvjc4l57,37,42062555,18760747,44.60,5,50430890,100.00
pool1rpfj2y4vddj8azwu9977a63s2cjl374pep98l6dhuqh5u9jctj0,73,27466670,12245743,44.58,48987,33133303,99.85
pool12xxugucen5pql0ay70uakgqjaxpwfj6c9py8euyu4q3p23s0fyg,73,27494304,12253937,44.57,57924,33162060,99.83
pool10x7rsal3ldumkycuc7f7rslx3vc5axhz5jzwngfcg7hd6t2p7sc,73,27481899,12247083,44.56,60937,33146838,99.82
pool1lpw2wnj2vrc75fv7f4jnfzgkqvlrxlampz5nmduwve47xgnckns,73,27494152,12245855,44.54,72853,33162061,99.78
pool1lm89trd8cl36k8njlhgsemavry2jymnhddpvtk7fk7r7g4e3fep,73,27509250,12248488,44.52,85193,33163022,99.74
pool1k2yfr7tapqzfgdn7vq2u44225rtqxctelr6dp0xjqggrwnx9hnw,73,142721,63529,44.51,84707,250131,66.13
pool19yzqr3meksnvzdxh5xf6aknfhldyqdj7eaquxgcjva4mzt5kg3v,73,83461156,37016185,44.35,25438164,158555561,83.96
pool1mzry5s8pkfy42ul2xevaq7dk6qae8247hqd8serm3ms06glvny0,73,48702,21424,43.99,9803,60425,83.78
pool12pvaxxcv3sgad5jqgfnggn337y76kp02uauptkufjjjes7nxwfm,73,1098312,476582,43.39,661790,2871451,76.95
pool1sx4e8rvx2xdxgkww2fpjtmvrnaftfrtfge29xcn72hh7kch5snf,73,264254,114510,43.33,153243,424592,63.91
pool1ralkckmup253k79hap4chku450qyshezh4sasjqh0ltxu2gytlq,73,748179,322203,43.07,565984,1413562,59.96
pool1j045vdrzmj3hl36p50c6mhhpwtu2q7cmecnrqjuqq0khja02sr0,69,447,192,43.07,6,644,99.04
pool10n23qyec2zcetv0e3x7fdjydscsrlet5sph2hgtfc7x5ze56jqn,73,662588,283370,42.77,288857,1279041,77.42
pool1tkqjk8s3yqqyuspn4c44rjz7vgsu6kfxm4uvt89cejwryetpt6m,73,1173,501,42.71,695,1691,58.88
pool1kdfznpenxa9wwcz8tweump45k5h78h8hl4slv78fdypsug9ypc6,73,3132357,1336242,42.66,470261,4002842,88.25
pool158je65d93ghx2sedvazczpxjvnx0k6mwxwup8vv6uxnz2x0xal4,73,23459,9977,42.53,1123,27980,95.99
pool1qqq6qqa0hpzvumv5p87ynczfmdj557xuwlc3289ke42g72z7f74,73,29219167,12428127,42.53,11171014,41859000,73.31
pool1skykl3rncme7qzwy0t55wk258h4e4s9dyacrm3hnsya3u3k5vkw,73,60944,25901,42.50,34811,106943,67.45
pool1c8glhjlfs7lqww0zg7ghajtyf527zrahyksyawnz7l58kx0utf7,73,3627,1535,42.33,7,4269,99.83
pool10zyf32q3w3n9x940j6yqgkwuegzn77p94wcmpku6gvmrqw8a97d,73,35441723,14984476,42.28,24605889,59358326,58.55
pool13jf2uxjk7c2cl6nfllvnrdd6sv4eeq9zvwx23u3wrf97kvufj7x,22,5637745,2379391,42.20,11262,7079116,99.84
pool1fcgm2ae0j3rmvghwa2064rfxcvugwa2qt89cc4jwtj0ecgh8na8,73,366377,154303,42.12,282429,922315,69.38
pool1ge9c0gw40pzkcuj0xx6kevxz0hvwce7ac207lw2dtd58y957f74,73,1034,435,42.05,177,1408,87.45
pool1ekyuhd48h9nnymqpx0c00taz6ygnsge4502r7e67clp7zy9cegv,73,35149,14761,41.99,13028,70269,81.46
pool1jd33dsshcmepweqwmrgn9jc0lqfnammnua8yc2qq9w0txxkawt6,31,484,203,41.95,229,1279,82.10
pool1aqt8ycgfpavswxxs7m7n8rz4atqlanpcmf73gq50rmr8um7nde8,21,5252004,2201405,41.92,400818,6632453,93.96
pool17gvd032slmxg267lp8rwcykkfa52txm8ylefhmdsdkytzugrtaw,73,1038442,433937,41.79,847221,2929258,71.08
pool1m0drnjxsvnlesq0rwmur2rh6lenuql57jfzd6cf6aegj2cv7ugy,73,41456064,17297933,41.73,23277375,62849331,62.96
pool199a44nvtjr0c5xlanz4p5c0nywu8l6k5hz3t2he0hq7wvljnsrt,73,1345274,561181,41.71,856892,3242052,73.57
pool1mxqjlrfskhd5kql9kak06fpdh8xjwc76gec76p3taqy2qmfzs5z,73,21716381,9031209,41.59,10189360,33958765,69.99
pool1030as3pp5684ghgf4kzcpv4p2jnmkmme7j363t95690zwxp7wa0,73,1914342,795636,41.56,1331948,4198414,68.27
pool1vafsg5t78rnx3qr3fv7ys9h50pnvxqhd4l8tj629l5zk7tc39ch,73,10271549,4257550,41.45,3147835,13689979,77.01
pool1heks0vmxkfka2amg9c8yn8qdsxvgmzelfx6jhpfkj8ht5mn0r2m,73,22656745,9342470,41.23,9282232,30012225,69.07
pool16az8esp0qgrt3vwnpqmn2n2z3h7nexrhm4qn8xrr4sds6tj0dxa,73,614,253,41.20,244,811,69.93
pool1ah5jv4mrq0z7g4wuhjjnc24kfwqekwcap0wqmsr57thfg8mpr4n,73,1623,669,41.20,1544,7257,78.72
pool1r3ax7pd3cgad5kttench60ttr23kvfpx3vzvd6c3azppgw7q93t,73,9298330,3809076,40.97,4426285,16345991,72.92
pool1gslrt6mmljsqkzft6nd0q7w7g2fyhxpxx6sj4ff68x22kwx6unm,73,1920526,784349,40.84,947722,2995735,68.36
pool1f3ptnevzpgwjx32az75u7nth59gkqxe5h5qld86a8vm0j5jrms3,73,3017,1230,40.77,2085,5151,59.51
pool1efacpnedlfrhe9sa6s4jzq839s5q4qdrl70em0za57xg6t38d3s,73,5277009,2150394,40.75,1368179,6567088,79.17
pool1xk8xt05lck3sm86yzwu2xgrser0t7g4jzrvqhks9u9tg2tca52s,22,692,282,40.67,0,802,100.00
pool1fmcv9p7vv754rwc0p6ud2mgm76vnn0gq0gngrk7rq400vsvhsvs,73,21407666,8691366,40.60,11548559,30209761,61.77
pool1nwfzutmm6et5yt6mdk6d3ls57qfmwje0hwcepr3dn68mu9wl0pd,73,4184899,1693129,40.46,696251,6453324,89.21
pool12jnulzs7j8lsku4r2a7q6tee6tt66872vwhqh8jxvgzn6837jtl,11,33945014,13726870,40.44,14513936,46990075,69.11
pool1s3nj2yp068r9c9zp8rc7cxxaalrp9pflwz9jualr8c7vyl08kj7,40,281661,113786,40.40,14699,346125,95.75
pool1fu6ppur5uumrpydpeswzrvfg4epr68xw39aar9rcu56tk5ukat3,73,9906,4001,40.39,8956,43283,79.31
pool1zpdxs9nsrfrl9l2rywdfxsrqveqfzvqjsy2g24pmkpvkslky3v5,22,10576446,4263119,40.31,92847,12386375,99.25
pool1a9xyvnnfjnujzy0n2mpf4rztdwrssraw5p5f06mqlgn4s06z0nw,73,280780,112958,40.23,136194,393442,65.38
pool1g6rugsgxrl7ylqnuw2qvma0kuk63wc4yv43a4tmw3qaawgu87c0,73,9567,3847,40.21,2542,12542,79.73
pool16kus5xvdysgmtjp0hhlwt72tsm0yn2zcn0a8wg9emc6c75lxvmc,73,44368792,17750139,40.01,30778518,75592678,59.28
pool1dmugaarr3nq0679fa02kqunlfmcyxdxfy3quc9x9s69zquty478,73,2520,1008,39.98,251,3320,92.45
pool13wzpwavanfpkr4r4j30plrlc6dn6p822lkt22zdllmy7q8y7s90,73,65181,26042,39.95,38936,96314,59.57
pool1e59h5m5vyggszyafel7zvcnsayt2de7wyxyezlrsmm4a679q3zr,73,1433119,569601,39.75,835691,2722368,69.30
pool15jdufl3ahh3gn0p4nf92pxjqhs2qm2kwf626hdaxktn9yh8m3p6,73,683,271,39.72,596,1609,62.97
pool1442wwr8zzdpcu8uwnglackzr3u5ggrmfxsjja0s7aef66hk2fuc,73,206627,81682,39.53,119801,629272,80.96
pool1we9umarzn0l6jp8mcm98y28lxuuzcurzpjldnjwtgdhgw068mnr,73,247831,97686,39.42,213994,819108,73.87
pool1dswpls43u0s6cpt0dh2d6npm0rnxh5qcjm9xax9y6fp3uq880xm,73,4183554,1647283,39.38,2614918,8930761,70.72
pool14atewgzlv6nl2e8k3ndrzwt9y07sepuplj9vuxk3trzzj5lmg64,73,856,337,39.34,568,1576,63.96
pool1xkwnlr34tjrnkz6u4c0p36cju3xuls4dyynsdkf6cv22ksuhz6q,73,29972942,11788891,39.33,18545552,51714347,64.14
pool1ks49mpnl7mhh4eqa7ff3krhqa8nnx7gx04cawe46qnjeufawr5z,73,6982,2745,39.32,2841,9919,71.36
pool1zyjvzvvkppsepsv4d75t2lmxt5p3cpn73pw7jk9gstxh78aa9ah,73,11992,4711,39.29,7019,22014,68.12
pool1l7elukrgntsdwrt0hyu6sshw0rk05y82k4sjwse8u79hkhf862z,31,5021,1971,39.25,3859,10405,62.92
pool1tcmk6at0dmkytxgq5j4u7fgsx9kytvfu7gz22lrs8hp9ztu7arw,73,4894427,1915874,39.14,2570119,8143665,68.44
pool1kfu02878dsz2l2pml9r42fvh32l4zn3msjvgfx077q3yx2xgul8,73,144940,56719,39.13,10739,170272,93.69
pool19nfs9chtv37vfawvpyf0x2shfhns9hpwy3qfckvpm4dmq0nrl8m,73,6133,2399,39.12,2617,7788,66.40
pool18te4aqp0umd6xunyps0mlg9tzk4dcjh30wgntqu8kf2n7k3y88f,73,28430,11121,39.12,2208,33101,93.33
pool1p693mkpyjphqedgje9sx5k8dzaqsusmw99vh26gd8aszjzkajt4,73,312203,121872,39.04,180656,815938,77.86
pool1q80jjs53w0fx836n8g38gtdwr8ck5zre3da90peuxn84sj3cu0r,73,5635253,2190933,38.88,2349208,9317118,74.79
pool1g2y0j7rsv7dpu8p6jt2dva3rxfqjl2zu0ag9dd0cfm8guzg0lh0,73,4542972,1765292,38.86,1653916,7183926,76.98
pool1z9m2kxeat06t30yf6ar7sqpert0cjdgxzcv2dv36dcwcqcqtgk4,73,43212690,16774123,38.82,15416236,63085157,75.56
pool18xykgvvvxej2e5ap04ks72d8fdke4qsqeh30satznyrtj88634d,73,2700191,1044203,38.67,88261,3456861,97.45
pool1jc24u7v5xsaw9dw6s0vftjat8ssc8ru4c0uhrj8zpm3usnrp03t,73,66324,25579,38.57,47484,137980,65.59
pool1sqpksswmxpgk6yxllyq9ad4qhtnt5qyz2pv5xmz6kkt5ujrgqwf,73,256218,98758,38.54,83667,353577,76.34
pool1jv4yvr5edp7qp690hk3qfudwmw28n2wygjxyhaecqkzeqh0wlem,73,2427357,925692,38.14,419140,3510092,88.06
pool1mdyuct0kgd0hcjjnea999me5dxqpepr4y8du4smegfm3vlr37w5,73,1665011,632584,37.99,914828,2691281,66.01
pool1cjz6kg9a8ug9uk0nc59q60a67c2628ms58rd98gq587jwa2x5qt,73,3850349,1454973,37.79,2140831,5432936,60.60
pool1ksh2zpeeqe0rpcug63up5l66g3kr5vf58jraeun82rur6m4g6xz,73,335173,126392,37.71,287850,1316629,78.14
pool1cq25dmlt5974x8tqg3e4dlzvrxefcce2atpnwlfp7ad5ugec9fp,73,23967844,8990418,37.51,15271689,37007199,58.73
pool1q7wrwstqkzhrffdzpw8ftfd4epmxywdjnp8384atjcnezchv242,73,2240461,840072,37.50,1489073,3686128,59.60
pool1jt7d6ak3m8gnjyxtuxfswe258xzwda80ndl0a57vv5m2zv8h6at,73,27788184,10407410,37.45,12796996,36688129,65.12
pool17etnr2ngwpnqwuvdzszzd36u67kzcsrs8scuxf0a63hezy9zvpv,73,7429,2782,37.44,6551,18763,65.09
pool1ztk6dcj2nc3plnujf3ek6jqngtx8hcryufz56lyumemlcy2xxn0,73,9199490,3443176,37.43,5485334,16392450,66.54
pool1x7j89z3n7y7g8syk06nahcrwkdphhw6dymt8r3gf8ulyksrzh5t,73,2602894,974362,37.43,1249560,5121809,75.60
pool1a600v0jd2z3yajazd80phln3exekumm7g56d9yvlrh6vx8dx2fc,73,4926415,1842690,37.40,2153011,8011724,73.13
pool1qqqq4md2rfdt75qvh3x9cgmkrgkl74ctcj3fnxpu3ylcudl22ex,73,8223980,3075407,37.40,5223682,14428305,63.80
pool19sydze39a8dccylczqe2m4nnslpreytxlj5fu400nqxkg8wvgx8,73,33770,12625,37.39,9516,43203,77.97
pool1gf8a46j6hvhad8e48hez4084x34snpua8k7t3kzy9w42q6w60z8,73,1122798,417426,37.18,712383,1728468,58.79
pool1qr6jmmu8q2u44gzy2xarmnkq70c0ggz72nnh77qmevl62th69k3,73,433,161,37.16,381,1670,77.16
pool18hkq2t8ss45h4fkr92f52flhc4mpzedx5mcz4xhnpj0dzp76028,48,5271313,1957520,37.14,2250445,7773401,71.05
pool1jrws5cpc6nydu0yxrexf5vflgga0fr4qlduz8cs3pgqmye3xurt,45,331120,122907,37.12,248392,537192,53.76
pool1usumnw5klscs76ycpmkgf5re5v8pul462g5mmzc0knxs5u04kag,73,2673,990,37.02,2451,8459,71.02
pool1lunsvxzwgxjqf622gq72n6jhclq5juy0mqh9v4ktufdrzulfncr,73,2416,894,36.99,1644,4630,64.49
pool1eeflu4eaztffgd33enpsfh4nkta6t5qk662nddqqhjyrgdgmkc5,73,233,86,36.94,195,585,66.71
pool1n9sygh53tantskvg6fadljx95tt6s57y5d9wuahcke0lgkguyeq,26,399098,146269,36.65,1008,452803,99.78
pool170hmssk80z2ameg7jhj5m8psnkjejcc77vfpd0875yggxhhntd0,73,21070021,7715038,36.62,9660329,34798082,72.24
pool19uynx6nxcdksmaqdcshjg487fap3rs3axyhrdqa7gdqgzgxss4y,73,3912984,1422688,36.36,3451133,9211463,62.53
pool1vtdw9ec95lw0nj8uk0sgf6ahy7qk2tfjz2faegea7wyl63ejtqp,32,1538632,559064,36.34,78876,1777750,95.56
pool1g5gmej3cj67td4pmvmacnls8nuq0gjld2pwfeg3jwpxujdx6lmu,73,27574563,9990688,36.23,11040764,44906144,75.41
pool19zq3agzmwlntq9vygnzwe2am39y2hsdadd4gasmsm2tk6qn3suv,63,6089,2203,36.18,1893,9557,80.20
pool146u0r8qh0jg6rd3th76q6cepwm03nya4pkvfj08juqrz7wxnfv9,73,10,4,36.08,8,15,50.62
pool1v6mdg9xm9a80js00zx53c6nagcw5m0m970nm4my4pkrlyxq707e,73,31134,11220,36.04,4525,45058,89.96
pool1j3t6mhgndeuzqkpcj6csyxfhsr2fkgwknk6e4tjeeqhnc52fjc9,73,14611,5252,35.94,10004,22449,55.44
pool1vdcu0y6ujrwmnv4u50j6upxkjug7cx7zsaynjvgkcm2ycmajelc,73,5298324,1900348,35.87,4220108,9183317,54.05
pool1haus36sw7cwyg8jdeg882mentse5txac7fmeew8ketuwky6q602,73,699733,250852,35.85,317519,924751,65.66
pool1e98xlcgj80c3rdmm27v5hnvrdtut52e65uk0ema7ctfag596vr2,73,26562653,9519064,35.84,13169162,33554169,60.75
pool1zn4wnk52kmfjy9mw4z85p6wn9kzrn94l9h5gys8r2k2w57mdnhh,73,529018,189516,35.82,232807,872236,73.31
pool18vj02k4taarxxsdr36jxftcc5x270vsysp078j0n3v0njh0dt9x,73,2063332,737994,35.77,223739,2479840,90.98
pool1yh7ksvg54nger73ldnf22cgwyh0dnm4aerahdd0kdukjqeacy32,73,48821976,17456808,35.76,22358206,78390004,71.48
pool10w77akxggesfpfm6ry6k5lkr5a27jsetqxjnwzrztalgstkns0w,17,733,262,35.72,188,951,80.21
pool1e3y7u0rtq2zskc7ansvtrd4p3vtv9hglyztzcvsvlk22w9t40v0,73,49672,17719,35.67,23530,73978,68.19
pool1helzgcd9sjm9xtyh9mw2wy06gekh6r52s6mx987q0p8lvklwura,73,3440635,1227292,35.67,1910664,4694577,59.30
pool1rd02pkrtvme3pd6fznltk62e4cr5ddgq5fmd080neu4mkt8r020,73,3759,1335,35.51,3010,8148,63.06
pool15cy4p3axu0m6sfrmxsp46z5cevx3ruksfwjl48730cgx24j4ydz,73,48375762,17176788,35.51,26281266,74368444,64.66
pool1r2fph82mjhgu955cesn4yejjva4sk7uuh06yhwf8e9ln5djy5h7,24,65381195,23129963,35.38,14750002,75537893,80.47
pool1gaztx97t53k47fr7282d70tje8323vvzx8pshgts30t9krw62tm,73,75428820,26657317,35.34,52206710,116036700,55.01
pool15fxktqvd92sq8plh3rjdrksumt9p8rzsayfk4akv2hng5r8ukha,73,1287980,453280,35.19,689052,3199388,78.46
pool1v8h0h94vgnl54qx3jn0l0p3dya4tpjwcqqwmy0l74g0jxeavcwq,35,945,332,35.16,665,1585,58.06
pool1dde9jvej6nr4yqfnnlx5ydn036zv7yr098y4p2qs7cvn2l3kuj8,73,11166,3919,35.10,2969,13548,78.08
pool1ls80gx9sen3qc7s6c7u2ajw6hk8faqanljugcg5tfukp6qscetv,73,249832,87411,34.99,142366,323681,56.02
pool1v5g4rmkk0394q6swgfusgzjjzrv9ajy8qntgpuumegka5xhpgam,73,757397,264403,34.91,420689,998620,57.87
pool154xmvhp4jnz7phwcla09uvzqnn3ch54lh2yzrt2znxdgc4trp8x,73,2928350,1012813,34.59,59727,3425949,98.26
pool1zc5l0d0j9d0969z7ssphjdq7rfexhnhrfdp2e88sv05ujlaxfk3,73,517059,178619,34.55,114730,604569,81.02
pool1psr42v6rvv3raeqsg9ru2zy5dp4cchlde8hw9xthrpstx5wz7wk,73,289887,99498,34.32,134638,429297,68.64
pool16f95up5u5lyqne5mnxmlhe0rgdgmya27mph288r6gw0ukegjffa,73,58384387,19970692,34.21,2009228,73771274,97.28
pool1wvezktuplgsgwxvccvaw6vyq3l8v3ecupe56apngyjuaw4jxg9u,73,5801,1979,34.11,4158,12626,67.07
pool1g8w64u3sx9mrvhwrdfvysw4g4wnffkjfp5zds3ur6svwzdhwhx9,73,890152,303460,34.09,111000,1358020,91.83
pool1yfacynd0va3rw27tjldfz05f6hfjhfv36wwdhn3dy2hfqq00w8y,73,119242,40567,34.02,87238,211620,58.78
pool1drkls8s0zzjydyv3qpjsdj58w3sw02w9wg0pckrsnuazyef2hca,61,960268,325674,33.91,568784,2086876,72.74
pool1gas95lqlch5pj5e4lwg78gxlq7km9xfurfd557x4tgwk5kktd04,73,17665338,5990256,33.91,8186834,23192270,64.70
pool1lg4y9djpazcpaag230mawgx4w43vmld7xcd7rq35lpjvkn333nj,73,16749,5641,33.68,12421,33452,62.87
pool1keasvddt9vndl8jyhg204s6kqusv5zgzg3kk3l3g949ew402ahe,73,303674,101954,33.57,258770,864012,70.05
pool13s5faca3kkg6jhqcll8xd9tarur3zkhalyuu92d5g87zyj4wrrc,73,51544241,17277630,33.52,35009292,70028121,50.01
pool1659knc82juzdqycvvwz0uzjsj5scxwewguhuzae93ed36xanxmz,43,969232,324486,33.48,631571,1439716,56.13
pool1j3umdcuxcewcxz98wm3sx5xqwgxx0v7z376xyjfq4jgejpvv8fz,73,5029553,1671434,33.23,2166608,6221932,65.18
pool1e6rjpsl42hsc52zc9s2awhv2df50yzw43xtc7d0vranpc9ej8uj,73,116775,38718,33.16,81200,172363,52.89
pool1yr0cv3dtmhcfgqa6yetvmf769ngk89e6tepecmjrmjl2jzcw2lm,73,22267389,7383940,33.16,11220632,34952904,67.90
pool18v9r8afalh50l4lstct2awdc3zspnvurcs7t45nv29uc2mnxc6c,73,8988798,2977205,33.12,6593299,14287672,53.85
pool1q8sll5g69z98q6mmu5teg7zn4fnlsqjyq898e6cxmec0cj9lk6r,73,15768,5206,33.02,13408,29876,55.12
pool1qgsylc6kjv29zva4w783fuyf9xxhj78ktgjlxjvppest5ya9pek,73,70196,23152,32.98,36904,87676,57.91
pool189elcklfyhaczaasjdyrrxmhaeepg6avn9gxjte78ntny5fqdl7,73,6696,2208,32.97,4501,13268,66.07
pool16qhf24jz4pdru0gqrh9rwnvv9v05a6fq73g4md6mawavz2fg5v7,73,3062,1006,32.86,2250,4292,47.57
pool1z5rt6kn6yvuczj44qla73mfyln9l55lw0jkz6x4kjw00u32zec3,73,28333845,9289832,32.79,12054200,38391853,68.60
pool16zymwv7r24sgcxg43z4ce0g0mw0yt6zdxehcgwyksj456y0ef4a,73,459,150,32.79,0,507,100.00
pool1ztpwatlnzskuruwe7hxwvu6xjsv6l24835pyvpx7lslccy3xx9a,73,11578,3797,32.79,11,13186,99.91
pool1yyar66t9fw9dscj8huhredgwplcnf22zq7q7vugur0t5c9nzt97,73,66930812,21948171,32.79,1,74042118,100.00
pool1777xvdg0vydjp78cdcfrmpuqj28w3nuasf7h9a2f6cd4z990777,73,251017,82236,32.76,163650,423905,61.39
pool1jyutduy73e5u9877uns3k9rm0tf4r24j8lrn4xtkjpl3q5sn5mw,73,5329961,1742996,32.70,2693877,7489434,64.03
pool1wr79nyuty7wjgkey5vlfx9rn0x5ecxgge5mq45fpftqhye2shc0,64,16667342,5435028,32.61,2,25270346,100.00
pool1gsrcrjm6ctkquef6m8jsyvplv0j357hupn92uklqdcm7729ytv6,73,728769,237427,32.58,511023,1087729,53.02
pool1rkz43352y9kmsvzqn3wp08t6qfz64j6at4gtmn74ge0tv7hqdhf,73,5080,1653,32.55,2800,6265,55.30
pool1pxw4z2m0lmw422hr32dwyy3uz9436g8p7qdmg2sl2w0m5pyk3yn,73,1326500,431454,32.53,353426,1776419,80.10
pool1qcw5gq4zsxupu33q4g7d4hqw87tmlzclqut3c9wexczpwfmqfal,73,232560,75608,32.51,150051,481443,68.83
pool1gu33fszp9ek0w9fkdt2xpnp4vznvvv2vhktc0dypa8fr53lc9pc,73,2467105,801362,32.48,1678363,3990225,57.94
pool1w6vj437xqhlkasuhc2td09jd6vfem5e03nhhpn7yqxfkzrkamch,73,7370,2386,32.38,4901,10483,53.25
pool1q8x5k5wq6zsshdjcmyzcgzwaqd9mfg9fypaaew8xs597svmeyk4,73,43934013,14212714,32.35,4091968,73381721,94.42
pool18rpw5dwfywfrzjuy7uzn2cetrw9v85aan8a80p3fdvtqcxykkqu,73,488162,157853,32.34,386457,1106827,65.08
pool18mtj9n5sgxw6jqsq3jzl732h6yalfkx8e9249z2d5rs8smduvcv,54,127750,41106,32.18,61941,175435,64.69
pool10hex9l4wjgqarvhr94xgyh9frv5lhtajhrj4dah0kl65jtws30k,73,27145628,8700254,32.05,14779233,35015380,57.79
pool13gyxktxqh8umjn3dh2uk9nucacnegl0ppcsfg236hkfhcg8asxf,73,939,301,32.03,686,1702,59.67
pool1gqf605yxhmyfasdjhf8yxcesztgzuek9gfuvy2dnyj5cyp8zga3,73,490920,156925,31.97,264867,645157,58.95
pool1axzm26vduyuxgw0x9ddh4vkvn7q5hyd558l0t9c08p556lf2zaj,73,57876313,18369574,31.74,34292987,99956597,65.69
pool15f9qklmaajysmwx9n3rkgc5s2g3rfffz4x8spnedtzdgq43tpe2,73,7228031,2293342,31.73,3596219,9234546,61.06
pool1ffrre548h22n68ln29xph3qezrag3z8ad0kg8yzu6epds3qr58k,73,775179,245584,31.68,520097,1390132,62.59
pool1jk25l2pejpdzq8vdjlxrr05th49v9tgd78fqrtxvuw3rumpfc6t,73,16315053,5160556,31.63,12638531,26319380,51.98
pool15vvmd9cqg8dr8e46539lazgz3x8vzjxxh2yv0qu3809tgzp3uyx,12,1519,478,31.46,2,1657,99.90
pool16erldmmx5nvrwncujtp6lxs9tmvgxcpthd600pe6axm5z3p6522,73,88637,27666,31.21,75576,150580,49.81
pool158ag8p06qm4apd750ekep6een9cdldqsq434ll2mp0ykgunmguy,73,578658,180432,31.18,266817,706437,62.23
pool1qqenhz258k5k9nyjull6gkzg7s4f3ae8v7qxwpegeef9v0nsy3e,73,1820572,565995,31.09,1505033,3253601,53.74
pool1398lzhvtaa0hgz305d2jz4urfkwkkt66yv476wqe6att2f7dphh,73,37282780,11576248,31.05,21658284,58302029,62.85
pool18qddv82sx8p22uxzdrf0qx9lkewxadlr9ef45kpcf7dzz3n56qv,73,16910872,5231802,30.94,8169475,26324519,68.97
pool1673d663ml4p0mtreukyfx5jt7ekk9pajsyyv6utzlakzj0y9v0w,73,34814,10725,30.81,28026,51575,45.66
pool15jglqzc80vp83806wpa3rae699q32sxwycjmztkpy6h92p43t4h,73,585,180,30.79,533,1408,62.15
pool1r9mgl8cj0hyht0678cpdljt2pw353672jyy9ak00dzalglx2jq5,73,1612,494,30.67,1320,3819,65.43
pool1fwhu9w2z82n5r7hdeu8ayl9tywraursthd78mxxekr6zzdjgpkm,73,1287554,394577,30.65,4714,1512321,99.69
pool1vpa84enqxhh5hnyypeqfshsgqhnjfzyddgq7z4tfmavh68c9s9p,73,3882273,1189646,30.64,2086128,5131988,59.35
pool1ylcl727memzjqypjaxg0jl0l40l3gy3vmtt0llwpjufwwdmptks,73,320,98,30.61,200,399,49.92
pool19xyfanyp28j6j07dxgwdjp0wur6seqmyyu64qgzstzl7s47pvpj,73,261937,80084,30.57,198392,400958,50.52
pool1chtam5czevzk2ttctvltpsc8twlwf6zzyh7kj3jkz72gks975sn,73,9502230,2886115,30.37,5783112,12215516,52.66
pool1vjjrjt5ez7d7yh385vdxl83mxyg36as785cp5l50d6wsjqdavax,73,106204,32236,30.35,52806,151005,65.03
pool1fttmappcugymuqxvayq2uew72cd8qej2gc5c9ajexsckswj3qza,73,1147,348,30.34,970,2053,52.77
pool1qc05c76autq4235sq20zu4vjwtl5m0xn4mxq9kg6e66uwz95kd4,73,55864601,16867131,30.19,35019722,70040727,50.00
pool159s558a4ffhp9nqjp9dx048lphdlxjc8xmy5pcmfe4jhuxe4a2u,32,25898999,7817066,30.18,5,31544145,100.00
pool1233gq8vt6nzytuw60sr9gy2jmehc88fpglrjrzsd8kys5gqelgg,73,3174,949,29.91,2192,4079,46.26
pool1jgwu8lq3dqddnnx7prymcgcyrqy0fdlghg33he2hmw9t2gma3zd,73,3342643,999427,29.90,2009526,4175765,51.88
pool18ljuhhw27t85zddz0pvsmsjsz5k0mlz03pzsxgh8qarcsw5wycc,73,1371341,410016,29.90,747065,1798808,58.47
pool1fcp4d2pxh0e7q5ju63sjqcdpxpr3pvxg6ykl23t6c97d7dnvjvw,73,66798848,19967590,29.89,1254888,75704624,98.34
pool1mkjtce8r8yeku0mmc9vpwl0scuwuwc8lz89ckpj3k0kwgvlunv5,73,7221690,2153833,29.82,5894888,21616117,72.73
pool1263z8symvqmmsg876y2lzluv29am2v9fpzka9sf3nrhz7uwlzap,73,277784,82786,29.80,112047,415972,73.06
pool1fxra32qureulvqrhrdpnrl5yechhqreg2khrghv3tkl4z66t0rm,73,56998051,16969792,29.77,35013079,70034481,50.01
pool1668w66pcrdjmavz0c7vym7s4d3xm7578jy0fqzhk55677t4etud,52,749950,223022,29.74,339285,1092004,68.93
pool1gk20vlqg7qq868avysckjcjtwyphtjurfwlgra45670ny6r4fww,73,56707065,16791883,29.61,35008528,70042136,50.02
pool1l54qvzlg2jfalkcram9kxsa8vcmgy0fz845q5gptjq8k20kzg2r,73,2427955,716461,29.51,1961475,3601772,45.54
pool1k468tmpfxqexnwyf3y7e3syglyxzmuqggmjm3cc4gy3skmm557a,42,1146325,337809,29.47,115644,1260446,90.83
pool1prc9hna2mgamtspchrygc66s9n4tlkvh39e3t9zccef4kzc3ns2,73,37847291,11108435,29.35,21008166,59722048,64.82
pool1tdtzmmmak0tkte2j2hr223dfnqpdy85ypd66tddwywpeuknn2pn,73,30493,8935,29.30,22019,60492,63.60
pool1kmsr376syqkluhxvv8k2axugqw7unjmlkwhfxjxtj7cw7qcn0jn,73,21222347,6200244,29.22,13550564,29567876,54.17
pool15zn2lqq4849ujttuthaycpamnyr8ae9k2pn2fkrlfzzsx4ek0tc,73,2132456,622946,29.21,1725732,4060477,57.50
pool1svv9st22dywp9exwsltt7cdc4v2dyrf4zls00jesv2lzvpz45jh,73,316975,92523,29.19,200745,411284,51.19
pool1s04pdfl3sv5gzuc80322rc4ne0xs7gekux7gtckvvwt7qutjy6w,73,28840981,8404645,29.14,17807515,39336443,54.73
pool1fh4sh2telea0tfdy39h0drx6uq566yt9gf24edpz7335sclx39z,73,6723589,1958272,29.13,4031001,9518554,57.65
pool1xzpjn9f5nk52lnfzskuxey3r3h5fh8z78389qsd6vwyfcqum796,73,143,41,29.04,101,197,48.46
pool139gdv4lxw53enk4rms0ryr4ey07k56jufmfrclqqehjdzglheu6,15,10203572,2944625,28.86,1108,12063447,99.99
pool16j2sst4yl703nhdyx8snk9ld5rwjga6a4fk203ptedztq7uza5f,10,8544,2458,28.77,1547,9322,83.40
pool1x2h98z6e5xvrg5zw3v3dlu8hqdtj6lhp6r3w5ge7rvcqcx3pafq,73,14750346,4242191,28.76,11514548,21192783,45.67
pool1meljzszklf23y97ka5sjqwasnel50xe5ar68gz70slm0jmt2wxs,73,77937,22388,28.73,61343,163682,62.52
pool1k2cj852umvq5f527x9u7p58mnletdzx29gr4e4npv4nc6m3hch9,73,1792885,514896,28.72,910534,2384205,61.81
pool18heqrjtge2emf2hes4mdxkr76y99zztkqk4qtjr9dul0vuur0yu,73,2106172,603407,28.65,1483538,4636323,68.00
pool1r55hyfrd3tw6nzpkvf4rfceh2f04yph92fc462phnd0akp2s5r6,73,38835346,11108454,28.60,30016477,56601351,46.97
pool1zydxfglzuvv6septzwzfgyslcdjsytealqmflft7kc57j9tqcvz,73,925,263,28.40,631,1204,47.58
pool1dqhaw0h2f4ehpdhh57quszcj22qhkglhg6yvaf39w3clxdl2kpy,73,1797661,510139,28.38,1349104,3303182,59.16
pool12m7z9p7jqymxrvvp6z7vmfdu6j6u6y43p0m6y4xalz43sc8s4t9,73,72913906,20682100,28.37,32831312,121555122,72.99
pool1t6xhh2stg5k50sjdzjglp2h0j59vupwv3kur45efvkk7cps5hwq,25,358577,101705,28.36,4134,487434,99.15
pool1gxvkc0576e75065p5k0csvwme9y2qrefd5ga66nx0z65xxjt8jk,73,1889052,535468,28.35,1299441,2897052,55.15
pool1dy7tz7eyf2qal2jcns4qwm4xqn34gc4rj9dz34kfs6zuju477k7,73,2736109,774262,28.30,1556661,3394762,54.15
pool1wm5quxelvgk8q50jyfznf9asvelp9zf0tk2wu4jazlw9yj4uctw,73,765914,216579,28.28,660553,1664193,60.31
pool1u99x2rr6trfznwakv0959llmxmtgc2nvanc067uugl3ejuvvnc8,73,16278392,4601276,28.27,9506127,19910346,52.26
pool1n8nq690antqxcekkekzk07yp7y7psmm3v6ad6tmkm4v3ulyhz0w,73,1635,462,28.26,1167,2611,55.32
pool1ch3k0e07dhqwum847sa02cyecrp000a6egdx89fz5rza230jhlp,73,1903989,532660,27.98,137718,2178778,93.68
pool1jcetszf3sh39hc8nezj5pzj3ukg4fhfjwdqkmwg8ern8u3c4y7v,73,40497057,11323001,27.96,25857172,65254169,60.37
pool1uu35qfkmjyxwpm3pgptfgr0qga9j2fzkc0tsjplcx840x295xj9,73,1482474,414060,27.93,1010478,1984075,49.07
pool1qwa8x4u4a2pff0xdv0haxpgk3tyrvl5adl2lpf3ztcftqruhea0,73,19043138,5297464,27.82,13693475,31179142,56.08
pool1uezuqdzj9ue9y2l3ce9873sj33tz3q9tcf4tuhm97fdggywuydy,31,4265,1186,27.82,3329,5830,42.89
pool1e4tjrl3ve7dcqwa70pexds6f8llk0txx09gm3r4m472ej4p6473,73,3263511,905353,27.74,2389919,4485634,46.72
pool16lwqfp7cpvzwn6mhu0gj3h4aa5k6j9my0he4mgjjva5f7vvnkw2,62,163958,45396,27.69,80736,193406,58.26
pool1aqr4843pgkyaq6p2557vgnxsxwnj5s5em2xusf5k4ya4uzk3w5l,73,19695,5440,27.62,3812,23543,83.81
pool1jhzf2mm6zdlhl6w89uhgx8nq8p6ykcc86qq58vjy0ejyxrrksfj,73,36373802,10036865,27.59,22441691,44835798,49.95
pool13r4e7tttcxp4qfs4gqtv0hz5k48qdhhxrskz8pjrj6fqy5qmee0,73,4556702,1253873,27.52,2217250,6315114,64.89
pool189lfh7azuvxu0hyskwahnp35rtez0mzhsmule3742p3jkza00cq,71,2043472,561886,27.50,742756,2752811,73.02
pool1gn4vygcs9trs7pzzdcwv6djr69eq5ux8dmwy028zk5vhcpgn8ty,73,649,179,27.50,204,721,71.68
pool147tju4482jtl253lgqq88fkefdugcuhaumf8m0rcj8uzxu846qm,73,42594700,11677139,27.41,11039805,57531222,80.81
pool1lnr8t7pxvq3vfg8c5lc7yjcq39haws4ntu28xpxzx4zyya9ntny,73,49334895,13512817,27.39,30251822,61064758,50.46
pool1nw42xqnaplxsx3fq4ytl4x4qqvhs7g5uymnm906pfvx5636fglw,73,636976,173446,27.23,197308,755363,73.88
pool1njs7jzx60aht6ws459434lsx37gfmqahwr0uu4y00dd3wwnggym,39,162905,44338,27.22,50546,220658,77.09
pool1grnz2afeg7st9480vlzqc25gavvs4n34ndtktne8pnp8yutsmfv,73,3581,974,27.20,824,3920,78.98
pool17n47upcpnzsdks0yd409nf79sg6hqy73twg87eddwh24uj745rt,73,673731,182897,27.15,386718,1145081,66.23
pool19nhmxfd2tts089nx742g8jtc2ynwstkhp2594y0wwp6d5we25f6,73,8494,2300,27.07,5780,19022,69.62
pool1ntfxj2jgvhzen8e86ed679ctukar3vj538ywyyq8ryld66jj4sx,73,16403931,4432523,27.02,11512831,21322482,46.01
pool1ah9fqr5pwdtjtw82nkkcskak4vtc2xjz70mkyselzvalgzd3jlt,73,555159,149883,27.00,225015,683408,67.07
pool1g50v6e6e0dpmt35lllufjnpqmdklsm3nrshzw4z4advqqjxfcpx,73,49149,13225,26.91,24576,67817,63.76
pool126kcx3ve6xedpdk8gm9gtgs5x2h77tuwe5hjjcrp2nshu2xv8l3,73,3321,893,26.90,2939,7272,59.58
pool12lsfsh2s8yt8dvrt9m8kgrgr6ktntngvn2vad60xlqz7kxz9fxr,73,6781218,1823273,26.89,4992023,8943596,44.18
pool1cuqnuz57puz2qd3enr9vtkcp7z92ge4h2ks6j8zzknztx3283q7,71,803017,215732,26.87,199675,924423,78.40
pool1xxvcz8dem4xufzn74v2y7fs709mfw3tpq963thzg5en5jrkv67a,73,377123,101238,26.84,338430,692747,51.15
pool1ksrg8a964464las0ymw88slrwxkychjz9lh09lqltu5m7nw3pq0,73,48454168,13005098,26.84,34522367,72451677,52.35
pool1ugwj76z4cx6sywscud8ntd2m9tg3gyesmnnl35qr2l5mu06pe3x,73,7151,1918,26.83,5897,10051,41.33
pool1uu65k00dp467qsszmqwl6udwnet3zszgx8n3kmn2aq84sae8ha9,73,3971540,1063931,26.79,2457403,5869084,58.13
pool1egunxfppwtglyu3t864uq76y0zu05s7pjda3e9g95nwlwc5ye2h,73,3156430,843942,26.74,2310623,5052045,54.26
pool1qvhss6kxmtl27nr4ugvypayhvt4a4vzll8p9csdg2v8q7d22llu,73,13229912,3498883,26.45,6508011,17247165,62.27
pool1fyp482ntshhm9zfz4nv7pmsaeakscf5mnuzcxuvtqf6t56fc7l0,73,5560373,1469551,26.43,4140935,8217673,49.61
pool1e7mwu80pmsjqdf8lu7rsfdj5sldashslll0hpj7rhx3w6xpwkq7,73,1162869,306906,26.39,145438,1276757,88.61
pool18pnta4kfff66kq5shjrdsdr8ce2heu38t6x5nv7hylrcc0hpksk,48,1855096,489419,26.38,885689,2133947,58.50
pool1cmdq8atcy8x7lfhh09vdumveuh0ywsx0269ur774nvzkyhma37d,73,31083490,8199792,26.38,19128025,47488148,59.72
pool1n500map6vvxwkxnrw5m9vgmjqrmtaxuuxkgqvzz7699c7qc550v,73,848929,223827,26.37,607019,1149620,47.20
pool1kdr3lv2e7h5tx3gp3fwrpxhaj8cxh7v422uwj84enqxf6j5flj7,73,492,130,26.32,400,753,46.86
pool1el6ze57482qzf830l6h2y9uj0l9fr5g7xzur89d4d806y896vgf,73,7236,1903,26.30,4999,9510,47.43
pool1dv7s5fn4m9dee8ncvx5hktfmsnx6agydhn798rfdqjazuwr84gc,73,1155007,303646,26.29,747886,1457520,48.69
pool1cl3fhy6me0nf5jnxahk997r0529aumt967kw4yml5vraq94mdk4,73,38894,10220,26.28,35249,67821,48.03
pool1q5sspejl875flc0z6wh9y9zxkgqnk0y3aaw8jc0pkxs6cpavm4q,73,379587,99520,26.22,174590,527020,66.87
pool1ha4z9zne9z7he43qf0tzv9pdq8cdj63xfrj8s246u89lkcwmq7w,73,240298,62801,26.13,128669,314215,59.05
pool1lhvpgr8lhsf6h03v9zqxm74pa63rdxx4yuvkqfw4tv9fua8t37a,73,21270779,5521146,25.96,10925853,30181158,63.80
pool106jtt06k5wjpqc5r5fkz06pgwhwaljzs624mnfua8fkhq0fl9am,46,89,23,25.88,35,200,82.29
pool1etu9qtmx2dhf2yu0hu3uzj4au8gnpyx54m6jhy5876pwsulrcmc,31,51639,13340,25.83,43458,75559,42.48
pool1em9u4sf0lzkz4ammtcmakymunpf0l7445ayh3e7fpvryw640fc6,73,46309,11950,25.81,28735,55058,47.81
pool1c0p84nykx0m4yqs9pkvlgagh3nlnrn77d5zed9kv9ktljh2cjcy,73,192186,49610,25.81,136527,358542,61.92
pool15plk69huszwt6mpamzacu07un6r5u89vhfyq5dvm8u39yhqq2dc,49,5705442,1471429,25.79,2212,6123356,99.96
pool10wfvyl284h0eyzjtwndh8kvu36lqvptusq4nxtv52pmazpyvfud,58,2136971,551130,25.79,279415,2390783,88.31
pool1wvgf640twac8y7raqfz8hlqz4sajyw2gfpcxkq80wygekcx2402,73,2844,732,25.72,2044,3504,41.66
pool1ct59zfxfvtv74k3mmukq5faq7kc48wuxrstyxtd02pxluwf6mkh,73,254923,65478,25.69,207918,364400,42.94
pool1rtr6nja4hh8j8hkrmevehw7009za3fu2vucv27rl6qdr6xttd09,73,1860,478,25.68,508,2026,74.95
pool1xply0kq63yvhwl6v090yuf4mxwrq37rse75w69ddw4k7sxwnxd8,73,207,53,25.62,188,576,67.34
pool1s0kkragd8r2xyyms680l9eed443v3eufmarykpjfh2r6cpksm2j,73,1116454,284970,25.52,721058,1349069,46.55
pool1j3kzujz0m07detlksr26sx7smft8xn280695zgu60zjhge9566f,73,1557625,396500,25.46,1024903,1862631,44.98
pool152ns2rs77pscm3mtmnymhwsvq8uglcdc3cvucvsc4jkds5k4te5,10,763741,192964,25.27,214557,825916,74.02
pool1jxv3my3c70e8pfr0cgm6esatehey2ml3v0qk8x236aw32eu0fcy,73,1054176,265733,25.21,871403,1734468,49.76
pool18e545ehldchd8qr8qx7q7m5dljzaky2twxrynx2z29ru2mt6pv4,73,21287,5356,25.16,14572,26770,45.57
pool1newmccddazerzanrdeeelvzk6vzh9stxn5n8ravshqa05n0t83u,40,1652593,415304,25.13,624529,2008158,68.90
pool1a2ffl2d20yransp2p4hqys5vy6hys8kmtchdvlfqale7ywxssjh,73,694251,174320,25.11,614707,1386019,55.65
pool1pmm654jfx088td54ekkkd0j28x6r5gnjdhnutzggursrxjnpk2y,73,63632209,15932952,25.04,42357653,101404359,58.23
pool1yxkhe2zp9rccyc3a79lxev5u585r3z0qqyl3qpx0t04hxhmlqgp,31,33372,8340,24.99,28846,54189,46.77
pool1vtpn0drn5t39frknedmqq2jkhsfstwketsnvdm7cjzz674s30v2,73,36606541,9132842,24.95,24078813,48696712,50.55
pool19yf67fkanhu30qqdcug4gwfy7gpzy8jhq56llg5ua3g3kufg3s5,46,36237,9033,24.93,11,70608,99.98
pool1jqfk2y5wked4sjpx9sqxn6dmut8hq2n9qlreymqtpxuc5l38fl0,73,1177,292,24.82,870,1670,47.91
pool1les50pm26wpf8gym7cda470xgfswukzhyykvhyfsfl4dcu2ezj4,73,6697670,1657087,24.74,3992652,7776884,48.66
pool19ut4284xy9p82dd0cglzxweddfqw73yennkjk6mmp650chnr6lz,73,1301870,321515,24.70,696747,1708775,59.23
pool1kx0jm9ycs3t99tnwafw6w72jkdlzhj5ltxe2nrzkd9x2u5x343h,73,10842954,2661548,24.55,6119435,13976103,56.22
pool1nsaul82z7ytu73q96w2wgj8wrardmrzjkuzaankzn0xuqkj70qm,73,939956,230077,24.48,603610,1286638,53.09
pool18yp9wal36lzzw34ujcds8vtfpsndkzq484zcm360evp5khex0l5,73,7494,1827,24.38,4506,8711,48.27
pool1u3despkvw4sqeq2fv9ufrh5dxacf8vm0aax00elkdeelymg7f38,73,28084,6841,24.36,1616,35940,95.50
pool16y2dn9e7cw07wtergytxr36qlydfe7aj92xhv59e6pzezgwxtv8,73,10830,2630,24.29,9913,18275,45.76
pool1raua8hvrv65aq3gjuk0re4juzdpw4gnpkeq7lyl94j8cv2grye4,73,1805,439,24.29,1121,3185,64.81
pool1tmt8thfaqeqv499l3s7k5kl64s84nycvnx55ll3ksm9hq50p0ks,73,48589587,11791131,24.27,31630957,59197390,46.57
pool1ewgnsmk42ljf00wytawfcl3dcash9f852u5fr92e37wqxutyksl,73,30332980,7353414,24.24,2433,32202880,99.99
pool1z46azf72z9yjlq6rpngwn5syg5xup8jcwguu2t259ngl5cnv2ds,73,30378484,7356523,24.22,35724,32335213,99.89
pool16vdezg50c80dhs78jhfl0gpqr68trtmqy40xplw39t9mgk6vrkd,73,30466510,7359002,24.15,113125,32355536,99.65
pool1xcslzgl6t2pcdr0u8ef2zkjhdyxy8xmgvzp0mcdgrw4k5gtg94s,73,810102,194872,24.06,583604,987003,40.87
pool12vx0utf438rpxskmvwm870vpz6qnur39jzl7gs3hhhldqekzjea,73,1578,379,24.01,1498,3396,55.89
pool1ar6nsa2uzng70uf8fdrttu5jhgxzgu2f4za8h845zr435nfcruw,73,7500335,1790779,23.88,5967846,14424855,58.63
pool13g5ftmgqktfja04xwyd7yte8p0arelzyygndyfjr798vsx0cd6f,15,127616,30419,23.84,17763,137069,87.04
pool1yl76e0fhq0kcfy2jqs2mt6hl9xeyrnesehqp0p4s896lwv7hrta,73,833359,198603,23.83,389735,970678,59.85
pool16utp8esfwwpwf4fzlvtulugtdj9mapt42gdwza962pk8q2f45yt,73,447553,106617,23.82,245942,642685,61.73
pool1ct4ag0j73mxzy4325zwwxhgswemlgmepdnqxj6f7edz4zmlfeve,14,29563,7043,23.82,5682,32917,82.74
pool16p8y0pzx8yx7vz6eqksw9xjhh3tzeymvxcstrgtk8ncw75356yw,73,1448185,344350,23.78,891322,2493572,64.26
pool1uzla0r73fvpnvxr07m98nfzlxcv3q26mkjz00cqjfh7uqsyjkju,73,12130909,2868294,23.64,10078988,22993713,56.17
pool19zhl50qqzpfvvhdytqg6qx0cthummjyunfyvkfqx9uxrsp7k8ek,73,286133,67565,23.61,251538,501949,49.89
pool157e2zadjusu6esf9mmx37nf63ep2gazdeln5mh04ylpcvz59g5c,73,610914,143816,23.54,555013,1049158,47.10
pool1ncst8jldzmwa4s874u3x4q7seqjyq3njc89a2w2056m2ywktd6w,73,437,103,23.51,297,526,43.45
pool1xucruwwxsym3u9v0m4ex3az5d4vpz9xu877vsl9udpt0q237e9m,73,38883727,9126070,23.47,35013933,70024552,50.00
pool1pdqcefsvu9mqxfalj5dywcfyymtpqpjqhlnxl99ds62pxv5ungm,73,198584,46574,23.45,112251,234503,52.13
pool19m547w9wkcqm5hcstz67fly4ucz0zsp3dqv4n956xyusy4dlpue,73,3402119,797062,23.43,2659855,6609784,59.76
pool1xvaagsvl9prlr20hvg2qv434yss5c88r2ml6n43wcpepxmw85lj,73,2100435,491408,23.40,1651196,3333039,50.46
pool1mw8jpnmxd22vw4h68uqw70nx24vfju4aav9rznesc4vnjnt68g4,73,6770,1583,23.39,4833,8182,40.93
pool1cmaafeyy52ppz62jqmsm20c5p8nua7xx95lkkf96ktmqqj3w5td,73,50193540,11722298,23.35,27582137,67793124,59.31
pool1qv785q9wx056p7ngq2ec3n86tj5kx0t3ygcug8zx3sknj038rsd,41,354129,82662,23.34,29688,405657,92.68
pool15mkly3gw008dmxfrh9eycl5aguyfm0rhdlup2hzukjkrsfdxqew,73,180,42,23.34,113,219,48.53
pool1kjd9ff9u5ytq4atavv2dfsg3pvxqw8d50642pzmpn386zel0ka8,73,447768,104453,23.33,283368,574889,50.71
pool1e2a7hrepdkn0anf65djlmz8jpycujcg4nmfzs8w2ftvcvlnrw0g,73,423921,98696,23.28,354397,645512,45.10
pool1hgksl8y3637f88zhet6g8j8seq2kzp6v2qt4ct2maxaxzt0pmmj,73,1210,282,23.27,1100,2136,48.53
pool1aq2kqdp9xf9w47vttvmqnahwd4scz2qyddsr9l4mfru4qddg3kr,73,1805539,419625,23.24,1391455,2859762,51.34
pool1qqq0c53vaf5ju0n3fvujmyxwca0yhp65930evw9lngmr5705csz,73,50103871,11645565,23.24,36377294,66584004,45.37
pool1nwddjgvjrke3e2gu6m0a7y04alhgcx4egec6dd9gahr5sz0p5u9,73,348567,80949,23.22,194563,398084,51.13
pool1lhz4gsk5ezdl5s4mv2kxgrkhzzhad6me2v0xmwuyt845vensdlc,73,58249753,13492980,23.16,36579896,75656856,51.65
pool1g6rm3p7695z7xfhp629hcsj09njun2fnsz03pjrshw8rgs7pluc,73,52813,12225,23.15,28438,70817,59.84
pool1mtxmk0skqkr5y0wxnxps4n35j6wn9q8dfr82y423vvlp53vccux,73,71065636,16394904,23.07,3464577,75964338,95.44
pool1k6knum588fm9fe5tmljeytyx65rv6h5jn8au824t86zt62nyd9e,73,424475,97805,23.04,371764,683462,45.61
pool13xh3tgwzhr3hn25v5m2dnvqnfcmnzghcfah5t7kzufkywuy7w7v,73,73571,16954,23.04,66315,120505,44.97
pool1e556526sqwugxwnmeumt9lhj5jukklg8vv3ynk75xt9vs7adr5y,73,4522095,1039829,22.99,3621253,6341572,42.90
pool1dhf4dt395f0c0ujnscazvzvw73ynzgwvtf5k4y9c907hwjdyaq4,73,8259875,1890122,22.88,6996195,13665113,48.80
pool1cpqpw923842ple6gnkjl0k2z238uwm4s8xh53ryzxcavu89rp9p,73,867811,198431,22.87,577229,1021789,43.51
pool1mhrvkx5vfv7ygd55wsknycz2a8d6gd6y8m8rgdnqwa7jcy34g05,73,29024,6610,22.77,15244,42316,63.98
pool14wn0gvhwme9lxx9l7j85k0dr2twyrgf9j0k3gx0f5d5ckzeln2l,73,1047,238,22.75,896,1424,37.06
pool1ck8rqpxp7j8kyzutk856fnvgm8xsqmuh922wkeeg32ekjjrvtc0,73,3211619,729175,22.70,2489291,5241681,52.51
pool15wk0wjrau5pv6rp6w34g3mjxqejkfj3yak0xa9m63upcxx63myh,73,91494,20708,22.63,59889,131420,54.43
pool1wll3vr4v605eap9hpjfpda5cjegqfkjt8hrz3kkxpnffqejhav3,73,274825,62011,22.56,187703,496271,62.18
pool1v99msed3jqh4fd2qyzdn0t2qfmh3mv2cnfweatl85mdhz6l0ewc,73,144869,32665,22.55,25261,154923,83.69
pool1yvwry5gmqta5tug7gjmfr33c2whdjf88tfykqckaxsdcgcd482q,73,31610,7119,22.52,24807,42084,41.05
pool1h707wwzd9a3wlsz2x2dwng0rn7vep6mggxlgww9u7szagx8elcn,61,3050824,684382,22.43,61872,3272702,98.11
pool1wp9p6rlpratng7rhrvyz6mcjqsl04laxxvvuu06umc5vghacqa4,73,22255,4992,22.43,16321,26938,39.41
pool1r0sxz0hygfc0266lhdclve6j3cwcwlth6dya6uey65yxjnwm7qc,73,13265430,2966178,22.36,2031698,15875373,87.20
pool1vxvdypctdecvc2j7xu9y8h2fdxvkpjy2pp8luwg2h6dx5jlv0nk,73,9612619,2142605,22.29,8206679,17442921,52.95
pool1s7ddsvuw09dvk7et6t842vhdfcmq893y88y3ev9attn67mruf5m,73,13417235,2988489,22.27,10661464,20225203,47.29
pool1t6ek99u2dzj8sr606uqm3uz0tt4ejr4cpvwtqfwen6p2z57rrst,73,53772511,11975105,22.27,26598396,70832725,62.45
pool1wdrg5vtv3nrh0mqmfua5qmj5p3zchzay2cz80jwfxxwrx7gp402,73,143531,31871,22.20,108484,188268,42.38
pool12vv4c6z7yf8j4m2amzej4j8tn2d4dxklqk5nqztz7wl02gratjp,73,81098,17923,22.10,54304,102242,46.89
pool1522rtve5zlgnlh3zm5a4mcy3u7gpndg3kkac3xyzxmp6x6weca3,73,11782626,2595693,22.03,6421301,15496200,58.56
pool1aasrxs9vpr97rjlqqwpp5gnju9tp9dgtsmqqvmsy8hryuuepvra,73,1483,324,21.86,1300,2077,37.41
pool1qeqylk3pnenvt3j4mah2dafcnd3h8uc3fqhvfzrxlxf3xuvdvvp,73,1221295,266428,21.82,938028,1534925,38.89
pool1jmx55w5ydjkn4xd58gmr9xgt5t46ngs48aek779t92e7zcqfw97,73,2714799,592042,21.81,1837793,3613884,49.15
pool1pmyave37l324x5phh0s7tdy30kx9mdzmqnj829teccun2je37xw,73,2024,441,21.80,1828,3012,39.30
pool1jql92je87mrx5gpjhmwr6a8a766cktcf5p0p8wd0wxq87nu80yf,73,3675877,797443,21.69,2859965,4917118,41.84
pool1zx909vz9qe73avvpd0y7qqcwz8fffvnup6yuq2e8hql4svk9xr7,67,3540108,764584,21.60,1173613,4327930,72.88
pool1frz0ds4nhg4t0e30jadc5kwx35kzj2vfp9eak9ehh2727m4dqnv,73,1678854,362318,21.58,1247314,2581572,51.68
pool1sks9qwpygf9vmgeuh4n4a3s36k35c3qnz7pd4qqvw5825x62y3y,73,652762,140573,21.54,504169,892018,43.48
pool1a6wdglfp93m2z4nhptx9xhjazgyqusjpu387gdrp899cj98yuqq,70,1120374,240100,21.43,1,1194287,100.00
pool1sr953s548fudyhmfm082xp0mensv2gxzt4qpe466ykw0z3jjzvv,73,4093694,874274,21.36,2967395,5193532,42.86
pool1nhhsh9yhlrvj9e3nce0zpx0xm2xlt6tx7gqakhr6hjc8wy84sat,73,32825626,7007279,21.35,20186962,40337553,49.95
pool1r5srulgd6gpav0sympqrkt9f4ykl06lh9sgk0p20r54v7759kws,73,911746,194352,21.32,652192,1256348,48.09
pool10ldeq0mccp8t4gfmvfkwmfcvh2pvz44hj2hmewfpk9udjxug58y,73,250822,53382,21.28,196091,337538,41.91
pool1ff2hr0sukqqd75jr2rh3wrmnesxqgpq42dgd6rm3ungnqp904ue,73,61995048,13135235,21.19,16447741,108333731,84.82
pool1n3sjq3qvu5vvcd6aud6ndcwq7r3ghmkafcg60gznlwfrk2ucxku,73,867667,183129,21.11,536699,1220050,56.01
pool1vhz87537anw4u0ruqsyuftyh7zxnrxptr4nnv0m6mjgeu8kp83z,73,70799575,14913065,21.06,33740,76360787,99.96
pool1k2qhlrrweu8fecd4hx4hn22lv00nrd3rjdxj6durax7m78q7ynu,73,28991156,6094438,21.02,17609339,34921417,49.57
pool154hq0j6u6ydz62mtlu7xaj78mhreyp0zsv2kq7f0qmne2fu4t7y,73,18702134,3926422,20.99,14345629,24292661,40.95
pool17h6slydr6rd9vquqa38p5cf9xqnpc24w6a99rhllcjzljgugx6x,73,770644,161656,20.98,709128,1437617,50.67
pool1chzrvd7wzmw8ufsehctn8fmf7ca27xf7d6f5tpreat7kxx6hwf9,73,995473,208843,20.98,631756,1125492,43.87
pool1wpzr2xafvtne6cnvlyzjqf8dlj2dg7tgkv3vu4zt687266ep7wg,73,1530,320,20.94,1291,1978,34.75
pool1z4f2vmmwckcm6c4fmhn3vmymhsg8gjukx5905g54hlhqs9kaht9,60,647791,134794,20.81,0,808587,100.00
pool1ktkhv4sw2y68d4xgfg9sjw829kejnvnh5zajq6g7jycry6cd7h5,73,754363,156309,20.72,274435,1079436,74.58
pool1x0qm7xsyh2za3ltprxsgael544je4hg8tc3q3v5gv232z8jt4wp,73,14232843,2927049,20.57,11356370,20779284,45.35
pool1h04mh7qugt09hp8mhjpvfl4t0rutmz703dd003e6qeny5jf9c57,73,1158911,238132,20.55,1077033,2025378,46.82
pool1xpeupsjcwntlt78ak74kk9ymfhn2pac000yu9dp42qlpz58f0un,53,7918,1624,20.51,423,8427,94.98
pool1j099ctc7kcc9fa78dz5qwsy2g0n96lrgletwxvxmyzh4zd7ck0j,73,38329475,7823146,20.41,25714494,47480471,45.84
pool1vwfg3d0yhun8anncaxjfg8whjn6sa328shuyc6rmf2cgvyjrs7w,31,2056,418,20.32,1727,3011,42.65
pool1l0pmgdsymmdntuyan4snj88q8nm9axemwefu5ymkuq2s6gr90cn,73,995586,200608,20.15,841624,1570575,46.41
pool1q8fqknvzyj9p4ezhxqdghlc7rnmwvwuku9eevgvl25cpjy385gg,62,1493618,300839,20.14,742149,2052929,63.85
pool1cvmk7ftz7v5u2pd944e0xvalgchtxgsnnhryzqmqfavgxwgxmcy,73,2358,473,20.08,1392,2587,46.18
pool14wk2m2af7y4gk5uzlsmsunn7d9ppldvcxxa5an9r5ywek8330fg,73,51058994,10233280,20.04,33528277,62996594,46.78
pool15v22rpfg6qx9l0gx0m955gfv7tes0jpa9sy0gjs3a04lv6x9jdr,73,45887807,9194435,20.04,38127054,65133692,41.46
pool1095d0cr8yp0selmnrst5hnuf8jcl6vlkxlr2j6kq4x6qs4yxuwt,59,47410994,9490265,20.02,8,58844705,100.00
pool1lu0gwsvugl2cgx6gzk9zqdjwutd5szp293wpvwj4fvq4jleg8ww,27,19936922,3984667,19.99,698,20787117,100.00
pool1fu567g42mlv9f7enek7zeh94c0aht98w44du7s29t0elzd9yazz,73,814274,162496,19.96,647484,1031597,37.23
pool1clkt34hufs3k4gfnd2rl8gy9zlzzdgr9838y0k2hwfuhy0mh2t9,73,118,24,19.95,104,160,35.20
pool1vc8jp7uagxgh8trzx7r260ndcydz89ges8sws05cyv7jj8q8gqs,73,49867621,9944837,19.94,38741480,69904818,44.58
pool17gfj5t240hqaqr7vtrlrlhmyazw3lcyqvfd06v4kpxv7qxpdzau,73,868425,172692,19.89,656717,1043208,37.05
pool1jqssxka8hu94aj6f4w3s8l5m6juqmx0hk3ges48jfac6zngmkh8,73,1137220,225338,19.81,669185,1585930,57.80
pool17rns3wjyql9jg9xkzw9h88f0kstd693pm6urwxmvejqgsyjw7ta,73,3535434,698823,19.77,2702232,4302562,37.19
pool1g6g2d09le8hd6nv9jhyavewdnw8tu0ndst4lqysd00ru24cav0a,73,4993728,986344,19.75,3876100,7608965,49.06
pool1gha260s6hx855p49fc735w78p0kcp4hyxl8glymp5k5muk9jkgm,73,911842,180076,19.75,777151,1371707,43.34
pool1gr7jlqk9kmhwuztdwcwf6nyr2teeq9r8h4y62ev0xrrvyvwly64,73,2020806,397499,19.67,1114411,2346738,52.51
pool1p82vmqednsalje23mpnz9u3qt9ruj79xu83mr6p8t93fw5fcu3y,73,841864,165231,19.63,751168,1423459,47.23
pool1pqdgdhka8xegl8y3lt780n0v4p9yl5z3vdh6qqs4vdlvgaujaxu,73,5384,1056,19.61,4767,7892,39.60
pool12ptdh2np3sl3c9zxaaz58ka775hv3z9f4nypgn5dlhp0w4qcd0e,28,1456,285,19.60,0,1510,100.00
pool18f4d5kj6n3ex7vl9udw3qczf3aye0qcuusgg0tkdja5sqm3604s,12,98441,19236,19.54,77380,125515,38.35
pool1cuhcw4dhj577rzz847q5swfvrnthj2vn62hry6ljzp6g6v3ag77,73,109020,21289,19.53,82501,164655,49.89
pool1c7jrfce3zxkk9s9enzpvwj8fuayvx3pdzc2k2es6mrw6gsfcjep,73,33571907,6553631,19.52,27578621,54866907,49.74
pool1n5kljtvdhg29vrhr6uefqk76dpepzfwuvsw8zd0z5yqfuqj7x8a,73,254667,49487,19.43,237044,395304,40.04
pool1r76pjed6q8k9y8lngcedqhv52zqzc2gczwzqc93x6kwq73xprtr,46,91325,17740,19.42,66768,107696,38.00
pool1kcrr7re05pwesye0zh00a4xxnsrw5c29rd82fn4qecdcqu5rue3,73,463567,89965,19.41,423703,1115798,62.03
pool1qqqqx69ztfvd83rtafs3mk4lwanehrglmp2vwkjpaguecs2t4c2,73,1939743,375240,19.34,1503281,2360723,36.32
pool15m78a3nfcepn8ekyzx6sa8yexg7cqseer2ktu26f7l9jjq0e502,73,3672613,708218,19.28,2560812,4146682,38.24
pool1hnp560z9e5acwux8tjguxq36j9r255zuf02u7z2d46dvcf5zhns,73,62306531,12004851,19.27,33948445,75456115,55.01
pool1r9qyjstrc050njg8lm7wxy5874mgu322vyljntdsm5qgxvjcewv,73,40268,7736,19.21,34668,51606,32.82
pool17k568pj9x6qwmvutn97p5wgzvgmjf7m46sz3vzudq62swqdfh4a,73,2051,393,19.16,1754,2728,35.70
pool16e2x06wk8ufyakgrzq0c9p5tmfhl6w0c80raxr0xtg5g7aakhgh,73,3365001,639052,18.99,2878125,5438999,47.08
pool1ctzja2cdwyeqnvehmrlclc5wrn9w9acwklk3acn73jrx56d66vs,73,50811926,9638156,18.97,36929366,66911101,44.81
pool1f2wfjqkf2wx6jq93pdck6hgmy9zgw32lmvrq9zejl7scqxjqfze,73,87543091,16545322,18.90,50627007,112335769,54.93
pool1cmqpzlsrrjup8zg6qaperz868u64dlt7uvvdszsr658mvzz9qq0,73,1307477,246554,18.86,1069975,2564182,58.27
pool14klr0hf5chszxhqt72nqxl57q4eemz0ys83pcpnc8nmy68fx5vc,73,723,136,18.75,633,1188,46.76
pool1pfdd8d8n7jx0xnk4uev3x36se87c747w6l2d5x7fanh5w9evhw2,73,10829930,2025371,18.70,5072252,13329246,61.95
pool1epqdygzumryx7w9kk5l76gfjsvzuesmeh3u3tfjmmdsw65ja7k3,73,263789,49280,18.68,153190,382220,59.92
pool1dye0sw6hv4jee7wemgc6dnxhaquuz7sxkktz2tpm2ekcsqyyj9l,73,8805,1644,18.67,5684,10356,45.11
pool1t6n7rysk6wzm9wqxda6zxpzmm3j6256fs3mp06dc26n6503hhj4,73,30526074,5690850,18.64,23344919,46451260,49.74
pool1kjhpg98jhm08usqg4sh5x9esa595apyw75qczyjp3z24g0cdate,73,17306372,3223423,18.63,12762284,23994748,46.81
pool1fd0q9h8974y6psejmzczlywy8fgxxy07rn2ynrwu734aqwq540p,73,51920269,9652204,18.59,29072339,59994970,51.54
pool1je8qh9d4nawl9zstsg3vyan3r64lyw9dzruw0ulxvpumxa66l6g,19,39,7,18.59,9,41,77.73
pool1jeu6mkn43sc8y0yf5jwtfy6g5yc7lmyt3psm2tlue7pfg8deygg,73,2460,456,18.53,636,2580,75.36
pool1sf784g6eje8vzq9f5wu583eurhfq2ee9hzyhl46yezkuqqtmw07,73,1734067,320661,18.49,1368391,2277067,39.91
pool1yp85j5tmfwwlj8hmsxcrp2dnxuu0fu858qvl6tpeedpckt9zvkj,31,9112,1681,18.45,7110,11277,36.95
pool1qzlw756y0z6ehg9jkerrfrydr7qlvzl5pgset33h3h2akst593a,73,4409755,812650,18.43,3419966,5903795,42.07
pool197na7w0h8hjc8wdvwys7nsalhtpctefa3m23udeqxpfk6nzq8l9,59,68466544,12576606,18.37,8,73898358,100.00
pool1nhlv5z2lsptzgcp9ype0mppc7zyndm66ypm4sw5hy27ewdchqx0,73,6107560,1117370,18.29,4712351,8066336,41.58
pool1k8s63hvxl5un403f0lwqm87f7svwn2j7vpeflgupvkhqkjpknut,73,4405819,803210,18.23,3121428,5195213,39.92
pool1l5kwfudnqrhw3k4lwzcppu36nun9puvvr7xnanuz8a2zx4jaek5,73,3028947,552126,18.23,2137077,3734784,42.78
pool1p3chxyfv5cfk95hwq5zqjuljrpyk3uk5ua5alpn8rjgkkvvy8ne,73,1960254,357409,18.23,1358986,2445875,44.44
pool193eeqrm9vfx5y7d7u7766zskcr0ss0pnypy8sn30mlar29s49zv,73,23687,4315,18.22,19335,27923,30.75
pool1phc0dedrry2jp2s2tqngcw87vzx3mychvm7qqe3470etzsf3ph7,73,2022485,368348,18.21,1311457,2500499,47.55
pool1fv9f8phzn7hp623ypw6ctf73a98hd7nrh8wm7glpcuhf64856g2,73,1036495,187094,18.05,896642,1392256,35.60
pool1f4rs6v0cpsqa09ueddp6hhl8xwdwtdqglvcuce26srxdwmzxl6v,16,2588645,466756,18.03,865379,2839698,69.53
pool15ttu2vykfdfdxv7vve93l3dvk6tlrcegz7r6749syys4us2k3tu,73,449,81,18.02,432,837,48.36
pool1peayemzlkmcwn64c455mx8sxdaztq0xuv9hdxlp0kcsxz57up3z,73,3663794,659086,17.99,1728904,4304001,59.83
pool1q9049mstrv5czwyylpf3xen08pmvsfsgtru4wf3zvc9uxat2sm0,73,10993794,1975363,17.97,7955039,14963710,46.84
pool1rpdfq9gm9ls0q8tnc2ssnpg5av3hm5ehktul7cfznjvjxyku2k6,73,11551,2076,17.97,10388,18138,42.73
pool1rqgmaq82p2l3j2jknc2syky2xtgylevss39c7ffgpp5x56s5pt5,37,16459581,2955948,17.96,8,17178003,100.00
pool1pjc7paja05sa5uzukgkc0wn6hfwmx37a50akys5hrhx3j96vf2j,73,59560,10637,17.86,24259,62721,61.32
pool13k6tphjfsgqdq7h27p4x86ruchcdg2x073luw8pndh3ajxvwvja,73,56024521,9999048,17.85,42070697,69248063,39.25
pool1cpwymxe2fjr20u34f874e2q6za3razk0rttslrxqhc4tu3zxau8,73,51375315,9153031,17.82,44541274,64501901,30.95
pool1crprz3rdcwvfxmc0s4gxquh3qeqmscww2qfvpl93q52yyn7agsc,73,1563788,278318,17.80,1339967,2032706,34.08
pool1uqrecfnsa6pqd2tz60r0lcj4kunhc4rrw8lldrpdvfx9qfjd6n0,54,607278,107966,17.78,513069,791373,35.17
pool10d303wup90j39mmvysf0lhr2xmr3mf38y5vs577nmlq6yy8n666,73,5172,919,17.77,4239,9240,54.12
pool14prutdqlndelj94pdz6h03yjh8c2qrmvgzrh4f46nryn2024u90,73,8921,1582,17.74,7279,14763,50.69
pool13z5t8wlhtf7ccc0hud8pnvpjeekjdsyn7sq69fcxf3k6kpnlm74,73,51591323,9134944,17.71,44763177,64717915,30.83
pool1qu48wpwwarmkewhlwge9xs87sgt8gdnqq26nnre2v6c8up4fxwr,73,9878700,1746647,17.68,5711577,10764580,46.94
pool1xjhzgchsl2ccvc5pj3aqytv9hh0jnaz63wtfnw4th07tjypm46x,73,56792340,10019995,17.64,41580659,74466397,44.16
pool1pmsjsvnd506xqzwlcavexcl86ta046eqz74xzvt97688urmd0qj,73,1296,229,17.64,1143,1930,40.78
pool1wvaj307ee8jfewv9qjtgk0q3elmpe5lz4n2dec2303062f7dc4c,73,57988739,10203607,17.60,13395550,73170433,81.69
pool1evg78egp8gfqae273kvmmdee2dnt6vty60dpwdespg4hujznh3a,73,16684156,2934196,17.59,13727324,21746596,36.88
pool1yet04d4ykpp7me8uc2jx2glxrx88kt9uhmv6jeh7xkmtu5zucna,73,329393,57655,17.50,273925,410209,33.22
pool1gx6eawfvnhckevmlzhfz9j3uzj92j2wgww0mdd2fu5d4zd4wvaa,73,887264,154706,17.44,517685,1024139,49.45
pool1x9kerklpmyrzx22z944l9n8x9gn8s597vqy4hsllujetue8e5g8,73,27,5,17.44,20,30,32.88
pool1svszcjg5xaxt5mq7ue2llm26ndt74dslvev04g6kwdmvyf0t657,73,7054964,1228388,17.41,236136,7678435,96.92
pool1v4xevkf7fx08pzy7atsk59dds6p0sdyl6xmhwf4mh79x6l5p6kx,73,3263852,568254,17.41,2717285,3904610,30.41
pool1t4q9v8vxf8ltx407cqkwq3sksgmq85e459jqsf34x0cxyfaqljw,73,737,128,17.37,597,852,29.97
pool17we8ycehylszd2n3haxut8gll239m9m9q5a8ytsc9pg9g3uuga6,73,587,102,17.36,525,763,31.21
pool1rmpv0h0pecysach8tj06vxx9wku2pdm74mk9cunx759v58q0hu2,73,54826595,9504206,17.34,46223876,69549359,33.54
pool1vqjyjsp6dawkj8tzmfpu39hvgnkph99qzarw4dll6yq76gpaa4d,73,1062525,183963,17.31,914159,1648750,44.55
pool1a2gt2mvuf5zvtqlvw2xgks2efze3p4r985ft62q64lua7gx7lal,73,4170610,719275,17.25,2834715,5172336,45.19
pool1rpjjz68kmmetyxztmrstrwgz8lxf6v0d7vqgw98r5x8rc50jrdf,73,3578217,616035,17.22,2984779,4747357,37.13
pool1kzf7zw2y05e7lyd7ht0nluh39fzmurm2wuvshvut6l6twu0el44,73,12149,2091,17.21,8205,14443,43.19
pool1zc7vxe3ymyej76h8wu8gm79chtt7w9c3adkza4uhrjvagr9w4zp,73,8320333,1431299,17.20,6695949,10652388,37.14
pool136q98jnwt093qle4ph86vdpuwplg7gyvt20h2nq4m6ksv8xjcuj,73,58524352,10052198,17.18,44548546,66194567,32.70
pool1n20x3spgcj72k0azl85gxt72qzr2eq7sr53tlmwdg8wrz60ynzn,73,10763,1848,17.17,8062,16367,50.74
pool1pnuluy36ukdzv369d4zee8rarpw2k8ukwe5kkdmh06t6y78cyrr,73,781,133,17.07,749,1331,43.72
pool1d04sakv5um2c8yrp3lm9ncncupgl7f7zw0lz2yuz3jrzsxvf42n,73,16237,2755,16.97,15445,38961,60.36
pool1ft6jvmft8tg3lwzg6wfsprlex3ncuq5cnckwycavqk5q63jhrhv,73,921285,156036,16.94,780909,1208469,35.38
pool1ukeqarukv9gxwy9pt8jkr4qvad2yf87758g3xzemmvmtk8lrynp,73,55192455,9340332,16.92,35548614,62545362,43.16
pool1ecqt8vmkmu2mteqlkcxl4v6hp0ngzmgpx6k6wp2hp8tguq88u4l,73,19936,3369,16.90,0,20498,100.00
pool1dl4695wfl79k7gtzt87gsf8gsqeq97yzuvaq0d4zxhz6c0nlf4g,73,49587592,8373146,16.89,7491992,75452862,90.07
pool19ru9alj7n5anmzs0f9gpzlj8kaq44yhcp45mldjvldxck8f6yg6,73,2714022,455411,16.78,2166976,3358002,35.47
pool1fuzqy5r9x98826zv6wp40tr27uplemmstkd57cuw8jh5v5m90vn,73,6628338,1104827,16.67,5427223,8454785,35.81
pool1ymqwfp9p8m6g09a6ca0mkm0nmc0ezgnvhtj0vpsvnmyjvy8zh7z,73,600,100,16.66,548,795,31.14
pool13qdkwy5y88ncr5qpjrh8hgtf94d0zw4wuhgezjg3hvlyyrh37c7,73,54256567,9038455,16.66,41603718,75411855,44.83
pool1mwv76cr0znehqxe23xk4ylhr0j6gwsjxf2cvwjxm0ewdgcjzw3e,73,38162,6355,16.65,31628,49308,35.86
pool177q3zxxyqzp5kffeh5jxssnxk7rwnpkf04628kcsf0cyj6jaklw,73,453009,74967,16.55,323672,523400,38.16
pool167qekemyleju9g7eugaguqxh5telvmmmrs3a7sp897f6za308hg,73,1538437,254608,16.55,1205541,2061522,41.52
pool135h773klt7djljmyawkh88e8qc457wxqfhc6j9h6y9n4y3sgh7t,73,14888239,2458973,16.52,12132035,19629667,38.20
pool1p70svj9zrg7lgzkdn8udlslry0t27qs8r9tz9lr955v2yfna2rl,73,52306216,8564408,16.37,44831024,64781637,30.80
pool1w3xys99a8xmwcwse4tqpqmyqqzykryfc4w7cvvjusej0vnxdlrf,71,2332366,381626,16.36,98,2647068,100.00
pool17pv7m8h5dxsyt55upay8n8ake2cgcz4mcr737um2tl8d2wthzqr,73,814137,132869,16.32,579760,974103,40.48
pool14glhqr7989jz4yu0hnytpw62xlq0666sy075ztufdya2yw4d6fe,73,2343,381,16.27,2247,3915,42.59
pool1jas6p8hw9e2nz049g3xfn2me9yzknka4w84vzrxg0c2ej63stlm,23,1952,317,16.24,1495,2519,40.64
pool1xfj4dazvq0fszalwm30zr85ka9t65mwpq3vfrprdw35mwan3vq9,73,1566,253,16.16,1505,2610,42.32
pool1nhls8e9swnyshldgjknku4npreax075nw0ltrkmrarh4w3skxt9,73,4471890,722208,16.15,3751384,5325677,29.56
pool144m894gswuy3se407ma5870nkaw5ylykrak73gf4kpepj50ulfa,73,520973,84157,16.15,433863,654365,33.70
pool1mlw3uh4m8qy0jlc8x0amx58gwt5xz277ya60xk6xv5daxjzt2gs,73,134,22,16.12,121,171,29.02
pool1duc76uxej6d97gjgdwxqy8lan2k9dxa5x5dqgrjwncfyj5p24ar,40,87792,14142,16.11,71676,100547,28.71
pool16l9ph0cm42qk4h8wqlka3fw7ws7rvnj5n59xzy8ky4l8gnudugk,73,188779,30400,16.10,133498,222460,39.99
pool1zgzyp6nt5084e8renptskpyaksd79uvl4hrfvnszpxyfzdt86k8,73,18226,2920,16.02,16428,23346,29.63
pool16dxn8c697qrqtzl3xe695trtde2hvgw0qtd65208ruaq70hv4ud,59,772003,123375,15.98,3191,904549,99.65
pool1nh9j5qucsddxkzn3m4dm4gxkhwtpya4wm4e0ye2u0puaqgkcm65,73,541496,86399,15.96,481901,813272,40.75
pool18en4vtxkjt3u5x6ctu9l3nqmr6pm3r7akxgu84450xdvkr4j827,73,5699,908,15.92,5115,8029,36.29
pool1agwy5atgc4ptg3whplaxyz28g4dgvsna8auktszctkq8xmtl7dh,73,3051873,482910,15.82,2547245,4024241,36.70
pool14mma26pz4v888lrxtlzm22vjd68h5hd89kj7jaag6knx7x3k5ed,44,278917,44053,15.79,252171,474150,46.82
pool1fy5aaf5gz2646dghhm8u899mj6hyznn428sqhdx3tmqmsdy6rcz,73,36273,5724,15.78,28067,41795,32.85
pool1a4qtpgce7cu6wzc79fx7qrc3938hkl2gf8c2h5jugvm2gnu86l7,73,38779618,6106990,15.75,29750868,48393309,38.52
pool1pxhywws8s8h05c69ug3k4rl6jtpxms23eyag7eawwdvxql8spwc,73,1009,158,15.71,946,1403,32.60
pool10q39xyv0zwt7cyc0f2ec67ptfmq3y6k8f0t0fvrdddaqzs3hpxc,15,7446,1169,15.69,6707,9735,31.10
pool1y0lq6rjckxxly36gf3wdsxzjzg97mq9c90una3vfq8pu77g7zkf,73,141355,22152,15.67,122183,178368,31.50
pool18l6lvx95vl5p88zfh7xjkx073s9gufpz4sa5q43fu7auqunjhg3,73,680276,106606,15.67,520013,770299,32.49
pool1st58tj7nun3vynlhlmfawrn24ar0pshdle733vtkv43szxt2kq0,73,3209,502,15.66,2931,4738,38.13
pool1sa0uepv2uzwd0g8sh5lkjzgwkcxrg3z4m5wyzgfh93pnwupsm8g,73,1499,235,15.66,1293,1763,26.64
pool13mas2wthxs28zftxskcsd8t87jk2w9ntc0u5uflt45sh7lcvs8h,73,44836346,7009616,15.63,34651206,61240461,43.42
pool1twd9vvegn3fqq0f4n08p3aml2ud8q87njs49900rycj4sr5hhcy,73,2747278,428886,15.61,1958640,3231327,39.39
pool1980svf2cxnfy66s5jgjv7y22xud75z9kfe6n0c3y54s62w56435,73,994988,154491,15.53,848476,1220898,30.50
pool10tqeu6d03p6rnalqlvdshmpsljxaq2c0ww6draq6xm8lgyl2a3p,73,13820739,2140247,15.49,11065848,18416477,39.91
pool189lsf6c2upyhmrzddyvyfjxxkqnte9pw8aqx7f4cuf85sjxlm02,73,57437406,8889804,15.48,39992229,66953151,40.27
pool1zmtm8yef7725p9n7x433m50kvv9xpzjujnny9m5t960g5qm30ua,73,247316,38257,15.47,199280,283172,29.63
pool1zwqrrwpr5zx7c3f4ukpu4r4fz5c2hkwx9vwqka5068urgqvpjzr,73,1373932,212458,15.46,877900,1531825,42.69
pool1u0mc9ywfxl529atxyajuz3pgqnwgnk6w7lejjmjg22ucvn7z9vh,73,13141141,2027018,15.42,9682496,14936121,35.17
pool19k4azhj8tye5wwy5pfj7q6m938m8fg5nglds5dkhtfwnvcg3s0k,73,534815,82484,15.42,350982,595644,41.08
pool1lqucyxuvjktfmpf7fd28j54cfgamyrxed344vnwlm9wqkwjeqwk,73,18178748,2798859,15.40,11873126,20893182,43.17
pool1drv9qkh2tgqqucc0jp8cwswpmmkfzdd898ja7ac0uwm9j5d44tq,73,3630885,559259,15.40,2140731,4441534,51.80
pool1v8q93vtkf4vqqqus6ts772w8dr9h5tz99lnylfj40x3p7cutxx4,73,29136,4464,15.32,27422,43937,37.59
pool1ygsyw93csvam58nf63gttknj9dvj3zxh54h4eh0kals7kdf0nx6,73,1554351,238077,15.32,1144001,1813584,36.92
pool1hw3cgyx7tvxh2fpd46k9sqgruu5pfnzt4nxuyv2w7nlmusutda2,73,3407877,518680,15.22,2375813,3927247,39.50
pool1m06dl8dfcy6d0475fanf0mtnnp2tzhw8rarums042q3jux23q0j,73,27451321,4174435,15.21,22125946,36263895,38.99
pool1g7axcymry0dz86usn9np76gm2tankhh478k2x3uc7v0pugcv2xp,73,31032,4715,15.19,24614,34614,28.89
pool1d42r0zln3kvvc54w4945735gnrm635as8hj8zy38tjprw2l49rd,73,292196,44204,15.13,223936,357332,37.33
pool137j9xuzycq4jxfpsmjnc75w2wnpz68khlwvsh69kt5negg6ldhg,73,2706852,409205,15.12,2209390,3478834,36.49
pool1ksh2u6kktx74ugv8jadrdqttwyjz9074ke82xt6j0qgfvdn43a5,73,1029369,155458,15.10,873130,1713757,49.05
pool1mtuhuh8hkf8am0qzx45y58kll8q83sjh6pwljrflcmw970d82f3,73,66067067,9970227,15.09,44007385,77691777,43.36
pool1j6xfryctrxm4aplw3vnrtgfsvqdr35exenxqse5kzxmfue7qqmr,59,57606858,8679818,15.07,8,61034290,100.00
pool1e8vr85ank99g6fx2r7tjel2mh2jyfppnqy6nmp8vr0arys65n05,73,440015,66255,15.06,381256,525301,27.42
pool18mgmqghey8az6duffc6e9tpzwxsquf00wpkl0jr8gvqxumkg4m0,73,436163,65386,14.99,289932,745040,61.08
pool1flkcdxj7cq6sfgl4fujx50p20ylqgj02kgwvfj4g5w24s6th8vz,73,22412258,3347287,14.94,10498836,24167556,56.56
pool1ferfwtmcjm9rxc00ugtdwrm9m042jf4xjvse6a8u5smxqt0pwnx,73,508602,75952,14.93,418075,591956,29.37
pool1hmtm4mukp5gs7fgrp0k997lveh4psq9qpeqa6ldugq9nsfcdxmp,73,1542613,229263,14.86,1258948,1878928,33.00
pool1jsv2hveu0n6sw7zesdcmc8cfle2xp5w7ma6qlt4xvh62cxly5wc,31,605,90,14.85,404,644,37.35
pool1wjsshqjpl3n6zlscnfvyy9gxklkav2dvfyprfye6l0kewyvv6yj,73,433407,64234,14.82,387961,561695,30.93
pool1hdug72ukeepdxqxz0new8e3nhq5cykkn3prky9wgrz5tgyf4ty2,73,2061,305,14.81,1568,2247,30.25
pool14rnkjjate6rqa7f9xmezgwne99n8hlahg7ymcyhzkhus758r3h7,28,2869454,424590,14.80,1766138,3152121,43.97
pool15j6hdfel6c6zcr8gu39qgp5xkrs264yn9hm8ynhaydjtxvmznxq,73,3878553,574089,14.80,2941760,4619366,36.32
pool1n62v2xsrnpyyaav2mgauwzn40u8hfzavt520vsaehz252v2tf7u,73,3096,456,14.71,2139,4043,47.09
pool1u0u2s080a5plun4acn6s70xa3q98ct7skt88l7w6nnwwyl9ecym,73,665616,97739,14.68,509184,798589,36.24
pool1yz3fnqnsqhqpkc2tjqn4dkws8nnr8a5kcs50g780nh0wk8tgnp2,73,219780,32109,14.61,122960,241622,49.11
pool1mt8sdg37f2h3rypyuc77k7vxrjshtvjw04zdjlae9vdzyt9uu34,73,55089605,8043804,14.60,44159179,72141095,38.79
pool1jf4kt5qvyx4plvv7gna2y2f7xsjh3mt2szk2ff23ryd8qg826hj,40,859221,125083,14.56,635644,1093209,41.86
pool1swe9nsv8lzugakjkfv04dn38scmq48wzynmn0lxasupuzmqcgjm,73,13430992,1951035,14.53,11488322,18303324,37.23
pool1u2lghnv4ae3zy73ysjlgvxwj7tuqpmyfavk74j48g0gnqnyc692,73,1660352,241203,14.53,1413617,1912726,26.09
pool1a2nh3ktswllhwf07fjahpdg5mpqyq7j950pyftq9765r6t4cefl,73,40032687,5816755,14.53,35436948,56048775,36.77
pool14hp04q89xy58gh9jjvfra5x8lfzd7jes3jljwcjrh0rcjqkss7y,45,52201,7586,14.53,2999,56029,94.65
pool190a9js7lk9lvmrngre7w268z9tz9xs9yz77audvw8ag4jerfdhx,73,2259679,326957,14.47,2019832,2786695,27.52
pool1qqqqvmpm9v2l0tkwx4dpzth3g85lapxjug2j6sucnphyqlt4fuu,73,182123,26219,14.40,113090,197015,42.60
pool188837cdkhad7w2dwk2arsldyre3tcva8aardadf4ekc0j56267t,73,3246,466,14.36,815,3815,78.64
pool1ytyw34lckr8k9dhn59h287wqry5lk6waqtfhxe6v94v4gsaa7vx,73,511927,73472,14.35,381452,1055883,63.87
pool162343gl83jtrskacz2cex7szf4yd5t77f5nd0e65fg78ztppuj9,73,314390,44824,14.26,184044,364661,49.53
pool1w7c2j0px43jmudhf48ezp7dy8j7904c9l3wc7809lhh2z026hch,73,65131397,9284654,14.26,50688794,76583795,33.81
pool1jsxk3ymqv2gdc6mhqk52544g2aun4zhq5wgx6n32l5s3jlne70n,73,2378321,337471,14.19,1259263,2612284,51.79
pool1e2tl2w0x4puw0f7c04mznq4qz6kxjkwhvuvusgf2fgu7q4d6ghv,73,1359021,192441,14.16,1039334,1942721,46.50
pool1q0a7a94cfk4ph7gugj636tsuhhd98l2sfjv2adhaff2mvs7kmtl,73,7458816,1054709,14.14,5696451,8429847,32.43
pool1f297l6rl99h5v56x48j4pgza70ya3lm37yzu0njpcnsljqdd4dl,73,227717,32168,14.13,200460,332157,39.65
pool1tpy5yawzpetcverves0h6xdycxgrstehfvrkygydt9jcqxwpw3j,73,24042929,3395149,14.12,17660688,27784510,36.44
pool1t4zp4wlastva63rqk99k7578e2h3znqdk2arhzuegz6kgj0duc8,73,86730,12236,14.11,79743,148729,46.38
pool14z3hap9tf6gt4gk8u84kcwm3s0etcgha26sn8t8wmvcruk0kvgj,14,421248,59439,14.11,373687,618385,39.57
pool12584mjtgz3fhgpx823qht56gycnfnezg6aqqthazv4qdxkd5c46,73,881745,123945,14.06,680022,1026771,33.77
pool1j742gcsul7u8c05rsqmkgpkvj5qadj0pew69nctu6crqy9wjjn4,73,1496427,210410,14.06,956642,1954210,51.05
pool1y6gnk7t3n6rvpr67f68mehxgqs5x24n0esz9l5j7m4aqzn4e0qw,59,51248444,7194242,14.04,8,62072330,100.00
pool125kh7e0y9lwya4sz5etmsk7hvga9jtfpuhw00vz9zvk6sh8xh5r,73,9178517,1286763,14.02,6423892,10338530,37.86
pool1lugxr82p89qm35spzwccle405t5dfdznhrasyrtr2cyv2vyfud6,73,929746,130321,14.02,853699,1255922,32.03
pool126mkma8nv5axltmz7mmg8qz9e70nmhnf58hwx5772fhwgkhk6ag,73,21281048,2984179,14.02,18569687,25454632,27.05
pool178jmsy6t03udg2urvckseyync6y2jkq26haj7vxtwszc7ycq5ws,73,3936,551,14.01,3103,4324,28.25
pool1wdujj7tmux5nuwnpeksgncendr3mj8ecsjcddpzx9gewc3flp4r,73,48397929,6712946,13.87,20708599,50010742,58.59
pool15auyy282239uj3z4uah4y74wu5exdy5lpwegj6yn5pzy7g4rv3r,31,4759,660,13.86,3927,5576,29.57
pool1l8pvaam6f2wj2ank46uywp32wwapqga8e8utve3mgzzuxksc3tq,73,398963,55212,13.84,333492,448434,25.63
pool13nn6lk6dx5ww95h5qqeeazyp074j7en8e6qszq62rtj9wcx522z,71,921509,127497,13.84,0,1010058,100.00
pool1pkqtms0pzd2x8phsrxn9kk5gmy4gn79edg9hhldykjd0guv0av9,73,863,119,13.83,577,948,39.12
pool1my7sevxtc4dfvj626q0ujqqukntfa2v0uuydq6wd8x8hvml03rn,73,163290,22563,13.82,136575,191368,28.63
pool1sj3gnahsms73uxxu43rgwczdw596en7dtsfcqf6297vzgcedquv,73,311604,43036,13.81,222277,383277,42.01
pool1j8355yxxpfuhqyda4lrj8c9cdghaang3wvwge8jq8nlxurvfqv7,73,809017,111549,13.79,710020,1047705,32.23
pool1fhrhklkcqy5mlygak5hszc3phplq7qq5a6wn30hjrv4e6ydrl9g,55,5433,745,13.71,1804,6935,73.98
pool1rj6apcqxcvavaxp22f75zs9upphena7ntsnut2efvq98g4404up,73,2032045,277974,13.68,1691715,2404994,29.66
pool1ases3nklh6gyjf74r7dqm89exjfd520z9cefqru959wcccmrdlk,73,43283603,5916259,13.67,37814701,58832492,35.72
pool1xj5f7a79lnc9v0gjn00fkf2lyzexngka59tpcew5rrkyqveagpt,73,608222,82491,13.56,548084,853181,35.76
pool10rdglgh4pzvkf936p2m669qzarr9dusrhmmz9nultm3uvq4eh5k,73,65516483,8849232,13.51,50135875,77533594,35.34
pool1gpzkwf3ntp7ky6yvyky8q6qu4dyup5y6v4pxzn56yut8sqp6k53,57,63203181,8518287,13.48,19810,64348397,99.97
pool155efqn9xpcf73pphkk88cmlkdwx4ulkg606tne970qswczg3asc,57,63203876,8519399,13.48,12271,64349250,99.98
pool1nee5kmpzv0qfz7lu258fe9ylgxh68lsqqdmjgw7jnheej3usn35,57,63201623,8518687,13.48,15279,64343867,99.98
pool1w8ham64lthvzzxzn5hknq4yrj8xt2nark409s2xmntlwvt4ag3r,73,30731863,4136174,13.46,25471874,37895724,32.78
pool1xa7zku52cj6aagevv5z685jm2ljhpqsekrrcrulpmkqrknnt2kz,73,1162,157,13.46,1060,1399,24.21
pool1kchver88u3kygsak8wgll7htr8uxn5v35lfrsyy842nkscrzyvj,43,710559,95526,13.44,593859,922059,35.59
pool180fejev4xgwe2y53ky0pxvgxr3wcvkweu6feq5mdljfzcsmtg6u,73,1591500,213495,13.41,1161681,2033329,42.87
pool1q5q3rld4nll02w8sqhf9582jcf22t99yt27z0pqksvpnv4rdra9,59,50037615,6701576,13.39,8,52749880,100.00
pool1ywwtv7clgpjs88ysgpcntc6gemlrsy4037eulquswmtlv55cuzx,73,498164,66701,13.39,418172,640734,34.74
pool104re5tajgh4mpp7c744khap56lf609cfjlna5ysjkum8qn8fel9,43,1033980,137986,13.35,156984,1081749,85.49
pool1mscll7kd2y9c56kv7thv7kv99wjvrr72uwpmuhphaltjz0pkuqa,73,1328819,177302,13.34,1214638,2349091,48.29
pool1lp9wmr8dkcceta5we999nvlfh9um06cd6sggtt5523eawf7mtg4,73,15559006,2067210,13.29,11676976,18012447,35.17
pool1r8938r4ts8f4t8nsp9xl9dktzapt7f67jgpsp4wrju39xrdnaye,73,3310412,439084,13.26,2548686,3676247,30.67
pool13lz5g3f0kef09j5jvlw4t0dq7ejugl5q8sh0r8yyaxhdu04z560,73,4925,650,13.20,4074,5434,25.03
pool1qgmwcxs8d8qmr0vtvsqd9u8gugrventh5dcqukmu79e2sgfuu8t,73,10095829,1329264,13.17,8468039,12035303,29.64
pool1ng3vqzrhn3z45yjdscv3q37n26g2pj3vp99rfkgv6225y8lqg8j,73,46130328,6069535,13.16,34144096,52135310,34.51
pool1ey0gxeyesszrsshc6zjlzamr7z0f2d29e3ut0ppg4j4gxduyn5r,73,255829,33451,13.08,221668,308187,28.07
pool1druxd2syfrvqvepxh60fz0qhralcesruphh5atujuh0jktjy0ma,73,3687034,482286,13.08,3295259,4715839,30.12
pool10ww24pk8znf747x6d0wcueajegrjwzpv8x9a4aar4t05s7uzf76,73,2603,340,13.06,2453,3364,27.07
pool1s0cfkzheywsftgwp0yz7sq4rt5gyf7t5kfwj5a269kpxvndjn6q,73,15928050,2078037,13.05,13012569,23642441,44.96
pool1qn77pnnf6cf22qjjfd2kadudmdc77rw0uxked3m2arnn2ea2f9v,73,257875,33639,13.04,205770,314911,34.66
pool1qku2yhky7sv4dfjfv42uyvauhehuqevk25aw952d7ulzqzx3jcu,73,16306074,2116573,12.98,13522583,19465372,30.53
pool1qfxukshs4fkcrflzdnxa2fdza5lfvew3y6echg8ckaa4q8m5hyf,73,49766748,6456383,12.97,42538221,59396131,28.38
pool1lskcfz80qg2kr2p6776kl9emjn8ulkqsqse7um7skz4y2lwa0cu,73,24928449,3230443,12.96,21205298,30330320,30.09
pool1lurfk0k0wwx54hlg8a7zp3jtstu57u59aeq7aketl55hknmmtu0,73,29436990,3809582,12.94,21496212,36362847,40.88
pool1q0jmr57udknpq8k5qtgt5vgdjq9pzrzevf68966wxn8zgz7qy3w,73,3242261,419386,12.93,2836028,4232476,32.99
pool1wx9rs2z0nuzds7aj9dvptwcruxputh3dvvfcavnwr6hkjvly20w,73,680,87,12.87,542,735,26.19
pool1ppznyu6qrvlw9uuqa3tslryjd40nh56jyvmaqw6kdf4kzq3y8kh,73,33370065,4285433,12.84,26347860,39828028,33.85
pool15wwz2tj30xjerxstwjezhlp8nqqu8jyvxp0h6dj4kzdq6cgv3gv,73,13865,1780,12.84,12814,19839,35.41
pool165zu45p489lpuypt4fsuc5g8l9g9ha4dddlls84jlsp3k4vsw9p,73,3421437,438466,12.82,3182123,4285304,25.74
pool1jp67hct7n86tdkr7qxrfh3q0xl973rl6986aawxkrqz6wq4ymc9,73,160316,20510,12.79,127796,216874,41.07
pool1t2zc29vmryg0z72jp3vh04awlxlrqf88jc3zfx7wm8dwjuhgch9,73,567,72,12.71,530,708,25.03
pool16rahfu936wdfq34wf6t8rqxvdjxayra5f7y80xq0udnqglrqel9,73,8730478,1105491,12.66,7950683,13103948,39.33
pool1h59405hmvnxz2kyjpll3f65lnqhm7we3u96cws9vzzxzzws9gjc,73,6574440,831578,12.65,4335918,7560712,42.65
pool1gecx8vya3f8lyre2gn9w53547p0rhkmq0x78zrw956lkcvn8uyp,73,25513244,3221034,12.62,13997751,33860711,58.66
pool15k0zeppza4qzgf6z7wmwsgvl5rz9f6489zxhrxqa8dj6jzju6ct,73,6814291,859928,12.62,4993190,9223604,45.87
pool16r6g7plyuh4cqs9f3qy97l4rh5edwx3w9xvd205mhj2e58cpp28,73,25522180,3214484,12.59,13964622,33904124,58.81
pool1vnsfv2qpt5gxte9prupjey8kw7ap7t6c8lc02ks4s3gtqplhgd3,73,10371239,1302991,12.56,9265515,12445346,25.55
pool1hfzfx33ffjcma9xautgrg4ka0u32s062mmu8gw6fmf2zxftmp66,73,82204,10224,12.44,74442,117285,36.53
pool1n2yp66zk6m33sg8k20hsvmk9tw7xeeswzdcfxhnx9hm9jkxv5k4,73,3850892,475729,12.35,3308217,4608488,28.21
pool1akt37u42nfegyf3atv6c3c64da7dwa9grt9kjxa8zwj9qr4y8u2,73,29671,3662,12.34,26596,36966,28.05
pool1xn63858ej0gcs4tkjm2e3a2fgjrecfxtvzq3465ypl8ywkx7gcv,39,1616685,198292,12.27,1326913,1838053,27.81
pool1dww6s8stvm7dl2n8740s3v5rnxmsuqcl8jcnu64g7cds5w29pft,73,2247308,275317,12.25,2005922,2639221,24.00
pool1w404pkpkkw067ju4gjnyjdmqfex6wn92vrffhy9txhw5kxzupk5,73,1293,158,12.21,1231,1709,28.01
pool13hxlxd6qa68fmfhrvvmasa0mjg30tj9p5v2lmgmgsmrp2rgzkfp,73,61031277,7425831,12.17,44495038,70515800,36.90
pool1c60f68y8406zjmacluvcu8c0krgngp6h2qkkqhdz4mtl62ns0dq,70,11953113,1450800,12.14,1098,12399097,99.99
pool1xk0nt3wmlyfp0pycsd2hwyz5l6uusttp68etzgnvaf2ysc4f3hx,47,221221,26610,12.03,45858,236519,80.61
pool1cxjqg6nn588ura2rx4uptwprgzw82j89j2gjguwhtun4ypw2sh4,73,73739358,8813317,11.95,0,76363441,100.00
pool1ntlyr9hrrdg3gpdkmr267hq46ys2rlj5y25dzx3reuecgd7p5sh,73,73686475,8805482,11.95,55,76366840,100.00
pool1kphkk90f2mculhcndpdd3a7ukvptzqrgyr9jtuvw6c5z2dptuph,73,73710638,8811096,11.95,65,76358508,100.00
pool17s3mr9c4ejjfq20dz0ls9ggskc770kt267s9xmw93payzdswwgg,73,66751137,7935398,11.89,52039220,76227440,31.73
pool1h40xjqda9wmw9cff5jss3ww9npujkhlvg6xjy9l5ujsu5rqlw28,73,200428,23814,11.88,166016,248972,33.32
pool1zytydvyy3qztrs8l2xyggvkfcjctp23m2hc3aj7sudnzgny79cg,73,10730020,1274496,11.88,9116615,16155822,43.57
pool1fmgus36uc0jf0wlspfvzwfn04mz34kwrensmqgfzkv7t58dejw4,73,4114919,488422,11.87,3038854,4691711,35.23
pool1y4yyg9zq2000akup68w68r0m42td2h2h5cz282ua4u985nzszkv,73,98701,11710,11.86,18,100080,99.98
pool10efuydxjnasr0309lqklmj9xahupdnzqd59r5dqjeh4twz06tr0,73,8974421,1062941,11.84,7462894,10412258,28.33
pool1lg4pepngyq03jdkskr3689pv4a4djra9q8nkzu6hwtzezwanhyn,73,10992,1298,11.81,10477,14667,28.57
pool1gplusrfxc087ep94rata3m02qpyqa6a6g4wezxf4fwwnczzyg3l,73,21672,2553,11.78,19916,29264,31.95
pool1ua0lx5ap5tj9f5l7tyjflp766ca5yu93djh5hqvm4e0kjgw5k7v,73,6142523,719485,11.71,3454940,6829421,49.41
pool1zdtqtsu3l3ytatzyvrq48d4mpnll9c5evwfq6taxkmn9vvdz839,73,13423523,1566651,11.67,12097915,18485328,34.55
pool1l2eyll8qvywzjrssyyw2cqymzdn2u88vujsu2lg3ph06zem2ykv,65,43880,5106,11.64,4046,46861,91.37
pool1qzz0flh92qkg0mjufaw9j2zk72lmvf5n2kuaslk4f8j4ze362w4,73,335497,38995,11.62,289229,382272,24.34
pool1van29pcguetr6gwnyfwd2g4f68rt3vkgtvu9wjdj0xwpylngsdk,73,109,13,11.62,107,215,50.17
pool19asxjgd6ah9ddzauwede4wpt9vsp6s4ax5nz297wt47evc9sn7z,73,33352501,3873478,11.61,30740238,47253084,34.95
pool17xh922cr9skc0fqk7sr8at6xx6eluh5qyv9p7ca2x0mtc3st0mz,73,1362503,157809,11.58,1040039,1662470,37.44
pool1kxtzkv3ylyc48hgjqkwe93q2vkx67vgzag9tvqfalhwsjs43w9u,73,309938,35756,11.54,256818,401513,36.04
pool12r08n33avu33ncstukwxyr440mgaazmuclay38v0yt34xytu2dq,73,362149,41514,11.46,284352,409712,30.60
pool1nchr83fc0hrykvhlnh64n3wlt5vkdu727xjep59znrwzs589jdd,73,846516,96885,11.45,780524,1011923,22.87
pool1ppqdq5yfkkllrcj0u47pakg9e4ha568pz3a9kkrr6w2kyw8gxv7,73,9344267,1063603,11.38,8387595,10925145,23.23
pool1mcvq2z34f9cfdmkd97famsh20ekqtndw246ny5e8ug3mxfdf4zq,73,2115939,240501,11.37,1815293,2486190,26.98
pool1jufp9k6gmyusvch65ra8yk2s7wu6cx5fsgnltl83p93ejg6h3xg,73,17474229,1984939,11.36,14063567,19523808,27.97
pool1853ffwhtuka742fq4av7s3ssdpvzhdkpw53th3es36zkwrllj9g,73,8325012,942605,11.32,6684513,9301479,28.13
pool1pk7cjkcdsawxf25dwml0ely8vhjx7wp7nqans3jwatanceyqae0,44,2949690,333147,11.29,1232936,3114596,60.41
pool1gntlh2yq89tpsd7kgaeuremj3s60rscqahyl52qzv0x87mt22rq,73,4290383,482567,11.25,3108367,5153890,39.69
pool1wz27a9pvd2jat98s375lxaaj7qxy405km4vzp83wn5vtwp59kvh,73,6487110,730109,11.25,5637281,7468647,24.52
pool19at4pzt6ghethuls7ehr0v5x65cg7mj0zun79eenefa074yfcz8,73,105615,11881,11.25,100007,197166,49.28
pool1q6lzp5x6tqg04chsxakupgq6x829nsx2dk5w8h043fnajm8d3uj,73,159020,17822,11.21,136750,189593,27.87
pool19zkd9hmkgdjmx2xr0psuat88uuw25wsrktr2qe69v2uzqldfnmj,73,29854725,3338073,11.18,26138821,37614195,30.51
pool1qvkdjemewy8phhrkdhscjcnh3947f5ae42rdfjkv6gkgkjtlfsg,73,16333394,1826336,11.18,14682297,18625181,21.17
pool10mf43thtl3keag50mrlvqa78xkwg7harmu4w5yzr3k7jvw0ap43,73,2976928,331894,11.15,2624840,3695366,28.97
pool16pv24th2tzy8k70vk4ms35tff0fjxfm2dd2psk7cvs27wnjvlgh,73,43194449,4807126,11.13,39007900,55412246,29.60
pool1tlgwdlde3v5aq3vlm7pk8l37tydmjjhucsf0g84xwjtwvwfsmhm,73,270,30,11.13,255,328,22.46
pool1ea34czsr90yc63fmv4gj4tetp7ds7c4jhpj6vqg4yw40wvygdl3,73,7015039,769955,10.98,5708803,8828638,35.34
pool187k9uqvh2dacad2qyfyex7ct8q0jxepk45026s9h7mkxx9pn7at,73,2369,260,10.98,2339,4562,48.74
pool15hx9hze8ulcsw6e7ceelz2pem2g3u9c29wqe4eszkhspj3wcdlx,73,316349,34351,10.86,276153,363836,24.10
pool1yd67lvc04eztwrpnefqh3g4dsydmezwgrg6ce4km728v6sg8zwf,73,1706007,184963,10.84,1495145,2128154,29.74
pool1g8y2gz4sk7xhyaj469jlj3njyu5dlvqa7t7v9c2gk0yc69879z8,73,9346186,1012452,10.83,7774629,11249874,30.89
pool1xtrwqwu6jn896szjwsyxxjczl6hc9sq4lh5ax68f7dt3gc0y9rx,73,3766197,407752,10.83,3216981,4382209,26.59
pool13qppafmw3vq5rl4ewmxv7zy84x3rshx9sdczs0zq40cxu0dqkrg,73,16440,1774,10.79,10711,20421,47.55
pool1uq8l234306m76unyz8kuwnkvmtvazaks6vuvyx3a3khngavvcw0,73,5886051,634111,10.77,5063747,6742659,24.90
pool156wg3relgtlhwu55z3wpqurtaprguefe9tzrakhuqyyc60553au,73,1240032,133422,10.76,1119001,1424496,21.45
pool1gnnwyf9vwcgtm3us0w0duuy43r9k7yhnchvyx0xqv9766ysw2a9,73,5631115,606116,10.76,4600413,7328488,37.23
pool1q5h54ekx7wwqpfz78y8dppyl6uv7rpyvvr8nhf4es434un4mpx3,73,3790,408,10.76,3629,4878,25.60
pool1syt2h0690xyjhkr5mntv868xgl82m407e83e4sznaucpkr0lg85,73,441,47,10.76,426,586,27.33
pool15ty42f8jmnd5y3ys5km3y66cy6emnqfx6yfwsm6ral0zwrs3ktj,13,253730,27246,10.74,229342,282488,18.81
pool15zrkyr0f80hxlt4scv72tej8l8zwrcphmrega9wutqchjekceal,73,31141564,3332660,10.70,27782153,39258443,29.23
pool1ell3xjtspzzz4vtsatscan6rheltf7j3hh2s8qsam2h3jvcxzm9,73,56544286,6039117,10.68,42501580,64128597,33.72
pool12yscr8j3zs34ewxrwlk0p2w5uvgcnrzywpp78ddjsj8kxd530f9,73,1132854,120485,10.64,981864,1377320,28.71
pool1n7s5kpymwd0zsld8q23tpf7z5esjaqwmnnzzssee5630zpx5ww0,73,2182767,230086,10.54,1641881,2433939,32.54
pool1m3gg43uhtetn4hmw79u8836dyq8qe4cex8qnn6mks5egza7n6tp,73,2171979,228827,10.54,1908699,2736239,30.24
pool1sru6yhj5q0zvfyyuappgrvssxzjumjsd3ekyeslhvwmv6hmmxzn,73,140853,14837,10.53,126383,165628,23.69
pool1v3k049f5aypn325f3rvn79765cuvqrvlhmqyzj835frn6ya03qp,10,419931,44234,10.53,326341,463617,29.61
pool1l6aeyn35nkqkn9lqqlwqnpraakdzuukjrqprcrj3sctk6hhe32k,73,28184158,2964754,10.52,24832932,35029717,29.11
pool15jghwj2w3ag0yxh45w0a8d2aexlrhp3ce3gefm4ap07ssehz8qj,73,200,21,10.49,198,377,47.58
pool1hfn7yuwfyhmmqe4qpaxfewuly7cnemc6kqkv5npytj9vcrskh6j,73,2803358,293728,10.48,2210082,3108956,28.91
pool1xru6f3fflzwkptgm68pncrsncg9ngllv0jk8jnz40m7wusfhazk,73,24049466,2510841,10.44,20440668,27519130,25.72
pool1gduk8s5stt3uej5nl9vs7marx8jjyeadwz3505gzvuqey2lch35,73,2739,285,10.42,2482,3069,19.11
pool1cunvnkjkzh2lna593sjmkylcr3r5rmxdpr8r9u6pfuer72p24x4,73,65199735,6770018,10.38,54184750,80045682,32.31
pool1vc8jhqtwjrjwsfk6a0enx47hd2ufg98c34ta6lvl0zv0uhpech9,73,1406250,145205,10.33,1239818,1631873,24.02
pool1cc76kmtcpf6vht32ya5ke9er74dnpy4jh5qpy4klqwp87ygdsu6,73,8447485,871896,10.32,7579147,10423758,27.29
pool1zz7x8ergn02chznayj9fjds2gk5q6prmpdr49faspd65kzqsrjs,73,67782595,6985558,10.31,49234480,76169961,35.36
pool18gk8kvd9qf829nldqus92q9y640e6u0jdyfz04mmktwxvglgt06,73,67319923,6932883,10.30,50028536,70105877,28.64
pool1d0vm9y545l3y2g9pamx45k4e498nllhd8wy4289vw8mt70am2r8,73,170307,17525,10.29,154284,196285,21.40
pool1qzlw76zztkg02rywyypyw6s0gtkg2zpkaxhl6cq7eauqg8h9659,73,3414389,351362,10.29,3079072,4295871,28.32
pool17cacd3k230r83pw5xny6d493t9wn5ww730m6wayuqsrhqwzyecv,73,2405,247,10.26,1923,2530,23.98
pool1ccr56kt2f5tzjvztlkf8zhkpvaawkduwfye8ydsk646lz0m4h5x,66,1388210,141884,10.22,1155375,1574620,26.63
pool1uyvyxt9k9g038h567x8halej4x87j7m4r4zyz9lhv4dcv83husk,73,16853023,1723089,10.22,14286821,19571083,27.00
pool13846y7q7tng3endxhet9qdcz5w0fjs09ytcye4dm5g54wmyqeqr,73,28131550,2857908,10.16,22750817,31821921,28.51
pool1wf7wk3802jxtkmek6uprm77cgqx53t4qep9kwkl078w3yw0ff69,73,20640797,2091087,10.13,18037085,24960306,27.74
pool1h0jfkyfqt729vxhq8ndxffcqn2afjhzzlwqecrvsufgu5sag0sj,73,109754,11107,10.12,100248,123491,18.82
pool13t8yafhx3mfnxs8nnkvgqnm9v5gspk7cdjc5dmpzpt0a6h294yn,73,30990762,3127630,10.09,23491175,35604933,34.02
pool16cdtqyk0fvxzfkhjg3esjcuty4tnlpds5lj0lkmqmwdjyzaj7p8,73,921659,92982,10.09,801118,1035216,22.61
pool1ljywsch33t7gaf02aeeqkqpuku0ngpwl9fm04t7u5sl5xyunmgp,73,20282716,2043381,10.07,18560976,27383551,32.22
pool13p725l7vqedxvkrstaq7myguewcktjglapwls3re7wakxdv90fw,73,113065,11384,10.07,101619,126466,19.65
pool1eq96x3rdmq0dxdyx0wwwy064p2jzrlg6dp37r5uwhehnja29fxq,73,211,21,10.02,203,329,38.28
pool1qqqqdktl6pq46td0mwut0qn30g7nlue0sete9wxl0hwsq37wrw8,73,61840371,6188062,10.01,51258893,69951035,26.72
pool1pf6yhzdr9vpct5rc3dtwersl4lyuglp80l4jc67kf2qj29xjg2u,73,1893133,189293,10.00,1692232,2873496,41.11
pool1yc6f3cqsc7jfh07hcns64v5cp8720mve870pgxf2wkr3u8l7tse,73,29311816,2925741,9.98,25895165,33745031,23.26
pool1j6dh3ynys827j38976q0q3s3c9hpzgx40kjcq4472h6m7d3t0hm,73,4090405,407911,9.97,3035787,4385523,30.78
pool1cp4q7w2jvlthul9mlskj6xutx9rdr7n4vruqqe09pfg5ywmzdzq,73,31038163,3088016,9.95,25310310,35650528,29.00
pool1k9xjmvud972vng83669mkveaedteaprnfflqv047y66ugtqjyyq,73,3301,328,9.94,3137,4433,29.24
pool14wfydr6sewgx0qw39ccv53dysgg9m4u2763ngcyuyuxrxdfhq3e,73,2990,296,9.89,2894,3892,25.64
pool1grhujlggx90ln0jcnrey4adckysxdx6rqfmx9s6fnhtc2g0qym0,73,147862,14591,9.87,104121,159117,34.56
pool1dwthjmzrkm5q42yqa3x50jaye6pg57n7t569c44an6hzsg8qake,73,58298,5757,9.87,50589,68991,26.67
pool1ek9pyk0xwjelrw7uqktvjwqj8wlcqqftjxqeq3t2vffw7qm8efs,73,31042740,3056535,9.85,23756200,35640764,33.35
pool15wj590e6gsmpmttrxjd0emck09a0h9tazd2ww77q6duyvg8lyum,73,2928939,288591,9.85,2532223,3439837,26.39
pool1fftlhn68f3lejs2u39pcd5q33zgwnlumrp20dr6cqqkxwyuft2r,73,17782,1749,9.84,16032,19729,18.74
pool17edtg9kt83mpguyh87u6ju2fkgjta4jjmmyzj9n8tsf4uwalg7h,73,127,12,9.81,119,147,18.85
pool1fm57fshvdlrgs5pnpk78tnxha0me28equyy96vj0xm85gy5chv0,73,19605028,1921923,9.80,14061034,21510925,34.63
pool1g4th3pqfzh4zajzrhlh8y6wpuztrkzxwt5wd7q578894j06gwfc,73,3802889,371931,9.78,3434220,4303799,20.20
pool14pxhk34wlpu2azrnwy9ah8hrzxgffhqthcxcp620209eupfjfcn,73,4416,431,9.76,4365,8048,45.76
pool1p8fhygz7ga9hghhwmkr64p3ftn77lxu9nyddvsqszattcdyajc0,73,9375114,914049,9.75,8120464,10685154,24.00
pool1a8n7f97dmgtgrnl53exccknjdchqxrr9508hlxlgqp6xvjmzhej,73,57848668,5628194,9.73,48048320,67049562,28.34
pool1ua5exfeju4jc95yy595cykjh4x46998g8hrrvw2v5h9k7987a44,73,31129296,3027912,9.73,26636915,35776350,25.55
pool157dwm0l9jf2h59me75slfww8dylcnumdgjvhpsyhfmlry4cn44a,73,842010,81738,9.71,709574,984150,27.90
pool1fd8qnudvhz2hanlccdsfrwdxmmwwfryalrmy6a6y62cgqfx3ujz,73,392696,38091,9.70,371324,521430,28.79
pool1fs2m5rmlx66crcwwrrsf2pcxjhvk7kzdurcqusd3v5gm65cufnj,73,14024198,1359727,9.70,12257073,21355710,42.61
pool15r7xg0vrrv2yu8wj3866eap8ftkuxvdk5rjz2lh4xajjq5v3p5d,73,9527231,918855,9.64,8168680,10917829,25.18
pool1qqqq58jy30weq2an3px3maljdmawcwh6ml4hr8m9euq9z2n7wyz,73,724630,69847,9.64,693019,910637,23.90
pool1qq76dtlr0m9g6xlvngzq550j86cgtslphyjffz3pgpn7wazatdc,73,292990,28201,9.63,234031,328698,28.80
pool1n5shd9xdt4s2gm27fxcnuejaqhhmpepn6chw2c82kqnuzdtpsem,73,772480,73686,9.54,178952,820381,78.19
pool1gtphgrdj8sluxm9e7ca2spcwcq2p0dxj9zf5v0yv3gsagzq704n,73,64951494,6191542,9.53,54796299,75074516,27.01
pool1qzlwlyu92fsx94qu6u5nw3sy334f5yat3dv3jgx0grrsv0kp422,73,5312044,506278,9.53,4552736,5875124,22.51
pool1859zslu3scj23wxcamw0slkhn80waxwkdl4k8k0asyw7sfa8dv5,73,31086473,2959452,9.52,26458609,35579368,25.63
pool1ynxx88cq0y8vg8yrq3jrw6epm7rq9a8859v34sq9lzjy7ztg90u,73,41658666,3967615,9.52,36382595,48655733,25.22
pool1psk0c2p7pwactw00nkzjexdw0msn7g8nddc06eyvds6yswr3tjg,73,24754247,2350596,9.50,21680412,28117921,22.89
pool15z87p296y3m7eq8pwuu8qs6h2v4d2ctnx3yd2vqpl6txkkdvl5h,73,7829957,741282,9.47,5575711,8936230,37.61
pool1k0ucs0fau2vhr3p7qh7mnpfgrllwwda7petxjz2gzzaxkyp8f88,73,67196652,6358641,9.46,57199515,75591645,24.33
pool1m3h5p82m6v99nda37rmed8vrkqt43e2a8d89k76gw5ets0gdyag,73,3325603,314094,9.44,2814200,4540632,38.02
pool192pfftt48zc4x5aellvpufk6l6zxllpldw0rx82vrhqrqfhhqs2,73,65774443,6196109,9.42,56073381,92433779,39.34
pool19ygh8apuc2qz0u9kr4wj9qj33xhw70n7z286xll0g6ltgccuq42,73,1161151,109322,9.41,902261,1217120,25.87
pool1mg37s4w4uzsmw27nsnz2mwfll8sdawngvy3n657t7nd0yjcd77e,73,4978171,468648,9.41,4159875,5741712,27.55
pool1w50f20mpxwtal3plsqmgrx2xxlg84hn7ep0fhlcajkhu77k8tfp,73,1230,115,9.38,754,1258,40.04
pool1k2224hj6uhdgkflj6ncqvmfhqvhlhj0t8crhqux5mphwwumupec,73,31177188,2921625,9.37,26460943,35608181,25.69
pool1c86ul4pnqvu7jzag8fjdy6dgrn6pt4ad4vmyq038hyg0wl2kaed,73,10220856,956687,9.36,8679124,11785515,26.36
pool1jldj0znj8rltkuj4sumqq5z6p8sdt3yk4qde90q42daru5kgfl6,73,30648922,2868884,9.36,25960662,35067653,25.97
pool1xs34q2z06a46nk7hl48d27dj5gzc6hh9trugw2ehs9ajsevqffx,73,67435565,6312033,9.36,49215318,75620245,34.92
pool1zgjk3dzwcwd02juqntuzknr368hvxjxy8l8uzkxvgu4252d7ekf,73,67297419,6291343,9.35,55141811,72921993,24.38
pool13z9mfsve9w39sl5akgz58yewad9daycxn8ja426ytdxey47yatu,73,31195033,2911658,9.33,26570441,35653716,25.48
pool195gdnmj6smzuakm4etxsxw3fgh8asqc4awtcskpyfnkpcvh2v8t,73,40461905,3760948,9.30,34720653,45806370,24.20
pool1uk2f28awascuhrhuwrp7x6y87x8ch33vwx8jtmrysp7l5ngq78j,73,15911822,1472593,9.25,14203490,18170228,21.83
pool1h0prd5vcdv6uk7hglztdcqfp5czjqxdydxkxkdhg8rrk22mr4ym,73,555707,51278,9.23,526672,699819,24.74
pool12z39rkzfylvn9wfe8j6x9ucq6g2l4mw4azj70y0gd8ejczznyj3,73,66174010,6093070,9.21,57328645,73601152,22.11
pool17ynruzy9lvq0x55ks22vtf4lrrdrw2ucydh4tfzhg9kkyeaw8nf,73,1616863,148682,9.20,1392353,1835455,24.14
pool1hnaps49hfe3uljp4cleu4amhes6wvatufyvgt2tjdtj3xjrgknk,73,30686294,2819442,9.19,26123130,35059386,25.49
pool128r8qqgl9zgy3ff4759a2qslyauu5takaec3nxx4a6mvj3ys8da,73,1656693,152021,9.18,1510672,2040575,25.97
pool1r9kse9x8ja0ajkyw8w96zw5c2aqeey6j85nmyqxhwt0rs090fu4,73,31320469,2871945,9.17,26582165,35710690,25.56
pool12a4mx8ztxg7dwatm6lmfm36q7eyygkt3y3h29tklvcp6vyxp0nt,73,15691,1436,9.15,14785,17936,17.57
pool1lvsa8e0dw6z8g2fkw7prnfa7627wuy5jjexaadck6w5sxw5xkvm,73,40800850,3709221,9.09,33822862,46252954,26.87
pool130c3kgpkjctag540j7sxqfrlhsmpc6d8u0n7j6crm9ayy75mkpt,73,19725835,1793481,9.09,17550418,21290009,17.57
pool1yv8lps0rx4xxppwpm0vea852wwu6lg78xh3qfss7dmftq2gqy3r,73,915,83,9.08,642,942,31.86
pool1hnukelq3ap6pj3wnetj448efj4nalngy756jln9zd2mjsp73etg,73,30600429,2777067,9.08,25648386,35579879,27.91
pool19n5ml38q5uedy8kgwwwtlsa3p9tmfcef0lfjp42k7j9d5mpgs2m,73,233143,21115,9.06,205353,273523,24.92
pool10fxpa6wkv0wc6wcmahcnz4wvvfx9m7547sevxrge3nfuv7yh8m0,73,5258245,475939,9.05,4628772,6062580,23.65
pool17qvfg2g843gw6lurru282kkex6vp3pyj6zwj99j4u6k7zvmva5a,73,7205794,651509,9.04,6145645,7751562,20.72
pool194usk2h8vcq6yw89xs5asrvw22g08kcfy72xyfrnnkg6qrhtlfw,73,191745,17314,9.03,167327,286796,41.66
pool1v3rzrj25ak30dhuyrupkxeddttetxzh4cz9ccpjlfxuh6d85d58,73,77323,6975,9.02,70263,88529,20.63
pool13mxx49xrq4hp6mca8qrzxxmjhfrts0ayh5n6ff9uyuusq9cx4d8,73,29289433,2629281,8.98,24952703,34891941,28.49
pool1y49e700dnx8lpvznmysgzw203mjq6l7um85ka4ys6x0zcwgs77w,73,5496972,493065,8.97,5109791,6438326,20.63
pool127gdv243hfcrapslaqq0nnh64u2gts72gtrt4888g6g2z0zsu64,73,1343013,120449,8.97,1153144,1481355,22.16
pool1qqqqpanw9zc0rzh0yp247nzf2s35uvnsm7aaesfl2nnejaev0uc,73,66634043,5926388,8.89,56519352,73640334,23.25
pool1w9yeaaadjz9563tf2h7katrlujvxnywda8el8z66h02ckccx95x,73,868438,76862,8.85,798819,1060083,24.65
pool1hdglvd3xn5m0glqx3l8cy73ajdlxzn7ztlvzwuythj95kwnmvwe,73,1065,94,8.84,998,1214,17.81
pool1j6490a90qefvsqxdurf99z9ld50rtthaz9ms6c8xh78s52veuq2,73,5179579,457270,8.83,4027717,5649389,28.71
pool1tnymyv08dl3k9wyfz040vq626542ztm60wwyu7szwl5l6x9h3vl,73,304827,26757,8.78,163983,350032,53.15
pool15pmdr6nw3g6mmt7regefp2lrx3njah0gpwsnqm794c4wsr23062,73,1005223,87833,8.74,932797,1239909,24.77
pool1dwvtdk76v5vg99d8h2a28h5f94hy2zwcxnj576g6w90ezapqjyn,73,14430,1260,8.73,12198,15796,22.78
pool1qakys0fxx5p2fxcnsc2tyjpqa88q7qgtdh5t3a32hplv6fg25r9,73,56387894,4921254,8.73,47105177,63652472,26.00
pool1t8tw057cgksma0f6pawcy7npnwfu0psx64jdr6sqhza55mdvkls,73,1868,163,8.73,1756,2400,26.82
pool1l6hkustv67tynh66w46mys94wsxhwddgp28k3r5twwlsv80uw0k,73,76620,6675,8.71,75219,108638,30.76
pool10qmnswfc22zm0fscg80gkwqz65ujwjkqmctv8g9l9l58wqtelgg,73,3188331,277064,8.69,2823603,3519994,19.78
pool104hlwrk98e6h07e05ywee3thn379ddmmfveje8d6cuvp54zcah6,73,2037701,176729,8.67,1497506,2144637,30.17
pool1aqg8vxzv75zhjzjjd9s20fu6r0xz70yl8lk3teacwy7qyc2p2j7,73,74242412,6419517,8.65,58575892,82934543,29.37
pool1fxmancs3dmc9l0s7u7zrj8334m9nvzam5t5hnuuf4c7cjr6867m,73,6348174,548785,8.64,5534194,7206693,23.21
pool1qvvn2l690zm3v2p0f3vd66ly6cfs2wjqx34zpqcx5pwsx3eprtp,73,21592394,1853322,8.58,18822835,25838667,27.15
pool1qzlw72zfwhhc0ptvzdpld06szu39x9mlm6782efy6sluz932fx6,73,4154216,355886,8.57,3619051,4631230,21.86
pool126ut5j5qz5wg09sjxrjugmjhqyslgam9cyj7a275y99l6n3gql0,73,5924,506,8.53,5517,6543,15.68
pool13q8kl9s0kufpl0vjmnrk2f2nz9nle3k9l3pnzh4negaf7kmd80p,73,1063,90,8.51,1034,1339,22.79
pool13fpvzhz7p0f4c960k44erfykflr7qdp86t6jnxlfamhqcmfha42,73,11798204,999975,8.48,10193215,14069794,27.55
pool12eht6dqxpzqj87xuextrpufz2gxmt4reuesuw26r2utzw0kw906,73,6616677,558206,8.44,5662608,7288616,22.31
pool15txd36fltfgc63qq0yxtpqt88eu76s0yhugn9a6q7f4zspq6k5f,73,15236011,1284647,8.43,12331584,17198965,28.30
pool1ekhy5xsgjaq38em75vevk8df0k0rljju77tljw288ys5kumqce5,73,2245098,189243,8.43,1930904,2513989,23.19
pool1lrnyqdlrj97d0ju5j6d9xa8prw0xeyumfd53rz5wk3gf7czqzjz,73,2405002,201063,8.36,2034901,2664506,23.63
pool1g0hsnjnt0du3kp33gjua3npncngr3yg4ak2zfdhd4zvmy6r8hyd,73,875773,72814,8.31,768490,942223,18.44
pool1rtnk3j8jv0wl0qz2j8xq4h5yeh0uvw3xj738fgl6wc4scxenkgz,73,75507,6265,8.30,67751,88126,23.12
pool1h5jtxde8j86qrnqzj32ugn480u7gw5xw8wqy5d227rl3vfg58qz,73,433968,35998,8.30,383991,518431,25.93
pool1q8a7ym63gurl72wr32je0tv0lp4p2uh8vzzc6rn6un7ryslvqmu,73,6433224,530951,8.25,5696609,7593245,24.98
pool1z2m3n779dyqjat2m8a5vl94nrl43xm2tlk8dtey6txggx0a6fyp,73,238117,19607,8.23,170253,265137,35.79
pool1et8qw5ejgl5qqq8v4gdfset78gjcphh88cc2xajykggau8vps0j,73,42737,3508,8.21,40350,51346,21.42
pool1ufp38a9zwlvvrzcyxaxdrvav50nd7az5lyuzh4t0h3qp2gqamsx,73,10542190,861663,8.17,8275524,12936903,36.03
pool1xmsdhync6k6grkkj7tuycskjpseykpr24luhlazl5nsngsy87gm,73,40376769,3294849,8.16,34907570,44913177,22.28
pool185ev4czpm5hc9xud25xlcz5lhpnl2jztqas6mgxujqke7j5mdzc,73,2521206,204926,8.13,2241727,2889819,22.43
pool1wpmjtfqcwvtcs9znpuulk99yk2zz6pfh0c4k9f2xlcspgqjndk2,73,55688166,4510257,8.10,45115476,60119203,24.96
pool1tnl3yxmj8848vq6meduhz9n5520a7dwsh05r5gfyvlatj87k3jl,73,103755,8341,8.04,100548,153059,34.31
pool1zj4h7kc6v53q9r8x3fwzfuayf2frwme8u5k86gu0uzeeuvqxgul,73,7931056,636660,8.03,6821006,9565537,28.69
pool1c3kxs76qj58284f923cx7ed8vw25en3nfghyurv0z9m2g3x9c4j,73,10041359,805999,8.03,8625075,11259015,23.39
pool1nzsjg3cuam3uj39qusn44cs2uj7h30lppqsrqsllwxs2c8fx4xs,73,580234,46408,8.00,516599,651068,20.65
pool1vquhv3kh6xkklckaenl8alyuhfsld57ef5573aqauueyqacx4ak,73,35706170,2853462,7.99,32976532,45071557,26.84
pool1qqvukkkfr3ux4qylfkrky23f6trl2l6xjluv36z90ax7gfa8yxt,73,24751310,1974131,7.98,22866293,29986367,23.74
pool170jjhp3s7gw23clx6yvfdfvv9t6egwazjhk3gy5y0xnq6y8mjjt,73,595,47,7.98,517,684,24.41
pool1lr5ku0p3jhykdf3a2kcr0tyra30qvzrtl02dr6uyv98rxdsy3k9,73,859589,68572,7.98,807505,1105200,26.94
pool1t74ckqauwmn9ef5ye0h7c5wsgfd36zx24ue9wvj4vj95cl54aff,73,21880,1732,7.91,21445,29976,28.46
pool1enul577he3e0s500lv8z98m6k936uecz2rpckxxmmk8c7k0n2rd,73,8167153,645070,7.90,7307859,9396900,22.23
pool1fa0ydxjq23eq3nucw6ek46dj8p6vxq4t32ex822jhwhx5fyvzze,73,895,71,7.88,604,912,33.76
pool1eucxv3gn8lk93fpud5d5n5e87nr0j2udvnjnm99q8eqrucmj25d,28,284897,22274,7.82,222033,294212,24.53
pool1ecvcst7k9eul4ggnljh0jw2s5nc2tyfmyzsx3xg3kmmz6ptgfwj,73,14818598,1159309,7.82,12911152,16503039,21.76
pool1wthsvhhxueqfd9eqjdj8pgyprhr4gptn5g63z9rdrtelcfumnvg,73,31043798,2427694,7.82,28925537,35055240,17.49
pool13ws3wf9skw0ngg3aze482tdxqsnfmvf4vgy46cux599mxm8n27g,73,1309757,101727,7.77,1191941,1442152,17.35
pool1gm4mcrf8mytfetsj6ykulrmv4j70y7fhceawgdg2h09t5rtt7cf,73,1987939,153602,7.73,1818233,2520543,27.86
pool1f3qeehc4htjqpwv248kf5lfaumd0e84jtze379ev3ywa2w69aam,73,131998,10198,7.73,112320,144219,22.12
pool1sjnh0ymk9fhhnusm7uksux5yhpfyhjfmseq5nuupsj6ezskc0pj,73,31690698,2432997,7.68,29577544,35728539,17.22
pool1cg559cdc25fkvs73umj6w5nxlwy3mpmj02xt7p4v69eqs5ncz9k,73,2428141,186303,7.67,2221505,3081916,27.92
pool1fuu0vcmzc28lqm09m4j3llg64ghf9j36tcsp9vcy3kpnz9pg9hn,73,18900892,1447190,7.66,6718214,19198470,65.01
pool1nqheyct9a0mxn80cwp9pd5guncfu3rzwqtmru0l94accz7gjcgl,73,70950424,5438078,7.66,61252076,76621504,20.06
pool1lav5pcqxrewgc03h7aky00tmuk4cawwluslkctgmwnczsgnmn9v,20,41606,3179,7.64,28100,42317,33.60
pool1lnk67xp7jsc2e3yyun3fpaqvkx0f3c8q0ml29ge85udeghn2gvn,73,5042311,383351,7.60,4133315,5329560,22.45
pool1fqwnqk3phwa2s5thgym8dw34pv0z67m526uqprnjh93cvzxymef,73,28318395,2143769,7.57,24183958,30842771,21.59
pool1g79uyzvt9mm3z7jdcxnp36n4egm4z6l8c6n9l2mk8ae2yf5zman,73,70481,5339,7.57,66046,77796,15.10
pool1arsqn9w87wpqlm0sre66gs79dcs0jmwulytgke3vut7u62lttu7,73,2557791,193545,7.57,2313955,3158057,26.73
pool1cdkv8070twtzhpeznc42wql8fre2edkc48watnuf2pmqcp93qjy,73,113973,8612,7.56,109411,130115,15.91
pool1yt868wrp9s2x5pehe96del9m3nwasme62yw02vww3kg6zwzspcz,73,12072309,911466,7.55,11051137,13771246,19.75
pool15lp37f7da0guj662jcxy0eyc49s5gxudcd93j8qz4nfcvuhrsf9,73,55062,4159,7.55,51169,59794,14.42
pool18cx6qhjeynrsd7pvcrv7e3y65ksyzguaep2427zumc8t2qzxvsk,73,38309,2893,7.55,35708,51372,30.49
pool1r2g9wv7jyt7haygrmrc2tst2m8m9ssrr3c690ffp49uhywhvmdl,73,3529930,266251,7.54,2972708,3740021,20.52
pool1eaeynp2hs06v4x8q65jfm2xqcd3dc80rv220gmxvwg8m5sd6e7a,73,21491816,1619857,7.54,17147628,23794256,27.93
pool1p5ja48uqc7pjnuqvwu7cgmspvx938qpnf4zqm0x2k0ngkh4lkjx,73,29385408,2210354,7.52,25590542,31897931,19.77
pool1jst7rrhucnp93hepezv5yqy6fx982xs2v0udwfc5ea6my3kfak7,73,37006808,2782131,7.52,33187077,41179080,19.41
pool1mn6relcs7dn2fqzfq5yjlwxa49d900p5sdpw62jlx45k2djgwe4,73,18104587,1359784,7.51,15973275,20271160,21.20
pool1k3mtxd2duy4848gx8knvlsas7w77f3k2cplwk6hjul72646fjte,73,13831,1038,7.50,12029,14420,16.58
pool1smfwu5w54mnxea6dg7gwmkk6df8jauuf4h2x0cqew3dk2lgln2t,73,346629,25958,7.49,316436,385879,18.00
pool17xextu09ghdfcmsq83whq0a45geg83jxe4qt94sevu087tzdzkl,73,12670620,945816,7.46,11199349,14095055,20.54
pool1tdvqgy6mq7lx7d345e276xmgmhh3s4zj8dzu6xzq5m7rx4tzkg2,73,61088443,4535432,7.42,51365397,65228535,21.25
pool1zgxvcqf0dvh0ze56ev2ayjvuex3zdd3hgxzdrcezkx497mv3l7s,73,65381585,4851524,7.42,58654747,72631813,19.24
pool1udt98825znk9uslz4v05gh5cd3s5e4g0cd9c4gzhcfpd2j2xm2u,73,101771,7554,7.42,90834,110261,17.62
pool1c38rf777lz0lweuz856xtetz2p2tfq04xfles089839tclt4dp3,73,27224,2021,7.42,24001,29002,17.24
pool1rjkalgw0mp4mh38yppx8mc9s0dyf23ktuqlzqpqld63uufvhudd,10,1033,76,7.37,1004,1250,19.67
pool1n6z7rf722heq35v2dxvstfwezgdt8cv0mftpv4r9jay3wjk2kkt,73,2407406,177293,7.36,1995340,2626005,24.02
pool13ehs4gzc9t6tjr5rpynqtyp8act4jfqth54huymasuslj05fu8z,73,7,1,7.35,7,8,17.94
pool1jwgt6tydz6f4kw7la2hxxqwzq0m8spj3reyju08nm07xjnlg3d0,73,389,28,7.32,381,493,22.69
pool1t8dkgz58qcqlak6nn5l5j4qqwvewwmjx85fxtsykk6w9j2e0ng2,73,347979,25352,7.29,323494,463714,30.24
pool1el5wl4twd389vnclz84wp4q5rh4cgvljnyk5uny6nta5qqf62ce,57,67916,4934,7.26,60139,73811,18.52
pool1u3p6z3r2g5s7mazc0wmx8v0cyjjasusght53zm4kj436vs3u2th,73,22901,1658,7.24,21250,24694,13.95
pool1sdvrd0sxh2mprqc3m9zmvrfccavzpz9r2uancg866hpec7nnt0s,73,1572926,113659,7.23,1478164,1908083,22.53
pool1m62sl6rauje9cknrkhwl39tc4hujudkd7gp478dpz7tagmjr8wm,73,19265980,1392174,7.23,16366335,21456010,23.72
pool1nz9h4raywm6mu2v8l7htuaqvmn06l3mepuaxynpzlwljsf8txhy,73,66257823,4785024,7.22,53605324,73540496,27.11
pool1qetkrhjs9fll3nthuxk6zp0ssanf3rszg5wh8x79mg67gsg7vjv,73,11486089,828106,7.21,10463944,12496749,16.27
pool1jpezycd8q3l6a255dv8wt7vpt4aay8llqakdn7vkum5swes4hu3,73,165851,11966,7.21,148885,178585,16.63
pool1ywpt43nttzjd7883wafg255mh0hmjypwe65ercw6p2sxg5lt7ez,73,36550489,2632446,7.20,32134841,42017964,23.52
pool1zkdaju2rjefa52uh6yh6etsxla0x6aqs6p6wm245y5szk7k3msd,73,1776414,127684,7.19,1607109,2042995,21.34
pool1lakvp73yzpuueyrhzr3sfyy0796gm53g95kapgnmsvv4k6apr5r,37,30872,2215,7.18,30508,43982,30.64
pool1uhy50u9y76nd6z2xmzt3mta0yc7g3gdssef8lheyyg7zzymgzm8,73,14729648,1057063,7.18,13191666,16094667,18.04
pool1eqj3dzpkcklc2r0v8pt8adrhrshq8m4zsev072ga7a52uj5wv5c,73,14680952,1054505,7.18,11805574,15867220,25.60
pool1hht4pctn70tqdsd0zwuxv8d8cz6l5scjzaquty7vamyzy78eqvc,73,18017864,1292810,7.18,16969960,21043573,19.36
pool1dcjycc5mvj9svh9ys482078mnqutu48k3zj7uqzswj7m54a7hzr,73,518212,37218,7.18,500435,618790,19.13
pool1d3gckjrphwytzw2uavgkxskwe08msumzsfj4lxnpcnpks3zjml3,73,29895857,2143571,7.17,26039198,33146028,21.44
pool1qqq9tqyj69j9kygpxza3h82ynh8d0xlueucnu2yqum8nse8hj7y,73,2339851,167746,7.17,2193869,2601843,15.68
pool1vqm5n5d503uumuc89s5y4wuczrwe3tlgylt2u2uj7y276avr5pl,73,1809355,129466,7.16,1649024,2039401,19.14
pool1df9rj4n0t3zlpak7xnh4ue6t3yh9zlw7a02w4l8askp77up25rt,73,3298003,235920,7.15,2850194,3615138,21.16
pool1d0ze7l6t8gjng564zsfyd7uw7snenpsjh9dacawdpr9g27djq8f,73,52673,3754,7.13,48894,56350,13.23
pool13l9hxj5dke9yd8xrxtfdkxgppj4wdyy52k99jded9f4kv5ce7al,73,786320,55580,7.07,706778,985932,28.31
pool1spus7k8cy5qcs82xhw60dwwk2d4vrfs0m5vr2zst04gtq700gjn,73,11944623,841347,7.04,10417223,12724524,18.13
pool1rg8yt3kqrzdch8edul6fm7n6achgvfyg8n6zhrpx5a83scz83ys,73,161662,11357,7.03,151108,174509,13.41
pool1ddghnthymd3duklvx5pfunymqg29xe4vlmy89u2efyjdktn33kz,73,216056,15187,7.03,200472,238483,15.94
pool1qnrqc7zpwye2r9wtkayh2dryvfqs7unp99f2039duljrsaffq5c,73,33021741,2318240,7.02,29692565,36006434,17.54
pool1snvcmtdnssf6t8fhs7943uxmmujlt4f89yv58cp7m99cq5tw9hy,73,3007,210,7.00,2870,3325,13.69
pool1gppqnqfguctp6gu0q8l5wjhye0ny28yzfx93hkr384cfsezru0f,73,2956454,207049,7.00,2763569,3582819,22.87
pool149d5lzg7m6susau4f4yfdztgkty34qrcdpvd3ygsetmljgxxf8g,73,24482130,1703628,6.96,22169194,27025284,17.97
pool1uj4u73qgtprqre78q75fq2vkcrpfrcdreqcqkvn6u0m2k6nk2yp,73,59901940,4158588,6.94,53169412,66565814,20.13
pool1grgycym8cf0xmgjjr7gx7udmkpu93hqaygysy5myx6ghx8dvl5r,73,15547949,1079607,6.94,13989926,17448945,19.82
pool1vce30junxx06g2ha8ww02cqgy644yj69ehhg2x95qe7323zfznp,73,3895034,270183,6.94,3600792,4297769,16.22
pool1qzlw7den2mlj0fmm65g0fnf46vyhzkhmdaf0f8v3s6skuue6rlk,73,12047595,835366,6.93,9512029,13009554,26.88
pool189ysyxejgdu0d5u323cajq40ec6wsacq3yav3ul7fdxs6mhdhr0,73,4022,279,6.93,3790,4358,13.02
pool1fgp4f4afdrq26axqlnm80fz49hdkyq4am3ca3r33w0w8sw2x8ap,73,29661662,2053598,6.92,26137660,35121005,25.58
pool1vflcm2fde9qyzcr0lkkv4httte3xep6sycasrtaxw6rt2me3vwp,73,1573069,108716,6.91,1516477,1832907,17.26
pool1vh4y864hcq2r66ak37w4dsnkhnsfxaaacs0p5s4vj5676m6txwm,73,10187128,697323,6.85,9247939,11685276,20.86
pool1calq8kjzrvp83l80rtvgmulausl99q4tjfkz2lp227vkymd5wgg,73,1078158,73197,6.79,1017302,1225063,16.96
pool1af7dmzgcyp9kc5lyrtrtpsce58l6j5cjvc8wavkwmzlr53ym50v,73,2208860,149416,6.76,1869616,2413956,22.55
pool1a3kdettzvvlqvkl9m9hwe63ggeq5fgvz0twqew5c62dzx99vsed,73,8541095,573638,6.72,7859374,9694487,18.93
pool1ntwurms3f0j4kqe5wfpg9chlasylp0lmuw72m4fn66vnuyrvs8v,73,1449800,97498,6.72,1366553,1705094,19.85
pool18j287g2sccele52hhxc0csk2ghfghwndqm9yahdqnhjks840wtq,73,4442182,298322,6.72,4081498,5029223,18.84
pool103455uc7a3477q8pdmzvny884qtlv9vhm2csxvqx2cadwuk36sq,73,59844302,4014514,6.71,54440856,66903144,18.63
pool1ksfzungz56vxa9sy6hr54v5hf6qx8rmcu6734gqm3qlxucveed6,73,315532,21150,6.70,291455,339322,14.11
pool13annzt9hjfc822f0ejvxjf7fsmxd6cc28whpk5kagec6ggfmm7u,73,18630742,1242553,6.67,17017543,20554814,17.21
pool1smy2r8jdvgna5ykhe8rrch7h4qalyfafyzyh0rmanmq0jxptww7,73,24487445,1629979,6.66,23068893,28067863,17.81
pool1gztqypddgmycs0fjat62k5f2kt4zjck4l4f2ffrsmagj2w8zkq3,73,2149826,142916,6.65,1937043,2265917,14.51
pool1gqgyta9sku3crjzfl9kj7kxsgfkt98y98yeu09kx22zscrezuj7,73,31422596,2090095,6.65,28270209,35296165,19.91
pool15s7w4spg5ee7n7rprhs0dq78plw2mhjkpu5v97uvl27gz2way7z,73,69401178,4611237,6.64,61120121,75678634,19.24
pool1supp67ypelmgzuzqqvarc6czgmg3ggwpnrnfr90xpfcqqf8h05t,73,4712205,311626,6.61,4074992,5035329,19.07
pool1xcn2yddehm5ncjx0p24vkguth4rta7zv3getcztflxs3kh9rexd,73,466310,30826,6.61,417586,496007,15.81
pool165ljt7xrrpceutz5ppe96suuw0jcnrvhg0f5vu60df0r5mt0x0c,73,3595053,237762,6.61,2873196,4077120,29.53
pool1wngesrk9ju3x7fzmuqae49lp385k5khgmtz97rza629pwg86nlj,73,10709,708,6.61,10153,12161,16.51
pool1udkx9rmgzf08z7zz4p7ykpdqsdv5nf0w8uf38wrsdn5dzk9nq4g,73,6079567,402023,6.61,5825938,7549929,22.83
pool10ya6hxrssmyhl560gqyalhqxudkgfjdlc0e4krww6wweyaeajs8,73,35412123,2334765,6.59,32363877,39662841,18.40
pool1gqvrgg7zycvf65ydkjeph72t0yx0f5ykzd9f477zh4f3smwk997,73,3066209,201976,6.59,2761659,3336961,17.24
pool1nhd907krga9dh69kf0jg4tl0764rravepy337gptvsknxyyx94k,73,1928075,126459,6.56,1785651,2232157,20.00
pool1wt0pf4u2xktp0f7apveu242w6nkm4ltk3m8g039lvuhwq4zdtf3,73,56398693,3693130,6.55,49226850,62019597,20.63
pool1kqpy3de52m07versalrkqd57w2qh5cze3wupwrgx39m5gvtkjct,73,2346,154,6.55,2249,2586,13.03
pool1lkpj6fa4l0sy39qfvyl4pcsnnd22y8np8j98vzwula2kuxgers4,73,6925111,452580,6.54,6414848,7770182,17.44
pool19pyfv4xnln8x4l7auw0n0skk3hd97shun707hrw5d4s553ys74x,73,67879802,4441968,6.54,50208648,75457734,33.46
pool143x8nhnr3j9mpzvhayuaen0y8l350guj6yd8mhmhhuupvuah3hh,73,295185,19314,6.54,268440,318900,15.82
pool1zdl39pvapcaj5um8nyduaq2vmn64dqwz4qlhnzurnca8zetk74s,73,174746,11409,6.53,166365,206610,19.48
pool1ddheaqwfuxwqe89lyd9wla222uhzvp8zstmvc30mrzy4zc5yevs,73,535569,34990,6.53,449949,564844,20.34
pool1zsjkw3y0kyhce6esgat3r3vec9z9rwud79lpv00u84646pu7rvf,73,6917,449,6.49,6709,7875,14.81
pool1v5u6wzakuc25q3zpx04t8gjz3rgu60wuxkv2mh5nga23xjkc86s,73,45029096,2914110,6.47,38804533,50388994,22.99
pool1k65vmd0uyy0k5eylunwakd99m9j0n2hfynkxzd9472276m32p50,73,116581,7546,6.47,99692,120230,17.08
pool1p9sjhjx0v3k76wvgdqu7jcks2ra48wqlhc6g0mkewd25k3zcymy,73,21928217,1415757,6.46,20251971,23513396,13.87
pool1dxkf7k3qwnpgpxqfye8y9jvk7lver3fk8dq7c4dpzezyyx8cf5c,73,2509862,161385,6.43,2242396,3392821,33.91
pool1zk6uxgptztrxxamzd0ugrtu84xg8mjymd2xcdvxqazpruqt9r3x,73,5752986,366165,6.36,4295891,6233861,31.09
pool1tyfdyg85t50lj69ehgmg90e4xr6y42he6pt8pvmau8v5x46fy67,73,1890,120,6.35,1809,2177,16.94
pool14cteh4nuwyvqadavujaf8qy05g208y66ddmct4vwlzurj0zluet,32,56940,3616,6.35,54426,62870,13.43
pool1h0524mtazrjnzqh5e4u060jsfk8lpsqqjfpa5gygjwuhqu34wvt,73,24389758,1548232,6.35,22199614,27242293,18.51
pool1258yqnsegc3k7raqcdkxu4893aqexxljflmg9g96yfha2qytayv,73,696855,44267,6.35,666316,1010609,34.07
pool1k633phcvz2hjhj45evwwau4w576jpq83acg5h84w23jauqu56cw,73,75107121,4759501,6.34,58072903,83368783,30.34
pool1y53awxsm6cmksp8qht8qfq5f5c69t6mrgrdcresk5y0ecv2yj93,73,5448380,344105,6.32,5024669,6133205,18.07
pool10eltx2wej46e62ulmwzm35xfu0azu47yvpjper7gwhncqe74vg6,73,10285399,646907,6.29,8730843,11628530,24.92
pool1lrgpe8s7yskeqwvgu4t6tmkmh8eqwu0xj56yvufpxcn2kjgn7ss,73,8095,508,6.28,7812,9652,19.06
pool1jg3fmnmc9n52sgzslhhvhye5e3xeqmrwkekdhh82sma47r47zg0,73,12684490,793921,6.26,11486909,13769483,16.58
pool1h3aejp7fln74mwaraqjn65ve3j5zwqr7wk0pasct87wpkv0aspm,73,4319922,270129,6.25,3679297,4458496,17.48
pool1ht35ft8az9k9u7gnc2yut7usj96he5mqngthunyf2kmnsl2kmed,73,681773,42473,6.23,616365,739383,16.64
pool1nyf8x2xrlmfqwy9shqrlx2csentnzyjmxr0r3w0ljuaqz5ek7qz,73,5232158,323292,6.18,4982016,7516994,33.72
pool1tj3u8pz6732uy2ut3s90e0j880jyu9j0ve9vtu9zj5xzglhdlqy,73,5308970,328172,6.18,4798363,5604241,14.38
pool1jkxwcqkaaacvd77rf9lrj3qsgvtktqh7cglu3awsy34h5eava4d,13,92489,5683,6.14,86087,99528,13.50
pool1pn36hexudnjg6uwvxc5tld3ay2g6ty99ardzhn7crhkhzshjpte,73,723306,44414,6.14,680393,804004,15.37
pool1yjlmvfck6a2mhup4ljel06r635e9lhs0qsrzu6f2luepvsd42lv,11,11834157,726047,6.14,11018134,12992934,15.20
pool1tf9e29shjqn9wcgf59fk4yrjqw2gq97wlkdqe92z2ngevhvkllg,73,1214,74,6.12,1167,1330,12.26
pool1kyn4xguhrd600j4y9kvksptzjk8k4hz5rdcrxx3qw3jksuwjnwz,73,2377,145,6.10,2342,2975,21.26
pool1456lrrp0a3gsgkmyx0rm8wkdmdku75tfdlu9xvpffvxmqmjkwee,73,155247,9428,6.07,142789,167189,14.59
pool1nudasuv0lljpe0tswcverqvlh0v4226vgnpsuxn0e9nkvnvcvne,73,41881470,2527873,6.04,37716018,45812465,17.67
pool1u6kpt8hgqcm596kukj97ghefmxn8ks2cgwg8qqe0gtgscnufk5p,73,45269191,2734798,6.04,39511451,50607885,21.93
pool1xzsckz6hd64pnle2c88e3gccccyfs7w6eauxuffpcc5sx2mtekx,73,28435,1716,6.03,27789,35645,22.04
pool1w7pt822hfgw30xnkwpjzz0sr5psejksqdcdw4l0ms33lsgynp2e,73,3948153,237984,6.03,3379155,4753714,28.92
pool1afv4cmmjdkujtd5r9t63090a3frwwqy8f3e46gz003vyzjcj63r,73,597073,35893,6.01,553721,646300,14.32
pool1a3ekt9me035qgju0en2w39vjns9ggtewnc9fugsmpgczvgtl6u9,73,7145335,428606,6.00,3545871,7255692,51.13
pool1pfl8ssfunf32pe5dyntel7eqc4gutej3f9r70h8ss7v3vesdtks,73,5700,342,5.99,5643,7722,26.92
pool1ewrm7y47s9hv6hxku9n5gfnsuspymp0qqpwgvgm9rvm37cek2h6,73,36342589,2167535,5.96,33551007,39466712,14.99
pool1j5ukjmhn96jslmcd6k3ymj3vnjf3wpjn9sarhk7m7vtkv7ll2w3,73,12900,768,5.95,11631,14478,19.66
pool1vkngxunyagwen690yn36pa2v6jecyxgeavl9nva9dwzhu22fzt7,73,697729,41519,5.95,633844,754470,15.99
pool14mm59ntjqzphjr6chrww639cdr3yjce4qcwzc5jkk38y22u7uc6,73,38427786,2282532,5.94,34851956,42766598,18.51
pool1y89sy2e927hvvt66wnukx5xnnrarzxrt55eypttaw3n06u0uam4,73,1279511,75977,5.94,1159809,1458825,20.50
pool1lkcd3w5g6s6v3hf6kwt55dqpalrmq9h9f3ec033nnzhvgjgl860,73,1069615,62892,5.88,942246,1160427,18.80
pool1cf7mqj0xd8z4jqhr7nf565mxuvepk8euv5t6ehmuwe49kfz9llr,73,54480102,3191476,5.86,46868830,65597574,28.55
pool1hv3yae6keeeu2y7eusejx4swd2myfkurldt7lasn2qu4xk20j8m,73,135815,7963,5.86,121779,147125,17.23
pool17kew7rtakc7g6qzydntann5umw08xq3ll2j7spk7en4kvff69fa,73,15928443,933609,5.86,14648547,17757296,17.51
pool147en6w8f9cplnn5x7qt4ese7fpacmmcwuffrtu0yqxpaz4agppr,73,16814789,983522,5.85,15419137,18308274,15.78
pool1ljlmfg7p37ysmea9ra5xqwccue203dpj40w6zlzn5r2cvjrf6tw,48,9805672,572504,5.84,7737294,10633580,27.24
pool12pwp8hln0cjsxv0h2a0463qsakkhwetfhyqw7vzmpwd2jdj86n6,73,851887,49495,5.81,809080,928413,12.85
pool1uy2z02pn4lczk7p2plvnkzrmltxmqs2t04d9ghx5t0vw6e4t0qn,73,3918629,227354,5.80,3373490,4233129,20.31
pool1qqqqrwzy7njvjq9wph7usj5gghm3py9c97688ek8pgc7uem9cfz,73,7000285,405884,5.80,6407182,7666718,16.43
pool1k6altfangsst2mmxg8a9wvg3dppyszu8ckfzd3uv6azgw3z2txy,73,1188917,68890,5.79,1095201,1340688,18.31
pool12mmcc4rc2fzfv7gyv8h06nvnsrm3m7erzdv8x6gzvjxlu2lf09n,73,16238018,936115,5.76,14728478,18570186,20.69
pool173qemdqfjnkrjzykmc0j4nqmxuuhvvv42pawt4xka3k2vwmd4mr,73,26412,1519,5.75,25196,28756,12.38
pool19ht066hngsjfnv3mfsc8u9fgzl4w5qcrmh8l6zppwph6s2t7jn4,73,3470657,198842,5.73,3290034,3780861,12.98
pool138m7hevnvp664cmtralju857t5k7e4frpnaevtgpuykggr50kne,73,38184230,2185917,5.72,34055685,41075337,17.09
pool10nwac5phcc4vkjvux5mw6gvdzlxurkd944e5yx9yyfa8sqs35t7,73,43218,2457,5.68,41180,46778,11.97
pool1n940lfxkd7z73qzj5y554yrletrmgg5x2eya9tpglh3uwcqfnud,73,1307250,73951,5.66,1156875,1380857,16.22
pool1nss40t2xhh7ntgp8ca73u2xd8kzyn3dgtf9jfh0y57kxul9zt82,73,97335,5508,5.66,91855,120243,23.61
pool1xlra52x2es7dmsvpmcp2922h89h346awe7yuu664e50yvrzaaqe,70,27219758,1535300,5.64,18812039,28991989,35.11
pool1vfayajkdc0gw876lax5va6ygpfpsd8kz73k4y977emm3clnxlm5,73,85153,4792,5.63,81731,102944,20.61
pool15nww4436eq733eypdq7vnllsnqyrwftw434xkvpm2mc2kfue2ux,73,443876,24964,5.62,414938,491679,15.61
pool1lllmq2jgcqrag5c77lpc5m34fsqn63leadyx9tzx842n66ly3ql,73,269830,15116,5.60,258030,319324,19.19
pool1mfgqn8n658vjdcvg3xgtr3qyet64fht0dzsukqeznxw36z8g2k6,73,3279017,183306,5.59,3015118,3687252,18.23
pool1pmrgd8snhv0nnj97xcg70nqqhg0v9g3d0e93jl8vn23wxtsxz53,73,3232264,180041,5.57,2807787,3371772,16.73
pool1mqy259k253xryf4hvdq0n72n2uvadcgp34r0fxwpqzm0z5n0qp6,73,17960406,996526,5.55,16982169,19902108,14.67
pool16j3mvwws7zc9pjluyhddgea0tq647v0dh3y4nkcuckg9znjcun2,73,22843498,1264400,5.54,20571623,24450930,15.87
pool1hkklrx9ac7w57d79mnv76rxlgq4acg5ecwhyep7k3zn0u5cz2k9,73,21681680,1197660,5.52,19712946,23096407,14.65
pool162g6067hj0z3tyxrn7e0wmcz36yqp6nxu3e4x5ahkwvnygsuwqk,44,115329,6351,5.51,102987,123860,16.85
pool1s6x6kltycpxq82hyqhlqllqj3q5l2m8w499gvtu4xrfv29c0q2q,73,2987658,164102,5.49,2826950,3250195,13.02
pool1myvgx4ef424e6nw2strqq7dxcepav52plyyhxrk0avaw7y098l2,73,46884357,2566270,5.47,42590143,54569668,21.95
pool1rhq7qyw4y2s80gstyevm6rhz2lsdsrcstawunxx5eld8csvuvlu,73,123973,6745,5.44,120679,144333,16.39
pool14fjmlppz76667ws3jl5luejf2wgztuhpsftulvh3ucc65anqgve,73,44643185,2417765,5.42,42187591,49736487,15.18
pool1pp7tn2w6ken4rpfcjwcdup3g4m5gcdhc9lgvrm3mnxz5stmrhq2,73,50918775,2745549,5.39,44149382,55969198,21.12
pool1k5a5e3ylva34qpmwdywv7fn75wt3gzv423e9uw2vmw5rqjc2q7t,73,96246,5156,5.36,61301,101847,39.81
pool1w4am4s9w4gkt8r0245km62vtnnv9hhq6j68exzh2pyaxxfaq0gc,73,473543,25354,5.35,444525,539049,17.54
pool16fyda57p3c8gp5r6gmcq5tvqsp6mnzwvkxswgznkuh8wztrp6vv,73,45525485,2433083,5.34,42421378,50059247,15.26
pool1cspe7naf0mtntwyysqxk6czah3jlh6v4cja8pdfju932yxsehnm,73,7357271,393229,5.34,6591013,8330992,20.89
pool1qel9h28zarup4g5dx95smeggfruq26k47lc8e6wmdzaaywyj63r,73,37255,1984,5.33,36732,49995,26.53
pool13ucz6778ywff5pmcag4pcknq9gm6j04qtgh65cu9c5mt73t5ulv,73,2779,148,5.32,2762,4026,31.40
pool1qp3j2cy4xje783x3a98y08yz6kwr3emu05zm2xyxryajjhmt48p,73,1535,82,5.32,1494,1793,16.69
pool1k53pf4wzn263c08e3wr3gttndfecm9f4uzekgctcx947vt7fh2p,73,38272,2036,5.32,35053,42431,17.39
pool1a6ysvnx24xsjh2f6ehgmx7yu9q45fd7lsk88v2swxkek7pkxtgp,73,9431743,499675,5.30,8981587,10032429,10.47
pool136903m0kag2amlga2ypcz8wnf7d552qgy5t6vz2pqlzuq2kyshy,73,104717,5534,5.28,100641,124717,19.30
pool1gclysx2h7fndj0jdajlmwvqr8q9tzu3rurjknacu0ff954fsg9a,73,66216052,3476231,5.25,61189832,75078491,18.50
pool12plmfgtqk4nj0wse5wnr49xth22fjacxm0gxg3wc88ewzztpwf5,73,3620,190,5.25,3386,3808,11.09
pool1q66d2n39uvln4hazyzv8fyq977mpqus78sjd2369qfn7cptdeyh,73,7162398,375047,5.24,6351874,7560936,15.99
pool1qzlwlpcsgflr9z3f24fg836tyq45p0kf5cnrp20s8v0psp6tdkx,73,23265380,1211669,5.21,21138806,24557515,13.92
pool15jkpn2jewgensrnulsm0kqtj58nauvgng0qvy2ux47jdwncsw9s,73,11772,612,5.20,11155,12665,11.92
pool1dkww2vlysa8lsnuf5rca979zdsyr3zvt59hu7e420yxfunkka2z,73,2450211,127413,5.20,2207766,2553316,13.53
pool1628y4cuysuspjhcfhmx3te5ctd2vhuak9eft757947zsz5rtx8h,33,247563,12819,5.18,221260,260551,15.08
pool1grz62pdyyakffeymsjxpkz4x9382y3zhfa8zu28tk2fpqxm6p5l,73,435560,22514,5.17,408856,470413,13.09
pool14w9tn4w30dwd2lfv4cwjg2a2e3ukfd0nqrydx37fjzf7z5f5jnk,73,595243,30703,5.16,572315,679666,15.79
pool1zqcz8zt9v07ygj06zr28lwm85s20f6w2qdcdltjyd0wuklydqnd,73,2815,145,5.14,2772,3302,16.05
pool1ft4xjlz9uw0r0ewcgtkgeakqrfc5azxmxwsm5pt94dv67mw4rgd,73,60649026,3115444,5.14,56180207,65194850,13.83
pool1qdjx5xeeu6288ftmhmdr0c6mazkua7m07cydmr78ymfhz7jj7g4,73,238727,12252,5.13,221873,258242,14.08
pool1xt7mjrtnsew3v33lu8sf93upf20sxhmcrfnpm82ra46yxk7uy45,73,51150697,2612349,5.11,49999988,57000088,12.28
pool197e83k4u53l6txk8yr83007efgavngua8wnwp00w3xrqw3pmr4x,60,20377,1039,5.10,19601,22013,10.96
pool12udshcl3ycj4qpxes28n0ugsye23h89rj8z2a5ast4482m08xe7,73,25764287,1312745,5.10,22563471,28415671,20.59
pool10retvgthe4vymhaq8vr2734zladmeeuwy07rq8r5f690ydmz3vc,73,931,47,5.08,877,972,9.78
pool15wkxegrfflzcyhurrjxsm9ljqtz09xr5rtnqsarnp7hmsz5um3t,73,18415239,932224,5.06,17072256,20039159,14.81
pool16hs0jxw7h6pwg3ru7rcq3yvg4csj7lhmcpj68kqem2sh5nt8mwk,73,27800585,1400724,5.04,25979614,29921085,13.17
pool1fg42yz0qpu5jd0gd3g5xty4mm6jdxkje8szag8h798nyyxw6zd3,73,20400372,1024074,5.02,18452292,21279969,13.29
pool1u2fuz3fn5dfphf0cu0sewm4rnera445avenggle9sl4hy7rjzgv,73,56951972,2839968,4.99,53784171,68488251,21.47
pool1qadgwr92pgx0yz3u9n63f0s9ugryaud6wxers850z6sfu06y3rg,73,77687,3878,4.99,72231,86753,16.74
pool145ak0czqxe97ef38zjupk0pz5yk7pahcyrdfee2lrnsnwawj6dc,73,1254442,62623,4.99,1131917,1341330,15.61
pool12l453n0jtxqq88cgwgr67z06ldyhqqvwxgkn0sgungjfvhtp2el,73,34951381,1736199,4.97,32647458,37663759,13.32
pool1hntu7agmt8u5j9c20ejen7dvq0jfkvkpnul3mrdd8tppqvwfvt2,73,31008808,1539624,4.97,29138167,33525488,13.09
pool1w6l6rvhxtym5psec3mvgrjlg28d6hrv8g9jjexadzmxfgndfg2f,73,45693211,2268158,4.96,40015710,48480756,17.46
pool1whk6lawmfz4zq5fw8zghglp23452gnm9zgs59nqafhpexwcvute,73,21223332,1048696,4.94,20109064,22529661,10.74
pool1yzd344e32exxzjnjet4l466zcfnte5rnzveywvztxdxug2yu7m4,73,54958,2715,4.94,53081,59345,10.56
pool1mwp8ewtzmun0426v9z0h9um2amswgfzn78rckfl2fc3t5sy0m5g,73,9365504,462334,4.94,9057006,10696910,15.33
pool1t847w2hfv33qrra7q33nzq8epvcxv6ydshcq7w7j23c87xv2c2k,73,3824344,188642,4.93,3464127,4106951,15.65
pool1rcd7qslz3xnpnk9u6tcwegy5r2574uf8suqu24ptg637jha3sr5,73,7974863,392389,4.92,7539433,8839363,14.71
pool1y44fkeps7ftnnf495a7grfrwtt7hxcntaenyzu4x4vah5cud0mt,73,6635,325,4.90,6458,7239,10.79
pool15wfu7td5r4k27erk5q5wt06x59skxxyqj206tdnfmfmk7pd3rp3,73,32931,1608,4.88,30680,34697,11.58
pool1axdf4rwjfsd5agnl2na2t73emm2sae078nxeyf3mf4c6vhh0dwm,24,12973,632,4.87,10008,13102,23.61
pool1zpkqlcpu5gyk0s5e9263y5n7vzmkgrtpca0u4xpxan02w8ld0nr,73,42468,2067,4.87,40060,48890,18.06
pool1aawkmkg7vg0x0vxaqh4gr0lwp4fekwsqrjduylx0et3tuz9hfn4,73,530225,25710,4.85,508906,583959,12.85
pool1rjxdqghfjw5rv6lxg8qhedkechvfgnsqhl8rrzwck9g45n43yql,73,19053797,920110,4.83,16985672,20521901,17.23
pool1crts5gmqr34gsrn6wvrhfs9yqp0ynu8t2t4r350xp80s6pc56ue,73,10943198,527497,4.82,10168773,11717199,13.21
pool14ujg8l2x6fm5jm07jd6jftktt35dzsnefl2jmx9d8vr4cxxkt5d,73,70780,3413,4.82,65750,74175,11.36
pool1sffl322qgsrsmkcedzzwk05396dkmj56pcepqvj6px3n2re3qu4,73,1038530,50034,4.82,904392,1117667,19.08
pool1s79cqtwk5s24lcske704ckx7k2pagn8hc95rxvy3xfda6r62pg9,73,118275,5699,4.82,112130,125927,10.96
pool1xnaxushl47aeha3mr3uwnxcfkvzj0um6c4zxdr064d3y68z646c,73,582507,28082,4.82,557436,640252,12.93
pool19r8kcmqpajlm6h5q0lv8jye0q7evdur39wfsgs4z98fcqpz9lct,73,16564239,796295,4.81,15637956,18078534,13.50
pool1h4gwh638485yd0xcw0pkrm935nvm4aecqsxjx2yzzz0u6dfj73q,73,2053445,98828,4.81,1946339,2793599,30.33
pool193rdch53x9c53rmftlqgzj22vmz6w8z8hhut2ckzd2zej45zpap,73,2081055,99943,4.80,2007831,2452534,18.13
pool1g3ssnndd8e7lcmstkjl9ane9mup0eshv3aklg63u5tznwl4ch87,73,42824439,2057593,4.80,40183059,45936020,12.52
pool15mv5w2vvfv2kplkrt40ylylyvdudv5axq5nyw6ln3v0gkd2auew,73,406998,19505,4.79,370030,448934,17.58
pool1hlu9mdmcf0m9mqkq7apxsyalhd2nr07rqyhh8mgra3wzkva2d3p,23,240694,11473,4.77,212357,251811,15.67
pool1lfnlxfxxwvjadesxzm4c7grgs3elj70vfdnpjwjmg0ufsqnq52t,73,27910580,1329276,4.76,25427042,29045539,12.46
pool17ahr5ygy48vpdfnatqn2z4wfu2te4quapk2yx3k50ce6kd7feg0,73,56337698,2669338,4.74,52674358,61881173,14.88
pool127jufnlxk4n6he84qjf8ppzmxs9sjnqlhulnuzsk0uc0whtl9sn,73,33590,1591,4.74,30795,34668,11.17
pool1xlfty06hg6q23qvcaxwv3p9ke7ff9n34qpr8tpxt2zflyq20ceh,73,36684130,1737025,4.74,34053692,40747920,16.43
pool1vkc0dvuf8rxrch87umfayacgglrh8f88ef0f64xrdue5u2xjwfm,73,60879036,2862378,4.70,51410004,63582769,19.14
pool1kvd03hq8kp0hnxq9lq598a5amrvauj9m386rwx7ydawvjdskwnh,73,2569707,120683,4.70,2410139,2837008,15.05
pool193uec04jldvah7r52q86wl033g4v42x0aste8jfg9999qepaxfp,73,50438601,2364112,4.69,45650414,53660694,14.93
pool1dhfz7yak8wqmpvm5luf8ey44aewa9hcrldz0ea3rhh97jmrru5j,73,3513,164,4.66,3486,4484,22.25
pool17e4rdh59t4fmn4g3p02xvs853katrjzge830tsmd3sfdc645yvt,73,614260,28533,4.65,584851,684980,14.62
pool1hrv8gtrm0dgjg6zyss5uwa4nkruzfnh5vrdkr2sayj7x2nw6mjc,34,173332,8064,4.65,156160,180063,13.27
pool14n6nrj7rdrcxhwlzx5kytt60pqwnzjm97nuczrpa0ucwzyx2ule,73,140885,6545,4.65,134493,163109,17.54
pool14enw2643rn9nn6yzv60jyz3hj4kxs0jvap87lkgsqykh508jxm6,73,12889836,596885,4.63,12226194,13951411,12.37
pool104gtn3hvp9lz5l6wevhjj98e45s7rfaa4zzvk9pex7nn786qncr,73,18293505,845196,4.62,16836091,21088949,20.17
pool1043kkcc2uwmdf76wg6jy80tkgwztzprep2rakyypmwc4637c2xe,73,18932,876,4.62,18182,21722,16.30
pool1aqg6fvhcaulvss2ruvpx6ur9vj7pejvdcxv6xp0qlwuwx94evf0,73,18846189,863573,4.58,17367540,20489674,15.24
pool1z7n2ruhmxmv77f6cqhd3wsy6774h2wuay77agxuf2y9mj8q55vw,73,55361628,2530842,4.57,50705513,59211278,14.37
pool1stvux7an3kp2p55na0p7eec2e7l66gqcpuc7yu9cx5242g4j2eh,73,322917,14736,4.56,308418,348549,11.51
pool134d4ndkh0q43mykqh922k0khrrkm7rlpkj834ju6kwja6dmu2f6,73,128692,5865,4.56,109470,138275,20.83
pool1n2j7zmw69gf3weqp3wae234p3lykjks49c84mleqgmnmg4jht3y,73,131103,5954,4.54,123871,139178,11.00
pool1qmsck80ldwm23t4t5elxc857r82ph3urkt7tpyq65ntn2dv2ust,73,10144175,459640,4.53,9682565,10983340,11.84
pool1jjry6f6q0swaq457ft9eclaxaskvrxnpj0v3w8edsyfryml3vj6,73,13443890,605708,4.51,11942413,14502832,17.65
pool1xrrrr8gldqz8pjxj6j8c638a9py04xuv66kfgn2dlsx9g52te0t,73,16980769,766286,4.51,12677592,17627589,28.08
pool1kv53mzjwqjp4aw48rczj8vm6hejwfnfwa634czyx5tw5qq3tata,73,852864,38472,4.51,798256,921255,13.35
pool1qqqyv9pn9typyqwcxqk5ewpxy5p27g5j2ms58hpp2c2kuzs5z77,73,27663442,1235329,4.47,26015637,33097563,21.40
pool17p8a9e5ljeucdvmsl62a667y7lwwx9xzwzjulwu7df2q7854mh4,73,65829,2939,4.46,56105,67602,17.01
pool13mjxg33urh0xquvw33kjn85yw7j42uwqw0pvh8s6c67rszr7ssz,73,622211,27723,4.46,592824,663901,10.71
pool1072lq3k32sfxs96s9qhrx3s9la2t68vrqwfsp7h9qnwk56yr2mv,73,8118801,362467,4.46,6999753,9045273,22.61
pool1cn0dqtplwf67fds40hgkf0u5rm4q4azev5qutmgkw5hdyvue2ue,73,23884742,1062201,4.45,22078334,25356067,12.93
pool1yyv7vx5zhhsd60jp4tl72vpznwvpvjp35m4z7jr42ugkxmndyv5,73,1459646,65026,4.45,1340802,1540781,12.98
pool1xsj9s3mfpztls97x7jjql0msmeh5v3wa5vyqhmmmsx8jzsqxrsv,73,71120254,3159237,4.44,67706570,77409356,12.53
pool1qlpen2kkw8yc0pjyjjcg4zlswhrahf73f99y3ae85kjy6leqk7l,73,9416,418,4.44,9182,10563,13.08
pool1q3xdrewrldt06rpjx6pzguzm847ujxnmajxrsr7dsthscz4htlv,73,13389,594,4.43,13048,15139,13.81
pool1cuzhrcpp676p4u9yk2vrtj7utmq2dy4ey56uw6znml2f5hrpgpw,73,5530,245,4.43,5478,6706,18.32
pool18rhzlrv83a7ygj7cp5uv8dx07qkn5drhe8nh6f3qvhv66xcyj2m,73,37433338,1654897,4.42,34857593,40296216,13.50
pool1x0necz9ktlnah9505f3fkdncrlepz0q2gyfp4r7pjxnq53qw5kx,73,86193,3793,4.40,81727,99514,17.87
pool122pmneflla304ptc7s5ws948u28zaek08k6hk3fmw8rgkzmgect,73,3618,159,4.40,3213,3817,15.83
pool1cew2q6pge250exctkq26lyl0w95923xxa54thd79nv8xy9j3xe6,73,2617268,114757,4.38,2388839,2798008,14.62
pool1g5k0fks847av9zdayg05htnj8wx0ah7jmnwwqlt63rjdzyjr93n,73,12599,551,4.37,12451,14616,14.81
pool1030vz0wxheg0dvarr8hmeavelpszmp52qucs68c7wc9uga6n6e4,73,1985847,86529,4.36,1882508,2267668,16.98
pool1jpz5m45ff4r6tnq7n5tw63fkhpmw3cyv8sn569w24x8lj3kl68c,73,4087934,178008,4.35,3819493,4399126,13.18
pool1u7zrgexnxsysctnnwljjjymr70he829fr5n3vefnv80guxr42dv,73,918363,39958,4.35,872730,1112852,21.58
pool1qa2h3hha0m5he0429ym7tqvsn89nsddvn7wgkx3v8g6hsstdzc0,73,116784,5063,4.34,112910,126661,10.86
pool1d76p7zfn2ydq577z4wsvmnl2lx4cxa3s5vplfuhvr8qfw8hd05j,73,2967138,128269,4.32,2656744,3247609,18.19
pool1yvf4nxph69ztm0tgj73ummxq45kfjhecyad26e3xc2002xgzalg,73,29923932,1292320,4.32,28309386,32769351,13.61
pool12ndf7w5f4fdn746s5zlay4aexvcsjncnnmjwfp8falascjqav3y,73,535761,23125,4.32,515028,596685,13.69
pool16eua0zalaln7q0s9u7jzlyygqad0pu2l2qdxx8r8ueqrw2jdhqf,73,55126342,2375166,4.31,46200076,56629365,18.42
pool1khyv2zj3asyhz76a4r2ky42sdxn3gqu3lcyw3sj74trmwhlc5ud,73,801309,34391,4.29,755578,859278,12.07
pool1q23kstu6ute8x43z95ahnwh04n9rpn6k0wzakq663ke75220682,73,2845,121,4.26,2742,3005,8.77
pool155x3l57d4xu52t93f9r55cqaysej4pc2dl3jkc9d6w5ckyu6u7n,73,549967,23432,4.26,495945,577931,14.19
pool1tjr4zpndkvwkw3du3fvt59f5men6jhuevt7rpx6xw0wcct5kl04,73,1022003,43273,4.23,969106,1067971,9.26
pool15ccmgcc4k9t8auxw9v4dfjmrl2kqnuevawn8z6n7xv09utw9hh3,73,32424984,1367609,4.22,30166259,34074156,11.47
pool1lakxjm7v0q03xddynffn6m2wfm27pms3z9enztwvu7k0297tcr7,73,1213381,50943,4.20,1017218,1281711,20.64
pool1dts0h87pntgmsffp6mjtnahfht2dz5zjjeeujhzmtn6wgctcuzd,73,385144,16179,4.20,362671,406816,10.85
pool1lgzryt60tckrjspn7z0gxup6ms6srd2xmtl9y7wvt5fsxnd2qxh,73,7181,299,4.16,6930,7609,8.92
pool1vz9txqmdhxwegpy7uzrsap84z309veehqv3uh4s60qwxk0u7h06,73,35747,1485,4.15,34491,38528,10.48
pool1asfgkqtmjuusclgx72xpzvpw336gkulchtstsx9lsj9uqzjckv0,73,25210784,1046267,4.15,23999032,26417967,9.16
pool1rct5guwnp6nk9f4ldn5tr3s42j0nm5rxeayv56lxua5ck47ex39,73,46572740,1926634,4.14,42834766,49764208,13.92
pool14nzt6708j4jgu5f5ajxgp0pdfp42jqraum585dy2r7vt5zulyd8,73,15760,650,4.12,14729,16222,9.21
pool16knnvtezwzmgpnu8v03wht6y4u7mwfc7qz6y2yk62w4as4qymat,73,895194,36822,4.11,850037,938448,9.42
pool1jezf7dcx26edfpxmpuh05yen64a9cj44xm2ggsapcxrtqewfek2,73,1468665,60401,4.11,1341526,1516944,11.56
pool1vcmqgcykx4k3ngj2upkyhu424dsn85ansepz2xmdxg4mqw7w6ac,73,6080,250,4.11,5720,6269,8.76
pool1ygmlrra5qn95zw6afntvzxpdpzz67vtqjr4dmslerua2c092a6j,17,24980,1023,4.10,23573,25987,9.29
pool1etfar35l4tf6vam3gvqf5dnaq7levz32vgw4p00jzk7q7twg2te,73,23668181,971372,4.10,22718587,28101411,19.15
pool1mfyzxyggryp0jhgghvzas7qjdyz2rcfnm5rfq8s9uefvukrlps5,73,71950916,2943689,4.09,68900917,75691779,8.97
pool1xdcg6kg0g4y3wqf92f8uh44urz06suglhff036k5yak2g0m8zlc,73,55856,2261,4.05,51854,61012,15.01
pool1k0xa8wlsntmjhtw2shj3tspqd4kjyquw9tuyx5s7zz5jsyw4y2p,73,6700002,270517,4.04,6257112,7047845,11.22
pool1djg8jsygtculv3q2qdrxtnpxfq003pdxcvlw2pvfupq7jm5xpgp,73,6819672,274391,4.02,6348587,7378303,13.96
pool104v7kzpq86r0wnfsz8r7jeld2raap92qq84trjcqk62zyh9akqt,73,1821653,73221,4.02,1709322,1916040,10.79
pool1paxzxl23ygch4ad08m8zu477atpfumdeg6uyrvg579eawvsy77z,73,1724,69,4.02,1628,1773,8.19
pool1c2utlagkpht4zj0jetsf245c258geuxnjqp9kf4f2z9rutx9dz4,73,2582034,103624,4.01,2394494,2801848,14.54
pool1efxh54fk0dj5uu2e4eu08klxl5ys3saphv3kec33kw3xv8738sc,73,2421144,96709,3.99,2337190,2569708,9.05
pool1sjwdmeme5zs042jzwmdvxshhv27kepxke0mr02f2yzacsyd4wtu,73,48051774,1911319,3.98,44584889,50493452,11.70
pool15jc92k3rhksa3uf92sluqhhnnetx04l49xttslx67kuxz5e36e4,73,6812,269,3.95,6705,7482,10.38
pool1tah22gjtc7ntrdezv49hysegcwpzafea35t6f4hn3wr2y4hz3vz,73,342648,13524,3.95,332278,365618,9.12
pool14dswwngc8j92uek927jced2lfc7c4pa4ss9gry9nu9rhkc7a055,73,752071,29595,3.94,725430,807256,10.14
pool1dmnyhw9uthknzcq4q6pwdc4vtfxz5zzrvd9eg432u60lzl959tw,73,6656705,262398,3.94,6193743,7191756,13.88
pool173mzegwuu0pjcrt60ekelzj5haqr8r5e4e0n45qh9jdz7xm5kh8,73,63186235,2483286,3.93,59245343,67681017,12.46
pool10quq4wlghwrvmhdzc7geq22pyhzegccwj56ax2g8hx0cjfahufs,73,34754825,1363937,3.92,33531678,37723010,11.11
pool1w3ewp9s00evj200lnhwsy3dkn2yf3dg7zq7apj26a2dvv5r7hpg,73,537,21,3.92,515,557,7.50
pool1pnzwgsgzd6t4788sfr7dxjyusepyq9xaxnpyfcngewqf29t9ayd,73,6015185,235293,3.91,5672434,6344601,10.59
pool1457cnl7qu568h98xrw8krfnjkhf05mfhaq2l50epwy36yuln20q,73,70318974,2734814,3.89,63804809,73826533,13.57
pool19f6guwy97mmnxg9dz65rxyj8hq07qxud886hamyu4fgfz7dj9gl,73,31822202,1234177,3.88,30228437,34637918,12.73
pool1urgvu6zk422j4xwtxa45lzpd6dm25msfthpkezr042secrtuwzc,73,37124421,1440403,3.88,35046666,39391655,11.03
pool1l8myd66tqjk75kh7uk9k8nyl20sd4qs33s4tzzn927ujyl7ahyk,73,1225296,47567,3.88,1161685,1304888,10.97
pool1wm89xjqp96t3mlun3pa5suxa3t4s5lluq239en0nxl7pcm5tprc,73,98372,3808,3.87,95786,109507,12.53
pool1sy86l3j2aumxgsvp2nmw4ukuq2tc7drnqum9z8796hxnzksde4j,73,2634,102,3.86,2443,2688,9.09
pool1d9g45764jtjzagrmy5ndtrx4pua7l9sr4nh08l3mqs43xe6wnh9,73,6271480,242328,3.86,5770044,6561467,12.06
pool18qzks8vdf0yu0u5ccf8aaj35q6zfutdcfgrssuvdjmgtyykr922,73,130233,5025,3.86,123366,136440,9.58
pool1huyzkfxwnttj7r4530hv7gc5v6mzk75vuzysc75aemu85mae9vd,73,322413,12368,3.84,310841,348118,10.71
pool1lqpymyzg9glc88r7urptuv0d8t2tu9ty7xtshvxmgpu0j4lp8p3,73,6216596,238649,3.84,5803315,6864523,15.46
pool12dcwy586prq83qggtfvaxwdpys9dw4sl2yahrdjyjxsqzcq84rk,73,1980019,76010,3.84,1842894,2099894,12.24
pool135y07cyqvw5tk55y336jtm28rae5rsgrsr6e4cwrzlvqz305cng,40,968,37,3.83,771,978,21.19
pool1krznhwu3h5pu2stuslr53z5rme50t6384macsmylcnljwc7yjky,73,47068006,1788330,3.80,44957668,49988708,10.06
pool1trxkcm5vnaj07htsmlfgjpwxmljy70ucs8z2n2qy8mvgxr73qlv,73,7023,266,3.79,6959,8122,14.32
pool1cj8dxjjlyn9xmjavr98ytmvlpd4vwgqp36kq8rl6jjyt6k2adfh,73,366177,13831,3.78,354161,454126,22.01
pool189vq6ay0gku9tkqc2t3nfjk3n88mm23grmfas852jruw6fjlkaf,73,24842206,939308,3.78,19808710,25759488,23.10
pool1wh23dzv4mjrm2lv5y5k3pk9yx8dpggd63ma6duesvzvvymawpny,73,5290,199,3.77,5266,6968,24.43
pool1ahazpr2yz5gljk2m4q8g7wnmq7m2sr9unhdfmr5arhqrjnntwdz,73,73694125,2767830,3.76,66912319,80284002,16.66
pool1yrqqa03ea5fdh5hnap99k4actjtj6ypeeauuwrvf8d3zw9ywvye,73,201682,7570,3.75,198625,224704,11.61
pool10scv5quxduhrcc26wpurhk743dngspe8dc3zpkkam0svyx6ejx3,73,8979777,336728,3.75,8577247,9352394,8.29
pool1vxz0deezj5c2950e7arpzfqxzq8zd9kawsullrzjw5rsq0yhxgr,73,32000586,1196491,3.74,29207929,33708024,13.35
pool12rs385dd534g8gtdtmnvlhq63whdvc6vnuzxa5cpx843zdy73qy,73,13736447,513528,3.74,12595623,14395616,12.50
pool1pshqcksxywy68lt04lw6uf35f4yssekh5dx2mxqmyrukke2z5y3,73,47421686,1767489,3.73,44657981,51854992,13.88
pool1larpvn53yyufaf8fh89nrrpgruqcq8mgxrtdxp5y87cqse3yfg2,73,9543797,354071,3.71,9136421,10491581,12.92
pool12n6lycv28kjtkzecfz2a3uujyxy6ewuwjcmjq84my67psqmgagv,73,1570517,58211,3.71,1422730,1639690,13.23
pool1rx2745qj65qrgcutmpydv9k3ld930puq52t7skcd3ennqh550zc,73,10261,381,3.71,9278,10641,12.80
pool18vej0s9gska8c847aj95g9v24duuxg2g63d5cuqngnxew643jw9,73,71678462,2662700,3.71,62612103,75109102,16.64
pool1zkdc6ve9nndk7vxnjlalhqt4hr5h8auz5qzjk7lrjrqtv23yuy5,73,67098642,2486754,3.71,63365808,77818764,18.57
pool10qrz84cvz95zg8saf43ruhs5ulczuuqm2d3jn6d8xkkkzgzfje7,73,118038,4334,3.67,112075,121213,7.54
pool1h40kkf28nr3amhs6nsmqn75aderg6cutmygr47czu2dw2dxzvgm,73,727435,26596,3.66,699590,779079,10.20
pool1jslaut45plz6ek7grjyzxz6kzgerr7p5204h9sprh3msw6d8yht,73,913851,33322,3.65,864879,995253,13.10
pool1pemnlylem2e94xguhd3fytj90848kpv4agvr6rthx2tp58z79ek,73,17935625,654622,3.65,17107171,19521200,12.37
pool1wntxmftndrsj7y4aqles8knl3nfuyj22l83jun02yyx9s962gm3,73,103845,3778,3.64,99508,115713,14.01
pool1lr9vvcf5r5jgkgv5ly7z2lh068ymzg4xmqk5f8pu2k23vt25x7a,73,237808,8635,3.63,229292,250435,8.44
pool1wnpac2c9am0h3yx2luh9tlsdhcpz2tmfyqjm8g8f67afk7fa6mh,73,1474015,53377,3.62,1398340,1533076,8.79
pool18hpttrmc7v6nhjcywhdpymwzxv3y9kujzc5ne53jjdlf6hxa7cv,73,774261,27926,3.61,738418,809391,8.77
pool18q7axjzcrs7pd2vpmcgh33p0r5cng2q0v6ldw5vtwuhl6ctgmeg,73,663411,23964,3.61,638176,718015,11.12
pool1gdgjzmp96kk0d0sj482655wqlq8jtc4t9xw8xzfwfx4tjyq73hw,73,3785223,136156,3.60,3404370,3994115,14.77
pool1mkw6psku0jvaw60uqleul9jxlmyt2xet3urjrgu6735ryxtga60,73,99263,3566,3.59,87388,100697,13.22
pool1jyn6ynmz6qcpr48et0rkdk9j4vuyn6d0qdlsahc0jls8jrs708g,73,11622,416,3.58,11537,13621,15.30
pool1xaxps54m30n35fegcweum3c86pr7xp2mmcvfsd007v9ps9xu8js,73,5271,189,3.58,5172,5625,8.05
pool14gw9d5yhxf5t6k68tqvpa95hragu78yuyr7lm9gz9d9dx2yz9s4,73,12399,441,3.56,11697,12718,8.02
pool18c2qgn5fv5vfhsvqjvn20j943qjaegs0dylgpsmmwz2lx03n76k,73,146842,5227,3.56,143448,170686,15.96
pool1ex7p88tnq3d6d3dsqtlc3632tp2t8eurc352mwf9phu3w8n3vz7,61,388251,13807,3.56,290406,399484,27.30
pool150hft90uw7tzr9uvj7tqkjp4u98a9hl20llj3n9ew76kkfm768r,73,1735345,61717,3.56,1629143,1836080,11.27
pool1mh4ng2ldxk4sqfppzu6r4knxrk6e87e9c4wgrred84uy7xauzlh,73,38696736,1368452,3.54,35580827,40227690,11.55
pool1qrp4nzmalqdgc96avaqjha9zp6mkahtzler6tvuupzlvvw786qn,73,110237,3902,3.54,101351,112012,9.52
pool18zf8txwv8lmtpq2src8wrhz0pjut5qft8h5tfxnctwc95r7jvvj,73,18036794,637137,3.53,16237852,19024997,14.65
pool1qa6lqyu67ghpa0evxfu9nzqkj3h82qpfku82ec79zdwru4pd25m,73,43985303,1545248,3.51,40949771,47247729,13.33
pool1wwzctexlp70mj00vv65mlhwhwresn58s9x7jl4tswvkg77eu7n7,73,3182713,111107,3.49,2998533,3306721,9.32
pool12rruj0mjqzaf8ryg7ny0x77y80lpdxd7zh4kgg5zyy0r2rzue0q,73,5514,192,3.48,5127,5754,10.89
pool1rqgf6qd0p3wyf9dxf2w7qcddvgg4vu56l35ez2xqemhqun2gn7y,73,1233110,42970,3.48,1176671,1318196,10.74
pool1qelp62ghdjald2mfsmfd4k82y0rnd2e8udypc8vu58fwkpaceml,73,359,12,3.45,352,379,7.29
pool14f58kf59ec7ymk7mm5w07advfgs6a2guur3g5zyf45uvyvl80t4,73,99265,3425,3.45,97464,106243,8.26
pool17taqml487n9t4r9a6ppvf9qv0qlw2lu4zcrzwfdsfcv6xp7uqym,73,20130183,689672,3.43,19052353,21188042,10.08
pool1sm2kmdn4f9rat3kl67y9drqcnnqc34zg4f4ufmnrfaj45gcv89d,73,1488312,50561,3.40,1413103,1549804,8.82
pool1cyha5jsy6g06w699tw4awy2jw7gxj0azm38yzetr7zls7rkl0t0,73,27658,941,3.40,27420,31540,13.06
pool1caulv7s08g0jnptzdc69qycptacu7fzahny2epzh7sh9vhqz6xz,73,17226019,580741,3.37,16335092,18111590,9.81
pool1pu5jlj4q9w9jlxeu370a3c9myx47md5j5m2str0naunn2q3lkdy,73,5943149,200264,3.37,5706758,6225494,8.33
pool1dmqzwuql5mylffvn7ln3pr9j7kh4gdsssrmma5wgx56f6rtyf42,73,7762237,259316,3.34,7315665,8062289,9.26
pool1m4enp55hp80tf6xl7k6f6593wnyu3pr83xfvef9x3ktdw9m0em5,73,22438413,748820,3.34,20925217,23644253,11.50
pool17wsk3ww9asev7kfk9ktfw2cxcq865jq2l796aue66xldwx6cy82,73,347752,11612,3.34,338580,366512,7.62
pool19q034g07ka2ltwc3wwjeu79w29nlafc0w2ppne5ppu5wud60rgq,73,3797181,126935,3.34,3627220,3976108,8.77
pool1xzu4pva0k4y6geukd9uvvl3t3s8q8alzwahf575y5fj6cnkd5y2,73,2954992,97879,3.31,2826049,3170663,10.87
pool1k8w7ylxa542hwymnwmuumpnudz7j9ae582wqecxv9n24zu8fptq,73,15683,519,3.31,15112,16690,9.46
pool1wewygdzelh9m4m0kj8u70pmr957lxkzl8km4mttsrdd7wht00vu,73,227092,7496,3.30,215019,234890,8.46
pool1jx4ss2zjage3cw0wht3450328y82yeprmq4fr3e2qtac2rhezkv,73,22439128,737895,3.29,21093938,23503373,10.25
pool1935erruagz8y3lkq5fycd7jk7ye9ldp86638nntmmwp9558jmhf,73,11331,371,3.28,11084,12003,7.66
pool107attaqquuq5ne2ch0hx0qcnlkzzr2683s4gml4ywnqvgj6pak9,73,212146,6954,3.28,200313,222116,9.82
pool1z5uqdk7dzdxaae5633fqfcu2eqzy3a3rgtuvy087fdld7yws0xt,73,64073312,2101647,3.28,58826798,67687537,13.09
pool1lfvzgsrghmugvpym868mh29288ez0nncz680mamzjygu2jpuwcd,73,71562119,2343209,3.27,66288889,75991177,12.77
pool1k3qcz2ruwtgv0vduu6jhzu7d7uu6ca7sxz7lc3sxzwxay98k842,31,8691,284,3.27,8636,10219,15.49
pool1k0xrqp03mn9u3q3sadndd6vu9udl5v38xpzyw0shm8sskuxw2av,73,35948930,1177205,3.27,34528791,38221427,9.66
pool1rvng7n968748udkc5rxy4h9zp9hms4s3jsfwuues76ft28uc056,73,61777548,2020067,3.27,59017116,66244415,10.91
pool1ye4zrxf0w7d7drq5wmat36dlzq270dxy9rhgcwufnaja644vwr9,73,8560,279,3.26,8504,10207,16.68
pool1jeu74g86ys4fekhykqcww99kdsq3nlym8a6kfw8s8ff3vskad70,73,23912153,780645,3.26,22661983,25685844,11.77
pool1qqqq02jxq3q9j93devp9pts90ctm8w3r0rgek97ngujpjgpw46j,73,124188,4031,3.25,117524,127182,7.59
pool1nwt6mxqus3tpzrshky5h5kykz9rjpxmacrvw0z6yak9uk5p5045,73,22376520,722078,3.23,21114785,23543205,10.31
pool1ld9hkah2dkzh73pvh9tf6xr0x28us34msv3zcv2sase5vhvq962,73,14274961,457983,3.21,13778192,15319845,10.06
pool1fkfn8l8t09mplwpxkg3et39llpr5p7l63ter94hkj38tw6fnh3g,31,336,11,3.20,314,351,10.46
pool155cu3s06js3llfh07vnzepatfuvt3s5s7uwldt9rzz55wz7pugt,73,14392219,460949,3.20,13674465,15199333,10.03
pool1rkyc3ss904h066sffergss99r9p2kqa4k6ds0g4u5ud4x7yaajd,73,7411935,237457,3.20,7086064,7938889,10.74
pool1vhzjtcrcyzy5ld05mj8edy5at37x4g7du8uvvss037h26h8s8z5,73,578918,18473,3.19,549649,600986,8.54
pool1re8cmjt895tpx8dx2veg0cew5yqtxnt82sll03e433a4ugnh9w7,73,202969,6451,3.18,198054,225051,12.00
pool1zn9hjcmfddhcp2aj9xxuvz7z40rasyatkgavr8ryyz72qdfwtrj,73,19735444,627458,3.18,18780536,21045295,10.76
pool1tdsrw0n33gmy0mzh7cgtn9p0jy5xwjxaa2s26gn2ewf8kg4nrzx,73,68615875,2177030,3.17,65727352,72558979,9.42
pool1uzkf7xmg6p3p5nn8y0eknfgws8e8j94vklx590qra2kfxpsxwsa,31,3248,103,3.16,3185,3452,7.71
pool18r2y72aue5nmv489xtnfxl36vzusq95qst6urd87yd5hgzms04c,73,201027,6331,3.15,179897,205597,12.50
pool1xlphlhnjvfeh40vcqf9fdewztsj6kyxq6604kaccpv00umjfu0d,73,12956599,406674,3.14,12227001,13564143,9.86
pool1jdhjfcu34lq88rypdtslzwyf27uh0h3apcr9mjd68zhc69r29fy,73,19681505,613622,3.12,18451025,20681931,10.79
pool104avq7309gjm0fxms69yqusxy8zf888k4mamngg5vnc6vculpzq,73,26557877,828066,3.12,25366268,28057023,9.59
pool1whmm0hkxunyhxsr6dfjpx2tpvd05qhev820lx9vcmvqa5wjc6nh,73,65864729,2048085,3.11,63991670,72639529,11.91
pool14kd9lt3gsdhv48j9w4vgcufw0txdvz932xwh9dapkpv2c0j4ytd,73,26393,819,3.10,26046,30818,15.48
pool1apupv5qtfp2aa2xlrzzjzx0uj686g3n695a329nq8j5jvvzumz0,73,3891722,120679,3.10,3528468,3968669,11.09
pool1quj6cp7w4tarq7hrcdsjxlgcmnunm2xvnpvmj20l9nplue6rjxx,73,243112,7533,3.10,238626,275385,13.35
pool1xdgzul0qespnz56zzrckwf4hcryyql9ypc4tya2dlu9a22h43ag,73,289941,8982,3.10,280468,360245,22.15
pool10d6mmw3mn9ku3r7uqqye672dz3sv76lh5kvh5rdpr9l5ug5yknr,73,72779123,2248629,3.09,66930541,76320370,12.30
pool1c3ecg6h4m73a2mftmdm9mz3gxklxmnzuwzl9e38lzd4y26qcm8a,73,27921100,859947,3.08,26523979,29214295,9.21
pool1lxqewhueg4hzyad766zhdwsjet5348ww8mzejf6fprxaw8wfq5s,73,9317319,284950,3.06,8800635,9593053,8.26
pool1vwquf4wt465lhketcy2j7jwpz5l6l0ce6a79ga3y4wg7gc8egp0,73,1248554,37951,3.04,1180127,1293264,8.75
pool12vs4c3cm0tr49c7alrevfs0xa5g3s4al4fn46h33e69uusat04v,73,34274009,1037983,3.03,32800200,36823133,10.93
pool1nt65pu06tlggjeaer8862fdju98ddrrxa9wnw3k4lhfvgrrgt85,73,2851277,86274,3.03,2761022,3046508,9.37
pool126f65lklaqw39jgx9wl8klqtx99evewxk0x5yc2jzzp5wfs8fde,73,485464,14654,3.02,464509,514633,9.74
pool1hjjj584gq0ynqf06g036a4a0stpm90asrdfskpasqjxf5948ygv,73,2993366,89925,3.00,2950156,3318007,11.09
pool1l3u6jww4npkx2e0utcsmkhwjjgnp43w62exrqwzm8wudg0457e5,73,8884,265,2.98,8631,9158,5.75
pool1u4sxd6x0qsy7evljt24vtnyhpxd098n609sfcmly6c096mr3jgq,73,9432862,280471,2.97,8833922,9804690,9.90
pool1yafxktvszg85t5m20l8q8sufgcae6cxlk8cx96wrt8cdva7aknf,73,73936694,2197409,2.97,71890562,76303425,5.78
pool1g2htk67ngtrw5mz6npgu3tugmcuqfgu0lxm8m26d7x79w75xupn,73,357,11,2.97,341,390,12.60
pool1r99a6puhdv2xzcfw05jjqvks3xhmy2l4wsndx9hmhudvu4yevz5,73,73988943,2197886,2.97,71942912,76357781,5.78
pool1vev8z03vh7jwx3mfrgzrt9fltt97nupaxv8ffj4r5r8mgwts5ze,73,56066989,1653910,2.95,52768008,59945541,11.97
pool1dpu6kslgxlg3ccrwxldl8e6r7ylnq0yalafmucp0yc7k6qegtt0,73,8920480,261984,2.94,8486793,9226685,8.02
pool136wr0g23dw9daekuyqtgk366vywms6meespgpm3hdguxqczaaug,73,3633857,106151,2.92,3480854,3836722,9.28
pool1csrtagrya4hc5pectc20s8s7am3e6vpdjj6antqzvn2lgmm5afs,73,883460,25817,2.92,843971,933785,9.62
pool1n4fq4gw6snzqjep3pylj8dc6aaa4xgn78gl58k360dqdw6a58g8,73,2167359,63177,2.91,2134132,2670700,20.09
pool12fr472y9lwzjy055gpuvpxdy5slpe0ej20pykdeatl59zg9ren2,65,284706,8294,2.91,275321,296481,7.14
pool1xytvsd9qnvqxpthh9p8k85e823trvn3npxeur8kr9zhkqz5uls9,73,73788792,2129517,2.89,70664699,78119617,9.54
pool106p2jjwuwagq2as7cdzx4y6cyc2pdj7a3h3vv5cvkvnskegff3w,73,6729309,192955,2.87,6446000,7080832,8.97
pool1zga7fc8swn5l4rha04ddq07m2rc8rh9vxqmc56j4k2l2xy4lw22,73,422055,12132,2.87,400771,450179,10.98
pool1jayej3rwf5ynfmmu7583x3w2j73dcedtflgnazdezfn3kl6062x,73,1740295,49807,2.86,1624069,1774408,8.47
pool1c0xj2fa97zuz4phld87atg6yphz3hju409fm5xgnwuuvqww25qj,73,1387025,39665,2.86,1308116,1553925,15.82
pool1t50sl2erwfaey5du4e7gnp52fylplh5q4j24zkkxk9t5vsxfcvm,73,525481,15006,2.86,497281,538535,7.66
pool16wt6mzvytu9key68efv7cx6zfkqn0d9kzlnt746cyuv0zj3nxh8,73,292634,8335,2.85,286394,351894,18.61
pool1fwh9zp2hw7ppkna86n7m7ycgz66dnkdhhyqqahhv362agxj2u7g,73,72755,2075,2.85,69863,75165,7.05
pool1p8yn95k4wgznc38ezckler84ufc6kxemmsvptv74r3g4zkxj24q,73,872504,24750,2.84,838056,923450,9.25
pool1ezh8sewqgzy7267yvy0jssz8q7amce37x3dhmfl22j8lwz6wjrd,73,1447223,41067,2.84,1374212,1510607,9.03
pool10wcmpvjmmv7ph7cz2263f52yckvnnwu5kdppwqgu74s2qhe7l7m,73,1240920,35138,2.83,1193562,1281065,6.83
pool1je2n5smmnyn3lh92xrp8nepjyfp596ypga6pmdecwtcrcj9uvec,73,1725078,48788,2.83,1613678,1945580,17.06
pool1s3z5qsg75dar26ykyzcz2u8wc2swgq7pyp7f9sdh5n06qh3jhq2,73,6027249,169772,2.82,5721587,6219209,8.00
pool170028ak8q37qf4e5lf7z8eyuscgcrqgzn9lh58a4g9ngzd83a0h,73,1158416,32445,2.80,1139878,1256019,9.25
pool1mfm9nf0fc2wknc94dxyedny3vxtmv4t05arq7czyxsmg7qcy76n,73,1854,52,2.79,1712,1888,9.30
pool13zq5jktx7xmngfer82nkrs8aqjklmydntxdqzttas328yuttgx6,73,690777,19221,2.78,668822,714248,6.36
pool1j6jx6knedgcysdyjcdchlq9hcmhc062jttck9lav7a8aklta6mk,31,1854,51,2.78,1790,1894,5.50
pool1t8gjk7jzvujfv9s8q992e6s7tp8na0q3j62g7s4ppzfmccus4jk,73,3004278,83321,2.77,2900306,3199984,9.36
pool1c89d4drtwn0048mekkdkzllz559ahnntxelyw2mppxnmc36hjlx,73,33697385,934974,2.77,32566605,35084894,7.18
pool16w2mssm03rrk5jzkcvxyma77zcxx4vsjhwz77hka33gnsk9j47n,73,2161,60,2.76,2116,2238,5.48
pool19ejln2jcpg5dphc8m5nh8sya49sycsqj0v2cjxw6nku966cc8nu,73,14738463,406119,2.76,14422910,15545719,7.22
pool1h2vtxz36m93e2dw9mn4luh64372t794qsjcpgt3fqpnycc8qh3z,73,453279,12517,2.76,445263,486628,8.50
pool17wph2uu643wykezxmm3ef3a8shg3hwyq2z0sgpu6r9sc7um83d9,73,48455,1334,2.75,47176,49926,5.51
pool1hkpgddlnya3pgktj3sxdraa8x8400vhaphcudvym9ye22esak43,73,13608016,374105,2.75,13145139,14293414,8.03
pool1wrjg8fts9cus0eq8jyf5wqsfe64e8tvrquxgff3tyze4qal4hwq,73,162393,4458,2.75,159890,172920,7.54
pool12f2r9xf4wvht030xwjhpjvy5yptr275qr2qcydnx57jkxyfzz2w,73,504486,13826,2.74,474298,523540,9.41
pool1wn7g7fs8nhqnkkzcafzucl6x6spa6rj980kkkg0rcnyajg62lur,73,505,14,2.74,498,530,6.03
pool1hcg8sa642l0xeygkzvpgn3sfj5s2yeuzpws7a0gypyy7grrjcje,73,113948,3103,2.72,110581,117424,5.83
pool1qzlw7z5mutmd39ldyjnp8n650weqe55z5p8dl3fagac3ge0nx8l,73,21460810,580746,2.71,20764501,22551993,7.93
pool1hkr5zcthjvcn3ffncc4jqk5ctxxfrk37h7uddqnvxd4cu872nrt,73,6136430,165647,2.70,5872316,6388537,8.08
pool1upa4pa4qmcgaps4uactx9eas44rfwk9h0rxgua3l4xnf6wevfkt,73,1534118,41206,2.69,1465201,1567528,6.53
pool1a23gmvalpdams9d42t7fur8vmknzjv7wd3nsvuvrc7dv66lnau0,73,52583407,1414771,2.69,50084446,55058508,9.03
pool1jj2hvts3ryffy5txm7w0am3zt7s7sehdf8rrwfesjmr7shv0mgl,73,5767578,153140,2.66,5473554,6043921,9.44
pool1jm8s3r3xq4kpawavy096rqle964exle3lxwnpvx62wjnwadwd5l,73,167279,4454,2.66,162660,172730,5.83
pool1lqeg5d3jpwr3nvra568nk28sr8lttyr6cf4yyssdx6qtxea9nmr,73,402783,10577,2.63,383417,414321,7.46
pool16fa03u6u85ek2q8lryqprngpahglssj5qqh66pfaxf34vgu5rhl,73,352659,9241,2.62,339701,363888,6.65
pool15ju4ktqmtha9vry4mf44hr2psf807n4achj76z8uhawgw9462kx,73,705631,18326,2.60,690194,740868,6.84
pool13pt7us94nw782t5v4d89sz8zqn8hcn8r8r7hhph5mvxvvp3c76v,73,11857500,307788,2.60,11384649,12371141,7.97
pool1ncg357pkgx29g6jrwunk94pwxe409ktxyrw8s0k66vwkc4qdgnu,73,2199668,56944,2.59,2085372,2275741,8.37
pool139ffqrvyqu9sgsekk3pu9t7jxx872w655vses7d4q4sxxyd257a,73,65800,1693,2.57,64116,68409,6.28
pool1qhs3cf9ymc2nvmrd2j8cs36cj9jdqgnqk6s9ngyvy2lz5s8rak8,73,330001,8387,2.54,318649,368952,13.63
pool1570nv2jeglcq92gg0qmkyl5dwg92mj4374j4c7eagx47kdm0r4l,73,12820,325,2.53,12747,14722,13.42
pool197rexraxmzk5mv36h2yfy8p4lwxzlqyenjk50r0q8dchz4gp26j,73,44382,1114,2.51,40641,46256,12.14
pool12t3zmafwjqms7cuun86uwc8se4na07r3e5xswe86u37djr5f0lx,73,74156019,1825228,2.46,67802425,77957322,13.03
pool1xmtmp6cmmmaatkn3jd9dlht8xjyf7xnqmrurs59kj2ygxuz2jkd,73,1078212,26372,2.45,1019002,1108190,8.05
pool1ty7lh3nvtwxlcpqg2x30fkr3j9ys6nprztr9m4zp3aajxyjk2vz,73,10100005,245481,2.43,9475142,10472968,9.53
pool18t0u9vf408ftjf9xdpj47gdwkeq3jz3jqyshumm7fvtfkcq7ul7,73,1668180,40592,2.43,1645466,1802918,8.73
pool1s6se64qce5rjjjhh6ufcdnc54p8qg78mlhjm38lymx99sqysvzx,73,56591250,1373510,2.43,54848531,59552012,7.90
pool1gwnu7f7qgaruxph8gn3u28qphvquvnj63elyd3r0nndacj9g9pa,73,23524591,570366,2.42,21723358,24128209,9.97
pool1nydxffhrmpn0ft6wpg4l6cwp2jr2glxvx5hxr69xknl0s5p603w,73,1684,40,2.40,1606,1705,5.82
pool1wyfau3rlkckr3clr4mkyxn9vdlrkup0fj7uyyflfccmms24gm3a,73,18200550,437697,2.40,17439887,19098449,8.68
pool1hc8y5s28zah72qsnnky93zxqcqcrvav7hz2l3sdj5gk5znztcty,73,416850,9944,2.39,408614,442992,7.76
pool1xxhs2zw5xa4g54d5p62j46nlqzwp8jklqvuv2agjlapwjx9qkg9,73,14767876,353095,2.39,13998450,15666654,10.65
pool1ddg6t2h9kj6lqlec4ncjs945lzj43m3ggrgdhf5sgzhtygpkznz,73,65219576,1560137,2.39,62882710,68922075,8.76
pool1ktgug7wwf9k4hcsuk68ftkh8xs5n0333fzxyw9sagz8njhlskgm,73,1492464,35474,2.38,1461966,1573304,7.08
pool1zd5jmdvhgcqja28at800tle5qltucce5979x3jgdv0g9qcmw268,73,272,6,2.38,260,282,7.67
pool1hqlvn3qndgkne52uhe5347nlysmmec73ys9vduk96rs4jzjjyxm,73,32,1,2.38,30,32,6.81
pool1e96dkrs5msjuycwz4mf0kq6fytlz0x48mnrur5ggufqkzs2a4kp,73,108356,2564,2.37,104852,114497,8.42
pool14fka0t3prjrldjkavqc6vs0zyngq7jw9edek57js94g9v4r25rg,73,4821,114,2.37,4601,5042,8.76
pool10q2fhzwe4f5k2llny65z5z2fuhrpk3x56fdc0782djdq58p9uee,73,2370256,56070,2.37,2305885,2545103,9.40
pool1749t2act40esvfj0w0g0ear7l3hrnjfc8l5rl8eznuh8vunjl86,73,12208,288,2.36,11990,12581,4.70
pool1llxh8l0h8g9ghz3nrzh7ndvev4x43vnk72nsemzm795vxqs6dp8,73,10535776,248510,2.36,10130575,10846805,6.60
pool1yuq5ck8d6fssa3ju004wn9nap3ll06hd60a6tau4ptj8sqhtgsn,73,284187,6682,2.35,276769,294942,6.16
pool1n5ytegzw3enscfw4t8wsjytrz228agvm9c3xaarce7pgjzftdtx,73,161392,3789,2.35,159190,182591,12.82
pool1srdjughnhp8xnn0wlf7gj7v9k8lmzl9ht4vhksp5qqc66fnpccj,35,497995,11609,2.33,479906,521051,7.90
pool1fu69ry8k9qxfque9hng3lxcq7g30pykg38mtahah8x4mzpgls3k,73,380021,8819,2.32,368772,401584,8.17
pool1hxdcr4u22lytge79hr5hds39e90jsdmhafphdgnn4hlqvl4qlt7,73,95466,2219,2.32,90102,97946,8.01
pool14zdcvdec8qmqzsat5wg3a2h9f0u5yzrgjew534z8u3gs5durnjz,73,33941677,787276,2.32,32636284,35255173,7.43
pool1wggqaqs4pw2l4vml0k0p2kmvpq7pme3fl6smwc8cjjhvvuun9ww,73,24278,556,2.29,22141,25270,12.38
pool1dxwgzj66pual956mnv9delkelg873yvgr2dd8s279m0hxqvr475,73,51682130,1185921,2.29,49525260,53692893,7.76
pool1jz5ljsnj4fzmk84j0wcw9ldy866dn07nzqg2ktyuyjvfvr3jgtq,73,33108447,756367,2.28,31118464,34714738,10.36
pool1pfprlfz0ywcnewjegazz05ghgcfkvu40v6edsz6yn8w362sdjr8,73,27923928,636848,2.28,26853303,29092732,7.70
pool1fhv5ptycez7r7lpmx9qjt3s83flpegzx0anynun45rlhuzn7kwk,16,50,1,2.27,48,51,4.68
pool1r7tn56lj5j7te7zyj3wvqn0wyw8tr3g96chw6lwnqxjmgggrfd8,73,75750,1709,2.26,70539,76306,7.56
pool1cj2uh0ylps28czcjslnz85v2zyf8mld0w5tuqp3amxk4jjwfkgd,73,37919,852,2.25,36762,38990,5.71
pool1xftlxx9slpz59thcgtwgdj3k9e0ntn3p4qnmzs3r84dkx0hccjc,73,24219665,545502,2.25,23123156,25131292,7.99
pool1rvjj8cp3urh7de07pm0ceqha2x4lxws69lhd4429dm6djfjsy4l,73,27104631,610608,2.25,25631008,27982287,8.40
pool13s6u5zjngelr5uddhqygqqf5tcup0g3ajenma6amy9zuu7e97gm,73,282916,6308,2.23,272771,291661,6.48
pool1tkexntwvhg0fqs2xnm7xg6ljqzjkpk0pl4nxxe3nf48ux8nucqy,73,65757,1447,2.20,63045,66564,5.29
pool153sc4fct34a680nyfj4084w8dpax6c0zt0js8zqvg3sj7wtk486,73,24156091,525411,2.18,22517044,24766713,9.08
pool1ekcsyzwexl7p2kwxxh34hy28l6772vrmff7jwmuxsa6u6fzty9z,73,75383963,1637351,2.17,71509968,81200724,11.93
pool1q9kwa675j2z53jecrs6pn3fqsc9ypxrsypu5dgu6hammqkagy22,73,7090867,151801,2.14,6910326,7357211,6.07
pool1kkfkdces5mdcyc9dn2hgg3463jggjvw3h89nejjarkz25uavaqu,73,15892140,337610,2.12,15079063,16373407,7.91
pool12te7g032e9dqjqe5xsr05mrk7xs9ve4w6t275cda7e9quafr3zq,73,132,3,2.10,126,135,6.01
pool1r2z2v45320taq385pny6gz80hyq3rsue8r8n0w9zpq0c7yjl9el,73,1031,22,2.09,1019,1069,4.65
pool1z39sker5renxhep9m7z8aae2yh56940gwykptfcf053473mwy8t,73,392333,8173,2.08,381247,403173,5.44
pool17rjst78s67lvellg8s586rf076jxa3wnsdz730f4xk2zwuhrtej,73,72792112,1492506,2.05,67753557,74723438,9.33
pool1zmfpd5r5vfwjmwm4cgy53exe58h7plnecny3t4948yw7zumzp4c,73,17897816,366986,2.05,17256004,18884354,8.62
pool1ddgcpgjcyawxw95se9x8qnc8gxgwjr4fqrk4vk6v9x47s0ggpjp,73,5057651,103419,2.04,4896232,5219824,6.20
pool12g6gfm5c4q7rzwwxdmh0xdxk07tyvujp6d9tke2m46k7q7cz7p0,73,123397,2523,2.04,114244,124544,8.27
pool1g0nq3m3fnvd245k4favcvutn09vce0yshg535f68d2xa54vy0cc,73,10718462,216337,2.02,10505231,11156904,5.84
pool1qcu4r9rw853pyvfznfeujfzxlku4xtvp8cas6c2y79hvuy22vl4,73,22896,461,2.01,22168,23580,5.99
pool1x5dfpgp987e4jhxvgczr3wv50nv2pwd873tlx3uthvcasm422q6,73,11451399,229910,2.01,11014698,11740608,6.18
pool18p7p752cjnf9z8g70ygkre5cstwmgfatzuqm0tm3n2xf739j8k8,73,1899737,38157,2.01,1815716,1948517,6.82
pool1jq7r3evstu2c040vlry8tgvpwf0mfvft86cxecwjpwcuvvqfu2r,73,33219442,664734,2.00,32430218,34947850,7.20
pool1pu49urd00qf9zzeghrks03tvszzvrdzecw649ag5dwd07snx69n,73,30005,599,2.00,29042,30551,4.94
pool1lum6jezln4dtxsvjgagnd06uavwps9ntks9rk93h7spzkgyzu9w,73,7034,141,2.00,6946,7359,5.61
pool16jefdagcsgzyek9jytzfezx5ajvfkytjgghaps64hzz6uzkpc0e,73,6036690,120333,1.99,5818063,6207695,6.28
pool1fkg3cr9en57ccsmnde20eevkaeu3elp0h4yyqk3udkkxzhl70ju,73,2332428,46386,1.99,2317799,2721712,14.84
pool15yyxtkhz64p7a8cnax9l7u82s9t9hdhyxsa3tdm977qhgpnsuhq,73,67491341,1342912,1.99,64665773,69908492,7.50
pool13pclvkwxee4znt7qc55k8ny89zvdkvfrt04dtd99zjm5vs2tws5,73,27934909,557198,1.99,26912580,28697087,6.22
pool1mh5qagd86gndurjs44k9dwurktdr7rra9prm5wwf09c77cwwaqw,73,10274,203,1.98,10176,10688,4.79
pool166dkk9kx5y6ug9tnvh0dnvxhwt2yca3g5pd5jaqa8t39cgyqqlr,73,47199741,936774,1.98,45302720,50066411,9.51
pool154sjkrwdu80wp6mnjvkwk55aj53l4v37z4zwulfak74vcxg60x0,73,243979,4809,1.97,233236,247541,5.78
pool10p6wd9k0fwk2zqkqnqr8efyr7gms627ujk9dxgk6majskhawr6r,73,5559466,109352,1.97,5335463,5722919,6.77
pool1vx9tzlkgafernd9vpjpxkenutx2gncj4yn88fpq69823qlwcqrt,73,72841483,1426187,1.96,70109520,75107247,6.65
pool17ajuw0arwq8klfe4xy8tcqj4yetp8kerl4amzn5dsnne20wlnsa,73,35911,691,1.92,35265,37112,4.98
pool1mvl09pgsejrudghjhq79qurugrvqy3pceznp7f9vz63n7ku7jqx,73,14165269,267493,1.89,13490208,14488105,6.89
pool12e8xz54gjtcz6dzkhua9uq9dp23cqcmf6xc4929t4ep4ketccsm,73,32163,606,1.89,30839,32909,6.29
pool1ea568m9q882n0tx5d4vxff2dmz2n7rq5h62hx5ystq625m4tcfu,73,11957306,226156,1.89,11578954,12303289,5.89
pool1tay8z4sq4a4gmyhnygyt0t5j84z8epwjra06wq28jnnmschkkuu,73,8026,152,1.89,7831,8536,8.27
pool15uuf0sz5w0kp50wmflxml8ffnz880402nvj54e40e7l8x06y5e6,73,42531,799,1.88,40647,42865,5.17
pool1nyh6jcznks8wvlek7r7rlvg9hfchfqqyvup39ugkmr6kghrl0as,73,172682,3234,1.87,168024,196283,14.40
pool1z724xxqgzf9a30eejsa4edznmv8hgy27ssxqfcpqz42sc6lfqwu,73,555646,10307,1.85,540310,568576,4.97
pool12cmz6vtm43tztqck4xnayhpmeml4ljxutvuexhwgsvrpwllnscv,73,9076,167,1.85,8899,9391,5.24
pool1hqwxta8p0j8ffkyle5mf6yg80tucqzh8q9mszws60xe5ja06nwa,73,3824070,70071,1.83,3720498,3940937,5.59
pool1l0m820vyqh5pp2yzpw973qzz23neqqd977u0uczh9fs9zqvg0je,73,73647441,1344313,1.83,71532855,76906486,6.99
pool1p9sda64t6l9802tsu2fj6phvt9xfqgcpjucyr3kek8wzurmn8rz,73,990690,17932,1.81,951060,1016346,6.42
pool133p3wvahj3gzh6cv9ac0ka9pgmltrzs6lt269aumqlkpzhkd9re,21,546425,9830,1.80,520180,556761,6.57
pool1w4cetqsly2cz9fq2te95tnk2r56mh6ew6dmpyfctv2ldv8xuj9g,73,73889129,1317661,1.78,69214043,75073861,7.81
pool1ju8f57hyvaa32tp85r468kuedvmjmcy56f8u9968drea57p50l5,73,69540357,1238934,1.78,66034401,72099314,8.41
pool18ufrgfgmslekdxnk9v9345qvhrr7vfgzkvneqtwm7unnwaht6ww,73,74796476,1312991,1.76,71741181,77353861,7.26
pool1wxpzjtfr79pdfs6m6vg6xmcqjh79ff9d6sgzfdpvs2q26swahew,73,231502,4050,1.75,227866,242079,5.87
pool177ukluyy3tq6mphkp7kfpe6ku48rs8x48le7y23quee0xqmal06,73,138025,2408,1.74,136190,143432,5.05
pool17r3u34ywld6sehe9dd5t40ygq7rmc6yfw2k0h0hpllznwlmwsnn,73,311830,5420,1.74,303306,324258,6.46
pool1a44j6jas4sjhh3qc96r8rmhsdjxjuntuzxr3440jzwjjcysl9ca,73,189687,3272,1.73,184939,193612,4.48
pool1ljqjqskd4f4zekzddw204u5xtzhyz2cllq5v5dmn27zdwf9c70f,73,74372327,1279549,1.72,66666374,75319666,11.49
pool1wydmv34dnmz4ek9s3p9jwaslwuutfyt8wlxt0mkunjkcufznl97,73,514,9,1.71,511,562,9.00
pool1al783um2muyhrpcj779y46z0qtnd0nteu0y5jt7252nl26dt0h0,73,109969,1875,1.70,107272,112094,4.30
pool19lz8nyz0jjpdrdtnjaar4untk4th23gpg5s7aegn7480zff4vgq,73,30780525,519989,1.69,29823365,32000898,6.80
pool1lxhlu48gq0606mj6k20mh56zz804zf7narxvmty4pd3mgee65e5,73,210976,3533,1.67,207752,225624,7.92
pool108zdflss3ayqlm5c7vr6mtqj2uwl99vk28ur8dv4zswdzt6yauc,73,45696043,762065,1.67,44805360,47522277,5.72
pool1qqqqqdk4zhsjuxxd8jyvwncf5eucfskz0xjjj64fdmlgj735lr9,73,66701393,1112445,1.67,64401298,69500797,7.34
pool1qqlf3epa7m8780p2jx5689u2ql06tw026l5377tptk2zswrc645,73,5122229,83886,1.64,5026021,5311920,5.38
pool1k99yncea8tq9pfeks3yymyj6fwjf4apx0s490j09m4y66vtyufr,73,1735648,28480,1.64,1660706,1813705,8.44
pool1p7rhyhffkw7xewl8c2c0dlaa406q7qfztg2hxa3aw4u2uaqlqla,41,1276,21,1.63,1272,1406,9.51
pool1n9vs3ye3939ae8x6jfkf0unksj7q05zgsk2fnm8lhve95w3j0rs,73,1393,23,1.62,1354,1483,8.65
pool104ylwjrxvrp87r7769d6g6agu0ydxsn6hgmqjdsrf47e6j2ek46,73,146896,2352,1.60,143581,159372,9.91
pool18jrsaddmrwtrdycydmk3zv0fxawnv0q8xh7f6fyp2r247zz9tc5,73,1428810,22841,1.60,1397069,1472215,5.10
pool13zh79cqv3y36cgknzagwegp8y0kuzel2j046jmup97hhjwk5myw,73,3636,58,1.60,3567,3689,3.30
pool1429egqgv60r3nxlp6cvs08qcffv7duddjvyjd0pt6wzhj7akda8,73,3622203,57721,1.59,3563889,3708845,3.91
pool137cuaqqktk0rhh3a9zj4rchr75qm07pgzgekprle5qyq2xk2nzq,73,248744,3960,1.59,245859,264086,6.90
pool17mr554wv653z4ttr3rydt5dsxg6r28ysu5mlz9cc5ax32gsleh9,73,498767,7907,1.59,490027,509838,3.89
pool1wccveh5l4gvns7egngqdd4qk27w0kxqc68jjrnnkgjxz6zwt7ws,73,126908,2021,1.59,124341,130728,4.89
pool14hhs6ruwnuaf4fzsmx89mvmjl2qhyy5jnzyk2le03886kj6z9yp,73,3254894,51279,1.58,3185680,3327439,4.26
pool1js570lkcs6t3pwsj3eda0zz43mc5gm922ae5rdxcfn84gu5uyrg,73,1629344,25539,1.57,1603903,1664138,3.62
pool16tcjctesjnks0p8sfrlf8f3d3vrp2fdn2msy80sgg3cdjtayu3z,73,7383470,115650,1.57,7196906,7567771,4.90
pool16agnvfan65ypnswgg6rml52lqtcqe5guxltexkn82sqgj2crqtx,73,74508891,1168758,1.57,70288517,76226455,7.79
pool1j8grqucdwwcr0cwzxrtw30vqcptg0jdlrmauq5w7ytvqx6nf5np,73,3353547,52619,1.57,3272735,3429205,4.56
pool1wc2vw2x2xu2van4acthhk08xtucm8ddpuphmw0ahnc99qtz4a64,73,10354,162,1.56,10235,10570,3.17
pool1y7wn47wcnqnp5xvxp67qtmkhjyzfzhc94k0kjc94xrp6y0wyaxe,31,30019,459,1.53,27964,30492,8.29
pool1ue4ngerz28nkpstsr5p53qvl5ulq3jtmllj4my0d0n28yyrn4l4,73,11391975,173544,1.52,11266541,12029528,6.34
pool1fn8mfqp4jt6097ygqrze5rjzg3y5s8fktxszqgs9mg22jvr42dx,73,138246,2084,1.51,135366,144083,6.05
pool1es67mveksd22l9alfh5cht6w2krc7lcrq3zvxcpaj5hwxgmhg3m,73,1351064,20297,1.50,1320112,1377196,4.14
pool1jhca0ycgclhc3ae860llt8fwtgvkw4p44m0khs2df5xawk4kx8t,73,5849,87,1.48,5828,6206,6.08
pool1hwlghkwnjsjk8370qt3dvp23d7urwm36f95fmxcz3np2kghknj9,73,6277154,92259,1.47,6130694,6426218,4.60
pool109k0t72eh8txza4ptnagnfyqkjnmfe60afmtm4dvj9lz7dy78lh,73,403336,5871,1.46,397093,418109,5.03
pool1uup47u5lmet469pmaym077hvewcp30larj9ugap8580uya3rtuw,73,827,12,1.45,820,848,3.26
pool1her5uyhxcxeyxws60jrft4kkczc2uxyz3z2sq24582z9kvwsng0,73,8505,123,1.44,8444,9076,6.96
pool1nyjw0460ww5qjtpukexuywxdz4lzhy6tm7yygn74lnlcc62hnc8,73,15131100,217025,1.43,15007759,15507859,3.22
pool1aum2mx8ds554pfm45el2wn3lr7lsnphlggxzhk3qlpl56qnffm2,73,1344,19,1.42,1317,1385,4.90
pool1jqw9cv37w0eewvdr36w2kacd2w9wh5uwm2y3vmc0fmdfc0ax26l,73,649556,9142,1.41,635416,664749,4.41
pool1zfhww5y28t303z6uyq3w47pkhfmxww9dsn89vrxteplg2zjkekl,73,1035405,14599,1.41,1013400,1052032,3.67
pool1fxlf6mqxeuptm7ztwdpp2zdwm7tsfcy3fweu7euyf6aduuh6u42,73,50999,718,1.41,50333,51832,2.89
pool1sef3gznduge5q2e5wcjzav2nuk7nv07t49wsa8y0wy8m2fhjfj9,12,82437,1163,1.41,80695,83969,3.90
pool14cq4fchmmqjygwjw4zexmqqd6a7caxptjnvseyu6wanjuppv4vk,73,75838775,1071062,1.41,72653680,81707124,11.08
pool18ytpk5m7fun45j9julxq0x06dcwzmfdads3ha5rmp3qqqd5lreq,73,1008,14,1.38,1000,1032,3.10
pool1mgpzhdjucv0hyyndzq08la7m5h645wmsat35gxy9fv6au9k7eg4,73,1006,14,1.38,998,1030,3.11
pool1gdyn4dggh5c9yn5cjve3dlljjkpwzdt2g4au8aszgwd6y97wde8,73,38723,530,1.37,38232,40228,4.96
pool1ayfjmnrv5vg6tfducvysn360re6qfwuv2rhc4ph6jk33ztuxlhq,73,535542,7308,1.36,526160,546912,3.79
pool13crd2ljx87988umk22er6ynwadfwdqupdpcq6prc6v59z62kxse,73,38918193,516107,1.33,37462066,39965038,6.26
pool19rjjay24ez2ezgqkyqvna6uwc5ur9lt489gwvrv7ve5exlcld3x,73,1466003,19241,1.31,1408768,1489559,5.42
pool1py6q7y3f7jz60mt5jhsrdx6lqtuvc02chqgvwzjzayctqhgzzge,73,5438239,71066,1.31,5291863,5598240,5.47
pool1nwcu3al5vfm7t3dtvyuu4hlmlvezd05c5v386q90hlptks4mqw3,73,678203,8788,1.30,668594,699074,4.36
pool1v9z04yz8cs2dvnmvfp2fmuhfvs8w784x6w6r8ah9xanugdzlmg0,73,4465,58,1.30,4429,4559,2.85
pool1t9m69j5thv2ke9jt9hhsgxlag44z7erp2s2ukcpruwhwqarc9np,73,4114335,53423,1.30,4020337,4168679,3.56
pool14skj6e4rpjanzclx3fc880xnl8xafgg63tmw93t9xspvwx985qu,73,51702204,659847,1.28,49942952,52607087,5.06
pool1u7mqtde27swkarngjsn5mmw3sy20zavlafgqkmg8qv2n2nwga0l,73,17000748,217610,1.28,16688031,17322493,3.66
pool19dn4vmk5ayatdjshpnyvxy6w4fef0zfl585sfpls6l2wvn0xxjn,73,38844,497,1.28,38761,41787,7.24
pool13rcsycq8h085yfu7m3s48gqf9gsxg26fp89q27e3l788k8xa4ea,73,7266,93,1.27,7222,7537,4.18
pool1pgmuramw9waw9ckxsvpxmcn9p6fd4xl5jmavu8jje0x5vuc00l0,73,5281540,66731,1.26,5158414,5390592,4.31
pool1umflj8hjq873fs9r6aq2zvgs88zrs5xjswn2znkdaehlz2eqy59,73,351873,4432,1.26,335840,360798,6.92
pool18mege8wvzzdvh8cxx6ncnqyvacl4lxukw495c87xmz8qcdl6lj8,73,704521,8847,1.26,690965,717782,3.74
pool1a44zldps27avv82mamm2lj33mrrkqdzt39nyrgn5dkk3jtm0wrp,73,786055,9881,1.26,775543,817251,5.10
pool1dqlgn7smehsnj5ztz8almy2036lfhrdjv79nmg9tmje0zzt620h,73,1938910,23789,1.23,1911199,1975045,3.23
pool1q0memmdw4ktr88fkma53tqgkaqeq3wfc476le59rped4cu8tn4h,73,2831995,34585,1.22,2776370,2882664,3.69
pool167zl76srpt5a2gthpsq0ye9z4fpray5vsh7xyzcn63hd5mnw7fa,73,9551101,116549,1.22,9369230,9731377,3.72
pool1py2uxkvuj926h42s40wxl26dh0ggaq882v4m0hkd99m86vzmwnz,73,2551367,30769,1.21,2452787,2603758,5.80
pool140x77a7cz2j689lmxf836qpjtc3y83rka28v6gpswxdw2mag62e,73,6274302,75455,1.20,6058954,6368124,4.85
pool1ll5mu4rgne203spelzdgrse0v7yk9rfzkp243rtt60rgu8mh3q8,73,58801,708,1.20,58518,60795,3.75
pool18zn7wa345uytjgds9hypn3jugnzqtfm4cny7anskkcmgwwxtwca,73,357647,4299,1.20,352858,370299,4.71
pool1qpuzf5kcxrmuf6qg2nnu9cs7hj2d6ke3fwz58l7rlefcy50caaa,73,275271,3270,1.19,270523,280981,3.72
pool19w5khsnmu27au0kprw0kjm8jr7knneysj7lfkqvnu66hyz0jxsx,73,61006464,726517,1.19,59668257,62641944,4.75
pool1hsq2jrulgj97tna2femdhsfn2wurkkwt8uk9uvs42h9zs0a783p,73,24022713,283120,1.18,23692234,24543502,3.47
pool1jzzacpnd5zu5ys29v4qjntf50vvdhn69wt2rpdquweclzayyrkt,73,424569,4998,1.18,409525,429212,4.59
pool1ux4es4p8kfq3u4nax564ukcte2vzepsz68dkgg24k7l7xh5786v,73,12253,144,1.17,11972,12325,2.87
pool1wlzug8x3xu6dy60pdj6mrkcpvc0fa0cjje6fzxegl4f8ua97dvw,73,101843,1146,1.13,100787,104460,3.52
pool16ajaae2n5lsyr4f9k9uz5y8tpf0996tw640dzu7chwp2wdrnz6a,73,75226507,845122,1.12,72549520,76638714,5.34
pool1lq7t0qg273vp8t2wzmeyj7sdq2vhu2v87jjplgurpfxcs9afnr3,73,7306285,81117,1.11,7237074,7400615,2.21
pool1gqk5pzqmrc9c6030m5sj2s3560ymm5ymq3hqjmz6vfdmx4mw5gs,73,276639,3047,1.10,272185,283611,4.03
pool155p7g23vdme50kp5lfqylfx5h7ndldyz2mletvr8fqucqzyrk44,73,74139519,800260,1.08,72387317,75363639,3.95
pool1zsyqzr04g5pr3nv7vfk8ldc3uf0xljc8yftdsqpxxqpychpxj65,73,611125,6578,1.08,597587,623511,4.16
pool1xvfzclnwf0jyc9ekqmamshha9dmw8mpzd9ykgxjjpxnuwdv6mzk,73,67441,724,1.07,66572,68444,2.74
pool123fz95jxlu2fgqteredsqxml553rt9lsu9ef352kagm7qlejem4,41,8309,88,1.06,8284,8618,3.87
pool1mcwcfl96ew79rmj4zxehr33p55e4e62dt4whyr2vqesswp9mmvz,73,4782064,50822,1.06,4621843,4891657,5.52
pool19frt3kaxxk4vr4x3wnaapntu0ul0dsesu77wfqaawc5h5ffgfgt,73,849885,8976,1.06,837891,866830,3.34
pool1u3v7s93f2d968a8kce6zgfmckfx56ly626jkml6jv7tgweplrn8,73,12223,128,1.05,12097,12352,2.07
pool1vdh6kxcqt9mxavyv80ggnec6jjwms44ms30rhle3lt266aj8jgh,73,26708186,278431,1.04,26248959,27245564,3.66
pool1wz4euuc8r3gfya335gvpxl2nuajkvkjh3d6ylm4w83wcz7lqxc6,73,538848,5621,1.04,533666,552790,3.46
pool10p3g22454ly7eaurlur5wc9d9ual2fnfwy7a6e7k09z3yf929k9,73,6078177,63316,1.04,5993888,6193631,3.22
pool19ae6xhzsscypyha0sszv90xwjsh20hxecxjpcqynshfawvwxqnn,73,4595616,46926,1.02,4540568,4661549,2.60
pool1u2j98kgj8uj7zr7g3deuezfv7hzv3ercnetxd5c9ppjh23x20qg,73,47156,480,1.02,46759,47759,2.09
pool1ut39vczq4h03vpzfcn7ssxa04qzkyj8nxu4nq4rfv0nsxz39c5y,73,263748,2672,1.01,255874,266010,3.81
pool1gvnkmpfu26vncrmhj6hr792kwu32hw553upadcphjwu4qewj7jz,73,985816,9970,1.01,970642,1004732,3.39
pool1fpu5xurq3jx5rn626ejcx0dzzzk5lmtvdl2qkj9l4kw2sjp50dz,73,47956868,472835,0.99,47430444,48809904,2.83
pool15zvek3jke3z2uml5xeztl6wt56zuye5ne9caadz8mjn9ykyuu8n,73,24873,247,0.99,24764,25427,2.60
pool1qkd5y9azf2xx0gmrj68lrkcn59ldjmnpzd3y2rq3tvjp2vqljan,73,10597600,102181,0.96,10471278,10971493,4.56
pool1ftfgs9lp0l4l07glvemrzu86pqvxrvzsn85lc3hathlq5ddsw49,73,125752,1208,0.96,124984,127920,2.30
pool107qfdeg9wlpt9yntg7650kzval6ahl696jr2ca20763ukzr0tzw,73,346070,3285,0.95,341577,350997,2.68
pool1zwvfvst3jldarh3sgjn07c3vk5yw8jz6p9m9xty5cakgqed6c9t,73,217,2,0.94,215,220,2.37
pool1dj4l8qma9zzqqzhsawdkvxrs7qyqyv70kn56ywdqqazscvcqvva,73,457671,4314,0.94,450698,463977,2.86
pool1glll6eskvg5f4jcep5trqcgqa8zpekfv8d8a6jrprvcwum6u5jn,73,116935,1105,0.94,115162,118601,2.90
pool1hmmt5a9vyjtkz0tk6ywyyuhumt57hts5m89m9avgyyupveaejfr,73,10723688,99772,0.93,10577158,10905978,3.02
pool1lzupr43772kfux007sdt02vlx7uzmfcplrwmxntdztxmwv9myrj,73,535291,4947,0.92,530289,557080,4.81
pool142cpn2gm89q72srv9pt7jtt7p7yg43a8ltfqhz3jp3t3xuh7x48,73,10358,94,0.91,10332,10704,3.47
pool1r6dzsz6ju52hgelstefrrel4y8fsyt8ck9qgfvvmamgns4vh7w4,73,142437,1303,0.91,140923,145665,3.26
pool1pzkgztz8y8tgd9tpfu7umep97x7m0c5ck0dpn2vqtf202fyhfv5,73,50403,459,0.91,49997,51058,2.08
pool1kmmahq4upmm5j8fkh3xa9vd7gdffkp8pd4axucfh4w4dw549yqe,73,75247430,680600,0.90,74070325,76374618,3.02
pool1th6xh9uks6rywerld5aya0gc3yswwrx3yus9zvehyqaky5c6utd,73,188982,1698,0.90,187389,197401,5.07
pool1r9fpxs4kcn80kylsjxs8tg3p50nk2s66qerfqtw4x70n5740nj9,73,75310544,671345,0.89,74146274,76431801,2.99
pool1mnhywmx87p5dlsk86szshumnn5pljdnacr0e8zsq2v32ckh5wyf,73,43563,386,0.89,43015,43831,1.86
pool1al5vg7cqtfs5mqgd5uyyx09z9hvsxqnh26lr42t920y5qnvq7aq,73,1236,11,0.88,1230,1279,3.84
pool1pvu2zdexh8wr4ggmuz90jvqrua6an43qj9m9urs785p8kwjzqwl,73,37868207,329900,0.87,37517836,38716294,3.10
pool1vs689gkmqtrljtmcwd2690nzqm2yyq23wk2zzx5g0v0gs5ug64a,73,15454775,133939,0.87,15261205,15649083,2.48
pool1gq07hfmull6etsr23l36cvwgfkym6jqn4q2dz5vz4y446yat70t,73,1955071,16972,0.87,1941746,1997579,2.79
pool1w9hdxd0ydy7qrtxe2lceg80mpsyamwnaqyvu2v0yngj4cfkfu2t,73,756769,6482,0.86,745994,768923,2.98
pool19u3glj3t9c0nsyzgrd6zdhnj0ed5dk67wmv3fs6nc0702xzh94y,56,300,3,0.85,299,308,2.93
pool1xn6rwtc6m7hnf66006uk3r0yp3yt5cq7u95esu3xg4mk52cva8w,73,507,4,0.85,501,510,1.77
pool1c4tqc60574fgcyqdy53vyv4dusjpj2zd9grm65avn6cz7equ0g6,71,10336,85,0.83,10287,10482,1.86
pool1rk28hp58ptwapha9nc944ast32gln8a7hx6eue0gzuj7sndzrhk,73,72688,607,0.83,71907,73694,2.43
pool1eh6msmm3v7fs90lapzem3lkpl4sn2dgtz4hfvnfmqqtxya3k8yh,73,2751,23,0.83,2742,2811,2.45
pool15fn9e84lmcp88z6yldagdele2lq0kqremlf0j96v7cj0jj6v22l,52,37581,307,0.82,37211,38497,3.34
pool1wyu23ahrnql8hc0y5jx00y2evnmw05d2rxnyqlgqq4lxs93q7ue,73,179425,1446,0.81,176787,181687,2.70
pool1wvhd4nf6mar2x0zaek2te6lqkrckk9mxtjctezy878a3zprru7s,73,44262,358,0.81,43906,44853,2.11
pool13daql23lkcwwj0gsz0dnu9tu20pugpswfped3kp05ekxkgmcumt,73,940164,7546,0.80,925335,951158,2.71
pool1pjmqlsyny06w0x60rfd3seul5xc9pluh3t08y55ylhks28jeh7c,73,24818796,198140,0.80,24500690,25155225,2.60
pool1vut3caulpx8eukzwy8xd5fyhst0w7x2frdfsacpzr3jzxduazh5,73,12537,99,0.79,12395,12997,4.63
pool12u28yewx8ycf6dj77lzpj6vvhjwp6veh6kxpc63h8fqnqqtlwmu,73,409611,3179,0.78,404254,431913,6.40
pool16v0jqnz2zuqsdrf6z94ec5rx9ds0xeghsvmddauzt6j5w2u7lsm,73,12552557,98404,0.78,12426163,12922676,3.84
pool13njpuytryujfz5csc8f0mlx3rc666jx9fl2e302c4cdpxaghfnm,39,19756,153,0.78,19479,19839,1.81
pool1h8fnr4vlfcv9l4jlv9epalghy3zgjpye4wv85c4rafpvvfztsk7,73,651549,5087,0.78,643803,661077,2.61
pool1azwytj96wpa7hqmj5adks6tpw7rhnwdqpf9hkgyy0mwdxxzxz9w,73,729241,5503,0.75,720024,738072,2.45
pool1k7zrx5rw6cvef9m5qtp9sy4e53u93kwqx73ykz7md9gmwgf56yk,73,10467320,78262,0.75,10259260,10593210,3.15
pool1yraracv4ntq9azvjw2nkw8g4xluujalz8fpt2stz8rw6k0zueuv,73,5452470,40483,0.74,5380950,5518498,2.49
pool17k2dpgvx8spkdhgf5j7x5u7pqjpvlwa76sugwen8l3xtk7kq3c4,73,26691,197,0.74,26487,27222,2.70
pool1qaxrj6n50naglqmzj5puq5sd0awgy9wnqmykpwmcah4vzhndpve,73,902432,6687,0.74,891281,915321,2.63
pool1ulx9ennungrtcucslrpz93cze5fddlg96h0wwj83p6fpsrvgz2v,73,718969,5228,0.73,710949,730093,2.62
pool10xmmn972gyza7nj8q4cyy0vrpn6kqzmdz2ut7ynnc8d0ycxlvw3,73,337377,2418,0.72,327407,340670,3.89
pool10q33p4hx4wqum6thmglw7z5l2vaay4w6m5cdq8fnurw7vjdppcf,73,327564,2354,0.72,323539,331018,2.26
pool1rthy0xp2syng0cydp85wvz973szmq2ns8u5p4hdedkwlyhry27w,73,6641,47,0.71,6559,6720,2.39
pool1qvudfuw9ar47up5fugs53s2g84q3c4v86z4es6uwsfzzs89rwha,73,40944644,290231,0.71,40451920,41464526,2.44
pool15d62znf04qymt6ve536tt5y9ky979ly4um5zmgz9m850vu7wuv7,73,41112765,291760,0.71,40601332,41596831,2.39
pool16l00309tdqza9606rltqtrqejx7tcr2swa86jrmz459txfnkgq7,73,5017,35,0.70,4960,5038,1.55
pool1dkt4rqtjs6j6d8snna60s2g002ddcj5h62nee59mvsznk20q300,73,398755,2784,0.70,393462,401957,2.11
pool15krrlqfd3uc8nea2tw8z3wl2v0fny4enhu3q892988zv7dhv0vk,73,25230,177,0.70,25180,25878,2.70
pool1f8erepj5w5nth5xfxgxnwpz59jzywt6zdwfr50jzjwfwksmg9ek,73,35913420,246704,0.69,35486032,36319380,2.29
pool15dp6dchtfwml32ls8xuzu4u3xx6kjekc3kvn0enexefxj90hw3c,73,81576,552,0.68,79892,81754,2.28
pool1tp7fzx8w3lrwwuwff9x7nlqr4r5n0awpq0krwnahvj387n7y22h,73,7236946,49553,0.68,7187920,7356645,2.29
pool1ujcu3myfg9wwvdyh2ks653954lamtufy3lefjs73jrr327q53j4,73,13633848,93081,0.68,13470284,13788144,2.31
pool1zy0mg8thm4au4cqaz5gz4ah9ms6894e2vqkl9a6l2uq4vas3yam,73,25832,172,0.67,25696,26484,2.98
pool1lmzhzkdvkh67a8hjcexlhajkk8f7kz2tf35frjut6creqs2kedg,73,2264009,15107,0.67,2236743,2287305,2.21
pool1lptznmldt230m0ugku9ygx0jucm74y7sgmac4mu5x2x9jznr84r,73,16618,112,0.67,16385,16742,2.13
pool1m83drqwlugdt9jn7jkz8hx3pne53acfkd539d9cj8yr92dr4k9y,73,1693232,11172,0.66,1676478,1716774,2.35
pool1dgmuwu0txducah4pes4e2avlcv98wedml33kdz7ujtrrxk8xv9y,73,424625,2806,0.66,420288,429043,2.04
pool16gkhcchdyqr7a9vtupchcdaq4nu77tq9t0ny0k9m877u7zv03v2,73,2163,14,0.65,2159,2217,2.65
pool1h7eevnu53zdfujqfzldw4jgdjh475u0glvtruwrnmdmycn6jdzs,73,794131,5174,0.65,784016,801644,2.20
pool1dy3dc9kjne74s6fms0w08ulfafjn62zmkxpcdpy76f3dqee4dtt,53,97551,630,0.65,96841,99322,2.50
pool1w2alpqttaulpukcrz0j902kk8wmq68q9qm50c6npaypk7yypy5a,73,538460,3493,0.65,531743,544295,2.31
pool189j5mz6wa0gfrakwvn2tar7qt309qxrmsgde5v6qwm892n6re3v,73,3212611,20911,0.65,3173691,3250306,2.36
pool1sfuspqv9gyqn65vwu6e27dp6ju7gmqmgsnasqp6zxp6qqlzlpfe,73,470787,3018,0.64,466960,475141,1.72
pool1p2ldp00jsl5l9xpg9m77zavhqmw7amtg5nlf0jwudlu2zaq389s,73,368184,2365,0.64,363692,373456,2.61
pool168t0xlm0dtdgf7d5w2mrm7ulsw4czpw297yvrpke9pmjcc9hz7k,73,4395093,27943,0.64,4346190,4440728,2.13
pool1v62c7d92xv6gyh4x9rhfpkwzlpw2ypxk92xvzavakg3xypatklv,73,74834938,480481,0.64,73653357,75953047,3.03
pool1ddywudgudfaphp8txj9qf7alj3uk6wzyd22u7cd2myhyv3lyxxx,73,1229488,7724,0.63,1217613,1243019,2.04
pool18jqumjfevywycjj54m62g74ghds4mmuyqynpwfkaem0xktazlqw,73,13352401,84715,0.63,13208673,13498614,2.15
pool19clgr0yxjs8pqmlsmfzu6hg5muy5ws2rze5hlesg0v7tvyhcgxh,73,56692,357,0.63,56302,57013,1.25
pool15ftrqf7j80w57leflatx66x00qfhu483a290gmp7q85pjxrf480,73,3137704,19676,0.63,3106449,3174995,2.16
pool1hjpax8lf2hmct63xxrspe9zzmmywcrzw89yg3nacu0axzy0latu,73,5384827,33685,0.63,5327394,5444971,2.16
pool1jv9pf6w2fmjqpaekyt74tjkmjxhma8wsqs8ur3dte45tqdxe3t0,73,106372,655,0.62,104291,107029,2.56
pool107rsdzswa5s3y8wk5z62tgh5lhm790dsyqjp4lq66fht7qnaq9d,73,6008343,36454,0.61,5946820,6071671,2.06
pool1tamft50mh0vjm346d9lusczc8fxxyh5z6fk2eel38srwvz38d78,73,8066,49,0.61,8009,8109,1.23
pool13qe6ycacqjg3gpvjewg8734d6hs6rhduuenjtnnkwh327hmtyz5,73,422907,2577,0.61,418522,426679,1.91
pool1nll5ghr8cdkl6ppnxpuk6c6vrg9d5kq3tp8d6xjdds5pct6pxj9,73,33074791,198990,0.60,32712737,33395253,2.04
pool1zyzfcyhtmes7j3f3avksy26yhf8ah3ywag2t7m9l9fh5g8yaerl,61,1095579,6623,0.60,1086424,1106488,1.81
pool1n75mtv5qwzquyq2cprnu7yqpnyg4ppagpzvcw6gk2un5vadg48a,73,1121589,6721,0.60,1110650,1133239,1.99
pool1v8f9npqqyywumf58s5g7kmvywx09c5pv02nr65q00ftuur8780p,31,90614,538,0.59,90517,93513,3.20
pool1d5lk27jlkaj6dx7ndexjzmdqtt5hnnpx5224awz83ye0v28ve42,73,3697,22,0.59,3685,3735,1.33
pool1f4n4mdsv5ydxuc3y4tzgumqvfa8xxlyr8jl70qquama0ug2pmhf,73,32932491,193695,0.59,32585707,33243791,1.98
pool1d63tmq02tgtk7yd6g62p9h44w4xqdgz9y8jkmcrztfmmqga540m,73,89476,531,0.59,88366,90460,2.31
pool1nwv3c3q62lqcdgp7s0jtl4xldgfnjnt0szkdclk4tzjqzv6kv7n,73,32888846,189076,0.57,32537556,33188778,1.96
pool173ul998qx9wnukxsz4hs47fv3slu7zcympa7gkv4m9qp5fheyex,73,12650,72,0.57,12594,12772,1.40
pool18lc5x7fma0zsdwl56fa9rw97ayzc4kdue37sncrtdz2e7xfa8y6,73,126435,719,0.57,126315,130688,3.35
pool12qtv7kyrx8g0d5890alk6dkc6n6nyfx80synspvqafjrqd3ergz,73,7573167,42309,0.56,7501622,7641378,1.83
pool1me68mzk9kephj0yqya6xu9jefjvtg0dvmly3m9sy67cezrexalx,73,33038728,184696,0.56,32697845,33337139,1.92
pool14sy0qjv6fl5jcv0gfn6zl8w9tqnm67drxum6tdmazcjvypy848w,73,5054,29,0.56,5026,5082,1.11
pool1tqywsutw3wtgcvzrljdacgwmv5kfzm8f0ladml5frkckccd72gg,73,172983,949,0.55,172770,178036,2.96
pool1mk9k389xy5szdzyc0fpty66fu93rhwnar3202vy0d7w9ue2rycu,73,1126,6,0.54,1119,1132,1.10
pool13zkcgp7se22046p9gczt98au93dw85q2g7m3zany4kzf66y46x0,73,11585,63,0.54,11530,11655,1.07
pool1ytszp582dm9u5un6mevt9czgcnuqhflwfr9ly4ukpeqcughryqh,73,4959223,26689,0.54,4906106,5006812,2.01
pool1hezakp5r240dy4fcsm7mfd3qqahcvyrhj8hl770yxmxxzdwvcre,73,3869570,20451,0.53,3829840,3913133,2.13
pool1vvesqladm29fuzrv93px5qse0upw82a579lz9063xsfrz7yef7z,73,866008,4576,0.53,859187,878088,2.15
pool1533ly347ggl6je42ta7l7dv262hg07n8p4y8v32npgvajl6rxqz,73,48908,255,0.52,48297,49315,2.06
pool1w4g7j8u97pvu2q7gsdaupnng0a2vmyllygfewhc29m2j5cehysn,73,18676063,96600,0.52,18487778,18806828,1.70
pool1up53z2kadt6l5xs359ckx477rpyvyg3favh25qrhqt2ujclpq3h,73,53345144,278953,0.52,52363611,53745310,2.57
pool18rjrygm3knlt67n3r3prlhnzcjxun7wa8d3l8w9nmlpasquv4au,25,76025304,389974,0.51,75500003,76315167,1.07
pool1chfk2749hyrwqqpj9fapredjsgw3fdauyxw3hn82kavqva6nv3w,73,2556506,12911,0.51,2536327,2583746,1.84
pool1eqa7kxx4xg35cu4rqj4exkvzhenscgh8wxez0gl7hsagygp79kr,73,74423157,382219,0.51,73679147,75224356,2.05
pool1pzqdfptvl5f8vh28az37jag2wkfmqz9x8d6eufl8y0z9q34hlr7,73,1268801,6325,0.50,1248385,1275715,2.14
pool14ajz2t680q2c7tekek3eqazhnapfl3l4w3cep9tnh9ym6jhph8m,73,1672756,8319,0.50,1655236,1685042,1.77
pool1qkwseukqpnezhh9gjcuhtse7wp7v8m8asgekl34lh3f5xnnl6z2,73,35,0,0.50,35,36,0.99
pool1l0erdjregched3dj828q93rfa2f4w4p62nr248xshj5huq6zuvp,24,76042985,373709,0.49,75500003,76301500,1.05
pool1xmlq3sgssww6kwu8dupgxukzhlk77j40p9c4r3qux3j5z2ysk2c,24,76042668,374121,0.49,75500003,76301500,1.05
pool1n6erydn8x79sa3fmrqmj7mcyqa9em5fppr447j6d9k0xwfl7sc5,24,76043188,373421,0.49,75500003,76301500,1.05
pool153lhpqpcms4a73metcjd439h8yzvht2yyjluuav9vfsv75gtf7l,31,62942,310,0.49,62691,63713,1.60
pool1yy7vaszhqx7h02rp8ey0p84yy5zv2r2awzddzceeaurrs8klzxt,73,555321,2735,0.49,551322,569376,3.17
pool18xjkr4xpscwxsatewj9lqc6z74vw90qycjd0wrypeqej673j5u8,73,5586764,27212,0.49,5542744,5641475,1.75
pool1hyqdlnuff3rnvg9lx70ccca2xqxcezzz4998tp6chhxnx2st257,73,35020598,169713,0.48,33888636,35534086,4.63
pool1lyvg6ukqpumsr6wz0jvh7xutcgdtcyyde4wkvptzyl8rql4n3c6,73,545491,2592,0.48,540564,549939,1.70
pool10cpz0zepq23hm6lrk8vgnsdwl772lasq9caaemvw9kh9ktxqygk,73,2238,10,0.47,2208,2248,1.79
pool10xk8jp4m2cztf69x9gvg3j33x5drkrz2hulsjes29wktcfcxdls,73,14065880,66774,0.47,13935510,14178745,1.72
pool1gerlsm26qanj8wv9xc48rmmx0e7gvu3k5sp9tvy8l67lw3l3w3p,19,596531,2754,0.46,590368,598333,1.33
pool1ys6fndfj9r6e2waeqmy27raejcqzm4u8ztjrp2naz95kgwyv9qu,31,155637,722,0.46,155219,156841,1.03
pool1x89ssjp53eczthatft9w74749558nsz3pq5jn056634pgt5m58s,73,3180809,14348,0.45,3155112,3204919,1.55
pool127xwsah7jllutuhen8vl7sve5278h7hhxtnys3cl438dyhuwgjg,73,2691245,12055,0.45,2668110,2710771,1.57
pool1spakm5z76m4jvu3zn43yyw7659gj3zv5vtkgsvswdwm8q56zj5z,39,1035,5,0.45,1028,1039,1.14
pool10jqlkjfn2rtlc6hp95p8k4h04h3dfmdcgnga6umwp2rpukpg20l,73,501230,2229,0.44,497158,504282,1.41
pool138s0uwydwtrhkaqj4uwkh37yqw098v9v6nf5q08k9nugumlf8mw,73,10314592,45723,0.44,10239610,10403349,1.57
pool1jsala5rdc0hjewcvu9dujcz8jpfxp7hadqr3r3hzs63skhhtpqs,73,32943986,141766,0.43,32676535,33196047,1.56
pool10jn0wjlh9y3w2ygq84u2llvlnxfz3lc4g0ssqlmpp3w3y2d2lw5,73,7204482,31303,0.43,7171484,7261419,1.24
pool1850xvydng5mkjzkwqw6566y7e6hsrgakc3y87jrnqrkrwdjua2p,73,14268535,59412,0.42,14116681,14321351,1.43
pool1l3wdq3cec23jadkt2cx384vtgd75ncau33smrptwj87n2wedc0d,73,4973072,20673,0.42,4941275,5008897,1.35
pool1xwqye6mlftwjg706acz5fjqz7gmf4qdye99zsjl03a4ru68ghee,73,2833106,11969,0.42,2813673,2858133,1.56
pool1uvv7r2zul9m2hm6jd56dygee9ddr7jnen5ysfy5z3xvez3m823z,73,925,4,0.41,922,932,1.07
pool17y0uw9jraxxtqk4mhgkhkye2v6jqzn84u8hl68l9xwq3cvm2vqw,73,387480,1565,0.40,384883,389772,1.25
pool1yff3j4xqhmunrccjsdh0u9qxrws7xdqhagjx5lqktklwj67u5s3,73,129609,503,0.39,128318,130679,1.81
pool18gsrasdghtjsnzlf20pht85l4epwag74w9pfx5qvdvcpxw68sl6,73,35037063,138078,0.39,34995981,36025966,2.86
pool1kterawv22xya864tqjy9pq2ftmuptlggywtqt3p7adexg7qyl6u,73,206689,783,0.38,205167,207263,1.01
pool1pj5jnehwjtt4esfl0325hr338n98v3kcww3sggce59ugyf2f883,73,5093206,18820,0.37,5048389,5141186,1.80
pool168235cjpsrvwnvddmhc7dmtcqr7c40j2mlrph3qvuxk3jqls0wy,73,6900,26,0.37,6878,6930,0.75
pool13wtywenpwvg5snncx5zvxevvry85cp3c9nq0xlxlck9l7qh2spx,73,329917,1178,0.36,328777,332042,0.98
pool1uthdnav2zc2hxpg2hyeyy545lnxtl8lqdcdqxjm0j8t5srmyvzj,73,37569281,137025,0.36,37344894,37913767,1.50
pool1vve4vgd0ncyjvalr6xzeaxqmfzvkqmxfswj7lyae8qsgqhta9wd,73,3410,12,0.36,3403,3430,0.81
pool130hx49xrg3cjtdqnqegmn03z8fgu6juenyctws0feh6ekdy0fam,73,17821,63,0.35,17781,17975,1.08
pool1hx7rpmjen9gx9w3awzp34zw5wr54mdyf2ft03llqz2wdszavuk8,19,532195,1801,0.34,527651,533923,1.17
pool1p42f6kw9lkgw5tn77kqyrc22zrs4uq298p468gacwzw6gq0ckq2,73,914635,2976,0.33,908598,924230,1.69
pool1kffetqjt06qvk4995tz3e3q9h3c8cdq9eedrz8qr3ynnc63qckz,73,779107,2596,0.33,774968,784690,1.24
pool175jklkquzts0u05axap90uqpym5knnjxky396mz95hhauwyzswe,73,3596,12,0.32,3586,3610,0.65
pool1axngzl8clfn6pnjaf4w5r0q4tgcwktv0zcuxnn32hl995pthddr,73,7082571,21390,0.30,7063450,7139585,1.07
pool1fl20ddkpvnstlx63fal6e3ku46r76nk2s4mqtk5jnyxn2vt7hg6,73,70396673,208999,0.30,70076999,70539491,0.66
pool1prerctlrtn5e63m0zu5ydr2adaxpsypzj6wx3v8y44dsyj2lcwm,73,12180,34,0.28,12121,12199,0.64
pool1e0jyj79d3ady680wajgcd4vgndqjdlf65777pz5939ehseqaem3,73,63967,170,0.27,63907,64448,0.84
pool1jq7083uth03spzhg5ag6gfgg24ux6fjuhng8vj2wdz8jkukqvcl,73,22643,61,0.27,22489,22707,0.96
pool1f776th42gqa5ammpj738evvnlga5jk4ll0gr4uupkrqnqpjsfyt,54,12181726,32657,0.27,12130730,12246627,0.95
pool1s2rj8t2a5tfv0rpsfak77g03h96uv3rqxp62t6jm3dh45g2e2pj,73,1259331,3347,0.27,1253518,1270288,1.32
pool136ahugdvaenv8ed0d3m9af4dxxtzu7u3vpfq4mxk7qq6xuvd0ca,73,4785,13,0.26,4781,4833,1.07
pool18j42fxelgk53gumv8y7f039mscg6kl2lvmktfcs5aymqvx728d8,31,13,0,0.25,13,13,1.36
pool12ktz62g9d32nq0cdk9jyyqg6kquj7lnmx776at5h598supql0t2,73,7614507,19195,0.25,7577249,7650297,0.95
pool10wugf8sxugp74y0dafvc83jmcg2z9v7u5yfs79zy67rxc5lqhd6,73,4581,12,0.25,4580,4678,2.11
pool18me06fpnm53xylyg59n8yvhy3xtvjetra3tan5trrvr6yuvm8pd,13,156294,397,0.25,155699,157008,0.83
pool15mfkj8sl7estcmmd5a07afrx5f4hlz3pcr6p6ay5pfmrjfl2hlf,73,1005189,2410,0.24,1001278,1009573,0.82
pool1qw4h9v0yqy53m2yx6ngcj5w8394q7wtmfk06edlpvu0zw4gn9ku,73,7730,18,0.23,7727,7836,1.39
pool1yze2j2m286u2evnsphkaz3uyx805wxrg9qqn9ftns43kypl45kq,18,496,1,0.23,495,498,0.48
pool1u53apdhreh9fjmxtrctx3kezhjduc4m2f7cfd09yd7p6jkc6k2z,73,198042,427,0.22,197903,199457,0.78
pool1jvknf3dwtnqln5hcjrh5m7s979revuj5dlxr0337nwmm6p7250q,73,7217327,15589,0.22,7209998,7261860,0.71
pool1ap5sw2p7erpvegveucua66gy50cadjvq72apar0hvzrdv8s27nl,73,6740,14,0.21,6737,6822,1.23
pool1wxzumlr95mjxhgxnd6cmxcey38pwe5zwu0ly2mlme07qy8n00r9,73,188,0,0.21,188,190,1.04
pool17j4er5hpzkzyzpqzc98hxc7srvt5pvuye9q86mcrxluhjjj2aaj,73,17999,37,0.20,17993,18217,1.23
pool19rz6ve8nz6uvq97yspwh3fvt7w03dsjsnmft6du83hvtc324dus,73,2221857,4486,0.20,2214301,2230302,0.72
pool15g3cwwmd3qks03ztl5464j044jasn3dcs6zcgpxtxadfj86lvf2,10,28666,53,0.19,28515,28683,0.59
pool1xed948ze4guhrkt9zxjmecjvgkvgf8gd8skkzgtacz6gsyk9m5c,73,70291709,135296,0.19,69207288,70355888,1.63
pool1xjqjwe0t7uw7wfdygvt99e5wjcuz6ex6rcx2p067aqxp6tsgwgm,73,19532876,38054,0.19,19489691,19653080,0.83
pool1d70vllztcsgx3ku8h5vnukzz2a7lpzjxfjmuqqvxtj9kq27hygs,73,429901,745,0.17,427892,430408,0.58
pool1tf73xqv234ye2crduemjpreuu4efrdfmpna3l9dwqy2uycvee9y,73,92239,143,0.16,92074,92364,0.31
pool1vygvrczrlzapm25qf8w3cxz4gxv2azrp43xj6538tt225jjfcpw,73,10011,16,0.16,10000,10034,0.34
pool1fmykj5jqxtpxu0285209ar37taw52p68q87nmg6vpckhwrtje5w,25,397,1,0.16,394,397,0.80
pool1slwxj0t3575lx0rfw2x3z7dqf26jpls566pdwydvlk0jgw96lre,73,18432474,25142,0.14,18405444,18518450,0.61
pool1qds0ldd626j09nnpn3g3ne2fvn65phr6cz74k6xv8urtgygu9cp,73,7787,11,0.14,7759,7791,0.41
pool1nx2g7dzc90uu47e8kp057r59g8z5sz6v0x76wsph8xpcqzqycv7,73,1041076,1354,0.13,1036224,1042163,0.57
pool12yfqjghmn47qajajqduf2rd83qxtdhva8j0qdctmla4v5w3mhq4,73,2819,3,0.12,2817,2824,0.24
pool1kdhhrsl8av6gzr7vrf5q06pwlrsr8646wkjkg0h550tw6vxf8mv,73,61602,72,0.12,61572,61771,0.32
pool1m80jrruqnynpuqvmm5cyhxjqy2q8pnnpyu40sd02z0gkzehqxua,73,3237,4,0.12,3233,3241,0.24
pool1etfxpqw7456eh337p7x5jsvxxa67fsduvnmucevrqweckex3nhl,73,4339401,4753,0.11,4331025,4347496,0.38
pool1rw29y8c5md2rm4ynkrqhpm9saatd0a0xzyyc6xudelgkww5junh,73,10038484,10549,0.11,10019538,10088132,0.68
pool1xmftxwzqqkug8uzl2n2yvxhm6k0tx4rjtel92wjgvrlfk0uqy8c,73,3500,4,0.11,3497,3504,0.22
pool1reje63x6l2dh4t6d8ya3m04c9lypu4chc0cvn4jnk7lmus54ckn,73,1009,1,0.11,1007,1010,0.26
pool1l6vtae673eltsx86sk4xxr3fnn9tk8e99jkrdvcmjqlc6cca4nk,73,19089369,19743,0.10,19081227,19172406,0.48
pool16cerhwlk8nq7rpuerr4g08tpgeq7awnhgxzkyalc8n8xjwzxqm3,73,4846910,4791,0.10,4836031,4858696,0.47
pool1sdare7xfd6tmak8ghek7kwgpgj6xzu0reppmw4t46rmcs0h6vr2,73,70044339,71936,0.10,70018966,70642822,0.88
pool1zmhvvzlqp0xrhhqjhxyvfuct83wk4w85jckfkypz4fskcjzze2x,73,6521027,6627,0.10,6510719,6530505,0.30
pool1e5efe78z67djz6juekzw2hqpu3tn9eaqmekdnqn2am6j25kmrt8,73,3503,3,0.08,3502,3511,0.25
pool13vc4ekwpky5vtnl8pyj60phkmwtv7gsthn4g525udt7mjycs85v,73,21221,18,0.08,21199,21235,0.17
pool1ywt7jqfsmxg0yplku4mtdwtm476rp72z6fns9mhevf7u72pkupj,73,1266852,1012,0.08,1266170,1268334,0.17
pool18q92uyx3973u3qt64nxf8p7us58gwkytrn0c3ed2a99s5uc9usc,73,101763,77,0.08,101747,102134,0.38
pool12ame5t8hdltyl30npznvhn23kxnvthk82j9p7dr4uew3y92uqes,73,81676,55,0.07,81647,81792,0.18
pool1z8rxpwrukslywg9s2wy4kvfhknqg7dnah5pszf7fcm0fu2valeh,31,572,0,0.07,570,572,0.23
pool1e9wmzv9r2pkvhwddc3ay42axm9aggheae6u4e52tgx6326krg03,73,6381411,4470,0.07,6373560,6394011,0.32
pool18mgvt3k5sm5vns4tqu74qt036tw0yterxuz2zjczlqr9saeas9f,73,7689,6,0.07,7684,7696,0.16
pool1hg8vu74hyaj5qm66ys83c0gmr44j66g2k8s9sns4htw27whsqwf,73,2064,1,0.06,2063,2066,0.14
pool1rxgxstg6t7azlsrk4vuuwp0jgl9e776dg86zqzaa0qt6vz43n9r,73,5818302,3779,0.06,5811629,5827582,0.27
pool1p4a0vuantvzu9ysk3w430vgxjjfa95g0uz2sw8e4tltjg4jhkwz,73,57678,37,0.06,57669,57845,0.30
pool13c9mnvfx4nvwvkszxcprwlv60fh3tteef50hhhv9yxptsua2v70,73,71066746,33393,0.05,71030067,71166966,0.19
pool1szah3sjg5vhd09pa0y6fcsyja2rttsztdp0gj8jpngqxz9kj0a8,73,2576,1,0.05,2575,2578,0.10
pool1kttdj98xlssts4kzwyvsuj905f30q096ptzcses2ze25ca9uerx,27,87,0,0.04,87,87,0.20
pool1dwlkpwakps05gelgwdml2d44al2xfsv8k9jgrkwsevlxxpcelqa,73,37101,13,0.04,37094,37125,0.08
pool14pm8aq4eu6ms4r5egy6j4g0ny76cpqgy40qgyxa8c4f02kj98wg,73,75078,31,0.04,75059,75168,0.14
pool1g6czdusgxwskqy8evsnxvqkg2a70rpjtv0maauldl5uusmhm94a,73,146,0,0.04,146,146,0.13
pool1lxg4rf0aqqachwft52hs9mtwlmpfyw6jqxyulz0pcfj25d4uaqd,31,109,0,0.03,109,109,0.17
pool1n0tqrkw62zmr20h9jz5ev2ph428ym49wt2z0mq4vlylf5u0sv7y,73,67387,17,0.03,67368,67408,0.06
pool1lfwwrwm3hrrv0s0ttf8t23p65xru35f7lvty8q0dhq90wudsp66,28,97,0,0.03,97,97,0.18
pool1945aw7069upf9xpt6uvkctrj8uwju3q89f67e6g9mm2jx3xcy59,57,546,0,0.02,545,546,0.10
pool1fe49nfwktu8rhn3ysqz4he594nh8a9gkgg8hy3mtwrq4558rptz,57,547,0,0.02,546,547,0.09
pool1j276s043qh2knv3ukmap6sra6sk7p5khuetzwx9h43wqydzsx8c,73,70332273,10959,0.02,70305839,70343787,0.05
pool17fge0jukcp0vqwu0chh3jh4g0emt4rat8vxucrx5n8s5qz6fegp,73,73987,17,0.02,73980,74033,0.07
pool1gw25vftc9nnqqgld043k2fsjsm76rkkcy2xjzqdm268cvlf698l,73,344,0,0.02,344,344,0.05
pool1rkm8rplkafvllxjuddrkqc3u3lgd9uf327tvmvfdyygsv7lkhm8,12,75523502,14714,0.02,75500010,75540572,0.05
pool1luhm55xxqp0cv7a43rcfrr8m6m74kfe7wdvqdgfzt483x29lr0t,24,75506785,14355,0.02,75500006,75541183,0.05
pool15kh3h3d77hdcv4ld82cm7mxh7uuqm6d568drqaky9ftlczl6hfh,73,3743,1,0.02,3741,3744,0.07
pool14xq8v9s80ut6vmwp93tzhlydhsdqhxk3e9jerl2kl7hm2dq6pru,73,70189710,8686,0.01,70182688,70259358,0.11
pool1s8347yjgmfguf0ynj69euw7r75w7usdrfheckpcrjrk2yfvnpwq,73,70032884,9854,0.01,70015792,70049820,0.05
pool104z3yr7faqhck6wcsczhmqrrpdeparcr8juw8unxy8tm6xp447d,73,70027426,5252,0.01,70014227,70037481,0.03
pool1ysf2cvvju686v9uu5w5yel9ssznsqln633y43hyu93xhyghspxs,16,315,0,0.01,315,315,0.05
pool1uy07qyf0gzzua2glqspyvyevwpe8tamajnqj6c7mjzy4v3m4kne,34,76329200,10988,0.01,76300000,76361213,0.08
pool1ft4z335t0eclqwlxdktam5wphf47swfpzgxe4fslnjz5y70hq2p,73,12825,1,0.01,12822,12825,0.03
pool1ews5ryrhl5az8egrvun68x2wdhgvthxjtx7m380ksc6rzxkqz2f,15,30831,2,0.01,30826,30832,0.02
pool1q5za50d3sr707xkmjtyrs0v76ezxyj8g8uhggfk0wfl77aufd9k,73,1084312,100,0.01,1084238,1084446,0.02
pool1edqwpnln3zr9gj9sfsmyl72pen6hdwev07xgqj7uz5mkjrgfj6h,73,70202490,6542,0.01,70192914,70217322,0.03
pool1h66njz7qg7p3sa9dd8mptfhsy04pyxr9ca0v8zwkcz3eyg3g3au,31,544,0,0.01,544,544,0.03
pool1pnsk7v8a4eyn9qtqev7k3clazzw2s66cpa850zprqlu5x5eqtuw,73,11172,1,0.01,11171,11173,0.01
pool17arsgklktp9sayk5kzaakwvl3jwyczp07guux2yd0upgqh04qjl,73,70029388,6904,0.01,70021543,70046724,0.04
pool1dzdxps32uqhva9q9urx4lm7m0nhlczjjccwy9kv4t2d3krsn4m7,73,50003372,4776,0.01,50000194,50010593,0.02
pool1wez7d86xlurc8cr7v8qehx7z7qdyegjwyvcawjjsj2dxvagadgy,26,514,0,0.01,513,514,0.03
pool1dhugawja82wkmrq0lhd24uyrhm02v7grdhnren9r2qgujsh5kml,19,10014,1,0.01,10010,10015,0.05
pool1khwvcz8jz9auk53k698ywgr6ams27hrz20vnwqx2d4xggscp93f,73,1252657,80,0.01,1252512,1252781,0.02
pool1tcctsz9jec45ugkcl8lyk8gz0yss675cnp63gazqalcwsx2dr37,73,1117,0,0.00,1117,1117,0.00
pool17wdqcn6xjym38wlry6t2ull00fg7ghqejd0xuy4p20djyua800c,73,99,0,0.00,99,99,0.00
pool16e43yxx4djcvnsunwgrm8tnph0ljrt3p9tnezu3qvtcwzh4zwwa,73,70022733,3344,0.00,70015466,70032075,0.02
pool1fqas6yd8n3fdpz8e869qjvyensdmzletqjexcut8mxasu2sk72r,73,70050474,2766,0.00,70045216,70057806,0.02
pool196fz9gd7n0jnn2rwpcqqdyf9j5q3na6qwhhy0k6j9ysx5f3u7r4,73,22,0,0.00,22,22,0.00
pool1d5zrmzgskqzse485j7p5cly2290xyffr2tyq9d8ngkzyxjjxwtm,73,2133,0,0.00,2133,2133,0.00
pool1njjr0zn7uvydjy8067nprgwlyxqnznp9wgllfnag24nycgkda25,73,70025806,3076,0.00,70018773,70034298,0.02
pool1p2aax6cfztk6cc02cfhg0pa7432em8a59wdyjatxcd997n7knjs,52,3391,0,0.00,3391,3391,0.01
pool1vcwsfldh4gkzga4mc6p86y0vytkqfm9e2dy44hs00v34yeqnfaf,73,70075389,2555,0.00,70069223,70080017,0.02
pool1repwaml372lx5kf3yw7568yhefa4d60r2d07un5gmykyv57ejxq,73,420,0,0.00,420,420,0.00
pool196tul7axlt0qzqvs7rx4glfdkpsjlsh68tdkl7y87q3uztcvd5k,73,6,0,0.00,6,6,0.00
pool10ez5uusmzx7ep6pee6hmqr79z5ee0lhgzdelzgptexh9xq3ar4e,73,291,0,0.00,291,291,0.00
pool1czlxfj2dyc2lt2gcrhhxyqhgzcpza845yjr6k262e2vqsysrylu,73,29,0,0.00,29,29,0.00
pool1v2dq9rex477rxqh7f8wwyprtc0qvxr3vvysvep7nj2qu68zdfaf,73,178,0,0.00,178,178,0.00
pool16jczz0dlv557vgywgftd4m3vwnwjnl38wpn7wu5gqryz7aedahd,73,109,0,0.00,109,109,0.00
pool1w9cz3yyz8glemkwpn8hue6s89jrlhkap3nupzac7kdx77gj9am8,73,4,0,0.00,4,4,0.00
pool1nqveuw4q2yw9u9x6yzy260skdwc309krsx32hmgvpyp962mu996,73,777,0,0.00,777,777,0.00
pool18y056s0echkc44dwnnd0hwanmrlnecxvkluwn339ukhnwnaz5v6,73,100,0,0.00,100,100,0.00
pool13ss25l908k5vqfw0aq2t66xr3hrvlqlsf4tfsmp59kyfxhfmah3,73,10573,0,0.00,10573,10573,0.00
pool1mtnhc34ylrthfu7vzja3em2j5csaq3ewd5z294hs8xw2w6nupuf,73,1360,0,0.00,1360,1360,0.00
pool1ek4yc2mvmettdmkl7wjfpcjkp60xssq2urr9hc8ffx5ss73wdm0,73,1823,0,0.00,1823,1823,0.00
pool15xdvllxmlzhz0ct3u35wv3gmzxym06zwg3l6ltuqmcsmv9jq527,73,26,0,0.00,26,26,0.00
pool190gglea2zvf8vch44jnmpkzljyzvk3u84gpaj4l4ypwc2lpf27m,73,653,0,0.00,653,653,0.00
pool179u2dtcn92xv7n05dldlevt6hcu5v3p7g4aaqva2fm8qjzu7lpc,73,3735,0,0.00,3735,3735,0.00
pool1wkk7mlwet6pgqk9gd706trlw25vnu9a7ygvrugap0swjcfty7vd,73,1,0,0.00,1,1,0.00
pool1gaq7x3ejv47cykw2wrcyt99f3gcy3ayyuxsf6gqvd8j2jf90w4h,73,3,0,0.00,3,3,0.00
pool1ehfmxk64lnl90rmy66zt7nfjlsvzhqkxlzsml348z4ptss529mw,73,31237,0,0.00,31237,31237,0.00
pool1x96hyvvamshl5ymcpdshz4ymqjp33vvz9s8dx06xxwpzzkhgra7,73,106,0,0.00,106,106,0.00
pool1vd9a6q0jknarhwfyg7mspplrgsxf8zsna7yjr7crrtqdwftl7yw,73,503,0,0.00,503,503,0.00
pool17m39tt99rq96gv9s4cp7u93auavams3khrdtzfapngxgjs3tj7s,73,6,0,0.00,6,6,0.00
pool1jmw0strgchxurvgamymrexjn2lypxslexaz0q7la3078vnple57,73,17087,1,0.00,17085,17087,0.01
pool13ft2syyqvrd0x89hcyskvz3dymqz6xavq646x2gy79lq6lrthrx,73,4259,0,0.00,4259,4259,0.00
pool1erd30yrzqx4nvevnqu3cxmgv5nh6reau5ycxdulde7vq68zcrlz,73,102,0,0.00,102,102,0.00
pool126vzyvxdwhvrvcjrqkhg0c4j8pega886ww7qg0dad6mjy73pe2k,10,50035,0,0.00,50035,50035,0.00
pool16ga833sw8tzuvv83gq2gp6zyuwhj3lka4nevnauj5grpuq8y2al,73,233,0,0.00,233,233,0.00
pool1q4l2wpswlanqszppj4tcvgw4j9wdjmadqky57dq0wqhg5tmhsxn,44,15353,0,0.00,15353,15353,0.00
pool1axeed9wqmyvm8ttgdkpazx5dr0e6ezhucnzarpua0zpdg8ycqwl,73,150991,0,0.00,150991,150991,0.00
pool1e603j2p4q346w8knqt2a8c96n8t9l5u4qdrv4kk50qvpgvh8hax,73,3141,0,0.00,3141,3141,0.00
pool12zgtcv0cu5caet8y2tna9l0jhthr46zpwh49dh0g4ew05st2t2w,73,219,0,0.00,219,219,0.00
pool1u24fm2el64cd906xn9fjg8m8v6nra5zj5mpl0363un2jsyyuyup,73,77,0,0.00,77,77,0.00
pool1gsfu7c2ac6rh45dn836myms9flp99y0erppqez80nwehk9c70eu,73,501,0,0.00,501,501,0.00
pool18fw3qgzt4u094hn8kf82n6jye5y96csamj0f20dja8tnq4ad0hy,73,11,0,0.00,11,11,0.00
pool1x9ar8wy7ljw83ppe6y9p6h2yskrmf5dfa0td36ypk6vtgqzwqh7,73,6008,0,0.00,6008,6008,0.00
pool1llknxwa7zzugc52mnv3lpxgh7az8wnqylrxxfqhzzm9e2eufug3,73,229,0,0.00,229,229,0.00
pool1ktg9hvae8kluwnr29khma3mxd7ffjj9k5l0yjdqlmazjclv4j3d,73,3,0,0.00,3,3,0.00
pool15zuu7g6030wsfafu6a80pf6z2w6ceu4aumu2d6neykgtcx650u2,73,4,0,0.00,4,4,0.00
pool1d4tuk5ln88x5s9xcck4lfz8u4svdvxzsh2ue9rnmqrxm6a486uv,73,2,0,0.00,2,2,0.00
pool1pmcgmdd2984nzs2azxmau9umr49sqf3sr0kgphhra6yfg67nt00,73,398,0,0.00,398,398,0.00
pool1tuux2sctklrlzsh34w4gquz2wtundky30fvrn0qky5p7qr5n00d,73,5,0,0.00,5,5,0.00
pool1k7ku4sqvepztwqfvqj7wjadcsw96mancwyf8spty9tm0jfnwls9,73,241,0,0.00,241,241,0.00
pool1675wjgy0ggtt2l23eeaj5ey5l02qj2ra48stvc7fyussslr0kq7,73,35,0,0.00,35,35,0.00
pool18v6rlcg506atlkkhy8sdgtnm5efzjjjshk9axyvp8fa35txspr8,73,101,0,0.00,101,101,0.00
pool1el9z347208wda3t5cqz65dmwal7r0e0eeq7xfzl6whdwvy80twn,73,1006,0,0.00,1006,1006,0.00
pool1adryduxm4puhn67tuxys7rhvdleee6gw5pc9ufnwwzp8k2wjc2z,73,9309,0,0.00,9309,9309,0.00
pool1s4ve6tap62x9khdvhkk9f8fj74ks5txuygsnu7wkujk3jd2c0jh,73,326,0,0.00,326,326,0.00
pool1c6ezumxqayxzfwec8q8nz40zpf58n3sr22nstpxf2pg3gggx0ce,73,1501,0,0.00,1501,1501,0.00
pool1fmrd4ds793ja4c5muy7hwj6q7kssuhtx22em4udmvx6957z9m0u,73,4342,0,0.00,4342,4342,0.00
pool1uu5ve3qdv7zxpmger77u0kw7pm8l4apmgr5xy6wspceayl05vsd,73,6,0,0.00,6,6,0.00
pool1qngadlcclnkqgdwd4l3vp5gmgdc7cpkfek76q7rzscqqk5ak9y8,73,1397,0,0.00,1397,1397,0.00
pool1fjxud865hvsg3us4t5ndv6jhjcssj5rg2eq783664wpn720deqr,73,149,0,0.00,149,149,0.00
pool18gxqszcsk9yt0jsnzc293556x5t0cd0xdepr69wta9rh23349j5,41,5019,0,0.00,5019,5019,0.00
pool10u90lv7ayyfdulnt004h2wg42yff22c8vjlnqjxv7pytypuaykv,73,6193,0,0.00,6193,6193,0.00
pool1whzghlghkuqn8qf3ehpm3a4rugv0xxmgzau43zqer2awy2rngef,73,20370,0,0.00,20370,20370,0.00
pool1kn059wyuuff0srprtvufv327th542l4c25e5hhcmwlsjymwr32d,73,505,0,0.00,505,505,0.00
pool1856hr68ypjteu686stdagfpv2sxjzguwzjxu946v8wdqzn0f67s,73,101,0,0.00,101,101,0.00
pool1tn7rcvc5lln8frln5n9rfd9cg8kcrj4vlm3ycdquyx5s2mlhmtk,73,70024571,2721,0.00,70018800,70031528,0.02
pool1w7dk7rn0cflzzfr4fqvjpapn0rkz5ksmerx5tgwpm2gtj2gly97,73,70021748,2496,0.00,70017177,70027554,0.01
pool1m4nc6ea8htk9t58yx43sqluln7cp2a6qmzq257uudrvtkue8vw3,73,713,0,0.00,713,713,0.00
pool1alukhlxd53jat03vgt5h4dxxqyaapzefhk9yrl40e4r3x5cr5au,73,4,0,0.00,4,4,0.00
pool18pwq8mctjyctx00rl36e7r7m046mg34365amyaluw0n5cd7rv7w,73,17,0,0.00,17,17,0.00
pool1fts0a4clzu7wyhdqw48cpg2kwvstzeqddtwj34pxfw9jgvznu0q,73,4503,0,0.00,4503,4503,0.00
pool1fpkjz7j77m5ukhjx5xvspfttrs0578kyxa9hgn0458hk55wp784,73,16048,0,0.00,16048,16048,0.00
pool1p7x98437an7p6c7jf9zdkd0ekmw077q4a3c3r3lazxr0ccgf5vp,73,3,0,0.00,3,3,0.00
pool1gd3nuzly536f20e4kpm4ctkgv0ywes37qms6g7cy2f0xxf56nh7,73,112,0,0.00,112,112,0.00
pool1cljrz5vyw7jp2mp23nt9ywn2wdg5ulamhalw6d3mng326laxs77,73,19,0,0.00,19,19,0.00
pool1p0jc0n0sqhj7fhm8sng8086akyyrsl085cvd6ewskhhly9tn3d0,73,100,0,0.00,100,100,0.00
pool1w7y659w3ya4x4rd9ljp6rmcx70yj2t0s0nk97d6zgmymq0a2k7w,73,3,0,0.00,3,3,0.00
pool1vhusc9c38uqkuspnecq6clcqadx86g8wpxfaadyxfwdrukh0kg0,73,3,0,0.00,3,3,0.00
pool1jp3wtdhgpeu6qf53upw5rupaqwtl7pzvcuuyyn0f8u3xgx5755y,73,0,0,0.00,0,0,0.00
pool17dqwaa26crnkecs7lydfr8826k3evkv5ypdf7wx8fu5mzexxa2x,73,156,0,0.00,156,156,0.00
pool1rsrmpq6jnxnwh6z8wlzphnan4huyz6pymcgna2p5m93mz780xkw,73,107,0,0.00,107,107,0.00
pool1ydcx8pf36rttvgyak63kqpgkqgrwp94k6a723zsxer0sja9t3d8,73,2492,0,0.00,2492,2492,0.00
pool10usr6ag036ujwhmm85km8w0skjn3fp3dwnktt8sje4lfvwhu40u,73,2137,0,0.00,2137,2137,0.00
pool1c465ftax734tzx0kr36nudtmjy66zzwqgmct7ktpff46u8hrl0e,73,2007,0,0.00,2007,2007,0.00
pool1snauzgh8r7tww3emfmdt58dt4hpvyjc23j0nj3h0ql2wwzgdkp9,73,218,0,0.00,218,218,0.00
pool1rqwhzyfvm8uh6qseqpkkz2uvga0ufr0aaavrw7nynytuxy9uj6c,73,599,0,0.00,599,599,0.00
pool16uja2pt05ddq9mzcsw9xkv40qdl7sm00nvpj0h4arn0fgl2xrae,73,2533,0,0.00,2533,2533,0.00
pool174s9fj3073jx2t8zlm5x8rvyqt52uult4jn7slyrtg8gx8ay9jy,73,5586,0,0.00,5586,5586,0.00
pool1ap4k28jflxcyekms0rjp39ruuydrvwrek2ca267w8mwyvknpx87,73,128053,0,0.00,128053,128053,0.00
pool1prn0a3058n4e0evm55gvc5rrawht79p3jxpv42nq7s2ncxhszla,73,1191,0,0.00,1191,1191,0.00
pool1kqxgjf0zl60g88fxl3l8tpwu52pq78es33kqyaahgr2a7xh9g9t,73,993,0,0.00,993,993,0.00
pool15tn0nlazaatulwq667qdfs597pqlrgn62at0fqv3lvz5cg9l30m,73,70,0,0.00,70,70,0.00
pool12qj3qpa2ca3jq8nj6p5psjrx7xu7dvjm25xra5s0sxxps4qx7c8,73,25,0,0.00,25,25,0.00
pool1aqslsnawz622pd8367tgsu2atfm3lgk9xcdw5rh3c6rgzca33yq,73,20,0,0.00,20,20,0.00
pool1k93a7tazk6uhy0pe26pau9hthyn9kmtdcdl9er5kw9w82fl5j2w,73,307,0,0.00,307,307,0.00
pool1msfz0v3yrzl3k5njsm92uw59cfs5uepajs4a62rxfm5xke9d2zr,73,1047,0,0.00,1047,1047,0.00
pool10mucfueg7nwruvagk0fnjcftcqktjvt6262xtsva46q5zg4utmg,56,17154,0,0.00,17154,17154,0.00
pool1g43yqk4yuflm07faedr9qsgwdvjuw4welxae2vcv7ymyj27q8mg,73,92,0,0.00,92,92,0.00
pool1lz95nzjjmr6449lk0avhplw9678m6kxghvxzg2yfcmy3vl0k6jl,73,103,0,0.00,103,103,0.00
pool1dxyj26fptj4muj6r2xp8h6lsp3s9ycgup6ssc0e62arxw6gc2xz,73,2410,0,0.00,2410,2410,0.00
pool1329xugchyesx3zzm96nylqlpz78cauzhgvlxawtll0pt7gnyul7,73,627,0,0.00,627,627,0.00
pool1nwvfpwq36ea6ne5czpvpun7pr89qcg654kmu6ml4vjc2xzwlx4u,31,1613,0,0.00,1612,1613,0.01
pool1suy76cpk5lkpsmaqpecygl5j9na5du0xe2lrxd733dlwcus9j2n,73,9,0,0.00,9,9,0.00
pool1sxj5qufj25ssfk83jjxp4tw2py7vfceta63p2u8ymugtga9us8t,73,115905,0,0.00,115905,115905,0.00
pool1qxpzlkxfem0q230hjp9f622c6yaej8qycwy34nwyt98axedf78f,73,103,0,0.00,103,103,0.00
pool13682rvnneuwl5j7tfh0zfp2t808zujjdrw499qkahuxd6zqxz00,73,1,0,0.00,1,1,0.00
pool10fsg5ykzcjuzq5fzm9vj6d3yd0jjqgg6qnza6u8wtq0677vam2t,73,97,0,0.00,97,97,0.00
pool1cxduaaaqpk8g3xr5yksg8urfemexxyjf42evekrmmg9a2f7gmn7,73,518,0,0.00,518,518,0.00
pool16lsx9mj2s2wr337hv9402enw0886d09grx5c0d4pk97w63kjn2a,73,2274,0,0.00,2274,2274,0.00
pool13ds97sp5wtfpu7x720pj843ax2chfrcj25d88a39l8czjmg4gkf,73,103,0,0.00,103,103,0.00
pool15l7f5vd5sqchjqys6x5ygmdgs88q4y6ndwc7xy9a05y2jfced93,73,103,0,0.00,103,103,0.00
pool1rte6kvv4z3f4fuq6np3qsmxh3pujem6rncpg58tuxc04gwmc2xn,73,3773,0,0.00,3773,3773,0.00
pool1g637quu9s4v8e30s8y2jg8zfejsne9s8mg985q62y8jfu4khtqg,73,221,0,0.00,221,221,0.00
pool1zf7aswkv5ll0ej9fcg45jf6cqt2ee7tn3l2wq6zyx05t7a5srus,73,500,0,0.00,500,500,0.00
pool1h4n266z2xz0v754qf8uu09cda7q68gpymt5dlf4zxcvlg3hq3r7,73,25,0,0.00,25,25,0.00
pool1d85unpsumsxmq4kfvy0prju3n983vp3ajuavmt2r5tyzw2jtpcw,73,15138,0,0.00,15138,15138,0.00
pool18lwlvq4j8yxgrsuvyqntmyq7wyeql5t9nhmtg0cx0uqa6n5hplm,73,57,0,0.00,57,57,0.00
pool17f450fgggph94ectjspqersd3u88cggvf3nu45k3xj2fwdqxjpp,73,95,0,0.00,95,95,0.00
pool1s7eglqwzl84xgvpr4pptylcgqhkjr4xk8d6y3k22plu3sagms25,73,68363,2,0.00,68360,68364,0.01
pool1nt00f6p0frek3f0jza4u9ka5rey76752j5zkrpldkpqvjspytm3,73,1010,0,0.00,1010,1010,0.00
pool1wp0yez530qyyxu6nzeej9m9f2sma2w4r54hkw7dfewtts7qqvwc,73,297,0,0.00,297,297,0.00
pool1d25d0c06al8geglarw7yd4nqh65nws82d7v04yrv2eec7rwcjlk,73,516,0,0.00,516,516,0.00
pool19t833uyjq92aajf5f7qd9w3jcnyq78p4hsx0fn63aejfjtyn99j,73,1085,0,0.00,1085,1085,0.00
pool16r36znhvh3h2lk55vu89hsx3ug94sx2etqv9s2006d8awufhaz7,73,52,0,0.00,52,52,0.00
pool1rven0s3l30qawndj2m8v0fwgc8rsthumda72l4wkgwdhx7qgdjw,73,103,0,0.00,103,103,0.00
pool1ffhg5vdmjzv9pc2syjwxkrj85qg7xsnxsmmsrnag5r7wsggv4ac,73,1004,0,0.00,1004,1004,0.00
pool1madkc465h6e9887ctj2adnky2t46km277wt3rs97hlzukzl4rx9,73,501,0,0.00,501,501,0.00
pool16x765v3ge3th3dml6v7zrj4x7r6zlrtr7y5qa9ap7uzg7f50uu8,57,547,0,0.00,547,547,0.03
pool1fu64mttm7d8ljndu4hz68df5fkpsuuz3uj233wz3qpj0vfk9k4d,57,547,0,0.00,547,547,0.03
pool1d6k8r2hhczhfvfgddx72j0jzp4e823r9lknqpec4tux3ymlyeye,57,547,0,0.00,547,547,0.03
pool1npdsmx25352qzj33rk2mtvc6u7c339qs0vv7gy43t7kpcapw95d,73,351,0,0.00,351,351,0.00
pool146842tr5vgq52vksmccp82ttelgk6vwy5804sknmx6slyrehm4y,57,546,0,0.00,546,546,0.03
pool1u3lnayg0fwfzhkcrnula5teuhrf9vwfn3cu4p4k8peqrcdv6sfe,57,547,0,0.00,547,547,0.03
pool1qcra8mg7vaju9cxad4cffye0zq35eag220dxrnje2exzq683u4x,57,547,0,0.00,547,547,0.03
pool1pyzhux0l4lhd7ex2mj6dqt4l0r5hymlu4jc8ka6gna305jn4vhm,57,547,0,0.00,547,547,0.03
pool1kcwfpv65agclgu9p6eetn6x4q0zexzgr5v2cl9255qlwjjqr56v,73,2,0,0.00,2,2,0.00
pool1u283gl35gdj2l6c5cmg9crugf9aq7w6242pr88v6enr8u9q2vzj,73,4557,0,0.00,4557,4557,0.00
pool1pvxsyzqze90jyyqqewg5spkh6tst0cwyvtvh6qfsn6xx75p2vk9,73,3,0,0.00,3,3,0.00
pool1f5ml07llzd2ndk5mrdl0gvtkkaq72v2hxusla795ksnms4tae66,73,9,0,0.00,9,9,0.00
pool1n8xmcjuadnkn8kk9axtjt3ahx5amj4nc8446grdjzfdrzl77xh6,73,148,0,0.00,148,148,0.00
pool1fc3m8hdjj76n6llxextpc60tt63w5ygwgvf2ekzr3k222kxxdkg,73,5,0,0.00,5,5,0.00
pool1t2e4v7ajh38qhjswqaavjqfsevyllhda24t2s2u6vhsavyhhqaf,73,105,0,0.00,105,105,0.00
pool1rm8rza3ff0cape54ddjclwwm6a4g5wx604t3y9mdlysdz898f42,73,501,0,0.00,501,501,0.00
pool1yw8qh0jnnl6eumgzt77fulfhgmyzda39zcndgvyc27ffu6jeh5w,73,5,0,0.00,5,5,0.00
pool1ga8rg7snafqj5t24zf4xr8cz7tl576ett05qf93qhcamgmkqmj3,73,495,0,0.00,495,495,0.00
pool1qh4jvncd9chmm5ru3sk3cqxuat83vj8v7rgl4x5lqfepcywvc9g,73,19,0,0.00,19,19,0.00
pool1fmf707pca09wmv6dc7ap4kxf0j648374ruu6ahazhpywcngt780,73,28,0,0.00,28,28,0.00
pool1kveecu8hx4dk8pe9rmv4q4tjwr9xmq30nacu2pafeljhypcn4wt,73,295,0,0.00,295,295,0.00
pool1qkvt06tjvd5mjf3yms9y6hp22uedn5ys6384pn8k3d4tz3d7j2z,73,497,0,0.00,497,497,0.00
pool1a8902n5s5z8cgehphzj8ujwv6wf7dycnrdx4ekfz9cwmwj2fenu,73,800,0,0.00,800,800,0.00
pool17qyahrvutlsyq7c6ceynac8ay4qkmxkd2sh43w4va5yr255x437,73,104,0,0.00,104,104,0.00
pool1teg62xfrjvgahfukqhgd0q4wrkn7k0ee03tnju3klt63ws48w50,73,2,0,0.00,2,2,0.00
pool1la6wjq8uaqctd05zw58dczxp6csf2z66wf726kdfyr9l7hnr6jp,73,2,0,0.00,2,2,0.00
pool1qd3hwt2hvkt2jn9lktcjqpdk9cz0mk8qdue35x00p7ud5g0268s,73,66,0,0.00,66,66,0.00
pool1lr54356svvdz4yeqrq69wn6la2025l9r65pm26xxl466gxqqs83,73,525,0,0.00,525,525,0.00
pool1lwp52dj9762g7uk2jk3czwywxqaa4753v7x2v56qr5l2znkky4h,73,1001,0,0.00,1001,1001,0.00
pool1aj697twgk5kt7c6kjtkpwejqqhljvf3hzsmsamswzy42v24cw5h,73,37933,0,0.00,37933,37933,0.00
pool1v6xpvq7argftng40s80804eyf4m7as45292las40jw0nxte295m,73,164,0,0.00,164,164,0.00
pool1pvg7uqf9a0ms24xcdfq8f48p72csfslgz3gzwlmfee5szuda0du,73,23,0,0.00,23,23,0.00
pool1xx3wxlhxu2l8qcvdvealhsry8r0ge966lmpp45ztkte77lx3qq0,73,904,0,0.00,904,904,0.00
pool19nu8lt0vwycv0eqezpyjquawfklxtjjx9s0ac0f22mgp2ggpsvy,31,4296,0,0.00,4296,4296,0.00
pool1pavpy40ahr5w3rfkw63uhm0r8c0jg4shrjlrjfnt8km8jewpjan,31,868,0,0.00,868,868,0.02
pool1xgqwmz4nydmn6ng6vsen5rtehy7u3uaytsml3q2pudp3w35uaxu,31,7609,0,0.00,7609,7609,0.00
pool1wsr9ehtfvc4cs3rzfv65jjv7w7pe3xngw58mtt0ex4jck5frw79,73,929,0,0.00,929,929,0.00
pool1gcqq0gt4hmgvq942x0s57lf3f4mhtexuuzgjrsmtj0kmsmqz32z,73,11,0,0.00,11,11,0.00
pool1620fkxluaftsvz5lge29tjur3flwa8wydpzqy0zd4cllxx2w3ma,73,19,0,0.00,19,19,0.00
pool192ve6p5958dam7hr3e656cuq5cucz5gnpfazlqr9kpc962gj07z,73,863,0,0.00,863,863,0.00
pool1tgt94w0gmhmg5yw2v366fsl39yh90ktxr8uk2xsx3alsyh0tywg,73,18,0,0.00,18,18,0.00
pool1wu4f8u7apml5nke7mjcvj2fvn0apfychx2957lf9gcuzxa07w6g,73,31020,0,0.00,31020,31020,0.00
pool1devkrwcez409eqm07mr224qqm4a5t3efx3x7u046kct7yk4fxa9,73,7260,0,0.00,7260,7261,0.01
pool1ghfmak7eu4t6f7ep8jkspt586l828z54xnxfw732yxlngtny0uh,73,116891,0,0.00,116891,116891,0.00
pool1yztpevpmfyyz2eu4dklmgfx8g0q0vme7ppdsnawcpnwxs3vfxy7,73,44,0,0.00,44,44,0.00
pool1wxktpcvaceu8zcsmjk5k0nu2nldm762ra6m9ept87fcvsqucdkx,73,1845,0,0.00,1845,1845,0.00
pool126ugnr0nxjxz72jrlzrqetqx0exn43t5w67u9vuq23xex4ym7dv,73,110,0,0.00,110,110,0.00
pool1qm656ca3pdnu3gfetusmslva555j3m3efaq5u44sgpdsjn7dg4d,73,1048,0,0.00,1048,1048,0.00
pool1vcc9lngr8g2j8xh0kgy84nne026adr5zmvwagkda99spy23993l,73,1501,0,0.00,1501,1501,0.00
pool1646vlaras0deljthqtfl9dpdw2xsna799l0kayyu9v44cql4ky0,73,3,0,0.00,3,3,0.00
pool12jqfrwhuv2jn0uymwmud2d63gp5drj08fjfart9dxgpu2tmj8a0,73,3,0,0.00,3,3,0.00
pool1ha70qvqwnmnwpa7e575y9tgyx47aw29rvkz73mnf42z5wet5dr3,73,1,0,0.00,1,1,0.00
pool1h5uycju7n5puxn2ckfkpza550rf6jk4twr6ef0hsmxft78ajt6q,73,4,0,0.00,4,4,0.00
pool12ql6www8aa8usn98azlkz76d2htxtm9swalvyac27rlq6mdkxc7,73,1,0,0.00,1,1,0.00
pool1dntg2qvnf6sgr0fkjpqjfq5gckkmydqmjhctszgqx6fsv0gcufs,62,24349,0,0.00,24349,24349,0.00
pool1l6946mnu54f6v0we4xzra8kwm68ch7fphhxvgytd0m4lzk3pats,73,420,0,0.00,420,420,0.00
pool1sk6jvl4u8m4peddwqxzslgt82n57qy0rug2j0jfzkrjvy9f5mw6,73,357,0,0.00,357,357,0.00
pool19l2vz7pdk09k49lezr9zcmc4j98zc30htuw2rnqk3cceckuce96,73,1258,0,0.00,1258,1258,0.00
pool1g0fvxf4ewt0j3hplp09dv4ak2uv5ay3ftw8upk80d8kx2ca5syn,73,148,0,0.00,148,148,0.00
pool14gzj8a99u43j2gu3z0wcyedvdca27m2lx7msqxywl3lrcyrvmys,73,313,0,0.00,313,313,0.00
pool16zx2pradv3pdv6tkp2dnll3d7u8sdwld884f228xl62vy2msdt0,73,10755,0,0.00,10755,10755,0.00
pool1q8xqp4w6yzt3z7wd7359ywn6xfke2qj249gyxtru684ruk8kazv,73,233,0,0.00,233,233,0.00
pool1l5tmww2aqkhl3lfcrced6xpsd30pzx65p6v4e48v29g4jtlvf3d,73,3,0,0.00,3,3,0.00
pool1g04psph8yjpqrgvtltqxrgh6vtl3uklvl46ng6ttrdhwjuvelna,73,93,0,0.00,93,93,0.00
pool1h8625k6vszveym92qandxwjv3wmnekc548yzcepr5w88ys824pg,73,78,0,0.00,78,78,0.00
pool183usq53j55v86q3eguw37xaqy67au9n5terk474sevuu6jy7266,73,1003,0,0.00,1003,1003,0.00
pool1pgdw8zfuwjkqhkl5fycfkdplkwqkmwvx7gsr2rkvvpnf23wwg8r,73,3396,0,0.00,3396,3396,0.00
pool1570hpvwg22nm8uat505mj5hm6p6z26528nuwvrr7r5nh6yavdqt,73,1,0,0.00,1,1,0.00
pool1z075ym5pdu9cmeqzassp97z36ctkvuvg7pcxjzluyv5zqgau4xg,73,1097,0,0.00,1097,1097,0.00
pool1ka8q6my2a5fennpr2nmrj5yzma27d2fkev8lmpfq90kxzjszwgm,73,367,0,0.00,367,367,0.00
pool192ez0m2xn67tz4kx9casumhdkq9fz96rc6ja4ndl49v8ycnuwe3,73,2832,0,0.00,2832,2832,0.00
pool1hr4t5a052rh773vml9pra5planumw2tjn9cg6nsrzq64jdz907s,73,88849,0,0.00,88849,88849,0.00
pool1v8pu7txqydjmfhusgrfzvan4pragec3wu066cfmq2xpuvm2m8r5,73,1045,0,0.00,1045,1045,0.00
pool1aavk93lvhqfhskga397sadl0w30tul9sp587gh7r8mt625zxze8,73,3488,0,0.00,3488,3488,0.00
pool1pnvthl5hwnsuulx6fch0885aae0l9fkht35rla46dw9r54d5whr,73,2,0,0.00,2,2,0.00
pool1jz4vmzq5zkedem6wep8c99fxatxgvymlvdzs9qxxn7xsuv4m8um,73,6,0,0.00,6,6,0.00
pool10emzedn7jczjrk7x7687mzwpqs2qfk8dnmyuf3ca7ju8cx79z57,73,39,0,0.00,39,39,0.00
pool1s6s6eyve0lmc4e0emzf2l68n9ya0rhrpdcq0jmkmmmxv2rkrx42,73,6713,0,0.00,6713,6713,0.00
pool1xc6la5z92seku86c4rdnuvxjdc3fh8pdtanlgxdy99cxjrkhzkd,73,2139728,22,0.00,2139715,2139767,0.00
pool1q6ydlweuzytf4wxdnr9h7qxalu7v3kg4c2t6m7uysn0r67jqx62,73,20,0,0.00,20,20,0.00
pool1t6stu46gth7awdlrdmxmjhgrk9rjhez9qfnlhkhfvf0fj4q3h2a,73,20736,0,0.00,20736,20736,0.00
pool1pg2fxvdpl9d8kdsfln3lvmwwk0apwvw6ykc5fyuc9jamgk6yvmt,73,2313,0,0.00,2313,2313,0.00
pool18qamc87vnl2sjd888f3gv4ssh4qjww859z9v6mr622fvjhemunh,73,197,0,0.00,197,197,0.00
pool15jzfzmh3s4vnhm2qm3p5e0632kv8nuw2luxarqrzpa8a6cgnthk,73,101,0,0.00,101,101,0.00
pool17p4syst04f92ylfzlcn8qwq8w5muxkwqn0a5fl98ksxhwj6y7g7,73,197,0,0.00,197,197,0.00
pool1qhnjcmyy9xrf00z4uj66yedje5ue2ukqte2hr6dmty9a2gz7tu5,73,197,0,0.00,197,197,0.00
pool1chxjq4stjq2q635q8lv3vpszu0jqntxh3ltl97s5de4rz0rkdn3,73,2376,0,0.00,2376,2376,0.00
pool1m2tgjxn880a3v6w4v3uf3kz9kduhvtr97slmpwnppd6r63230sm,73,1,0,0.00,1,1,0.00
pool14mumny7t9l4ydjkqkllylxzzvwf0s5te9vujqet82eszj3d6ccm,73,1,0,0.00,1,1,0.00
pool1vw0rqsvfx0ngct7gfmlz5j2e4gap6sd9pwrmemhd488eyxvm88r,73,1,0,0.00,1,1,0.00
pool1vkaycnf2sv8rxzv4nex8s2unnzahtjs8eht9ypua4takugjgaa0,73,541,0,0.00,541,541,0.00
pool1m7eljcrzd593cawzwpts00mmnxnj52kr9da8r264r7c4kfd4m0h,73,3866,0,0.00,3866,3866,0.00
pool106l8sgu50wpw3nmqkmhlgzl5cctw428ruem2rpwjklg46nprex0,73,502,0,0.00,502,502,0.00
pool1swuyjknhewtqcmh583jjpvlcl0p9h9hrt5l2f3v2hl6gchqrn40,73,49999994,10,0.00,49999975,50000000,0.00
pool1ujpy2536jz3x9gje5d5vuadzcpadl7pwrcsgq4laestu7mrs9hp,73,444,0,0.00,444,444,0.00
pool1rdlpngqqd54x2ek7s9m8hl5yrc7dx5mlm9wtdqatldm5jfrcgqt,73,1099,0,0.00,1099,1099,0.00
pool18kv6jmmtks4jwyt8tpvfc2kakh6wkcggjtehyj78yk9r7t2t2ex,73,680,0,0.00,680,680,0.00
pool1npx8wwtj8knlavx6h7spcj7sk6n6dd5qa0npk9fcdefd542y9vx,73,151,0,0.00,151,151,0.00
pool14exgv53wem2jwutrqpsdxtrl4hweefymltq02xt72z60x8ge4qf,73,450,0,0.00,450,450,0.00
pool1pvsvhzqlrtmseg2mlk600hzs7zqztuqm4ytxyeupa2dyjzs33nr,73,11643,0,0.00,11643,11643,0.00
pool1mgpcx225587y9uf2zcwrputd3kj70jfpf654ca86dehuw5qk5pf,73,210,0,0.00,210,210,0.00
pool192xshj2cu50qfy2pm5cck8lnm9lxv2tjquznqjdkkzw6y5hnzl6,73,11626,0,0.00,11626,11626,0.00
pool12mvua605f7w2gs90d580ywzyyf96je0y5q6zwcz2l76tcdqa8y9,73,507,0,0.00,507,507,0.00
pool16kja6em4zlu8cmlr5la32yrsx5jqpejdqktadw9nv3cwx2s6ccf,73,11,0,0.00,11,11,0.00
pool1zpsk3ql6qgzkgqncrlzulf9dype3km52rcdnajn5ttddwhhc3vj,73,6734,0,0.00,6734,6734,0.00
pool1pujegnn8qf7xux6tkx2mj2qdn9jf0y4z0t6nma97wdgqudlc9ww,73,641,0,0.00,641,641,0.00
pool12f68ksfmsthe4r9xx2up9x4zx43tstu3psmjvk57papsv8vu9re,73,1093,0,0.00,1093,1093,0.00
pool1znp7z30qfdgwcwel4htqmwapfm2h05ml32ttt8znevtz2vwnqwt,73,607,0,0.00,607,607,0.00
pool1knwd92dnngrypyvj3egguuxtl8g8elxarlvaqsyjewvh7sjla2g,73,14145,0,0.00,14145,14145,0.00
pool1qvqpd95v4k2ge6unntpettve72ntguk6qp9ktet572e7v4v9de8,73,137,0,0.00,137,137,0.00
pool157sjc5een0ptynrn6ettx6zr2gl8wm8ymjtwuyravqmmcs45d20,73,12,0,0.00,12,12,0.00
pool16e0qmln8gvtnjcpcvgvjdlhcnsz6z95uw90c58t50qfkc6rqek6,73,10000,0,0.00,10000,10000,0.00
pool16dk66d47thmteth783kt2cw9uh0zc4xsdvlqrwadz7vnyaev8cv,73,6,0,0.00,6,6,0.00
pool1uda4kkzqn52fuyrwuchjxykdly8vj46yv3rc2h4zp9raunz4sgl,73,98,0,0.00,98,98,0.00
pool1wuu2at4ccsqnlaw9q080wz7y0hq7m5utclffjfn3g0vd2j9xs8j,73,817,0,0.00,817,817,0.00
pool1pwfdasxs7ht7878g99fnw86g7u77hqjvv4qgvr9jx6reznfrllj,73,19354,0,0.00,19354,19354,0.00
pool1wamhqzxcn7psr3rrqvg35wwjwmj8qktnvgyncj2vzyaqx9hkmsz,73,98,0,0.00,98,98,0.00
pool1xt0gxs63r5vgjsrzhm7jfuhuqzga9pf8kqvp38qmdzn3wjxudvr,73,2,0,0.00,2,2,0.00
pool17d6yemu3wsv9t3lf507z6vuu00slpyw3qstavfdtztjjy42qcp7,73,99,0,0.00,99,99,0.00
pool1jphnr6n8v7hg4rhsmel2s6yunjalthar07vv7rwvgsky5q8k49h,73,812,0,0.00,812,812,0.00
pool1ghsq6nqsdmxxep9jrfml0j6jk935uhq7d9l5a0ltllev7nk2fa0,73,1162,0,0.00,1162,1162,0.00
pool1c0qt93ydpjdndag5v9fsmzjv0hm87ehstqn6ttvrr60rw9d6uaq,73,1809,0,0.00,1809,1809,0.00
pool1dx5t3yqhzh3v5ch7add7836tg0ey255tjz87spjvws4j2gjp9yg,73,59,0,0.00,59,59,0.00
pool1rq6c8ntlsh2xl3le0utg4fpxqhag7fdlpzdykcld7dh9gtz8fxt,73,274,0,0.00,274,274,0.00
pool1k7asvr2vd28jxw25fsh9pxckt5ykadhn8ua4x88vu39dzquvqvh,73,499,0,0.00,499,499,0.00
pool1dlzpcfmnn727lfsav0x8jmdwjz70sy429xfxjwnzk7r9wm6stws,73,7213,0,0.00,7213,7213,0.00
pool1rscmngzy9mzyy98kl7h38scshgmk4cw0cs6ed58mq68mw4uustm,73,1063,0,0.00,1063,1063,0.00
pool1dvp46zdtmzwkt6x74g6dzq7cyygp5armhrzh2t5hm8scwtxvsnt,73,197,0,0.00,197,197,0.00
pool1xwy9ulstsdfwuh0q0jc76hjalvmh2mfal004ep6ka38k5z4zmh3,73,8491,0,0.00,8491,8491,0.00
pool1s7vl4r9vr2etmr2pfhcvxu223e8asaxu96te3urd7gh3c2kl74a,73,133,0,0.00,133,133,0.00
pool193cdhdpaedcev7x6qps3eps7s4sh2v8k6v9yr4tc2ulujq4982d,73,507,0,0.00,507,507,0.00
pool1fjdsl4zajjt5rv8panvnp89g6pnvt2t3e6za8hcf8yw2zncnl07,73,51,0,0.00,51,51,0.00
pool1484zq40k4xg69t55z4fqz78zz6j3t9pvlw4jd635w692xhfzkka,73,31812,0,0.00,31812,31812,0.00
pool15t0vyldspax6eu8mq7f50s4rjk2qn2g7kudl98tjuqzt2a2zpmx,73,10,0,0.00,10,10,0.00
pool1u56s0gg8xn8uqyzefwd38napn8jmrjqaum446alm38sgj3248re,73,3361,0,0.00,3361,3361,0.00
pool1gseulah8qjuemuuh6wf2a2t2k2na7k8xrewdslcljprmcr2fqeq,73,10,0,0.00,10,10,0.00
pool1qle9cf4ycvz2ervhjsedsq8kkxdey4a9jxyuhhmj8wanx2xjqgn,73,10,0,0.00,10,10,0.00
pool1pd7x30trlcd86h9x8ya5ch3j4729wudgdh4qrmr6fulh5zm24w9,73,10,0,0.00,10,10,0.00
pool1t2mxyjvqsay4yl6vm5gqep5f76nm9wen3452zxa0nu2xugmsm6k,73,10,0,0.00,10,10,0.00
pool1d2cl6yayuxp0wv0v7dtvu0s52vglg0x4z2lz27d6x4ewj72nk2a,73,13575,0,0.00,13575,13575,0.00
pool1lq60ecvs6ake3ntq45sv38v0xq3traf3tvc60vx7263n5c37df7,73,10,0,0.00,10,10,0.00
pool1c0t0xzlpu7nhprxhnlepnapek47waww3m54ek6gaufnpjrl5j0m,73,37852,0,0.00,37852,37852,0.00
pool14hpc9wgnwy0w3jrlcqwftyufm8xs5qena4sax5hx7e5q703uuml,73,19,0,0.00,19,19,0.00
pool10le7rwlfg3t9646gm09jp05qg5kqvq3gvut4q2yaeu2ujncnh7w,73,2854,0,0.00,2854,2854,0.00
pool1u4u6jpf2verwtq2wjcrdr9ktnhgjpa7ag9qnnkfgqtxj2rh9d68,73,2753,0,0.00,2753,2753,0.00
pool1ytfsdx0zjdum8qwrk6urv6u6gxvlnd3r93j8p8ckj57wz3aaudu,73,5806,0,0.00,5806,5806,0.00
pool1f4pxpxcee0mhwd2knwqkwquaj35enlstssc6crsmt2tvv0pwymt,73,148,0,0.00,148,148,0.00
pool14ts4y6fpvxnc3e2aqwxqh5xskjyzlpzk6rexgyt3syh2vdgrv7a,73,500,0,0.00,500,500,0.00
pool1trjvzzska2mnd8xjxvjz0kfart6cfsj232kk6ghrlnc7u2xyqx0,73,328039,1,0.00,328039,328042,0.00
pool1sjrfgg0z0su3gun5xdsj5kvl34m5el3zf6mkaffukg9ucc0q4zc,73,385,0,0.00,385,385,0.00
pool1samrdfdupytre8zuqf5y3sda0kxhp894yvjpnhwwczukwd4mx6y,73,520,0,0.00,520,520,0.00
pool1r5r0z899up4kc9slygn7a2uhl9ama33sl6qwafvef28jgaf06hz,73,1538,0,0.00,1538,1538,0.00
pool1tem8k8927zvn5jg22g3mxuzhnu62jdnqvn523dduupce24vwlrl,73,135,0,0.00,135,135,0.00
pool1j5tw5wwfvk2zllqycg0cunu8emtd5g9tgymp0uayc6nzujunrhq,73,166,0,0.00,166,166,0.00
pool1eggah53ghqwlsm2u4upwnm3s9et8m5yd4p56shaqtm7vql6zm4h,73,70,0,0.00,70,70,0.00
pool1z44fjvz77atzgwcwmwtls7skggnczlx8e30pugqn6ugajjrzgc3,73,28,0,0.00,28,28,0.00
pool1g0t2a93g5e2j7wj0clmk73fhd8cjcj4xn383yt7xvdyhq37m0kk,73,108,0,0.00,108,108,0.00
pool1rq4vahleea4yc38cr58klupl6g0w7ca07lc6kyvtcznp6649j5p,73,4,0,0.00,4,4,0.00
pool1zxklu387uqpzpteqfk48enkuwyjvq0qawc2wvrdym540zk0yqps,73,130380,0,0.00,130380,130380,0.00
pool1fsck5keruz5n4qyes46s9rvrnxcrn8hukemgxazzlxpp6g66fzh,73,144259,0,0.00,144259,144259,0.00
pool1u60gvu8qr69z4vx9wuqelxfhcuvjuxuvxyj9edf8rkmns0405ny,73,145471,0,0.00,145471,145471,0.00
pool18vyjg6jlyt2jywae7ndzv0f7xkrsexxgyhunxrlgm3zaku0327k,73,140793,0,0.00,140793,140793,0.00
pool1qg0g6hv2e50wevkqj34g0cya4f9audctayzp8wqwhxtdjnhn3tt,73,552,0,0.00,552,552,0.00
pool10pvwz69qz468m79ysw8qjcav5z830sv4zmeprru2n4anyuxwj9l,73,124124,0,0.00,124124,124124,0.00
pool1ye53d6kl460egekdnunjl4tx5zhs5puze8nqkfxyjuae7364w74,73,148,0,0.00,148,148,0.00
pool162szyrlrwes7qwy0za4ekufgyljfz0lac9t8h8svzale67n8vl4,73,497,0,0.00,497,497,0.00
pool1693h5jn424n7kazynt4h9r6fe8u8wtsp7us2me60msq5kpv390n,73,627,0,0.00,627,627,0.00
pool16rru46dcyk2h5qjwq6gnxwumdj8zkjjnhxdtvpclyq8h6q9apua,73,710,0,0.00,710,710,0.00
pool1yrycp4fjyd0al60xw826jdju35zazqmfny53r07efucuvlvnej7,73,11125,0,0.00,11125,11125,0.00
pool1l54esv8h5xjry9ms3jq4mnf49vwt3yuxl5fdudp7jpdx2swuaah,73,19,0,0.00,19,19,0.00
pool10dzswwk8ycrxfv04nv44fjpqdx4j5euj406df0xsq7xyy0r0ta5,73,101,0,0.00,101,101,0.00
pool1x3wuw3ungmrq5padffsqne82fx5uesy6dc2qmj83xyanq4rgnz0,73,519,0,0.00,519,519,0.00
pool1q34qp4ckh590gt99eadtz8w8ag3watavf5adj8qjs7guxmkgk8g,73,1048,0,0.00,1048,1048,0.00
pool1jqdvgk0csfnwftkzn6vyz7fq8s3606uu6k7wa9xrn0jpzg4r304,73,4781,0,0.00,4781,4781,0.00
pool1kllc67fn00yqpffw8e9dqnlcaa733h9u5nwx97vhtjlw2t5e56j,73,10,0,0.00,10,10,0.00
pool1mzf0vc58p7ktgs5gqzqrcwtrs4xnlpd5v9thzl7gahqj7f7aqye,73,105,0,0.00,105,105,0.00
pool1p86vmfhr4xnerm4kjltlhxrpzaeqjg30h7p8f6h279ulcty9n7e,73,458,0,0.00,458,458,0.00
pool14mfq8s3gspe8sdka6cgkm6jzgd644dvw2av5kqa8w4havs9e57u,73,25261,0,0.00,25261,25261,0.00
pool1y0mz6yevqk34gk4tml37a62h69tg59sfz6vslzv4sf5fvsjhvpw,73,16094,0,0.00,16094,16094,0.00
pool1h5xdez7j0ncewgxs4m8fykjt9jzuy86t8e0m7m7m2l79w4jzzk2,73,203,0,0.00,203,203,0.00
pool173f5kzeuz485kshvga3t7un8u699w2rgn77apjx078xd73kzj6y,73,348,0,0.00,348,348,0.00
pool18ml3ex5ra5wkv00vxx0mw876s2xe0058z37mpzv263872nasmv0,73,7,0,0.00,7,7,0.00
pool1wc2kuqz7w36j4xc7x8aqekgjhmy4ggknddqqfuw4mr3pu9f8wxn,73,49,0,0.00,49,49,0.00
pool1k0h45kcsfynjfyplgn6qpaw40n3cvlcrdryez04x40ayq6w9dgh,73,7,0,0.00,7,7,0.00
pool1xcy8wtzrmzdhr2sqjjm8qe0hrxr4dc23zsv9mdfegahv5t0jud9,73,2,0,0.00,2,2,0.00
pool1u4708qd88n0ux2capce6gz6zcjvtwfsfpdu28h6kkh5yskg9eck,73,497,0,0.00,497,497,0.00
pool1cpzz6aqljgk97ks728xa76wqg96kj79ndc3gasx7kdnr74wrk70,73,729,0,0.00,729,729,0.00
pool172vhywk0n2m7r47a8wq78xzc7nnytu3x78wyftmdedvjyzxjc7s,73,70,0,0.00,70,70,0.00
pool1n96ql32ct37n8w0l9ddhnc2t8tv0uyd6kuhzua8uxy63xs35wgl,73,80,0,0.00,80,80,0.00
pool1njs6ejpvdkt3cee7u8ekqyunmufm82jjrehtg42xd28m7zhzn5v,73,127,0,0.00,127,127,0.00
pool1euzg0c7npjm9dld4f7n5kj7as6n5d8ts8q6qt4rer50p5p9nr6g,73,7,0,0.00,7,7,0.00
pool1j5kx7rp08axydqevxhmujs5vthfv5kjzq2h40edpychlxg5twqw,73,28,0,0.00,28,28,0.00
pool1ryyfhgm4rqa9pnykxuhxcmy6rdn0uyltufm9t86c6uskwv3aame,73,17,0,0.00,17,17,0.00
pool1kl7qlqtzxamrj8qwutn6ww0ksw3m7chwuewztqr6uu6yz0nuqtn,73,7066,0,0.00,7066,7066,0.00
pool1lv7v8r8ge22agkuv2astu503d42v749p6rp3sg8l6twuwqm525c,73,5342,0,0.00,5342,5342,0.00
pool1j3azwphh66wk6efre3ezjjw8mqljqmnxe5qr9tyfmjdq6eqe5fc,73,178,0,0.00,178,178,0.00
pool163aacna7n8tgphz40prapjgkrkpvsfttaqt56yeg2psd2umnxqu,73,50,0,0.00,50,50,0.00
pool17037mqf5k46e6jpaue46lfy55v827re9cgm3qp8vsp33q8zufvy,73,3,0,0.00,3,3,0.00
pool1dmuaa0wmqrwwx467p48fu83y5w7wdkxf8xlgymmfc73kjy3vxg7,73,2,0,0.00,2,2,0.00
pool1ml8hj9zhv5esld4dwuxrkda0ktclw4g5xfggg86nw3majud2uf6,73,549,0,0.00,549,549,0.00
pool10pxym4rs92lj853juzku38z58d9n59ra55qd2mnm820ljx4c6h9,73,140,0,0.00,140,140,0.00
pool14ga04y2dec7vmahzstd2c5mjsw7vq0v62mwclqynvy2wsc5g40p,73,3,0,0.00,3,3,0.00
pool1rg4h4fc9j70w3jx86s3vc8vzd7hxwd4sz4j80d93hk7j7mm5dx2,73,28,0,0.00,28,28,0.00
pool179dpweul0jsfv9ls67ner4n286fh6hqtskaw6nux97t52dt5gxa,73,1654,0,0.00,1654,1654,0.00
pool1cuufgqx2wymaavuuuuewrcywksqql299ugjxcw5hf8gux3ed3lc,73,3,0,0.00,3,3,0.00
pool1ju00mkurj9t920staddyd3ln9r98kktx38jrer0zp82eg8x36jf,73,115,0,0.00,115,115,0.00
pool18a8vhtlcz7t0mahmfdlgtpsspvae62egz936j3dt7f9ykr4j2av,73,525,0,0.00,525,525,0.00
pool1vuhc5fl733g3twn856xsfjqusczvk68r6pvs6lqgtadzsf6fue2,73,2,0,0.00,2,2,0.00
pool1suuvhhetdpjmenal5j2uyjld26jke57xw2yz7gc4j2s3yhgd7us,73,4,0,0.00,4,4,0.00
pool1th8afnzy79jerwjg0cqgm3y4xz5pfphtfkggyqw0htz8ssujvf5,73,417,0,0.00,417,417,0.00
pool1h2q3cyle9yrjv4g6qvwqyrm5vk9qj38gtqndvavpqf6lkgpqvj3,73,659,0,0.00,659,659,0.00
pool1xkrqy49edygfumvw9jxna55c373cmckzqq92m57ng82ycpykcmz,73,103,0,0.00,103,103,0.00
pool1hwnl625swgnlp5w7e8dqz0chlz3kl05tm2lawwy8xq2l5uz5h0y,73,500,0,0.00,500,500,0.00
pool17dx6ld5544pngfc4w6ere708zmjga7wmykeelqhqt4tpkjcpup2,73,4,0,0.00,4,4,0.00
pool1f2uwt68neknpyk8pw2rh68gmpc6czndekl5ym22n5zf4vy8ecct,73,738,0,0.00,738,738,0.00
pool10pmpya78vv23pngluf7hwpg9lerepmqdmdu47huf5vsskt56wzq,73,247,0,0.00,247,247,0.00
pool1k0d5szkmzsw6035ytsm8dv75d4ewu5gkm7c7dhsjug9uvkaunz3,73,97,0,0.00,97,97,0.00
pool10v6uh7yan2dg8utwpgurj6th3u3s3q3m2lcg8z9mxtncvx72dhc,73,1,0,0.00,1,1,0.00
pool12mca6l778v2e5wq5a4kc08h6grcv9j6f7yykt9wyjttckfxksvg,73,1014,0,0.00,1014,1014,0.00
pool1z59y9zk6kvyzl9fv7evxpnry8sk6ymxuee0lc6kw2rkvzh6f077,73,3,0,0.00,3,3,0.00
pool1jq3s8emkm332n7vd3n57amjzspvt3hygh4wqsyp33psugvw7zc0,73,502,0,0.00,502,502,0.00
pool1fwg2x8pwwxverf0wqtk3pnqtywlah9em3ywyvhskafvm5z3e7kr,73,18,0,0.00,18,18,0.00
pool130u9tm5kzsjkzlt4zq989s33fne5n9qahkdcmamh688wzrk78g6,73,697,0,0.00,697,697,0.00
pool1ww3v7euue6vkzstk2gm5r2s9jsnj9zgtvvscfcmhwfxlzpfgap2,73,18084,0,0.00,18084,18084,0.00
pool179mnckg6xz4w5x6k9056yl7r2ej8fd8uu68fc2vlsmulg7lzwhy,73,57436,0,0.00,57436,57436,0.00
pool1rfwfql54dxqe2f3pht7c8xztq9c5wncdhcp542nk76dcgshtvdk,73,377,0,0.00,377,377,0.00
pool1qw5jc5u4k6ck47kdwtwh8msv6t82x5c6qx38hjaycnha6skrek7,73,5,0,0.00,5,5,0.00
pool1eww2f6gu0g65v5l6xvqhuqq32qg3jeyadzz3jxlfn0e3739337k,73,103,0,0.00,103,103,0.00
pool1gvydgpt2nt6zchvt6fyc5h3w5g24nrrw54tskm0mkc6hqh4ye5n,73,497,0,0.00,497,497,0.00
pool1v46s6ak79m3mlv65pjh7ypvsp7n6cc62a723dpwmhtn8uy4pld5,73,22,0,0.00,22,22,0.00
pool1sfjdu0xmz7vdmp6cufxd55gprp95g4p703zzr3upt70dst0fur2,73,1519935,0,0.00,1519935,1519935,0.00
pool1wwjj0tcr6w9nvk0jpvnrqq9p7ukn7wux0h669wcw25t0zmx3zfh,73,21928,0,0.00,21928,21928,0.00
pool1f5s5lqe7e3x7wxscsawaj0ddjz42y4ckcfqcxrd3nxg7wwvsysn,73,5923,0,0.00,5923,5923,0.00
pool1njgax5g706nhknujnntnrx0gyu8zqvrhexwmmp7qrfhjvaumfq4,73,33,0,0.00,33,33,0.00
pool1dg80xj5qfgu2caursxwk67cm34esh03kzmu63qu89vdv2vk3x4u,73,965,0,0.00,965,965,0.00
pool14rs7ky0p867k0fe9mk3uug9c6w0mwlz3sllh7rpwxcqacr70s8t,73,110503,0,0.00,110503,110503,0.00
pool1q42574l9xer3khqpshk8w2vc6md6zlah7493fp6zzv9mqurmufx,73,429,0,0.00,429,429,0.00
pool144cfav5vd6vwaej6cspzea3pjfvdcjg86uzv9phxegz87ynw2zz,73,161,0,0.00,161,161,0.00
pool1tcjzs5lp05ze2af8tk0pk3e3w6ey9ec0jpu9hxvck32mwxj9xwq,73,2214,0,0.00,2214,2214,0.00
pool1p2vgec7gamn3zq0pgevauvu5m7gzhzwal48sutz4hc5tk54vnxn,73,32,0,0.00,32,32,0.00
pool1rk2mshek3ln2uahk9xg2r2yf6z5u00h37g4jc2mkyt6yk0r2xw3,73,9,0,0.00,9,9,0.00
pool167n02n48l5hfgfu6e46xq8n3yefccm9dcnmefkmxuymhc8ncrjm,73,2690,0,0.00,2690,2690,0.00
pool1yrprrg6segrjprav2xjnvtgl57w6er3ttjskg70fjtwc524u0k4,73,1206,0,0.00,1206,1206,0.00
pool19u2lzwnmkz3gqqmx9sahhys8nqvwzkl8dqu7m474m0zsj3acjfj,73,533,0,0.00,533,533,0.00
pool1lzg07gaddygem6f5ch60yv0l0g2529af87hqgw6gkqdmsfs39z9,73,122,0,0.00,122,122,0.00
pool1ymmhkw7r5xj372w7gwel66fwtvqw4uv08j0fs2wycee96qv32j5,73,122,0,0.00,122,122,0.00
pool1je5j68dcgm0hynv4fd2t2xsplmad40adneu68vp3h4nlcdaznwc,73,58,0,0.00,58,58,0.00
pool17lue2fr93qlstfjwgstpkt22y5lg6h44ry3rz7jxe0mqqnq53wf,73,63,0,0.00,63,63,0.00
pool17z4hzv0544uxx8q7yhedvsrtdavtz46nzwqyp2rgtku4x6d0zcn,73,197,0,0.00,197,197,0.00
pool1tjd4vxjnr99jvlnrh35gmg7xqmphxjyftpdfn3mlv3zw60yw5y4,73,198,0,0.00,198,198,0.00
pool1aczlsvfl50xtyfuff4vk3d0v2h9r78hr269ycxwgx00dcng4u9d,73,198,0,0.00,198,198,0.00
pool1huxl069mddvz0n95zg95u6gyx7ycvy0f0z0rh8md9w6kyvur9h6,73,198,0,0.00,198,198,0.00
pool1zx293a3jpjh9sln53uhlc34ccnppl6sze22rrcmt04enzapl935,73,301,0,0.00,301,301,0.00
pool1xmn8ag7jctcpdqk9jtrzk9s7qgs4f3cehkxhtelgpag6c7fjxdm,73,9075,0,0.00,9075,9075,0.00
pool1c8enfyd0rt39p4wr9h840y3d2xtqylxq5rsu3ku8gld45swgtne,73,28156,0,0.00,28156,28156,0.00
pool1qsql4xy359qgypnnh3hu3hm7ax4rs37gkas9tnhun03ygglxtth,73,2,0,0.00,2,2,0.00
pool1wg3xyzscx4qp0d4zmvlh7ksw8cupqcnegulmezl0cp77vtwlvgr,73,635,0,0.00,635,635,0.00
pool1axgtae69sdv7tnqru3enjdln0hff9k7n8awlh9xxzq92cdgmq53,73,8,0,0.00,8,8,0.00
pool1ns6veetewra0zqlljq36rwt4g3d5s0lnvxmzmx82epph50weacy,73,2141,0,0.00,2141,2141,0.00
pool1ap29p59japhsunqkknkrdm4wh4f8krrvhft66zhns43evawjd03,73,6305,0,0.00,6305,6305,0.00
pool1gglca5t7h2tky6jrhp08sxsf3mecvh0xk6sc4v3mcpfzc8jwu2w,73,5,0,0.00,5,5,0.00
pool1aga0u8m7rqpdvkqa7qfr8rhyweyqlg3jxt3skfq660vdczwzyca,73,44,0,0.00,44,44,0.00
pool14rf039l9kskejp4g7synrefujghemdwkenx544gywgp9cttert6,73,195,0,0.00,195,195,0.00
pool1gjmerqh4wxl553enqeqgc6m3r3gt6yspdg29jy6nuypa6k2tpdt,73,2534,0,0.00,2534,2534,0.00
pool1u7s8etmnm0y0ktls7kkvx2apnep5ercy7wwyljgw407yjzjastq,73,62,0,0.00,62,62,0.00
pool1ng0wg25mkdkcmryzh5dcw70p0462z7svegxr9c7d2k5cqf9tt2k,73,467,0,0.00,467,467,0.00
pool15730lwmu7vrffkl40wtjrnctsfd840fl5jmuw230r0d65a74k5e,73,943,0,0.00,943,943,0.00
pool1jk9na2mu29wwap6pprs0c98j3rvh4jva95f5m3hxnwq86tk9c0l,73,4072,0,0.00,4072,4072,0.01
pool1zlsrcv64qzzahdky99r3e2m0wd68uav3d7f5nxegalhj66r8nnj,73,104,0,0.00,104,104,0.00
pool1p8a3jea0k5w749jf0jtr7qeer8xth9r0zr8ktmp75heqx0ewyz7,73,51498,0,0.00,51498,51498,0.00
pool1yqd4ln05uj7qd0fs657yufwa29an8lu49farezn0x6a9xph9h49,73,1,0,0.00,1,1,0.00
pool1wr5ky4r3hz6hxenllvxpuncg7jya8gv89jta03059w9eqqjy6c6,73,414,0,0.00,414,414,0.00
pool1cvekct2pwhypvwrfw5e936vkk2kqhwsjxzkpf63xsc87klnsxqv,73,7813,0,0.00,7813,7813,0.00
pool102s2nqtea2hf5q0s4amj0evysmfnhrn4apyyhd4azcmsclzm96m,73,6570,0,0.00,6570,6570,0.00
pool1ajjz83zx620n7fyr0gvfaz0k0udc6x09rdnkqrgaxu9qwcz97qe,73,206,0,0.00,206,206,0.00
pool1xdwe294ntvnken52vsaar7edxpxeths4dvsm84pm4chyq70r0ny,73,105,0,0.00,105,105,0.00
pool1u4e9h7ssr2hcd550luvkua88gly3vzusu46ftmqn6kvlkh3v9gf,27,21269,1,0.00,21265,21269,0.02
pool1mzn7a7h4ghv35d7hm7lepzcc8vkwq38qajnnuqalc60mkl0recn,73,314,0,0.00,314,314,0.00
pool1v7v9248nczqdplztgn7fwf4x4sd59utl0rx4uj7wewslxruwplu,73,119,0,0.00,119,119,0.00
pool1zevtw8lsd6xh45v2mfw3ay5rqtgyt5dm77daglqwjnpgjgc0ynp,73,998,0,0.00,998,998,0.00
pool1nq0jx33p0sfa2fux33yklkzssck4kfgaqlgnlc0a7a9ggqzhgnt,73,111,0,0.00,111,111,0.00
pool1ag6ae29hrcjhcjaqp56hwhwj9geszjerwqrkjz6xndmcq3u9k80,73,1967,0,0.00,1967,1967,0.00
pool1hg9yyezrm6dslw9q767n5tlu0qk2ccvd4k9946vv7ymgvsvnttf,73,98,0,0.00,98,98,0.00
pool17agmzy52u2hh2f8zkuvzrvth94wdr3erlpng50thrlmryqvkz57,73,9,0,0.00,9,9,0.00
pool18nx24xhkcewezxvrjgdpt9pgt69pefr85m8qa8fdjd4m6p7egw9,73,94,0,0.00,94,94,0.00
pool1qwn9l4vzm4rsrd5kexuafqlsgg4ap877vsunqpm4yq89crm4aqr,73,79,0,0.00,79,79,0.00
pool1cy77h3wzf5z9ea0z66wr8luczcp2u4wchhkejkndjvyrvyvqauj,73,466,0,0.00,466,466,0.00
pool172gxn08m64vyfvpn926t3q8md5qf0q9k3y6kqz6krj8ry0tntmz,73,552,0,0.00,552,552,0.00
pool1eal2z34ugj8a0ckykd6xx45dz6jwdgz4cuvutk320cp4w8t2sm4,73,1733,0,0.00,1733,1733,0.00
pool19042p8xye9udlgxgxn6n358hx0u0mjuegcwpxradk3vpkqgf54t,73,2921,0,0.00,2921,2921,0.00
pool1vsdsgufhfellves050nf8mh5jzrvwwcq7qlxwkneyp8hv3z4w9w,73,8,0,0.00,8,8,0.00
pool13zagy9a4nnhgme5wcnl0w3xzt523yn76jxh52360rryexc9f9dc,73,101,0,0.00,101,101,0.00
pool1yfxhjwwlzr5da82h77jy83nkuryh970ey6zypd89fy6qyuxfppe,73,10,0,0.00,10,10,0.00
pool1llwt52flj60vwd2tv3z4qzynu9p2njvsm95cf603zemlua4f955,73,123,0,0.00,123,123,0.00
pool1uwk437q9npu9yhsj5r3qdnkq6r47wvyfzjp0c52932esg5rgnkx,73,123,0,0.00,123,123,0.00
pool15xfeh7v3kr5j4unyeszxnfvy349d4h8s92h4xdwl2hct6n0wgah,73,939,0,0.00,939,939,0.00
pool13xlhhdl2phz8sup0hwcuhp6c4kscrtxs6d05n99hnmuakfkd6ws,73,40,0,0.00,40,40,0.00
pool1sk4s9cmjc9s5uw5zju76tnu3hjc7qj4geaeq7psy9yjay4a9nwd,73,103,0,0.00,103,103,0.00
pool1jh4caf4afnjdgne8m95addh93e7zf6zlnx0pk5flcvylsps7nsp,73,1000,0,0.00,1000,1000,0.00
pool1zsfyca7vnftr3ywzhwq07whjev9nau2j65mq6kehnpvvccstlzz,73,13,0,0.00,13,13,0.00
pool1nnfwte5lhr8rxjye4a8m8krt5fsu6fs2g39g6ccq09nqqf8sekw,73,25,0,0.00,25,25,0.00
pool165cyssah9wcnkuqq339c9fam5wga3x7zl6kw4ktltq5x68tlu4w,73,1075,0,0.00,1075,1075,0.00
pool1u32s3ry3vjhqwhcrqz7p5u35cvzrx4tvdwydgvq6qm8720qrg0s,73,118424,0,0.00,118424,118424,0.00
pool1x9tc05u8dqefrdyw9pgxn72szr7p2peyd7xgqs3l28s76f59c0y,73,8,0,0.00,8,8,0.00
pool1r9dfv5360alp5dh020k050d4n4yh9h4gms9lf0srm43z5zk4d3s,73,115,0,0.00,115,115,0.00
pool1yzu4lp7f8ua7negffj8mmwfylx4ckhsu00a4gtf630rlcwnl7gd,73,380,0,0.00,380,380,0.00
pool1cjjtz6enkc76yytlf2zd86ngdu60e705vq7wq940ncu6506s6n2,73,19640,0,0.00,19640,19640,0.00
pool1ajpxqyq3p3aczgaxuc66lwtgzhrapzu6duk90dz0wz5twh9jzyw,73,6,0,0.00,6,6,0.00
pool169mewaur9ma6ffw6x90xhjj0sk9j8yu3ynqz20jh03dj20syqwc,73,3573,0,0.00,3573,3573,0.00
pool1jrsmda62uar63wrndmdg3jupdtmmtsxmnqt66r3mm33wj2fd2yh,73,510,0,0.00,510,510,0.00
pool1h26acqctjzuzk04uxc35mt5eavnlr5wyaqavmdqhd3s2zr8v7nm,73,1595,0,0.00,1595,1595,0.00
pool1hd5r62ktu43k53tskpr8xja8pyt5k6vws2fxylqm7hp5ye954ea,73,126,0,0.00,126,126,0.00
pool1cwc8jnc89xnd0qlyl4tp9gu2uf6jxhc2xay9xqdwt88s66a5yzx,73,297,0,0.00,297,297,0.00
pool1waplz6cz4t2uss0qcst8wkqj52rzhy9vfr5jr9se9pjx7ucjcfm,73,50,0,0.00,50,50,0.00
pool1qd9yemufpf2fctpd2zyx9v2lv3h4fne3v8jplse284gqxk8ketu,73,165,0,0.00,165,165,0.00
pool1cd7u9yenr0vkzh9kj7nhhy28ye289muhcdgnhyvz7r3z7jwcxl9,73,41227,0,0.00,41227,41227,0.00
pool1ze57pe06f82s3v8ugjqxrny56sj63vs26sm5q879ahkkq69zn0c,73,3521,0,0.00,3521,3521,0.00
pool1w2s88xpylulw3l8naaql9wzxqwra06n8c2lwklmph25zjkvwuvj,73,4824,0,0.00,4824,4824,0.00
pool19f6742plmyxw4w4tzhew003q67cf2w7c66v28mtk6f7fxf80ak7,73,516,0,0.00,516,516,0.00
pool1hl9tn0qpujfss69h6jr3wepc0e7tuczchpfu7nu4ma006u5scfw,73,6708,0,0.00,6708,6708,0.00
pool1zcdwn5z04gw7m0n7qzwx9gqn8a9l3wfcvejc3wrdxfuhc88usua,73,1032,0,0.00,1032,1032,0.00
pool17d6xuyhwkvp5g44q5jwukrfldhvcz3equ2tk34yuyrd0jlh4jjy,73,13,0,0.00,13,13,0.00
pool1rq70y0sj8fnjgnuavsjtvk2qm6hjw2r9zfacd46z6z8c7tlgcmx,73,127,0,0.00,127,127,0.00
pool14z5zuqy98d956cktyjuztaj7u4a4wje88c8ewznqdh6uxwlpnj4,73,107,0,0.00,107,107,0.00
pool1k6u3rdl30ruf85q3jpzcfyq4ta0umrxdlt30rcpxqqasumcnkgu,73,1009,0,0.00,1009,1009,0.00
pool1snyaulmp94axe7ltmqzlkztqn9axt5ykprjtxh3qgn35cred9pf,73,1002,0,0.00,1002,1002,0.00
pool1te6e6yc3p46yvdakrpngk49npvfvkcutk0z5qpj5xwx9gswkkpz,73,1079,0,0.00,1079,1079,0.00
pool1ca862gvy5r06k5l3hulsphtp20tvuxqef0arzcyejdf365c5nrs,73,7083,0,0.00,7083,7083,0.00
pool1sxrkzy0ty37s2qx66cscqwucdqlvemtjl96ep36mqfrnku9lq8t,73,1043,0,0.00,1043,1043,0.00
pool1tw2vq5vuxe5x8fse40ljx2mp53rdna9w0sktcq8ndr2nwj4ysgl,73,7493,0,0.00,7493,7493,0.00
pool1gqmjahruyhxvec59g9wh0z67aqxa2k3n4al4lyafv08xk90zl2z,73,1101,0,0.00,1101,1101,0.00
pool1mltwh4elef39dkuuz058lgfuvx79c5wcnz3szau3arhsyq22ace,73,90732,0,0.00,90732,90732,0.00
pool1m3wam7j8xjahp5mq03rfkcfcy45kevzfyekmdy74x8ghgpm5cdz,73,122680,0,0.00,122680,122680,0.00
pool1xm4nalvh3yd7pzczlr84w4jlzymwqrnshlpv80u8s6zex997kc6,73,12,0,0.00,12,12,0.00
pool1ura3w5x8uy7mgzu0pd4kskap4hynt9zymt30h5macll4kuxpqnv,73,1,0,0.00,1,1,0.00
pool1yu9y9qvqu2d399qvzcy2ugnrsw4vh8uzsufq8jhyfrsjk563jqc,73,519,0,0.00,519,519,0.00
pool1yydna77k2j8yq4fw08d202z664g3fvavfvqjg5g4lxmwzsa9k9u,73,0,0,0.00,0,0,0.00
pool1nyj2wwps0nk9kn48rtqck5876la35k3j4talj24gpvnauxqsfh3,73,564,0,0.00,564,564,0.00
pool1r96tdg42e7qpxxef2fhzlusl4wtqjk24kznsj4ttar0f6adw0jq,73,2,0,0.00,2,2,0.00
pool1ru5ltcffgwnz6qdmccq9lcfu4zncygacm5fzvwz6tq9zcfwyl0v,73,5021,0,0.00,5021,5021,0.00
pool1dzk2hrh2vtfcc6wk5n69ml6a08jc8d8s3lpg7jsaydcdwrerlq2,73,1001,0,0.00,1001,1001,0.00
pool1yechqtexl9r7esg5scwynqalmjrpd5l69wkwrrw54y0x26eljpq,73,1584,0,0.00,1584,1584,0.00
pool1v46kmtavsty57aql824069j2p6wxpcpk3j25veqauu54kynydty,73,1032,0,0.00,1032,1032,0.00
pool1ax6nusmcp8h8alsqmueqvxu46h37fmvfyr2y6w9l6486cy2rq06,73,322,0,0.00,322,322,0.00
pool1u9vgtxyupd36czsdvh3h9zr8eakdqesug8j6k2nw7nszy97z4m0,73,178,0,0.00,178,178,0.00
pool1qlkr6qu4mm38x77ldp2vnxn0gatgq4ernvvdw4pxze2tuyw5pfh,73,13156,0,0.00,13156,13156,0.00
pool1d4387s7mszjkeg5w0xppzxdtzsj7aahfqdgeef24emyh70mccmw,73,46097,0,0.00,46097,46097,0.00
pool1gqp9e65nqy0q08dvqst6mk9fyc96sdels5drncsdz5d82dpw5gg,73,107,0,0.00,107,107,0.00
pool1vgryztjlm0grah2g5gngd0vlmy4z3yrsm42h00hn967e5mqk4nq,73,197,0,0.00,197,197,0.00
pool16q8rhnyj65mtfz8rvf38ernr0jlcr5gcdpjzv0wgtqvcc5yw7g7,73,501,0,0.00,501,501,0.00
pool15l8p8v8yzdjvl3vml6qafx0wgy4k6t938jl0qy24wslgw7xlhc2,73,0,0,0.00,0,0,0.00
pool1fvgmxt3688a5zl6amhvaqk9tmvk3lhxkgdsta6yj3czuy5hjwfy,73,50000101,14,0.00,50000076,50000109,0.00
pool1llwfa6erdh7k87j06y2z9999jcc84cnezwhg9e2sulrgwzrsug4,73,5,0,0.00,5,5,0.00
pool12x6z2am9fxpw7s8wfjpsdd4jm2v5wdj62fshv00ztpxr6jy3ztp,73,594,0,0.00,594,594,0.00
pool18dqp26atwr6rd7z6suxjmguqy8zym5a3tgtveuazqsjwyeafrz6,73,267,0,0.00,267,267,0.00
pool1hut596zjmx2eunuwt8vjnh953ezgtvc3cwv3nat8cepsc2jeaxe,73,55,0,0.00,55,55,0.00
pool1v5jj7xumvk4engwvqrxt0kfhpdkucqvydmmlwwq2x76hz99affw,73,1009,0,0.00,1009,1009,0.00
pool1ga0h4pv0psju8z3j7l852elq92c7xshuspt27jklnx665r4l2q8,73,15,0,0.00,15,15,0.00
pool12rv575nj9cfvy0r4th7jtz5x3nt6waht0qe5fdr58ucx77tk7pu,73,6161,0,0.00,6161,6161,0.00
pool1pm635fj8skdkh0lvhtcygateyt4nt4gj5rap28zqpe7rv0wgdhf,73,2,0,0.00,2,2,0.00
pool1pk6q8vjxu0404jzq0dpt7fceyz9yu57lmx5csne8tmce5nx523m,73,90,0,0.00,90,90,0.00
pool1vrpme37hyyysgl4n8uk87p0njvfejc8kswzn5yxmgf4dyxx8haj,73,8,0,0.00,8,8,0.00
pool1s4a3y5ktdg7s08d6mntkctzc739h5n46t930jggef287cwz8pph,73,163,0,0.00,163,163,0.00
pool10w8gmhnprfmhdlp6npjt8d3ts64ng4qxsu0mr33dhpxpzwn4rgt,73,3,0,0.00,3,3,0.00
pool1wpp9pslecqwv4wjr4gfhcsv9hmagz882q6fl6umwup8guxy5whm,73,7,0,0.00,7,7,0.00
pool1rek8m67j3lrslpkrv5twxr5adpt2r5k3qq2huh6vgx8jkcw4qc8,73,197,0,0.00,197,197,0.00
pool16m6c5rcpm63k2606lkqadg3x5pykjwr4pthhj9h4ancquafwhjl,73,113,0,0.00,113,113,0.00
pool1mctfqjen6qflfk65vz2hm8zse0a6e3g289hc0rgvrml777g85yq,73,844,0,0.00,844,844,0.00
pool1dadzh387unlwu37ek693hy9a7w49r22mrmrl9y0fjfhhqe4qtpe,73,1216,0,0.00,1216,1216,0.00
pool19sk7acvpdxszed5hmckt0wmqxljalartue7d7d4a7qhwuw0n0ws,73,60,0,0.00,60,60,0.00
pool1r2249l40de8nlj77u77yzk8kxl3av4k09ztswcuqfexzcxwx3k8,73,123,0,0.00,123,123,0.00
pool1zst2k3wnmtq69vqzm086q9m7v7dn3gpsu9fgxy2vasew6l8nlt0,73,1097,0,0.00,1097,1097,0.00
pool1l3rf0h8s6fdw8g4vy8qg7fw3wwj8jdm3hg0wwwycnvj8xcl2ps8,73,3893,0,0.00,3893,3893,0.00
pool18lc8uxyrnuurer7hr77xqh83cp667jazlghe2qetvzfqvxjtdqc,73,9,0,0.00,9,9,0.00
pool1xpptvfwpqau6qg7j8e4qatkzeartxm7ezux95evgv4zm6xxd3px,73,2,0,0.00,2,2,0.00
pool16nnl8ymck6c20x86lfd5p9q3yp9w749cam26y985459ww6kjtz8,73,64402,0,0.00,64402,64402,0.00
pool1apts5675m9f6tkp4ed2jeu35azt7a0hxd3dypzjvwr2hxu6lg9a,73,1,0,0.00,1,1,0.00
pool19klg32x4wrwh8yfdra6u52qa37meves4r68pxajxwllvzazd37c,73,3046,0,0.00,3046,3046,0.00
pool1m5chjwkxs3w5l43uf4y9ys2pprqxv86ffdm0fr4n38np2c7mhg6,73,56,0,0.00,56,56,0.00
pool1lssudmnyy4vlzrvpmw4539xwklnx0lm2murc9t7n25u9sg2ce3n,73,6,0,0.00,6,6,0.00
pool13wd88txwe9xhgld7hf6v8kstppcexmqu6t4fhxwx5zktz0l5nxv,11,99,0,0.00,99,99,0.00
pool128sj7hpet8874ycvxml85wlv9eyd8pehjhnj3clcvhrr5g5s9qj,73,25021,0,0.00,25021,25021,0.00
pool1st9xr6arqq8f2hjsdz6urxejjwzpjkjceatnjuehhr9xuq6k4eu,73,645,0,0.00,645,645,0.00
pool1nlv8mxyx5juqe5aua9tplr5j9ar4wy950zlya3ul94wkgqmf9z0,73,245,0,0.00,245,245,0.00
pool16g4atk6yaj7hxexrlhyf96gtxts3kjs5wszvxmq0paw3xdre68q,73,18,0,0.00,18,18,0.00
pool1agk62kg0s9606v78exurl53mqsdu44d6qeuzypur5e7ku6gpgzp,73,7524,0,0.00,7524,7524,0.00
pool1ntyzyya7yde0yrna4q9n4g7m0gttpy35jzld9mckmtz0zfm28nq,73,7786,0,0.00,7786,7786,0.00
pool1p90ymkn27wj473ve0leq0u6s935atjspsq77kxttyzzqsekqjh3,73,4907,0,0.00,4907,4907,0.00
pool1cshuf0jy40a83glgwakert9czfnqrpyq6zwqly2705mrwkajuhu,73,6109,0,0.00,6109,6109,0.00
pool1qa0t2lecmzmvzn6z7lzc439wvlgz0x04lvnqcdyzv4gywz3qehp,73,429250,0,0.00,429250,429250,0.00
pool17pappd4r69ag7ud695he8rhygzh80qvtdtv8k25hjyggzz8gc53,73,1053,0,0.00,1053,1053,0.00
pool1a9j9dtdppvfq94w84ns59fnrptz3cj2mkwpmku57e2yf5k6a4ae,73,4,0,0.00,4,4,0.00
pool1vd3rfulk3x3k6mafusvrtnzysx9qkcgcks9an2alcpm55msk63g,73,38412,0,0.00,38412,38412,0.00
pool1ps39v4j035ejzrga2qt56cfhjuwx38wved8rd0mujtyh6r5mt3c,73,33808,0,0.00,33808,33808,0.00
pool1jcpwtg5ce6xr42v37nk3xahmduwrs87mvd6pkm92v7tj2ux8v5j,73,2,0,0.00,2,2,0.00
pool1a26gnntcj3j5v7ng599qncn7uuav2sp560xwlkvp3pqlj822jtl,73,1685,0,0.00,1685,1685,0.00
pool1ec5lvdyd9dghpezzeqfzn48yvw34ff6u6m9tlh08kjjaxx4nxmk,73,36375,0,0.00,36375,36375,0.00
pool14pwff25hl70dusazjckjqvzft35ew67t33x49hwjm5j7y675ere,73,118,0,0.00,118,118,0.00
pool1aksxtgqz36vtvnf3rrgrzz9qxrvjv4p2ukqcdyv5q66s5eqhql9,73,6,0,0.00,6,6,0.00
pool1a58fg4u3mcr2zwyqlc4dqd6mnwqjmcussmpmcml9lrmszwedmfy,73,4989,0,0.00,4989,4989,0.00
pool1h7nugww5y2q74435nadg6gggsj20nj5v3dq0w2gjwp3qvrpvgzh,73,28,0,0.00,28,28,0.00
pool19m3xzv58uymw76tg4th6q5fwkg9zktc8alvyysr37u04yw86axc,73,2015,0,0.00,2015,2015,0.00
pool1vj08te6uceklte43cy6canq7te45qjmmm0dhewy0kvstyjmgqzt,73,8013,0,0.00,8013,8013,0.00
pool16uf3j299ndwd3xmv6fvh648pc3s4c3y80g2t0y2rwew3xz6c3aa,73,6523,0,0.00,6522,6523,0.01
pool1mc4h5pk0juqfd5lj08d09d9tfeyd86v7se4kq2jyu9j0jy8ey4y,73,13052,0,0.00,13052,13052,0.00
pool1vz59e00250xfjck8qd04kns89j56430wjzpdf37zfjnnyxttm37,73,640,0,0.00,640,640,0.00
pool1jwpt6qmmkvfusvwan4f9pfhn7pljsm33lcqf7ftya3mtc0fs2nz,73,145,0,0.00,145,145,0.00
pool1k8l84smxjczp2mpqmn7qsd23j7h4vd7rwagdscsrjecvgplkmw8,73,1,0,0.00,1,1,0.00
pool1q0c5nnpfpyl8ks0fdm0h2p833yxj0gll237z362yluvs2nt65pp,43,111,0,0.00,111,111,0.00
pool1a0wm2emve4y6e3tn8lnhk9vfhk9u7wgjqmrs5zfsn792gjtquu3,73,2,0,0.00,2,2,0.00
pool1488f5rzus7kpu3zr6zwyw8mdy0rj4m3knssv58enurgsx40msjf,73,1087,0,0.00,1087,1087,0.00
pool1fnvj5za9k5ev88l8tw0nh3n4tn582gvf3d6vmuv7nh4ustqecn5,73,1804,0,0.00,1804,1804,0.00
pool1vn4gsw8fdg85yh8urxs9t5ykyvap4uscewy08g2refxzxwztnga,73,971,0,0.00,971,971,0.00
pool1ap0mx7frdu2mhk6f8rp3psy6wkd8t560dgh0cwnlxxfswtqjg9v,73,245,0,0.00,245,245,0.00
pool13p8rkc9nv8umw98qdvjqv0tmwgjmzlmyedrd3m50pjpp58ek53a,73,116,0,0.00,116,116,0.00
pool1q86d5lfjtyrq8yzkyc55dy5p4yw0qvgkp5nqgr9ld5fv6ustg8h,73,3,0,0.00,3,3,0.00
pool1h08araxldht60j00vp8lzllmwyevjwqd5zwyprc62536gk4s5ge,73,19,0,0.00,19,19,0.00
pool130sxcuaxh2yc4chs68c4jsep4v7zfhgdqutm60ngdvt9sa2ga06,73,3075,0,0.00,3075,3075,0.00
pool1luwt2c73ng94v20qv75dcyduml727s39w3yr8xvx6eue6ae58h2,73,3841,0,0.00,3841,3841,0.00
pool1myw0304x7q2zuk24pzmf2rwwcwlh9p29pnj257zzjcd9j29s4xl,73,340,0,0.00,340,340,0.00
pool1w65amkyxhlstja5mp0vf7q2av5tm0m6zjsm9pll3xw36x6g8qte,73,183,0,0.00,183,183,0.00
pool1eu8knr403p82ythegskwmf8w6v8l2w858d8jz7qvvqzj7ryech4,73,6761,0,0.00,6761,6761,0.00
pool18n7kk90klq4uf45j6pguqskyrxe9eprgfgrjhr7cpvdxzus3zn8,73,2,0,0.00,2,2,0.00
pool1w92z3lxwrycf3kmf075dja2fwem0luyjc4ysv2afh6sg554qjwn,73,3,0,0.00,3,3,0.00
pool19xhza3f7nye6j5p6stsnkpvadejztnqvck0ge3l2uy9gvsvy05f,73,175,0,0.00,175,175,0.00
pool166fpvc9lelw8pdvc4n3xeqns5ktkkmzu4plaen999fwy2xytgce,73,1,0,0.00,1,1,0.00
pool1z033qtxzsn7c9az4fzz8z0ewnynzcuq2dy54v6tfyqz5vfjkmv0,73,1313,0,0.00,1313,1313,0.00
pool18au4xxwcu552tjyxgyfssc95lwcf08g49z0ln5f7l060qh8r3wv,73,1,0,0.00,1,1,0.00
pool1ff9rrcn2qdvv754al6d8qx8f3mecyeez3hp2nunm9uj2k7tj4pf,73,9,0,0.00,9,9,0.00
pool1g5gcxs48ur9y6kvycy44e9n8wn254fltvjklcf29jxfp23x2wjx,73,701,0,0.00,701,701,0.00
pool1mn0ydnu5tt4w80y3dxdsajddhdz03p6mudk8vlh55r5exqywxhh,73,2,0,0.00,2,2,0.00
pool1wpj6th0242z6l2s7zl357a6rv8s7a4lq9x0p74mev453qczweyf,73,6236,0,0.00,6236,6236,0.00
pool10f5k6djk7m95dls80f5n2temjlkacsqd47758z2xal8g79kg9ct,73,3072,0,0.00,3072,3072,0.00
pool13am73gpq93hrngwpnlz34cwcytuykpytxtkz9srmrq3x6x8qlsu,73,465,0,0.00,465,465,0.00
pool1d0ld90s42dnypxxp08923d7pezh4xnzht2gfl5c6xm2pg6lyyyq,73,4768,0,0.00,4768,4768,0.00
pool14p4ksk3ddqtax905sys7ujakpxwvfsntjnvlu8p9d3wxycy7pv3,73,5123,0,0.00,5123,5123,0.00
pool1svzk9ckds6r83nvg2k7w9hszza2haqd9zu7fuyg37e8gg3dylrf,73,98,0,0.00,98,98,0.00
pool16zjsdvuxa39w9k48c9ds7sne4c9lhclmmcly53cdat4nu7l36f6,73,117,0,0.00,117,117,0.00
pool1h5kewwuh5jh6cuq52nwu5w7g8488qsp8ja7ahs8p2ln8ygde8xf,73,8247,0,0.00,8247,8247,0.00
pool13lswc5y4zycu9u63ktssp6rnczt97fy54cqk4s2ehwjawg5tlh6,73,250,0,0.00,250,250,0.00
pool1hhlzudyzp80xch7r0vamq58hpdnspagutvgqwptsmr0tk2425vf,73,573,0,0.00,573,573,0.00
pool1ek2m5zuydqcgqv3s5mlh55tr8gp76yuxe4hj4s7xtxajyc94rx3,73,1,0,0.00,1,1,0.00
pool1v8cx78z8fqu4438vcmg20qlp4qujks8mrrlrcer6aa4f6eg9u2k,73,9665,0,0.00,9665,9665,0.00
pool19z9ac79g48kekg2xghx3afj6qp5skr9ar590w0huhc8nxn9s5j9,73,1041,0,0.00,1041,1041,0.00
pool1r48usrtdxqzt6dmd02xgjss8xgqc9pc92cpkm4pykywnv7n33g6,73,3,0,0.00,3,3,0.00
pool1zcdptx4spapxquc0rpeu33ucc3x08g9wxsmm0qchqg0dgxrh6g7,73,516,0,0.00,516,516,0.00
pool1dsqxx4ehzudlaygj5p75eptkdz3kzwcck9qrft4aq02a5vf8agf,73,115592,0,0.00,115592,115592,0.00
pool1xt0z35f0ms6xt5r8swhtd2xcymqxvk42m8fk5q8fnw8hjhr6yax,73,98,0,0.00,98,98,0.00
pool1pg2k7lp6w68vlvdycug2ycu3mkrt0z4ftxay4g8zchj87mw6ug8,73,1005,0,0.00,1005,1005,0.00
pool1j7cypyjzhcfuy0gsuc2vtd48cpsc0utmqkq09fjlp5dgsjrs7pg,73,1546,0,0.00,1546,1546,0.00
pool1uae2f4eg8mhzuur43w9l8vpk4dur58w600x0cy2ef5angazhg3x,73,2559,0,0.00,2559,2559,0.00
pool1rcg65q6m4y2w49n0nvj570xfa3hsyarm5tjnnumy4xm3sw0d6lu,73,203,0,0.00,203,203,0.00
pool1rglej4fkg4l99e5agyxsd5w977n5u7chq8wrpwsgmr80292fw65,73,460,0,0.00,460,460,0.00
pool1k0uv5fhsr74we0w7gfkv6m7r9rfpvgz2u7v66ppe0vxsvj0pzvt,73,1367,0,0.00,1367,1367,0.00
pool1l5jfc3zv4nue29uqh32fvz9khstd24azmxjltus3s90ckzw37p8,73,58,0,0.00,58,58,0.00
pool1ucmm6rgdta0sw4qrcj3vml4wsr8pld495pptuypxg2uuvvlqest,73,20559,0,0.00,20559,20559,0.00
pool1ed2usjswfh2hfyvatwuwl959y5g4fkf63uxtadcuez0l2rjn747,73,1113,0,0.00,1113,1113,0.00
pool1ztz3370gwds2v7hjzgtns33f7kw0qp0zjx34esg3dvlcycnnte5,73,107,0,0.00,107,107,0.00
pool1m3tqw6s5dphrlkxyr97faxk4cm3gwejv54mtyfd6w34dsx429eu,73,598,0,0.00,598,598,0.00
pool1d0329t36ac7udkqe9k5w4g4jpn8xrqfjh2u5jrrm4h4d50wkz2c,73,1687,0,0.00,1687,1687,0.00
pool12tvj2j05hh6gtsvw349vuesyn0zphh75u7vadh5rkjs566s2ty5,73,1146,0,0.00,1146,1146,0.00
pool1rrzlme4g2r49x7tcesdkuk5wqv5ks2dkq3ptapgnclgvkcxy9sc,73,25013,0,0.00,25013,25013,0.00
pool159lt33zgmwm4ehyhr39lw5gv4flncg0lswxrrny8fnc4uun4h74,73,10,0,0.00,10,10,0.00
pool1ey97shazvk483tzqsvda6hvh8z0kld4g5ssxanrgetddgcf2mns,73,3473,0,0.00,3473,3473,0.00
pool1n6w5q9hw3gj6574uts75mkyrqcm702n240fxlk5df4sf7a7vlvk,73,139,0,0.00,139,139,0.00
pool1u6rml05w6hpl3t3ft8zwng6quksexa97wsxgdpg5kj4f78hhv7h,73,3,0,0.00,3,3,0.00
pool1u2d3guvld9rk0586lyhk2n8kvkzmem7czwdltgem0mgczqd3ygu,73,56403,0,0.00,56403,56403,0.00
pool139l6650n4u0gg9fmnd3aczp62q5xwngp299pwwhe2mj7sm5vqs6,73,1,0,0.00,1,1,0.00
pool1v2u8x73efaa7vlc342jdd4pdvdp9vmmgacc97tty6cljxrtxpse,73,259,0,0.00,259,259,0.00
pool1rp466amdpse0gsmdkteqpqmnm5fl4v0q8juwwq4xagwygwzu8ln,73,507,0,0.00,507,507,0.00
pool1m9h0ndgxlgxa63wsszv7a6l4x8lur35wktlnrycme6t852xrq76,73,20826,0,0.00,20826,20826,0.00
pool18qph3xrjkds0hytfyrrm0nwxk29u70q3hz8d2qz5ru0uul04v4f,33,57,0,0.00,57,57,0.00
pool1ast5kjj9zer9sp02f5w44nyqsc54589l2glyp5fhsg3awqs5axk,73,67680,0,0.00,67680,67680,0.00
pool15z7890uxn6nwl2yufxgrdsvjrpd0kzngvudfm2z2yafsjgkfndg,73,832,0,0.00,832,832,0.00
pool1dzq7728vsl8alh46l7vdz7wa5pxt2kx58glwnteymaz7c6jmv4t,73,608,0,0.00,608,608,0.00
pool1w9ksllt0ktnztjdzzlzaqfh7tzspu09xf5l08flz0cadyq0dv3j,73,97,0,0.00,97,97,0.00
pool1yv4s4v3rjgzfwj4zxm8sy24e2vq6zaexp8eudyrk9rx7yhwaxke,73,12457,0,0.00,12457,12457,0.00
pool12tlu3dm864fzxgcjp9jrsykcmcvxskjtqwy07z982avqx3n9dp2,73,42,0,0.00,42,42,0.00
pool1wjt7mjhdaj857hwk3qg2wswn30ghjczm2qetrs7k6sjc20x4hfx,73,1046,0,0.00,1046,1046,0.00
pool127xz8pls3lr6nct6w274ph2g4u83vqajgykf3l9ll772gvmju8z,73,2162,0,0.00,2162,2162,0.00
pool1qarmuvc39q7ygl2affsuly2hs39mukcag9tunsnu8xudwv8mf00,73,28893,0,0.00,28893,28893,0.00
pool1vddluuhcfrrflgmnczgzz472rc3g6h06hzz6hcv565nwcrelvma,15,57,0,0.00,57,57,0.00
pool1tfye5tfgd6x2mw5xwe5lr2y6cu9grnpvenj7dc8258xmq8cuc04,73,1203,0,0.00,1203,1203,0.00
pool122gfj3ynz5ch8cfkx0tt5dsfpnf36sujcvrvxzqjm28yym8vv8x,73,67,0,0.00,67,67,0.00
pool19l206haluae6wyzm7tjpt3gln9paa5m9s4fedec2u09fqz300ht,73,50006993,5,0.00,50006985,50006996,0.00
pool1jzk8rwf2fs5l02dmm6pm5tnw9stmd8jpmvsy54085vu2u2656re,73,50000292,53,0.00,50000222,50000340,0.00
pool1j4vmgapf520ul8tvwz95xsmne4alpymxpmcnf0zu5v4vz2pej34,13,5,0,0.00,5,5,0.00
pool19n2rjlddd0afs02cgd86mehptwaajv5kndtfcuqzdmgzq06lq0n,73,3375,0,0.00,3375,3375,0.00
pool1m4awll97kncxpantx2cvswt3yfh0sqkhzzg7m2rstyy36udnt29,13,5,0,0.00,5,5,0.00
pool1vzquqa6clffwsegafvyds0zkaqpjcw0hurq3a0xc8ape6h0xhkh,73,2010,0,0.00,2010,2010,0.00
pool12zcqkql458zh0pxvpw9qad8mceccdatk2lm0cpxfql557lhve8y,73,924,0,0.00,924,924,0.00
pool18hk4akqtnktgsptxll625lksugwpc4r30nzjgz4pxtufqgw5gdd,73,10,0,0.00,10,10,0.00
pool1ylkps8vax4nzxe507a0mx2svu3p8w2mkvdhyjqu7rl78q9rehh9,73,612,0,0.00,612,612,0.00
pool1dhzv896pw40c4tw23w4h2ux5yzm47r59h8qaqhu89shwkugqygj,73,1001,0,0.00,1001,1001,0.00
pool17y4pg5j8z8zklmplel2l3l705zx706w3mrac2etns0uccehx3nr,73,1452,0,0.00,1452,1452,0.00
pool1wkaj4sy8set0fzrzgeyl8a8du9fg9fmx06yau2hyfemfy7k5mse,12,1000,0,0.00,1000,1000,0.00
pool12qrgswlflndwp3met59zmuclqp4wryn4e9428gm7n8vwymnhvng,73,15586,0,0.00,15586,15586,0.00
pool13w9mcp8af4ef8vwsw624ams38w7hs0chvtjknz2t3pcxkm8w9m2,73,10,0,0.00,10,10,0.00
pool1mxv85lq4lvuqx8r83lmwlvqhtnu3qjy0lldhsv83rfnj5ed7vyg,73,8,0,0.00,8,8,0.00
pool177xu75tv2wqnz2cg879yekswm3wqqvwfgzhulkglrfksslsyj9r,73,13933,0,0.00,13933,13933,0.00
pool1ddskftmsscw92d7vnj89pldwx5feegkgcmamgt5t0e4lkd7mdp8,73,2671,0,0.00,2671,2671,0.00
pool1thfkd47x8s84f2vfpxr6v0sfvhrtlwxdv0r7mtjaqvglgpuh9p0,73,154,0,0.00,154,154,0.00
pool1xcesfga2h2fh7s4es4v2nsu4npc3ayg5x93m4mvt7whn2pfswma,73,8,0,0.00,8,8,0.00
pool1xxjcu9djguspkrctjgszvzcagy7pzy8vxqfaqtl5xy9824fz2qg,73,1,0,0.00,1,1,0.00
pool10s8x49tu6wcne63rqv6gmnhwpcg4kg8r4s3ncv6q7uxx76jvlwg,73,5098,0,0.00,5098,5098,0.00
pool1fu6cvwqamrfxkzc0pjsmd7mqazfqh558sckequqj3ckvgyyg5ta,73,300,0,0.00,300,300,0.00
pool1s4hxwet8ezjgfjxekeexezzyu2zhg302hpex6f683hvsw8qpd5v,73,2008,0,0.00,2008,2008,0.00
pool18243r3ncukrk54jrx3mnr2k6lvu30dy7y6uj252cyldhqze7qe3,73,391,0,0.00,391,391,0.00
pool1pj5wv8tvu5f5dpmx6w5wthqy4sg3vs4qjvumg439v0plxgnu8a6,73,1763,0,0.00,1763,1763,0.00
pool1t9ckjy949dk97prfs6any8xdjyq9du6prnplx06n4fcn5jgukhc,73,40460,0,0.00,40460,40460,0.00
pool1p39fgnpatsmyln2nyhr64elqfzxxk8q25xtkny97qgnlkllaxry,73,121,0,0.00,121,121,0.00
pool1qzg0lsft8d6zz5vytz5td3f383ra8f46zsdnsa93dgrg2nf7ckf,73,509,0,0.00,509,509,0.00
pool1fvuy9r4ndp432yuh059q4fekh42t4d42qjhgz5qxlr8jctrp5l2,73,57,0,0.00,57,57,0.00
pool1udv42vs52wg34268zkfsgtrzuvyskphfavaf3n8tmf4tugm7et0,73,537,0,0.00,537,537,0.00
pool1ssn7vj756vpv84h5vgkkvv5rzk0zp6pp2kdrqwfjsffu60djyy8,73,198,0,0.00,198,198,0.00
pool1vl46tq6mxq3f5c4m2e2x3jlruutweahnv5adkjy2sskyc3lc4ge,73,1,0,0.00,1,1,0.00
pool1ygrwdlhn46gehyay2duxp8ynh57drxg0lgf9huymxlpvukdv0k6,73,3,0,0.00,3,3,0.00
pool1xlgmew766a2ndakrn4sn63t00sf5z99w4ncd7k75r5thxqyln92,73,7395,0,0.00,7395,7395,0.00
pool1qlps2dwr0qd0a7pjqr47apewf2lq42xv03zgentgwv9mspeh57g,73,70021789,2933,0.00,70016055,70030032,0.02
pool1p98qztq2t77u89vvsratsmsx8hu965w4n7xneg5qu7gtgcdude0,73,12,0,0.00,12,12,0.00
pool1vru3p8sswq5xkr38ceavad67t6krh6m6q0q42p59e6htkld4yxs,73,54,0,0.00,54,54,0.00
pool1lev7ygxcqd4aw5em7wf7y64au4hv04yl5cew27lkjmgngj46vqk,73,70039578,2690,0.00,70035361,70047730,0.02
pool1wmyr8pp6f3rll0hdxed6e8kkxzvj9ur0ecc45sttan3fqcfldcm,73,10011,0,0.00,10011,10011,0.00
pool1ps3quyamsmn5cvp403tgjzgpfwha5u4dr2zc3wtts5kgqc078se,73,95,0,0.00,95,95,0.00
pool1z26udkezqtry8xtca2u9f807ptf0llcv70rnr3j2357gqgrs79f,73,190,0,0.00,190,190,0.00
pool1etgtwnwu4lmtw0dwdtmjvp9fh7wx2fk4e6jt725ysp5f7sjd5vy,73,413438,0,0.00,413438,413439,0.00
pool15l4plz3r2lm5x48lz78ph7qh8w89zd7ewrg62gvwv7u7kw6tmns,73,25539,0,0.00,25539,25539,0.00
pool175p7tqqgmduq6r5ad7jca2c4jz6tp3rslz7jffx7zru3cakdmt2,73,464,0,0.00,464,464,0.00
pool1h4g295xugk46jdyxv4m55y9rp9kln0k5hy8fyk2kaef5u3gmt8y,73,495,0,0.00,495,495,0.00
pool1ydgmfmxpuateqwz028lpgypsdchs5m0tzes732qdragdg4jp0uf,73,40,0,0.00,40,40,0.00
pool1fy57yj7fq4n640h0r7yzchgytvx747nl85lkct7pc8faywwsyy2,73,1068,0,0.00,1068,1068,0.00
pool1taadtauxnhqql7s58fztlmnsxg0680mdaz25yry42q4m5s47z8n,73,58611,0,0.00,58611,58611,0.00
pool14e7g4xmj77s7sy5uajwvdmvejmjcvhkf449tasq3tz80gv098t8,73,872,0,0.00,872,872,0.00
pool1t9ve93m48au8m4w8x0m2exh55s0tf2jjk5rwj5hsuqegvvgfq4z,73,100,0,0.00,100,100,0.00
pool1kz0gh586tn9fh77fgc7em9tl6d82e3ly5quwsvvfevvszt64g8d,73,2568,0,0.00,2568,2568,0.00
pool1ydz2znwyh3409v55r3psgc70w2ykvqjkkagx3f5ep96vgp0vlmr,73,17854,0,0.00,17854,17854,0.00
pool14tj8njl3ggzj4dzcsrm5yjekrahytp4zkh3s78gsxz4c55jfuzv,73,761,0,0.00,761,761,0.00
pool1stjukmjtgs7rdvy8ucsc543f9y2ct56ss08zed392php7k0teaq,73,2,0,0.00,2,2,0.00
pool19gz6ffzagyh9daymscvyc64maq2xf4s05w5upthferlnwd7vgr8,73,10138,0,0.00,10138,10138,0.00
pool1vgfc8fqul93hf6fnl9n23czssgw6xyqx2yjn0lxqmcmvvc839th,73,1652,0,0.00,1652,1652,0.00
pool1x08dl5dy0wsu6y9xp55drk4xeycgjnvutqdqm8wsqn5pwm6yx4k,73,1240,0,0.00,1240,1240,0.00
pool143d6z506u6yfufgzrtx8ywcwx3j4s29lxv5tdugcpcwk2l83gck,73,70021800,3003,0.00,70016852,70033282,0.02
pool1c45udwv2kdjcth5fvnhlklsz2tutw8spl9tcwnfw7m8cxl8eanm,73,74597,0,0.00,74597,74597,0.00
pool1m90qdgknvwdewy6n7dz9ufkfqtscvdaqnw3q2vaphp20z27w706,73,1187,0,0.00,1187,1187,0.00
pool1c50yum9j2pj66p6qyjwxd6h6z8scvysxq2hlrnw22vgs5rq2547,31,7068,0,0.00,7068,7068,0.00
pool18kpfz02v3knfp24k4a3zv50h5eva5s90slwtfvae3n5rq4zfget,31,6788,0,0.00,6788,6788,0.00
pool1hjz482dskv7vvc3wpmgwy2avx784c26xq8v5pc8dm0ne6shyfzr,73,1,0,0.00,1,1,0.00
