pool_id,delegation_count,total_ada,min_ada,max_ada
pool1gaztx97t53k47fr7282d70tje8323vvzx8pshgts30t9krw62tm,35050,113898908.32819300,0.000000000000000000000000,47144496.504678000000
pool1ff2hr0sukqqd75jr2rh3wrmnesxqgpq42dgd6rm3ungnqp904ue,39,108333731.07307800,0.000000000000000000000000,57055688.960771000000
pool1ra2su7cvnmr83pu9nvvz4a9carsgc9egc3e5fuk7h9pycyp5ela,6035,91431027.991161000000,0.000000000000000000000000,10868527.449533000000
pool1f2wfjqkf2wx6jq93pdck6hgmy9zgw32lmvrq9zejl7scqxjqfze,10890,90751704.872142000000,0.000000000000000000000000,12767720.535143000000
pool1k3nkfa5ugavrpd9nwd3s6yyx454qxnquxwmux4rzfunl7q0z38t,6,81085406.191448000000,47.0185120000000000,81015773.652129000000
pool19yzqr3meksnvzdxh5xf6aknfhldyqdj7eaquxgcjva4mzt5kg3v,86,80713290.235102000000,0.01678600000000000000,27929123.983800000000
pool1xytvsd9qnvqxpthh9p8k85e823trvn3npxeur8kr9zhkqz5uls9,5176,77297506.554903000000,0.000000000000000000000000,20647737.355342000000
pool10rdglgh4pzvkf936p2m669qzarr9dusrhmmz9nultm3uvq4eh5k,95,77156106.637591000000,0.000000000000000000000000,32189642.842668000000
pool14cq4fchmmqjygwjw4zexmqqd6a7caxptjnvseyu6wanjuppv4vk,2235,76640732.948529000000,0.000000000000000000000000,3428498.023442000000
pool1r9fpxs4kcn80kylsjxs8tg3p50nk2s66qerfqtw4x70n5740nj9,2,76431801.327177000000,7.4799130000000000,76431793.847264000000
pool1kmmahq4upmm5j8fkh3xa9vd7gdffkp8pd4axucfh4w4dw549yqe,2,76374618.360148000000,0.000000000000000000000000,76374618.360148000000
pool1uy07qyf0gzzua2glqspyvyevwpe8tamajnqj6c7mjzy4v3m4kne,1,76329623.095609000000,76329623.095609000000,76329623.095609000000
pool1r99a6puhdv2xzcfw05jjqvks3xhmy2l4wsndx9hmhudvu4yevz5,1,76328575.121973000000,76328575.121973000000,76328575.121973000000
pool18rjrygm3knlt67n3r3prlhnzcjxun7wa8d3l8w9nmlpasquv4au,7,76313015.863558000000,26.8239830000000000,20249999.726545000000
pool1n6erydn8x79sa3fmrqmj7mcyqa9em5fppr447j6d9k0xwfl7sc5,4,76301500.320156000000,15551496.811277000000,20250002.716133000000
pool1xmlq3sgssww6kwu8dupgxukzhlk77j40p9c4r3qux3j5z2ysk2c,4,76301499.880772000000,15551503.858490000000,20249999.077036000000
pool1l0erdjregched3dj828q93rfa2f4w4p62nr248xshj5huq6zuvp,4,76301499.726481000000,15551517.579025000000,20250000.304392000000
pool1yafxktvszg85t5m20l8q8sufgcae6cxlk8cx96wrt8cdva7aknf,1,76276262.309313000000,76276262.309313000000,76276262.309313000000
pool18sk7mn0r0cyujft352lwkzg5pz7e67ve3ps2sryrwacd2r5zhp6,1,76020299.754348000000,76020299.754348000000,76020299.754348000000
pool19kfm6lz5uw7nylq27swr367mqdycmug7tve94l6h3xsz64seqtc,132,75862893.518952000000,0.000000000000000000000000,24215812.281894000000
pool10d6mmw3mn9ku3r7uqqye672dz3sv76lh5kvh5rdpr9l5ug5yknr,38,75860613.915700000000,0.000000000000000000000000,47644442.941677000000
pool1mfyzxyggryp0jhgghvzas7qjdyz2rcfnm5rfq8s9uefvukrlps5,9,75691778.893600000000,0.000000000000000000000000,75684733.842412000000
pool1l0m820vyqh5pp2yzpw973qzz23neqqd977u0uczh9fs9zqvg0je,235,75590161.150268000000,0.000000000000000000000000,63314881.657105000000
pool1rkm8rplkafvllxjuddrkqc3u3lgd9uf327tvmvfdyygsv7lkhm8,1,75534015.123639000000,75534015.123639000000,75534015.123639000000
pool1luhm55xxqp0cv7a43rcfrr8m6m74kfe7wdvqdgfzt483x29lr0t,5,75500025.793072000000,19.8256990000000000,20250019.971269000000
pool1ekcsyzwexl7p2kwxxh34hy28l6772vrmff7jwmuxsa6u6fzty9z,5374,75239095.432611000000,0.000000000000000000000000,2559164.153008000000
pool1ljqjqskd4f4zekzddw204u5xtzhyz2cllq5v5dmn27zdwf9c70f,50,75181319.620362000000,0.000000000000000000000000,74373785.844982000000
pool1gclysx2h7fndj0jdajlmwvqr8q9tzu3rurjknacu0ff954fsg9a,1970,75078491.396511000000,0.000000000000000000000000,5626872.974198000000
pool1w4cetqsly2cz9fq2te95tnk2r56mh6ew6dmpyfctv2ldv8xuj9g,22,75073860.787872000000,2.3372350000000000,73994909.220002000000
pool1ahazpr2yz5gljk2m4q8g7wnmq7m2sr9unhdfmr5arhqrjnntwdz,2411,74939876.742698000000,0.000000000000000000000000,28554798.732708000000
pool16ajaae2n5lsyr4f9k9uz5y8tpf0996tw640dzu7chwp2wdrnz6a,5479,74937961.343550000000,0.000000000000000000000000,2634928.743385000000
pool16agnvfan65ypnswgg6rml52lqtcqe5guxltexkn82sqgj2crqtx,9460,74897482.607648000000,0.000000000000000000000000,7185334.077874000000
pool1k633phcvz2hjhj45evwwau4w576jpq83acg5h84w23jauqu56cw,1910,74659666.782245000000,0.000000000000000000000000,15142486.410478000000
pool155p7g23vdme50kp5lfqylfx5h7ndldyz2mletvr8fqucqzyrk44,112,74649823.953716000000,0.000000000000000000000000,55996481.218217000000
pool1v62c7d92xv6gyh4x9rhfpkwzlpw2ypxk92xvzavakg3xypatklv,42,74344208.224678000000,0.000000000000000000000000,72601064.894579000000
pool1xsj9s3mfpztls97x7jjql0msmeh5v3wa5vyqhmmmsx8jzsqxrsv,4,74071869.382716000000,5.1363500000000000,74068750.551375000000
pool1eqa7kxx4xg35cu4rqj4exkvzhenscgh8wxez0gl7hsagygp79kr,7115,74059621.331269000000,0.000000000000000000000000,21951279.757678000000
pool1cxjqg6nn588ura2rx4uptwprgzw82j89j2gjguwhtun4ypw2sh4,1,74033611.746343000000,74033611.746343000000,74033611.746343000000
pool1hv59awqky90plv68xun2k3rd7jqfe5y2c4ry8f7p0x9pxhd7wqr,1,74033211.219252000000,74033211.219252000000,74033211.219252000000
pool1a5ld0eulnjxwpg6qyjs6hxzqwj0esft7k0qsf6nj8pkfxy5lml3,1,74030810.716694000000,74030810.716694000000,74030810.716694000000
pool1ntlyr9hrrdg3gpdkmr267hq46ys2rlj5y25dzx3reuecgd7p5sh,1,74028409.665269000000,74028409.665269000000,74028409.665269000000
pool1yyar66t9fw9dscj8huhredgwplcnf22zq7q7vugur0t5c9nzt97,1,74027608.650277000000,74027608.650277000000,74027608.650277000000
pool1kphkk90f2mculhcndpdd3a7ukvptzqrgyr9jtuvw6c5z2dptuph,1,74025208.527085000000,74025208.527085000000,74025208.527085000000
pool18xu4fh88v4naq5u3x9ya5aevfkrfd7a8a4gw6sejdvjnsrpud2a,1,73990457.365958000000,73990457.365958000000,73990457.365958000000
pool1lfvzgsrghmugvpym868mh29288ez0nncz680mamzjygu2jpuwcd,2569,73744849.074923000000,0.000000000000000000000000,11071496.258478000000
pool1qqqqpanw9zc0rzh0yp247nzf2s35uvnsm7aaesfl2nnejaev0uc,5056,73640334.384862000000,0.000000000000000000000000,14429066.055073000000
pool1q8x5k5wq6zsshdjcmyzcgzwaqd9mfg9fypaaew8xs597svmeyk4,1,73381720.560139000000,73381720.560139000000,73381720.560139000000
pool1nqheyct9a0mxn80cwp9pd5guncfu3rzwqtmru0l94accz7gjcgl,24,73066595.750558000000,0.000000000000000000000000,20250001.000000000000
pool1zgjk3dzwcwd02juqntuzknr368hvxjxy8l8uzkxvgu4252d7ekf,3,72921992.903702000000,35.0130380000000000,72919480.602594000000
pool1vx9tzlkgafernd9vpjpxkenutx2gncj4yn88fpq69823qlwcqrt,12827,72670077.632052000000,0.000000000000000000000000,10398414.135269000000
pool1fuge4duc9hfgm9xvu33llsntmnfcumsyw2d0away49v8gmphfzs,3,72588005.663543000000,5.0467090000000000,72585647.720455000000
pool18ufrgfgmslekdxnk9v9345qvhrr7vfgzkvneqtwm7unnwaht6ww,321,71741181.111014000000,0.000000000000000000000000,58733139.264565000000
pool17s3mr9c4ejjfq20dz0ls9ggskc770kt267s9xmw93payzdswwgg,3114,71560625.187904000000,0.000000000000000000000000,3103483.425493000000
pool15cy4p3axu0m6sfrmxsp46z5cevx3ruksfwjl48730cgx24j4ydz,906,71225369.201274000000,0.000000000000000000000000,10457217.443084000000
pool1hnp560z9e5acwux8tjguxq36j9r255zuf02u7z2d46dvcf5zhns,1546,71129744.402352000000,0.000000000000000000000000,6087414.730043000000
pool13c9mnvfx4nvwvkszxcprwlv60fh3tteef50hhhv9yxptsua2v70,8,71097269.600151000000,10.7045430000000000,70610246.808365000000
pool197na7w0h8hjc8wdvwys7nsalhtpctefa3m23udeqxpfk6nzq8l9,4,71087995.992121000000,43.2011750000000000,38650360.193229000000
pool1mtuhuh8hkf8am0qzx45y58kll8q83sjh6pwljrflcmw970d82f3,22,70626497.940545000000,0.000000000000000000000000,51731733.341823000000
pool1fl20ddkpvnstlx63fal6e3ku46r76nk2s4mqtk5jnyxn2vt7hg6,10,70539491.122374000000,0.24782400000000000000,35011991.141984000000
pool1457cnl7qu568h98xrw8krfnjkhf05mfhaq2l50epwy36yuln20q,221,70385924.998291000000,0.000000000000000000000000,36711842.519228000000
pool1xed948ze4guhrkt9zxjmecjvgkvgf8gd8skkzgtacz6gsyk9m5c,10,70341173.672709000000,1.0211920000000000,35010389.781123000000
pool1j276s043qh2knv3ukmap6sra6sk7p5khuetzwx9h43wqydzsx8c,8,70335064.613968000000,4.3250750000000000,35008755.538539000000
pool1edqwpnln3zr9gj9sfsmyl72pen6hdwev07xgqj7uz5mkjrgfj6h,8,70198667.277455000000,0.000000000000000000000000,35010112.973783000000
pool14xq8v9s80ut6vmwp93tzhlydhsdqhxk3e9jerl2kl7hm2dq6pru,10,70191252.748328000000,0.36868900000000000000,35011308.145469000000
pool1vcwsfldh4gkzga4mc6p86y0vytkqfm9e2dy44hs00v34yeqnfaf,11,70074003.702546000000,0.16466900000000000000,35010130.954878000000
pool1kl2vuauwfc5k0avf874ym5tcm04ywa22frleszhujeccj4va3lt,4,70060015.135680000000,5020.9143240000000000,35008939.632165000000
pool18gk8kvd9qf829nldqus92q9y640e6u0jdyfz04mmktwxvglgt06,6,70054612.193802000000,0.000000000000000000000000,30000003.282870000000
pool1fqas6yd8n3fdpz8e869qjvyensdmzletqjexcut8mxasu2sk72r,9,70050967.197986000000,7.3953100000000000,35011477.642847000000
pool1sdare7xfd6tmak8ghek7kwgpgj6xzu0reppmw4t46rmcs0h6vr2,10,70045706.451080000000,0.01373400000000000000,35008791.687380000000
pool1s8347yjgmfguf0ynj69euw7r75w7usdrfheckpcrjrk2yfvnpwq,7,70042840.077820000000,0.000000000000000000000000,35009986.185451000000
pool1lev7ygxcqd4aw5em7wf7y64au4hv04yl5cew27lkjmgngj46vqk,13,70036558.931293000000,0.51560400000000000000,35009091.351328000000
pool17arsgklktp9sayk5kzaakwvl3jwyczp07guux2yd0upgqh04qjl,8,70026927.211118000000,4.4981380000000000,35010884.314499000000
pool104z3yr7faqhck6wcsczhmqrrpdeparcr8juw8unxy8tm6xp447d,9,70025249.010158000000,1.0272550000000000,35012529.542570000000
pool1njjr0zn7uvydjy8067nprgwlyxqnznp9wgllfnag24nycgkda25,5,70025002.480112000000,5.6356880000000000,35010289.748385000000
pool13s5faca3kkg6jhqcll8xd9tarur3zkhalyuu92d5g87zyj4wrrc,4,70024286.975807000000,44.3285660000000000,35012079.322271000000
pool1tn7rcvc5lln8frln5n9rfd9cg8kcrj4vlm3ycdquyx5s2mlhmtk,4,70023661.912093000000,0.23016000000000000000,35010735.501472000000
pool1xucruwwxsym3u9v0m4ex3az5d4vpz9xu877vsl9udpt0q237e9m,4,70023314.936574000000,1182.6269180000000000,35009137.889084000000
pool143d6z506u6yfufgzrtx8ywcwx3j4s29lxv5tdugcpcwk2l83gck,5,70023261.582521000000,2.9552850000000000,35011482.227831000000
pool16e43yxx4djcvnsunwgrm8tnph0ljrt3p9tnezu3qvtcwzh4zwwa,5,70020825.902654000000,6.4756140000000000,35009840.004636000000
pool1qlps2dwr0qd0a7pjqr47apewf2lq42xv03zgentgwv9mspeh57g,6,70019922.582445000000,0.000000000000000000000000,35009840.131514000000
pool1w7dk7rn0cflzzfr4fqvjpapn0rkz5ksmerx5tgwpm2gtj2gly97,5,70019723.719404000000,5.4476340000000000,35009840.159444000000
pool1fpvs8h5q5kwpz4k2yd0vw90dgdxacr3ef508tzzewm0kysdt4eq,5,70000010.907070000000,0.000000000000000000000000,70000001.288540000000
pool1nz9h4raywm6mu2v8l7htuaqvmn06l3mepuaxynpzlwljsf8txhy,3074,69569743.198640000000,0.000000000000000000000000,5100779.127437000000
pool1l92vxagssugcsu4wyhvnjd0t6dlqjjfrxkt8v4qaucgmq8t3j3s,3,69568797.078002000000,9.8207270000000000,69564642.607959000000
pool1qqqqqdk4zhsjuxxd8jyvwncf5eucfskz0xjjj64fdmlgj735lr9,3263,69500796.993711000000,0.000000000000000000000000,2642642.005461000000
pool13k6tphjfsgqdq7h27p4x86ruchcdg2x073luw8pndh3ajxvwvja,2086,69248063.253481000000,0.000000000000000000000000,8490944.677346000000
pool17rjst78s67lvellg8s586rf076jxa3wnsdz730f4xk2zwuhrtej,4571,68548564.242387000000,0.000000000000000000000000,3361102.790318000000
pool13hxlxd6qa68fmfhrvvmasa0mjg30tj9p5v2lmgmgsmrp2rgzkfp,844,68354521.397936000000,0.000000000000000000000000,16933260.340095000000
pool12t3zmafwjqms7cuun86uwc8se4na07r3e5xswe86u37djr5f0lx,5306,68348226.298073000000,0.000000000000000000000000,7100934.648603000000
pool1tdsrw0n33gmy0mzh7cgtn9p0jy5xwjxaa2s26gn2ewf8kg4nrzx,6571,68131207.383660000000,0.000000000000000000000000,6254521.147315000000
pool1yh7ksvg54nger73ldnf22cgwyh0dnm4aerahdd0kdukjqeacy32,29,67609018.887626000000,5.5337620000000000,19409547.428674000000
pool1a8n7f97dmgtgrnl53exccknjdchqxrr9508hlxlgqp6xvjmzhej,1526,66885352.350736000000,0.000000000000000000000000,14432730.035701000000
pool18vej0s9gska8c847aj95g9v24duuxg2g63d5cuqngnxew643jw9,4300,66784819.875951000000,0.000000000000000000000000,4198014.104287000000
pool1zz7x8ergn02chznayj9fjds2gk5q6prmpdr49faspd65kzqsrjs,2923,66404410.569532000000,0.000000000000000000000000,6934179.050357000000
pool1ju8f57hyvaa32tp85r468kuedvmjmcy56f8u9968drea57p50l5,2313,66215729.798489000000,0.000000000000000000000000,5863595.710208000000
pool1lu2luhmkyayq9njh848kfknn6evwzmn3gzsxar7z3sttg7grxcm,3610,66049788.686879000000,0.000000000000000000000000,24194175.405244000000
pool15yyxtkhz64p7a8cnax9l7u82s9t9hdhyxsa3tdm977qhgpnsuhq,3265,64675441.508264000000,0.000000000000000000000000,40115594.244673000000
pool1zkdc6ve9nndk7vxnjlalhqt4hr5h8auz5qzjk7lrjrqtv23yuy5,1459,64221791.084505000000,0.000000000000000000000000,10543796.119323000000
pool1ddg6t2h9kj6lqlec4ncjs945lzj43m3ggrgdhf5sgzhtygpkznz,4152,64122575.900814000000,0.000000000000000000000000,3402219.494398000000
pool1whmm0hkxunyhxsr6dfjpx2tpvd05qhev820lx9vcmvqa5wjc6nh,894,64087530.971573000000,0.000000000000000000000000,52284366.934872000000
pool1z5uqdk7dzdxaae5633fqfcu2eqzy3a3rgtuvy087fdld7yws0xt,5133,63791335.999464000000,0.000000000000000000000000,6112797.399654000000
pool1jakl9kqhx87ywc7fcxweaxvna9khxhzyh6v8j70u6zpaxa45ghh,3,63436801.112505000000,2.4195630000000000,63297995.829879000000
pool15s7w4spg5ee7n7rprhs0dq78plw2mhjkpu5v97uvl27gz2way7z,1026,63357979.154595000000,0.000000000000000000000000,5934857.121157000000
pool1n0uxgs5qfk5n9xl7qvq9jt8zuu02cntrsjnjayjlqtejyffnemj,3454,62569830.567341000000,0.000000000000000000000000,1782223.602211000000
pool106sjgd9m4shsvtc9ruk7femgndknefmct6eedskww37pzv8hz9n,4,62494579.804583000000,76.5264330000000000,37516178.204299000000
pool19pyfv4xnln8x4l7auw0n0skk3hd97shun707hrw5d4s553ys74x,2404,62245584.262776000000,0.000000000000000000000000,30757552.569322000000
pool1y6gnk7t3n6rvpr67f68mehxgqs5x24n0esz9l5j7m4aqzn4e0qw,2,62072329.510240000000,47697.095604000000,62024632.414636000000
pool1sysgx87cwxnqy0pqn8g97gdhd0dmre9rw3jvpn2k7apuwa7cgkn,2976,61621154.045453000000,0.000000000000000000000000,6018423.590010000000
pool1vkc0dvuf8rxrch87umfayacgglrh8f88ef0f64xrdue5u2xjwfm,594,61507243.729315000000,0.000000000000000000000000,52341476.660248000000
pool1u2fuz3fn5dfphf0cu0sewm4rnera445avenggle9sl4hy7rjzgv,11,61403715.557166000000,0.03054900000000000000,39438209.878869000000
pool19w5khsnmu27au0kprw0kjm8jr7knneysj7lfkqvnu66hyz0jxsx,4321,61332445.757527000000,0.000000000000000000000000,4223340.348005000000
pool1m0drnjxsvnlesq0rwmur2rh6lenuql57jfzd6cf6aegj2cv7ugy,1864,61195107.642992000000,0.000000000000000000000000,31555709.392134000000
pool1xs34q2z06a46nk7hl48d27dj5gzc6hh9trugw2ehs9ajsevqffx,992,61083638.231189000000,0.000000000000000000000000,6268774.770508000000
pool1j6xfryctrxm4aplw3vnrtgfsvqdr35exenxqse5kzxmfue7qqmr,2,61034289.947183000000,49542.191962000000,60984747.755221000000
pool1rvng7n968748udkc5rxy4h9zp9hms4s3jsfwuues76ft28uc056,3050,60479865.748536000000,0.000000000000000000000000,3290390.840719000000
pool173mzegwuu0pjcrt60ekelzj5haqr8r5e4e0n45qh9jdz7xm5kh8,8537,60251068.128029000000,0.000000000000000000000000,6046027.690491000000
pool1fd0q9h8974y6psejmzczlywy8fgxxy07rn2ynrwu734aqwq540p,33,59994969.746960000000,0.000000000000000000000000,58589101.365543000000
pool1prc9hna2mgamtspchrygc66s9n4tlkvh39e3t9zccef4kzc3ns2,2075,59722047.863400000000,0.000000000000000000000000,4353870.975277000000
pool1f9934hk9awd25mmxl0dd2haqvda9nlquwnh5pv64hs42znl07zj,9,59562584.362558000000,0.000000000000000000000000,57255793.572426000000
pool1wpmjtfqcwvtcs9znpuulk99yk2zz6pfh0c4k9f2xlcspgqjndk2,306,59503760.495460000000,0.000000000000000000000000,40080278.862114000000
pool1lhz4gsk5ezdl5s4mv2kxgrkhzzhad6me2v0xmwuyt845vensdlc,2940,59390066.504307000000,0.000000000000000000000000,9475459.458207000000
pool1zgxvcqf0dvh0ze56ev2ayjvuex3zdd3hgxzdrcezkx497mv3l7s,31138,59300505.132558000000,0.000000000000000000000000,2405135.911016000000
pool17ahr5ygy48vpdfnatqn2z4wfu2te4quapk2yx3k50ce6kd7feg0,10070,59298415.130518000000,0.000000000000000000000000,3915273.479305000000
pool192pfftt48zc4x5aellvpufk6l6zxllpldw0rx82vrhqrqfhhqs2,3247,59270120.315435000000,0.000000000000000000000000,7323750.015913000000
pool1aqg8vxzv75zhjzjjd9s20fu6r0xz70yl8lk3teacwy7qyc2p2j7,33,58997895.052038000000,0.000000000000000000000000,27403950.323528000000
pool1dl4695wfl79k7gtzt87gsf8gsqeq97yzuvaq0d4zxhz6c0nlf4g,45,58914111.001994000000,0.000000000000000000000000,31515878.774230000000
pool1095d0cr8yp0selmnrst5hnuf8jcl6vlkxlr2j6kq4x6qs4yxuwt,2,58844704.599005000000,43810.360095000000,58800894.238910000000
pool1xjhzgchsl2ccvc5pj3aqytv9hh0jnaz63wtfnw4th07tjypm46x,2717,58708625.717710000000,0.000000000000000000000000,11601904.088416000000
pool1k0ucs0fau2vhr3p7qh7mnpfgrllwwda7petxjz2gzzaxkyp8f88,3299,58227208.727632000000,0.000000000000000000000000,5618359.283189000000
pool103455uc7a3477q8pdmzvny884qtlv9vhm2csxvqx2cadwuk36sq,2364,58196942.828226000000,0.000000000000000000000000,10740577.911972000000
pool1s6se64qce5rjjjhh6ufcdnc54p8qg78mlhjm38lymx99sqysvzx,8492,58025195.422185000000,0.000000000000000000000000,10001981.596100000000
pool12z39rkzfylvn9wfe8j6x9ucq6g2l4mw4azj70y0gd8ejczznyj3,10413,57483825.562039000000,0.000000000000000000000000,2751769.450356000000
pool1vev8z03vh7jwx3mfrgzrt9fltt97nupaxv8ffj4r5r8mgwts5ze,6129,57039465.319951000000,0.000000000000000000000000,1559234.304881000000
pool1xt7mjrtnsew3v33lu8sf93upf20sxhmcrfnpm82ra46yxk7uy45,1,57000082.283388000000,57000082.283388000000,57000082.283388000000
pool16f95up5u5lyqne5mnxmlhe0rgdgmya27mph288r6gw0ukegjffa,650,56819494.045439000000,0.000000000000000000000000,30233654.980542000000
pool1ft4xjlz9uw0r0ewcgtkgeakqrfc5azxmxwsm5pt94dv67mw4rgd,1500,56528493.402868000000,0.000000000000000000000000,10906289.165619000000
pool1qqqqdktl6pq46td0mwut0qn30g7nlue0sete9wxl0hwsq37wrw8,6448,56346516.629767000000,0.000000000000000000000000,4940651.982556000000
pool1ksrg8a964464las0ymw88slrwxkychjz9lh09lqltu5m7nw3pq0,2268,55922998.729369000000,0.000000000000000000000000,16892446.814654000000
pool1gtphgrdj8sluxm9e7ca2spcwcq2p0dxj9zf5v0yv3gsagzq704n,5720,55910968.564850000000,0.000000000000000000000000,4038496.759267000000
pool1uj4u73qgtprqre78q75fq2vkcrpfrcdreqcqkvn6u0m2k6nk2yp,26837,55045470.421419000000,0.000000000000000000000000,1850310.015099000000
pool1qfxukshs4fkcrflzdnxa2fdza5lfvew3y6echg8ckaa4q8m5hyf,4948,55024749.619815000000,0.000000000000000000000000,13430197.979284000000
pool16eua0zalaln7q0s9u7jzlyygqad0pu2l2qdxx8r8ueqrw2jdhqf,5,54629253.936859000000,0.000000000000000000000000,54629225.775473000000
pool1cunvnkjkzh2lna593sjmkylcr3r5rmxdpr8r9u6pfuer72p24x4,8833,54603376.783968000000,0.000000000000000000000000,2327298.148942000000
pool1wvaj307ee8jfewv9qjtgk0q3elmpe5lz4n2dec2303062f7dc4c,26,54006226.133117000000,7310.1979790000000000,36785237.307599000000
pool1qqq0c53vaf5ju0n3fvujmyxwca0yhp65930evw9lngmr5705csz,1717,53972362.391224000000,0.000000000000000000000000,24830623.036121000000
pool1cf7mqj0xd8z4jqhr7nf565mxuvepk8euv5t6ehmuwe49kfz9llr,342,53740918.565682000000,0.000000000000000000000000,6336721.196059000000
pool1q5q3rld4nll02w8sqhf9582jcf22t99yt27z0pqksvpnv4rdra9,2,52749880.396106000000,47015.868580000000,52702864.527526000000
pool1up53z2kadt6l5xs359ckx477rpyvyg3favh25qrhqt2ujclpq3h,58,52383239.502780000000,0.000000000000000000000000,10162863.302832000000
pool1z7n2ruhmxmv77f6cqhd3wsy6774h2wuay77agxuf2y9mj8q55vw,1098,52223121.384232000000,0.000000000000000000000000,4420659.625147000000
pool1w7c2j0px43jmudhf48ezp7dy8j7904c9l3wc7809lhh2z026hch,6095,52132068.233548000000,0.000000000000000000000000,3873729.412793000000
pool14skj6e4rpjanzclx3fc880xnl8xafgg63tmw93t9xspvwx985qu,20469,51904555.619689000000,0.000000000000000000000000,3460805.046382000000
pool1pshqcksxywy68lt04lw6uf35f4yssekh5dx2mxqmyrukke2z5y3,3535,51854991.652819000000,0.000000000000000000000000,11170625.518459000000
pool1tdvqgy6mq7lx7d345e276xmgmhh3s4zj8dzu6xzq5m7rx4tzkg2,437,51437201.128521000000,0.000000000000000000000000,44720724.703521000000
pool1mt8sdg37f2h3rypyuc77k7vxrjshtvjw04zdjlae9vdzyt9uu34,597,51387677.010584000000,0.000000000000000000000000,14325596.879192000000
pool1rmpv0h0pecysach8tj06vxx9wku2pdm74mk9cunx759v58q0hu2,239,50898395.127285000000,0.000000000000000000000000,10675561.563742000000
pool1wm5pnu72efdcvjm34r7ykkxx2h549swddjrn6r2aqy3tvjc4l57,5,50430890.138055000000,7.0320420000000000,50427509.987524000000
pool1ng3vqzrhn3z45yjdscv3q37n26g2pj3vp99rfkgv6225y8lqg8j,29542,50276731.452063000000,0.000000000000000000000000,2333596.291098000000
pool1pp7tn2w6ken4rpfcjwcdup3g4m5gcdhc9lgvrm3mnxz5stmrhq2,2569,50151151.696262000000,0.000000000000000000000000,2906423.245071000000
pool1a23gmvalpdams9d42t7fur8vmknzjv7wd3nsvuvrc7dv66lnau0,2418,50084445.636102000000,0.000000000000000000000000,1511416.397844000000
pool19l206haluae6wyzm7tjpt3gln9paa5m9s4fedec2u09fqz300ht,2,50006984.890733000000,0.000000000000000000000000,50006984.890733000000
pool1wdujj7tmux5nuwnpeksgncendr3mj8ecsjcddpzx9gewc3flp4r,3,50000384.777198000000,0.000000000000000000000000,49999957.247266000000
pool1jzk8rwf2fs5l02dmm6pm5tnw9stmd8jpmvsy54085vu2u2656re,4,50000222.190313000000,0.000000000000000000000000,50000211.630252000000
pool1dzdxps32uqhva9q9urx4lm7m0nhlczjjccwy9kv4t2d3krsn4m7,5,50000194.057692000000,0.000000000000000000000000,49999965.610390000000
pool1fvgmxt3688a5zl6amhvaqk9tmvk3lhxkgdsta6yj3czuy5hjwfy,1,50000075.643364000000,50000075.643364000000,50000075.643364000000
pool1swuyjknhewtqcmh583jjpvlcl0p9h9hrt5l2f3v2hl6gchqrn40,2,49999974.616946000000,0.000000000000000000000000,49999974.616946000000
pool1wt0pf4u2xktp0f7apveu242w6nkm4ltk3m8g039lvuhwq4zdtf3,3551,49968468.465507000000,0.000000000000000000000000,2899529.960625000000
pool1dxwgzj66pual956mnv9delkelg873yvgr2dd8s279m0hxqvr475,3191,49749570.839606000000,0.000000000000000000000000,2948713.797322000000
pool1a0kp4vl4fh0p0rs8s08rm7qq3vkj3epwraayk3sdgm8sz0zwt7t,1308,49458476.842160000000,0.000000000000000000000000,2207776.755796000000
pool1krznhwu3h5pu2stuslr53z5rme50t6384macsmylcnljwc7yjky,867,49080860.519324000000,0.000000000000000000000000,24393429.984425000000
pool166dkk9kx5y6ug9tnvh0dnvxhwt2yca3g5pd5jaqa8t39cgyqqlr,3468,48898866.862190000000,0.000000000000000000000000,2108727.200855000000
pool1myvgx4ef424e6nw2strqq7dxcepav52plyyhxrk0avaw7y098l2,1120,48802491.834666000000,0.000000000000000000000000,7264032.895571000000
pool1rct5guwnp6nk9f4ldn5tr3s42j0nm5rxeayv56lxua5ck47ex39,2468,48547885.423169000000,0.000000000000000000000000,3774569.322326000000
pool1w6l6rvhxtym5psec3mvgrjlg28d6hrv8g9jjexadzmxfgndfg2f,1137,48291012.561833000000,0.000000000000000000000000,3718154.991852000000
pool1fpu5xurq3jx5rn626ejcx0dzzzk5lmtvdl2qkj9l4kw2sjp50dz,244,47847635.206713000000,0.000000000000000000000000,44880132.864060000000
pool108zdflss3ayqlm5c7vr6mtqj2uwl99vk28ur8dv4zswdzt6yauc,6537,47522277.412939000000,0.000000000000000000000000,5935920.339748000000
pool1t6ek99u2dzj8sr606uqm3uz0tt4ejr4cpvwtqfwen6p2z57rrst,95,47138262.263556000000,0.00759000000000000000,16758892.669025000000
pool1qakys0fxx5p2fxcnsc2tyjpqa88q7qgtdh5t3a32hplv6fg25r9,2311,47105177.316527000000,0.000000000000000000000000,4742998.438614000000
pool1qa6lqyu67ghpa0evxfu9nzqkj3h82qpfku82ec79zdwru4pd25m,5296,47052644.869377000000,0.000000000000000000000000,4439773.005824000000
pool1p70svj9zrg7lgzkdn8udlslry0t27qs8r9tz9lr955v2yfna2rl,8,46806335.288426000000,1.3015210000000000,45237174.028830000000
pool1pmm654jfx088td54ekkkd0j28x6r5gnjdhnutzggursrxjnpk2y,2624,46787430.949820000000,0.000000000000000000000000,5197150.876039000000
pool147tju4482jtl253lgqq88fkefdugcuhaumf8m0rcj8uzxu846qm,67,46623419.368437000000,1229.3534200000000000,12151956.215442000000
pool14mhf0xtx45a8979mcnad8upas8apwal4nfqd95arv4wlsuk6m9q,58,46551848.778505000000,0.000000000000000000000000,24465489.739177000000
pool1t6n7rysk6wzm9wqxda6zxpzmm3j6256fs3mp06dc26n6503hhj4,1390,46451260.133081000000,0.000000000000000000000000,4139449.783806000000
pool1tpr44v3pxth9j0ff246dvsryxpanxwx52f024ws3ecvn72sgv55,328,46346716.739874000000,0.000000000000000000000000,29727460.722781000000
pool193uec04jldvah7r52q86wl033g4v42x0aste8jfg9999qepaxfp,1269,45911517.431148000000,0.000000000000000000000000,16685399.908835000000
pool13mas2wthxs28zftxskcsd8t87jk2w9ntc0u5uflt45sh7lcvs8h,2208,45561251.961629000000,0.000000000000000000000000,2421945.643846000000
pool13z5t8wlhtf7ccc0hud8pnvpjeekjdsyn7sq69fcxf3k6kpnlm74,5,45426823.189680000000,9.8207270000000000,45418567.802254000000
pool1cpwymxe2fjr20u34f874e2q6za3razk0rttslrxqhc4tu3zxau8,4,45187372.571411000000,9.8207270000000000,45184416.068841000000
pool1ynxx88cq0y8vg8yrq3jrw6epm7rq9a8859v34sq9lzjy7ztg90u,26774,45045030.705112000000,0.000000000000000000000000,1055388.259722000000
pool1sjwdmeme5zs042jzwmdvxshhv27kepxke0mr02f2yzacsyd4wtu,5656,44584889.420457000000,0.000000000000000000000000,3790110.337869000000
pool136q98jnwt093qle4ph86vdpuwplg7gyvt20h2nq4m6ksv8xjcuj,146,44565388.993435000000,0.000000000000000000000000,5301893.033309000000
pool1ell3xjtspzzz4vtsatscan6rheltf7j3hh2s8qsam2h3jvcxzm9,686,44460605.439196000000,0.000000000000000000000000,10063937.239385000000
pool1v96277f457qtwhuq3ma9yjlacq4mjw9h4j3jfy5rjgjru5lyxea,3,43945854.666567000000,9.8207270000000000,43942611.368229000000
pool16fyda57p3c8gp5r6gmcq5tvqsp6mnzwvkxswgznkuh8wztrp6vv,7570,43769732.108576000000,0.000000000000000000000000,10154490.474993000000
pool1ases3nklh6gyjf74r7dqm89exjfd520z9cefqru959wcccmrdlk,94,43217950.389018000000,0.000000000000000000000000,42418664.634687000000
pool1du3r4a7xq60hg2x0wcz7lw5ya3qs74rk258c8kanp93rsqdqu45,3121,42850471.616668000000,0.000000000000000000000000,20362810.341791000000
pool1u6kpt8hgqcm596kukj97ghefmxn8ks2cgwg8qqe0gtgscnufk5p,3757,42717701.609192000000,0.000000000000000000000000,2877614.621458000000
pool14fjmlppz76667ws3jl5luejf2wgztuhpsftulvh3ucc65anqgve,1216,42187591.009740000000,0.000000000000000000000000,9681089.979615000000
pool164xvrnwxg0xwhkcm0fsnlzmtj3ptp5s7hne32k4dyv60x4utfje,24,42091072.490996000000,0.05319500000000000000,37457719.973501000000
pool13qdkwy5y88ncr5qpjrh8hgtf94d0zw4wuhgezjg3hvlyyrh37c7,1005,41603718.164052000000,0.000000000000000000000000,10672107.820152000000
pool15d62znf04qymt6ve536tt5y9ky979ly4um5zmgz9m850vu7wuv7,22,41596831.296000000000,0.28002200000000000000,41431451.138696000000
pool189lsf6c2upyhmrzddyvyfjxxkqnte9pw8aqx7f4cuf85sjxlm02,2435,41592213.485261000000,0.000000000000000000000000,5929669.084413000000
pool1qvudfuw9ar47up5fugs53s2g84q3c4v86z4es6uwsfzzs89rwha,44,41464526.473632000000,0.000000000000000000000000,40887149.318941000000
pool19k9grwq9cdswn4k7vxzmwcls24jj3466g4s4xr5vucehcqpslfy,387,41366238.598925000000,0.000000000000000000000000,18931893.213469000000
pool19hrn8me383w9atvmjwukjxqsdvr8udpmyxau956hdc53x669j8p,10,41296684.059238000000,0.000000000000000000000000,36580987.181792000000
pool19066qvd5dv6vq7fh5a5l7muzk6nc5fw8zq3w4tclyrhvjvlyeuc,3,40720163.472387000000,0.000000000000000000000000,40720156.714705000000
pool1g3ssnndd8e7lcmstkjl9ane9mup0eshv3aklg63u5tznwl4ch87,22885,40462197.862223000000,0.000000000000000000000000,4346359.854270000000
pool15v22rpfg6qx9l0gx0m955gfv7tes0jpa9sy0gjs3a04lv6x9jdr,6586,40369515.510662000000,0.000000000000000000000000,1779295.104668000000
pool16pv24th2tzy8k70vk4ms35tff0fjxfm2dd2psk7cvs27wnjvlgh,262,39746979.787004000000,0.00407100000000000000,7808132.332326000000
pool13crd2ljx87988umk22er6ynwadfwdqupdpcq6prc6v59z62kxse,2654,39659932.925195000000,0.000000000000000000000000,13052090.744501000000
pool1ywpt43nttzjd7883wafg255mh0hmjypwe65ercw6p2sxg5lt7ez,32226,39456744.065986000000,0.000000000000000000000000,3644430.598033000000
pool15zrkyr0f80hxlt4scv72tej8l8zwrcphmrega9wutqchjekceal,6960,38826663.320833000000,0.000000000000000000000000,2106739.420568000000
pool1v5u6wzakuc25q3zpx04t8gjz3rgu60wuxkv2mh5nga23xjkc86s,1455,38806195.386021000000,0.000000000000000000000000,6587451.778333000000
pool1vc8jp7uagxgh8trzx7r260ndcydz89ges8sws05cyv7jj8q8gqs,852,38788840.206233000000,0.000000000000000000000000,10963221.140483000000
pool1fza7ms33y7mnq63etrgz0caqhaw2tsxme0gp52ltv9wwgwurged,3,38263318.602786000000,0.000000000000000000000000,38263310.784836000000
pool1uthdnav2zc2hxpg2hyeyy545lnxtl8lqdcdqxjm0j8t5srmyvzj,338,37913766.931128000000,0.000000000000000000000000,14321348.985419000000
pool1nudasuv0lljpe0tswcverqvlh0v4226vgnpsuxn0e9nkvnvcvne,5506,37716018.400251000000,0.000000000000000000000000,2003385.259511000000
pool1pvu2zdexh8wr4ggmuz90jvqrua6an43qj9m9urs785p8kwjzqwl,43,37680290.818148000000,0.000000000000000000000000,33327218.127941000000
pool19zkd9hmkgdjmx2xr0psuat88uuw25wsrktr2qe69v2uzqldfnmj,1,37614195.445962000000,37614195.445962000000,37614195.445962000000
pool1ukeqarukv9gxwy9pt8jkr4qvad2yf87758g3xzemmvmtk8lrynp,5267,37182601.361820000000,0.000000000000000000000000,3417752.951942000000
pool1qtscx3ge0rgmpffgqen5uup8r8tnav7a2veduweskqx7gf8gjec,3,37158954.515828000000,25050.156377000000,35010651.353028000000
pool1ctzja2cdwyeqnvehmrlclc5wrn9w9acwklk3acn73jrx56d66vs,1132,36929366.203352000000,0.000000000000000000000000,9747318.434340000000
pool1k0xrqp03mn9u3q3sadndd6vu9udl5v38xpzyw0shm8sskuxw2av,157,36859987.286104000000,0.000000000000000000000000,7022470.899783000000
pool12vs4c3cm0tr49c7alrevfs0xa5g3s4al4fn46h33e69uusat04v,3899,36823132.853804000000,0.000000000000000000000000,1868705.118595000000
pool1f8erepj5w5nth5xfxgxnwpz59jzywt6zdwfr50jzjwfwksmg9ek,12,36319380.307940000000,0.01441800000000000000,36308153.358791000000
pool1mh4ng2ldxk4sqfppzu6r4knxrk6e87e9c4wgrred84uy7xauzlh,4596,36288141.750103000000,0.000000000000000000000000,1188466.373777000000
pool1ua5exfeju4jc95yy595cykjh4x46998g8hrrvw2v5h9k7987a44,2,35776350.211315000000,1.5249330000000000,35776348.686382000000
pool1sjnh0ymk9fhhnusm7uksux5yhpfyhjfmseq5nuupsj6ezskc0pj,1,35728539.195486000000,35728539.195486000000,35728539.195486000000
pool1r9kse9x8ja0ajkyw8w96zw5c2aqeey6j85nmyqxhwt0rs090fu4,2,35710689.539081000000,7.3290890000000000,35710682.209992000000
pool1cp4q7w2jvlthul9mlskj6xutx9rdr7n4vruqqe09pfg5ywmzdzq,1,35650528.324023000000,35650528.324023000000,35650528.324023000000
pool1ek9pyk0xwjelrw7uqktvjwqj8wlcqqftjxqeq3t2vffw7qm8efs,1,35640763.688289000000,35640763.688289000000,35640763.688289000000
pool18rhzlrv83a7ygj7cp5uv8dx07qkn5drhe8nh6f3qvhv66xcyj2m,479,35631305.223004000000,0.000000000000000000000000,11042439.393734000000
pool1k2224hj6uhdgkflj6ncqvmfhqvhlhj0t8crhqux5mphwwumupec,1,35608180.695091000000,35608180.695091000000,35608180.695091000000
pool13t8yafhx3mfnxs8nnkvgqnm9v5gspk7cdjc5dmpzpt0a6h294yn,2,35604933.484748000000,1.6555520000000000,35604931.829196000000
pool1859zslu3scj23wxcamw0slkhn80waxwkdl4k8k0asyw7sfa8dv5,1,35579368.225433000000,35579368.225433000000,35579368.225433000000
pool1a2nh3ktswllhwf07fjahpdg5mpqyq7j950pyftq9765r6t4cefl,2612,35445862.261627000000,0.000000000000000000000000,10077828.396491000000
pool1gk20vlqg7qq868avysckjcjtwyphtjurfwlgra45670ny6r4fww,11,35252789.992858000000,1.3162940000000000,35008036.207727000000
pool1xlfty06hg6q23qvcaxwv3p9ke7ff9n34qpr8tpxt2zflyq20ceh,714,35156625.841305000000,0.000000000000000000000000,5110774.087284000000
pool1qc05c76autq4235sq20zu4vjwtl5m0xn4mxq9kg6e66uwz95kd4,26,35100210.026632000000,0.000000000000000000000000,35011725.469586000000
pool1urgvu6zk422j4xwtxa45lzpd6dm25msfthpkezr042secrtuwzc,5103,35097532.778208000000,0.000000000000000000000000,2918394.050492000000
pool1jldj0znj8rltkuj4sumqq5z6p8sdt3yk4qde90q42daru5kgfl6,1,35067653.233311000000,35067653.233311000000,35067653.233311000000
pool1hnaps49hfe3uljp4cleu4amhes6wvatufyvgt2tjdtj3xjrgknk,1,35059386.036418000000,35059386.036418000000,35059386.036418000000
pool1wthsvhhxueqfd9eqjdj8pgyprhr4gptn5g63z9rdrtelcfumnvg,1,35055240.365957000000,35055240.365957000000,35055240.365957000000
pool1hyqdlnuff3rnvg9lx70ccca2xqxcezzz4998tp6chhxnx2st257,5,35048409.923387000000,0.000000000000000000000000,35010115.443619000000
pool19zz6frugmvm82ecgl5hh5vq3093d4kzr4h2r5vfmt6la7trk929,7,35020564.408412000000,14.0805550000000000,35009526.385529000000
pool15kek228mhvnsncdjn77u8qtrn8hjh5wfzmh6g942xf0353yc77j,12,35020466.891044000000,0.000000000000000000000000,35010720.630921000000
pool1fxra32qureulvqrhrdpnrl5yechhqreg2khrghv3tkl4z66t0rm,5,35015382.219302000000,14.8235580000000000,35009826.386071000000
pool1kcvaxe4q4npwt28qlr3h84htjf4qrqglqk3cr2484ptycr0ldut,4,35012910.942808000000,14.8331860000000000,35008035.467298000000
pool18gsrasdghtjsnzlf20pht85l4epwag74w9pfx5qvdvcpxw68sl6,3,35008058.684875000000,8.2434330000000000,35008036.595979000000
pool14mm59ntjqzphjr6chrww639cdr3yjce4qcwzc5jkk38y22u7uc6,137,34938450.898008000000,0.000000000000000000000000,9430234.425272000000
pool1xmsdhync6k6grkkj7tuycskjpseykpr24luhlazl5nsngsy87gm,27426,34907569.742713000000,0.000000000000000000000000,3008797.068393000000
pool1ewrm7y47s9hv6hxku9n5gfnsuspymp0qqpwgvgm9rvm37cek2h6,2940,34872285.577359000000,0.000000000000000000000000,1426364.173187000000
pool13z9mfsve9w39sl5akgz58yewad9daycxn8ja426ytdxey47yatu,1,34863465.990838000000,34863465.990838000000,34863465.990838000000
pool195gdnmj6smzuakm4etxsxw3fgh8asqc4awtcskpyfnkpcvh2v8t,7499,34771241.359405000000,0.000000000000000000000000,7014290.420407000000
pool14zdcvdec8qmqzsat5wg3a2h9f0u5yzrgjew534z8u3gs5durnjz,6579,34756391.065346000000,0.000000000000000000000000,3958891.876251000000
pool1axzm26vduyuxgw0x9ddh4vkvn7q5hyd558l0t9c08p556lf2zaj,36,34610455.642123000000,0.000000000000000000000000,33461796.173989000000
pool1lnr8t7pxvq3vfg8c5lc7yjcq39haws4ntu28xpxzx4zyya9ntny,16,34573012.981552000000,0.70814800000000000000,34545925.336866000000
pool10ya6hxrssmyhl560gqyalhqxudkgfjdlc0e4krww6wweyaeajs8,467,34255530.981520000000,0.000000000000000000000000,5052918.500772000000
pool1vquhv3kh6xkklckaenl8alyuhfsld57ef5573aqauueyqacx4ak,6631,34075035.964792000000,0.000000000000000000000000,2066941.348599000000
pool138m7hevnvp664cmtralju857t5k7e4frpnaevtgpuykggr50kne,8442,34055684.702519000000,0.000000000000000000000000,3246302.791708000000
pool10quq4wlghwrvmhdzc7geq22pyhzegccwj56ax2g8hx0cjfahufs,442,33907427.020467000000,0.000000000000000000000000,4198134.176700000000
pool1lvsa8e0dw6z8g2fkw7prnfa7627wuy5jjexaadck6w5sxw5xkvm,1425,33822862.487504000000,0.000000000000000000000000,1654436.970821000000
pool1cmdq8atcy8x7lfhh09vdumveuh0ywsx0269ur774nvzkyhma37d,189,33722245.528092000000,0.04463800000000000000,13286846.701465000000
pool14wk2m2af7y4gk5uzlsmsunn7d9ppldvcxxa5an9r5ywek8330fg,3825,33711766.909076000000,0.000000000000000000000000,2000414.819804000000
pool1jz5ljsnj4fzmk84j0wcw9ldy866dn07nzqg2ktyuyjvfvr3jgtq,1276,33531965.876831000000,0.000000000000000000000000,8675374.970621000000
pool1cauj94scz5wp58defdxqqgnujaalvxe388peyv2gx79y6suzl55,4,33486842.928811000000,9.8207270000000000,33481279.909257000000
pool1nll5ghr8cdkl6ppnxpuk6c6vrg9d5kq3tp8d6xjdds5pct6pxj9,16,33395253.407477000000,0.43405500000000000000,33175183.006151000000
pool1jst7rrhucnp93hepezv5yqy6fx982xs2v0udwfc5ea6my3kfak7,20836,33383307.272473000000,0.000000000000000000000000,2359931.087918000000
pool1me68mzk9kephj0yqya6xu9jefjvtg0dvmly3m9sy67cezrexalx,9,33337139.120163000000,0.07203200000000000000,33146890.594750000000
pool1f4n4mdsv5ydxuc3y4tzgumqvfa8xxlyr8jl70qquama0ug2pmhf,15,33243790.995435000000,0.06881500000000000000,33180454.299027000000
pool1jsala5rdc0hjewcvu9dujcz8jpfxp7hadqr3r3hzs63skhhtpqs,14,33196046.741368000000,0.07756200000000000000,33136960.784444000000
pool1nwv3c3q62lqcdgp7s0jtl4xldgfnjnt0szkdclk4tzjqzv6kv7n,11,33188777.739046000000,0.81700900000000000000,33151773.919820000000
pool19f6guwy97mmnxg9dz65rxyj8hq07qxud886hamyu4fgfz7dj9gl,22053,32898865.546788000000,0.000000000000000000000000,2232524.099116000000
pool12m7z9p7jqymxrvvp6z7vmfdu6j6u6y43p0m6y4xalz43sc8s4t9,31,32831311.500886000000,0.81856200000000000000,7864763.398152000000
pool1lurfk0k0wwx54hlg8a7zp3jtstu57u59aeq7aketl55hknmmtu0,3319,32748203.790288000000,0.000000000000000000000000,2440884.133482000000
pool12l453n0jtxqq88cgwgr67z06ldyhqqvwxgkn0sgungjfvhtp2el,20434,32647457.560110000000,0.000000000000000000000000,609650.507231000000
pool1c89d4drtwn0048mekkdkzllz559ahnntxelyw2mppxnmc36hjlx,781,32566605.436920000000,0.000000000000000000000000,9712264.308429000000
pool1jq7r3evstu2c040vlry8tgvpwf0mfvft86cxecwjpwcuvvqfu2r,4475,32534202.134504000000,0.000000000000000000000000,1378731.035232000000
pool13h08lf24fjmxxg0mmuattjv8dvy0r6fc4hrqg4qmj38xsweexrv,28,32519061.397213000000,1.0242430000000000,21207513.608194000000
pool1yr0cv3dtmhcfgqa6yetvmf769ngk89e6tepecmjrmjl2jzcw2lm,1137,32435693.128616000000,0.000000000000000000000000,4907624.557128000000
pool1r55hyfrd3tw6nzpkvf4rfceh2f04yph92fc462phnd0akp2s5r6,611,32383698.692203000000,0.000000000000000000000000,5175323.161972000000
pool1z46azf72z9yjlq6rpngwn5syg5xup8jcwguu2t259ngl5cnv2ds,15,32235990.521849000000,0.000000000000000000000000,32012889.148970000000
pool16vdezg50c80dhs78jhfl0gpqr68trtmqy40xplw39t9mgk6vrkd,10,32187977.547252000000,0.00174300000000000000,32006442.743086000000
pool1lvgs6gdcgl3lgcc77wxmuyst8x4h9gxcth07pzry0rfsv5ntl3r,9,32133530.154473000000,0.000000000000000000000000,32009680.877363000000
pool1ptzl40tt9a6l2kp6fhjmzsg3t2maqdhwv6cnqu8kj6xgz3vw9us,10,32131564.263572000000,2.5387310000000000,32007620.730796000000
pool12ahcpgfgzkm29zajw8fgfqjma6ngsks7zdk4tr7q280pwfvtlek,16,32106127.855983000000,0.20590400000000000000,32011162.413450000000
pool1lfsslc99da8jhj5apzctsnfm76kjc6ndyc6hnynagcj8xexvjsr,14,32088434.053267000000,0.12158300000000000000,32011168.595538000000
pool17c4u37tjcjaeym0cs5mffvdkyyv74rkhczhnsgplef4sjglkwpj,11,32087092.398604000000,1.1016180000000000,32006452.143993000000
pool1ewgnsmk42ljf00wytawfcl3dcash9f852u5fr92e37wqxutyksl,12,32061638.912308000000,0.16195300000000000000,32007067.824504000000
pool124hy9qgc0nhqsve268kj5r53pvz7ppg295q6r2d0sjxswchljf0,11,32054423.730292000000,12.7050000000000000,32007639.028962000000
pool1l7xwy6sswcpxcepf9m43sez4kwgrgxuw5ekhkavj3k2lv6njvec,10,32022271.393319000000,0.000000000000000000000000,32009419.046757000000
pool1f89cpnym44rfv52jj88f3g20axraw4g9g7aglnqsgjl220lpdd8,9,32018557.144070000000,0.00076200000000000000,32007647.612812000000
pool1tmt8thfaqeqv499l3s7k5kl64s84nycvnx55ll3ksm9hq50p0ks,1110,31741696.066549000000,0.000000000000000000000000,6230330.628941000000
pool16kus5xvdysgmtjp0hhlwt72tsm0yn2zcn0a8wg9emc6c75lxvmc,5444,31649697.951540000000,0.000000000000000000000000,1659656.899915000000
pool159s558a4ffhp9nqjp9dx048lphdlxjc8xmy5pcmfe4jhuxe4a2u,6,31544145.293903000000,9.8207270000000000,20543197.527978000000
pool1vxz0deezj5c2950e7arpzfqxzq8zd9kawsullrzjw5rsq0yhxgr,220,31202999.889565000000,0.000000000000000000000000,3765887.290312000000
pool1cmaafeyy52ppz62jqmsm20c5p8nua7xx95lkkf96ktmqqj3w5td,1010,31175524.550767000000,0.000000000000000000000000,11151086.431334000000
pool19asxjgd6ah9ddzauwede4wpt9vsp6s4ax5nz297wt47evc9sn7z,3328,30790593.259869000000,0.000000000000000000000000,8000705.603914000000
pool19lz8nyz0jjpdrdtnjaar4untk4th23gpg5s7aegn7480zff4vgq,886,30766380.991469000000,0.000000000000000000000000,22182212.973124000000
pool1gqgyta9sku3crjzfl9kj7kxsgfkt98y98yeu09kx22zscrezuj7,2162,30707520.435847000000,0.000000000000000000000000,2825630.239242000000
pool1hntu7agmt8u5j9c20ejen7dvq0jfkvkpnul3mrdd8tppqvwfvt2,3090,30647244.182524000000,0.000000000000000000000000,1721042.626021000000
pool1p5ja48uqc7pjnuqvwu7cgmspvx938qpnf4zqm0x2k0ngkh4lkjx,570,30314230.232902000000,0.000000000000000000000000,6735025.806808000000
pool15ccmgcc4k9t8auxw9v4dfjmrl2kqnuevawn8z6n7xv09utw9hh3,1488,30230830.769586000000,0.000000000000000000000000,4126511.826930000000
pool1a4qtpgce7cu6wzc79fx7qrc3938hkl2gf8c2h5jugvm2gnu86l7,3424,29954651.196933000000,0.000000000000000000000000,8560584.591983000000
pool1qnrqc7zpwye2r9wtkayh2dryvfqs7unp99f2039duljrsaffq5c,4982,29809305.453247000000,0.000000000000000000000000,800309.130345000000
pool1j099ctc7kcc9fa78dz5qwsy2g0n96lrgletwxvxmyzh4zd7ck0j,1969,29510025.297402000000,0.000000000000000000000000,1503281.923685000000
pool1qwa8x4u4a2pff0xdv0haxpgk3tyrvl5adl2lpf3ztcftqruhea0,2374,29432776.401214000000,0.000000000000000000000000,3464606.355006000000
pool1cyq3v3v43hu7spwlfxdm6vq9djpsjjueerhlu5qr2rvd57vqk84,907,28921046.253557000000,0.000000000000000000000000,17925917.145673000000
pool1xn4kqt45xh3udf87kmtkdfz8xh9qn6trlqsf39eusk23ufmxhgr,1029,28812172.719888000000,0.000000000000000000000000,22231273.849867000000
pool10zyf32q3w3n9x940j6yqgkwuegzn77p94wcmpku6gvmrqw8a97d,1220,28769689.867909000000,0.000000000000000000000000,4137578.086585000000
pool1fgp4f4afdrq26axqlnm80fz49hdkyq4am3ca3r33w0w8sw2x8ap,1,28633654.617550000000,28633654.617550000000,28633654.617550000000
pool1yvf4nxph69ztm0tgj73ummxq45kfjhecyad26e3xc2002xgzalg,3278,28457517.012727000000,0.000000000000000000000000,1500520.273766000000
pool1pfprlfz0ywcnewjegazz05ghgcfkvu40v6edsz6yn8w362sdjr8,1765,28060760.219837000000,0.000000000000000000000000,8683863.624661000000
pool1ppznyu6qrvlw9uuqa3tslryjd40nh56jyvmaqw6kdf4kzq3y8kh,1308,27924305.570852000000,0.000000000000000000000000,2304137.220686000000
pool1yc6f3cqsc7jfh07hcns64v5cp8720mve870pgxf2wkr3u8l7tse,3409,27903732.454014000000,0.000000000000000000000000,4091119.296779000000
pool1c7jrfce3zxkk9s9enzpvwj8fuayvx3pdzc2k2es6mrw6gsfcjep,3387,27831382.625899000000,0.000000000000000000000000,5333140.282310000000
pool1rvjj8cp3urh7de07pm0ceqha2x4lxws69lhd4429dm6djfjsy4l,2017,27716959.051993000000,0.000000000000000000000000,2260585.328513000000
pool1398lzhvtaa0hgz305d2jz4urfkwkkt66yv476wqe6att2f7dphh,2597,27434198.586711000000,0.000000000000000000000000,5745277.200252000000
pool1m06dl8dfcy6d0475fanf0mtnnp2tzhw8rarums042q3jux23q0j,408,27405041.350020000000,0.000000000000000000000000,3667327.045857000000
pool1c3ecg6h4m73a2mftmdm9mz3gxklxmnzuwzl9e38lzd4y26qcm8a,162,27305997.803843000000,0.000000000000000000000000,7135828.466148000000
pool1w8ham64lthvzzxzn5hknq4yrj8xt2nark409s2xmntlwvt4ag3r,581,27218341.456146000000,0.000000000000000000000000,2502260.697916000000
pool1d3gckjrphwytzw2uavgkxskwe08msumzsfj4lxnpcnpks3zjml3,1364,26997280.708232000000,0.000000000000000000000000,2802162.359267000000
pool13pclvkwxee4znt7qc55k8ny89zvdkvfrt04dtd99zjm5vs2tws5,180,26916839.481985000000,0.00169700000000000000,4551322.167392000000
pool1qqqyv9pn9typyqwcxqk5ewpxy5p27g5j2ms58hpp2c2kuzs5z77,3858,26763172.128090000000,0.000000000000000000000000,1165750.712738000000
pool1l6aeyn35nkqkn9lqqlwqnpraakdzuukjrqprcrj3sctk6hhe32k,1629,26716627.660169000000,0.000000000000000000000000,1493442.121626000000
pool1vdh6kxcqt9mxavyv80ggnec6jjwms44ms30rhle3lt266aj8jgh,502,26657847.298247000000,0.000000000000000000000000,20501315.502048000000
pool1xlra52x2es7dmsvpmcp2922h89h346awe7yuu664e50yvrzaaqe,11,26517588.851975000000,32.2346460000000000,12549997.287380000000
pool16hs0jxw7h6pwg3ru7rcq3yvg4csj7lhmcpj68kqem2sh5nt8mwk,5689,26106456.379340000000,0.000000000000000000000000,4300360.266744000000
pool1jcetszf3sh39hc8nezj5pzj3ukg4fhfjwdqkmwg8ern8u3c4y7v,3,25905490.770378000000,2225.5944230000000000,15923272.559531000000
pool1asfgkqtmjuusclgx72xpzvpw336gkulchtstsx9lsj9uqzjckv0,63,25901772.633075000000,0.02334700000000000000,4431115.178277000000
pool1hnukelq3ap6pj3wnetj448efj4nalngy756jln9zd2mjsp73etg,2,25648385.673629000000,44.7283080000000000,25648340.945321000000
pool1h0524mtazrjnzqh5e4u060jsfk8lpsqqjfpa5gygjwuhqu34wvt,156,25606676.072540000000,0.000000000000000000000000,3995067.048319000000
pool104avq7309gjm0fxms69yqusxy8zf888k4mamngg5vnc6vculpzq,5621,25529389.043115000000,0.000000000000000000000000,5282681.219083000000
pool1lfnlxfxxwvjadesxzm4c7grgs3elj70vfdnpjwjmg0ufsqnq52t,86,25491185.805135000000,0.00479400000000000000,4493201.441485000000
pool1pjmqlsyny06w0x60rfd3seul5xc9pluh3t08y55ylhks28jeh7c,9,25018507.191470000000,0.000000000000000000000000,15275556.117294000000
pool13mxx49xrq4hp6mca8qrzxxmjhfrts0ayh5n6ff9uyuusq9cx4d8,3,25001456.002979000000,44.7283080000000000,25000684.854120000000
pool1fqwnqk3phwa2s5thgym8dw34pv0z67m526uqprnjh93cvzxymef,4036,24944411.550264000000,0.000000000000000000000000,4109896.426167000000
pool12udshcl3ycj4qpxes28n0ugsye23h89rj8z2a5ast4482m08xe7,34,24582609.371019000000,0.000000000000000000000000,4585003.195424000000
pool1jeu74g86ys4fekhykqcww99kdsq3nlym8a6kfw8s8ff3vskad70,2890,24218823.265522000000,0.000000000000000000000000,2037858.699715000000
pool189vq6ay0gku9tkqc2t3nfjk3n88mm23grmfas852jruw6fjlkaf,39,24199138.830982000000,0.71897700000000000000,10970514.092542000000
pool153sc4fct34a680nyfj4084w8dpax6c0zt0js8zqvg3sj7wtk486,61,24182517.720417000000,2.1646550000000000,14797580.571969000000
pool1vtpn0drn5t39frknedmqq2jkhsfstwketsnvdm7cjzz674s30v2,1598,24078812.644671000000,0.000000000000000000000000,2578686.563244000000
pool1hsq2jrulgj97tna2femdhsfn2wurkkwt8uk9uvs42h9zs0a783p,109,23828879.709344000000,0.000000000000000000000000,5686471.951792000000
pool1s0cfkzheywsftgwp0yz7sq4rt5gyf7t5kfwj5a269kpxvndjn6q,995,23642440.889610000000,0.000000000000000000000000,5158782.837680000000
pool1gwnu7f7qgaruxph8gn3u28qphvquvnj63elyd3r0nndacj9g9pa,134,23574617.593822000000,0.000000000000000000000000,2883512.279325000000
pool1xftlxx9slpz59thcgtwgdj3k9e0ntn3p4qnmzs3r84dkx0hccjc,312,23520609.953719000000,0.000000000000000000000000,6608193.195506000000
pool1qqvukkkfr3ux4qylfkrky23f6trl2l6xjluv36z90ax7gfa8yxt,1045,23508925.999295000000,0.000000000000000000000000,8204764.342861000000
pool1smy2r8jdvgna5ykhe8rrch7h4qalyfafyzyh0rmanmq0jxptww7,211,23455926.131557000000,0.000000000000000000000000,9458994.776248000000
pool1p9sjhjx0v3k76wvgdqu7jcks2ra48wqlhc6g0mkewd25k3zcymy,221,23337223.194486000000,0.000000000000000000000000,7388125.843577000000
pool1xru6f3fflzwkptgm68pncrsncg9ngllv0jk8jnz40m7wusfhazk,1701,22823934.377573000000,0.000000000000000000000000,3355678.498051000000
pool13846y7q7tng3endxhet9qdcz5w0fjs09ytcye4dm5g54wmyqeqr,967,22750816.701470000000,0.000000000000000000000000,6096142.211794000000
pool1etfar35l4tf6vam3gvqf5dnaq7levz32vgw4p00jzk7q7twg2te,171,22741271.465788000000,0.000000000000000000000000,5003198.001164000000
pool1jhzf2mm6zdlhl6w89uhgx8nq8p6ykcc86qq58vjy0ejyxrrksfj,670,22453503.344402000000,0.000000000000000000000000,5287292.313112000000
pool1psk0c2p7pwactw00nkzjexdw0msn7g8nddc06eyvds6yswr3tjg,5310,22308574.335847000000,0.000000000000000000000000,1135354.745993000000
pool149d5lzg7m6susau4f4yfdztgkty34qrcdpvd3ygsetmljgxxf8g,1248,22198991.881456000000,0.000000000000000000000000,2311057.481459000000
pool1cn0dqtplwf67fds40hgkf0u5rm4q4azev5qutmgkw5hdyvue2ue,1191,22096768.884652000000,0.000000000000000000000000,4039276.968017000000
pool1flkcdxj7cq6sfgl4fujx50p20ylqgj02kgwvfj4g5w24s6th8vz,12,21887524.780364000000,0.99877700000000000000,5245741.510883000000
pool1lskcfz80qg2kr2p6776kl9emjn8ulkqsqse7um7skz4y2lwa0cu,2519,21302663.702316000000,0.000000000000000000000000,1524108.465430000000
pool1qzlwlpcsgflr9z3f24fg836tyq45p0kf5cnrp20s8v0psp6tdkx,836,21138805.760985000000,0.000000000000000000000000,2068838.663621000000
pool1nwt6mxqus3tpzrshky5h5kykz9rjpxmacrvw0z6yak9uk5p5045,2929,21114784.519783000000,0.000000000000000000000000,2254280.435978000000
pool1jx4ss2zjage3cw0wht3450328y82yeprmq4fr3e2qtac2rhezkv,307,21112988.438299000000,0.000000000000000000000000,2382853.809853000000
pool1m4enp55hp80tf6xl7k6f6593wnyu3pr83xfvef9x3ktdw9m0em5,3777,21060611.196357000000,0.000000000000000000000000,2720040.109407000000
pool1qzlw7z5mutmd39ldyjnp8n650weqe55z5p8dl3fagac3ge0nx8l,1098,20824599.521714000000,0.000000000000000000000000,7345769.564371000000
pool1lu0gwsvugl2cgx6gzk9zqdjwutd5szp293wpvwj4fvq4jleg8ww,4,20736747.521200000000,9911.9562160000000000,15392700.570490000000
pool1ljywsch33t7gaf02aeeqkqpuku0ngpwl9fm04t7u5sl5xyunmgp,1345,20572478.634225000000,0.000000000000000000000000,2286163.736543000000
pool16j3mvwws7zc9pjluyhddgea0tq647v0dh3y4nkcuckg9znjcun2,4298,20571623.416441000000,0.000000000000000000000000,961489.973098000000
pool1qvvn2l690zm3v2p0f3vd66ly6cfs2wjqx34zpqcx5pwsx3eprtp,1117,20472905.701631000000,0.000000000000000000000000,3041364.188793000000
pool1eaeynp2hs06v4x8q65jfm2xqcd3dc80rv220gmxvwg8m5sd6e7a,417,20393610.980227000000,0.000000000000000000000000,7415147.116754000000
pool1nhhsh9yhlrvj9e3nce0zpx0xm2xlt6tx7gqakhr6hjc8wy84sat,1368,20186961.847314000000,0.000000000000000000000000,11393311.541256000000
pool1whk6lawmfz4zq5fw8zghglp23452gnm9zgs59nqafhpexwcvute,108,20128580.001607000000,0.000000000000000000000000,8730485.495030000000
pool1hkklrx9ac7w57d79mnv76rxlgq4acg5ecwhyep7k3zn0u5cz2k9,2534,20055548.999586000000,0.000000000000000000000000,1641119.591934000000
pool1hx4wc45qhhychdvquhem0q3madcs2mp4r0wllk70zkpxz7jhyf4,1,19701946.225712000000,19701946.225712000000,19701946.225712000000
pool1xjqjwe0t7uw7wfdygvt99e5wjcuz6ex6rcx2p067aqxp6tsgwgm,30,19642725.494259000000,0.04658200000000000000,6356414.134162000000
pool1mn6relcs7dn2fqzfq5yjlwxa49d900p5sdpw62jlx45k2djgwe4,378,19523086.038377000000,0.000000000000000000000000,8655597.539712000000
pool135h773klt7djljmyawkh88e8qc457wxqfhc6j9h6y9n4y3sgh7t,434,19463973.708475000000,0.000000000000000000000000,2313476.075988000000
pool1fuu0vcmzc28lqm09m4j3llg64ghf9j36tcsp9vcy3kpnz9pg9hn,9,19198470.023497000000,8.2248000000000000,12240607.604846000000
pool1l6vtae673eltsx86sk4xxr3fnn9tk8e99jkrdvcmjqlc6cca4nk,9,19083439.650526000000,0.000015000000000000000000,19073633.887596000000
pool17taqml487n9t4r9a6ppvf9qv0qlw2lu4zcrzwfdsfcv6xp7uqym,1412,19052352.871299000000,0.000000000000000000000000,4449096.058204000000
pool16qr7dz5q4vwf3n87t4lmr0d2zlr5knexpdzkuk4trc8dwed7aw3,2,19008822.313810000000,1113.2938600000000000,19007709.019950000000
pool1qku2yhky7sv4dfjfv42uyvauhehuqevk25aw952d7ulzqzx3jcu,1457,18893006.067872000000,0.000000000000000000000000,1708696.714768000000
pool1zn9hjcmfddhcp2aj9xxuvz7z40rasyatkgavr8ryyz72qdfwtrj,2707,18821941.969016000000,0.000000000000000000000000,11704749.867313000000
pool1w4g7j8u97pvu2q7gsdaupnng0a2vmyllygfewhc29m2j5cehysn,25,18806828.143910000000,0.000000000000000000000000,2052067.880987000000
pool126mkma8nv5axltmz7mmg8qz9e70nmhnf58hwx5772fhwgkhk6ag,213,18776409.640500000000,0.000000000000000000000000,3613113.098976000000
pool1xkwnlr34tjrnkz6u4c0p36cju3xuls4dyynsdkf6cv22ksuhz6q,624,18571325.183927000000,0.000000000000000000000000,3727630.994892000000
pool1qvkdjemewy8phhrkdhscjcnh3947f5ae42rdfjkv6gkgkjtlfsg,10,18569190.908549000000,2.9404070000000000,17862294.414146000000
pool1fg42yz0qpu5jd0gd3g5xty4mm6jdxkje8szag8h798nyyxw6zd3,154,18491187.063412000000,0.04395800000000000000,2013122.373814000000
pool1jdhjfcu34lq88rypdtslzwyf27uh0h3apcr9mjd68zhc69r29fy,3256,18451025.392698000000,0.000000000000000000000000,1151968.062588000000
pool1slwxj0t3575lx0rfw2x3z7dqf26jpls566pdwydvlk0jgw96lre,35,18405443.621940000000,0.00096600000000000000,18066274.396089000000
pool18zf8txwv8lmtpq2src8wrhz0pjut5qft8h5tfxnctwc95r7jvvj,1992,18196804.851474000000,0.000000000000000000000000,1609229.026993000000
pool15wkxegrfflzcyhurrjxsm9ljqtz09xr5rtnqsarnp7hmsz5um3t,26696,18188518.106006000000,0.000000000000000000000000,519349.044746000000
pool1wf7wk3802jxtkmek6uprm77cgqx53t4qep9kwkl078w3yw0ff69,3402,18040030.557275000000,0.000000000000000000000000,582271.823053000000
pool18qddv82sx8p22uxzdrf0qx9lkewxadlr9ef45kpcf7dzz3n56qv,885,18000917.455660000000,0.000000000000000000000000,2203912.938462000000
pool1wyfau3rlkckr3clr4mkyxn9vdlrkup0fj7uyyflfccmms24gm3a,1301,17858493.258193000000,0.000000000000000000000000,1759516.271585000000
pool1s04pdfl3sv5gzuc80322rc4ne0xs7gekux7gtckvvwt7qutjy6w,130,17839036.225761000000,0.000000000000000000000000,13445827.927952000000
pool104gtn3hvp9lz5l6wevhjj98e45s7rfaa4zzvk9pex7nn786qncr,1923,17781749.967587000000,0.000000000000000000000000,1000978.715203000000
pool1tpy5yawzpetcverves0h6xdycxgrstehfvrkygydt9jcqxwpw3j,2120,17660688.284942000000,0.000000000000000000000000,2891082.518600000000
pool1k2qhlrrweu8fecd4hx4hn22lv00nrd3rjdxj6durax7m78q7ynu,3359,17609339.253851000000,0.000000000000000000000000,2893903.614439000000
pool130c3kgpkjctag540j7sxqfrlhsmpc6d8u0n7j6crm9ayy75mkpt,4,17603806.379590000000,12466.135229000000,17418355.841334000000
pool1zmfpd5r5vfwjmwm4cgy53exe58h7plnecny3t4948yw7zumzp4c,6066,17496738.714291000000,0.000000000000000000000000,3310193.709830000000
pool1kmsr376syqkluhxvv8k2axugqw7unjmlkwhfxjxtj7cw7qcn0jn,2243,17492368.405963000000,0.000000000000000000000000,659282.309251000000
pool1vxvdypctdecvc2j7xu9y8h2fdxvkpjy2pp8luwg2h6dx5jlv0nk,1220,17442921.473543000000,0.000000000000000000000000,2809030.780060000000
pool1yj9xduuwzvdkcwm2mc9x893zq684x7pyah4ja8zmzplgvxz6wgk,406,17387615.878880000000,0.000000000000000000000000,4221683.402031000000
pool1aqg6fvhcaulvss2ruvpx6ur9vj7pejvdcxv6xp0qlwuwx94evf0,3896,17367540.380863000000,0.000000000000000000000000,1259145.362419000000
pool1u7mqtde27swkarngjsn5mmw3sy20zavlafgqkmg8qv2n2nwga0l,1672,17276962.491794000000,0.000000000000000000000000,7953380.861901000000
pool1rqgmaq82p2l3j2jknc2syky2xtgylevss39c7ffgpp5x56s5pt5,3,17178003.062956000000,17970.224758000000,12112550.288638000000
pool1pemnlylem2e94xguhd3fytj90848kpv4agvr6rthx2tp58z79ek,334,17116401.950834000000,0.000000000000000000000000,12161940.278705000000
pool1hht4pctn70tqdsd0zwuxv8d8cz6l5scjzaquty7vamyzy78eqvc,1155,17045796.156790000000,0.000000000000000000000000,7301140.947344000000
pool1mqy259k253xryf4hvdq0n72n2uvadcgp34r0fxwpqzm0z5n0qp6,190,17032502.148345000000,0.01756800000000000000,6050186.303495000000
pool13annzt9hjfc822f0ejvxjf7fsmxd6cc28whpk5kagec6ggfmm7u,35623,17017543.075162000000,0.000000000000000000000000,466861.892513000000
pool1rjxdqghfjw5rv6lxg8qhedkechvfgnsqhl8rrzwck9g45n43yql,2741,16987998.145880000000,0.000000000000000000000000,1109780.489464000000
pool1kkfkdces5mdcyc9dn2hgg3463jggjvw3h89nejjarkz25uavaqu,367,16373406.661643000000,0.000000000000000000000000,7421486.025878000000
pool1m62sl6rauje9cknrkhwl39tc4hujudkd7gp478dpz7tagmjr8wm,4176,16366335.146462000000,0.000000000000000000000000,7295066.250821000000
pool1caulv7s08g0jnptzdc69qycptacu7fzahny2epzh7sh9vhqz6xz,3023,16346708.932210000000,0.000000000000000000000000,1239489.192584000000
pool10hex9l4wjgqarvhr94xgyh9frv5lhtajhrj4dah0kl65jtws30k,725,15751577.584911000000,0.000000000000000000000000,3107073.110623000000
pool19r8kcmqpajlm6h5q0lv8jye0q7evdur39wfsgs4z98fcqpz9lct,1335,15690387.236690000000,0.000000000000000000000000,4478530.550905000000
pool12mmcc4rc2fzfv7gyv8h06nvnsrm3m7erzdv8x6gzvjxlu2lf09n,434,15666601.955355000000,0.000000000000000000000000,2326631.073926000000
pool1vs689gkmqtrljtmcwd2690nzqm2yyq23wk2zzx5g0v0gs5ug64a,38,15649082.863260000000,1.5914660000000000,11850488.655065000000
pool1fs2m5rmlx66crcwwrrsf2pcxjhvk7kzdurcqusd3v5gm65cufnj,611,15647937.221046000000,0.000000000000000000000000,2571202.597297000000
pool1nyjw0460ww5qjtpukexuywxdz4lzhy6tm7yygn74lnlcc62hnc8,5,15507854.583656000000,0.000000000000000000000000,15507793.863950000000
pool1wr79nyuty7wjgkey5vlfx9rn0x5ecxgge5mq45fpftqhye2shc0,5,15502619.850875000000,9.8207270000000000,15497947.453138000000
pool142xwjhpcvtp7tahpmn8tlnek7smefp9wn66z67j8vjpmjxqdg56,1286,15437375.890981000000,0.000000000000000000000000,3264870.860005000000
pool147en6w8f9cplnn5x7qt4ese7fpacmmcwuffrtu0yqxpaz4agppr,2420,15419136.920562000000,0.000000000000000000000000,535212.289573000000
pool1z9m2kxeat06t30yf6ar7sqpert0cjdgxzcv2dv36dcwcqcqtgk4,2700,15416236.146102000000,0.000000000000000000000000,1044349.195385000000
pool1cq25dmlt5974x8tqg3e4dlzvrxefcce2atpnwlfp7ad5ugec9fp,123,15353981.350976000000,0.00429700000000000000,10098723.223022000000
pool1lp9wmr8dkcceta5we999nvlfh9um06cd6sggtt5523eawf7mtg4,693,15194516.982798000000,0.000000000000000000000000,4983920.710365000000
pool1zdtqtsu3l3ytatzyvrq48d4mpnll9c5evwfq6taxkmn9vvdz839,107,14999929.479650000000,0.00142000000000000000,2509797.348789000000
pool154hq0j6u6ydz62mtlu7xaj78mhreyp0zsv2kq7f0qmne2fu4t7y,90,14889235.565935000000,0.08524900000000000000,3301272.339243000000
pool1r2fph82mjhgu955cesn4yejjva4sk7uuh06yhwf8e9ln5djy5h7,4,14750001.526290000000,0.000000000000000000000000,14750001.526290000000
pool16r6g7plyuh4cqs9f3qy97l4rh5edwx3w9xvd205mhj2e58cpp28,13,14726259.472231000000,2.0892590000000000,14701197.970475000000
pool1gecx8vya3f8lyre2gn9w53547p0rhkmq0x78zrw956lkcvn8uyp,4,14717235.085176000000,2.2973110000000000,14701555.725558000000
pool1grgycym8cf0xmgjjr7gx7udmkpu93hqaygysy5myx6ghx8dvl5r,4217,14713353.121374000000,0.000000000000000000000000,2356718.917855000000
pool17kew7rtakc7g6qzydntann5umw08xq3ll2j7spk7en4kvff69fa,2067,14685841.609753000000,0.000000000000000000000000,1224496.637288000000
pool1xxhs2zw5xa4g54d5p62j46nlqzwp8jklqvuv2agjlapwjx9qkg9,3215,14619787.383151000000,0.000000000000000000000000,1960354.329732000000
pool19ejln2jcpg5dphc8m5nh8sya49sycsqj0v2cjxw6nku966cc8nu,74,14527615.335670000000,0.000000000000000000000000,8091899.764256000000
pool1mvl09pgsejrudghjhq79qurugrvqy3pceznp7f9vz63n7ku7jqx,197,14488105.393770000000,0.000000000000000000000000,10490574.025034000000
pool1uyvyxt9k9g038h567x8halej4x87j7m4r4zyz9lhv4dcv83husk,2332,14415626.504831000000,0.000000000000000000000000,1143034.483712000000
pool1uk2f28awascuhrhuwrp7x6y87x8ch33vwx8jtmrysp7l5ngq78j,6223,14369389.876235000000,0.000000000000000000000000,982882.396070000000
pool10xk8jp4m2cztf69x9gvg3j33x5drkrz2hulsjes29wktcfcxdls,4,14178744.807385000000,154.0238160000000000,14152869.189085000000
pool1fm57fshvdlrgs5pnpk78tnxha0me28equyy96vj0xm85gy5chv0,2251,14159356.421828000000,0.000000000000000000000000,1434821.377719000000
pool1850xvydng5mkjzkwqw6566y7e6hsrgakc3y87jrnqrkrwdjua2p,723,14121679.000295000000,0.000000000000000000000000,12964549.641138000000
pool1jufp9k6gmyusvch65ra8yk2s7wu6cx5fsgnltl83p93ejg6h3xg,827,14100394.321275000000,0.000000000000000000000000,3568707.853448000000
pool1swe9nsv8lzugakjkfv04dn38scmq48wzynmn0lxasupuzmqcgjm,1399,14036467.781056000000,0.000000000000000000000000,2122394.425200000000
pool19egsg4esywdpq8lk5e0r4c8se3mx6k68de2pt2d0fnrs7jntp6m,1,14008505.380547000000,14008505.380547000000,14008505.380547000000
pool1ktqaf79utweyenk6e7289ta5p5993g32emn8355rxmp0kgh2r0m,1,14007242.705653000000,14007242.705653000000,14007242.705653000000
pool1j6jnnxsngexalq60tqnvn2muge7vevd5ukc0unacr4432t4lr28,2,14006662.895593000000,48.3673920000000000,14006614.528201000000
pool1p6t3cglz78w32telly44te3d5l30zc0f0mprhehm6jus59m9aaa,1,14005984.883478000000,14005984.883478000000,14005984.883478000000
pool1ld9hkah2dkzh73pvh9tf6xr0x28us34msv3zcv2sase5vhvq962,1971,13852575.306064000000,0.000000000000000000000000,2697410.782156000000
pool1ds25hy480zcnzjwzr4eef28j85lvpm4mq9qm55vr4mqr5h3l68y,2,13806659.390606000000,44.7283080000000000,13806614.662298000000
pool1e98xlcgj80c3rdmm27v5hnvrdtut52e65uk0ema7ctfag596vr2,157,13803359.707215000000,0.000000000000000000000000,6294201.969845000000
pool1ujcu3myfg9wwvdyh2ks653954lamtufy3lefjs73jrr327q53j4,91,13788144.164866000000,0.000000000000000000000000,7842830.301546000000
pool1evg78egp8gfqae273kvmmdee2dnt6vty60dpwdespg4hujznh3a,788,13744963.307063000000,0.000000000000000000000000,880209.186479000000
pool155cu3s06js3llfh07vnzepatfuvt3s5s7uwldt9rzz55wz7pugt,284,13674465.363503000000,0.000000000000000000000000,2593857.417240000000
pool18jqumjfevywycjj54m62g74ghds4mmuyqynpwfkaem0xktazlqw,9,13498614.406872000000,0.000000000000000000000000,11154206.349021000000
pool1uhy50u9y76nd6z2xmzt3mta0yc7g3gdssef8lheyyg7zzymgzm8,2236,13424104.420964000000,0.000000000000000000000000,928018.394669000000
pool17xextu09ghdfcmsq83whq0a45geg83jxe4qt94sevu087tzdzkl,1958,13391777.414592000000,0.000000000000000000000000,1006825.598780000000
pool1r0sxz0hygfc0266lhdclve6j3cwcwlth6dya6uey65yxjnwm7qc,436,13353063.969711000000,0.000000000000000000000000,4502557.628640000000
pool1hkpgddlnya3pgktj3sxdraa8x8400vhaphcudvym9ye22esak43,157,13164705.976303000000,0.000000000000000000000000,2717736.112450000000
pool1m4njkh73pdj90xxkgaz9dnh7gffweeupft8nfurlntg6cgqfmy8,5,13035501.364493000000,0.000000000000000000000000,10020620.650201000000
pool1qqq6qqa0hpzvumv5p87ynczfmdj557xuwlc3289ke42g72z7f74,1579,12945755.795757000000,0.000000000000000000000000,1585876.045273000000
pool1ecvcst7k9eul4ggnljh0jw2s5nc2tyfmyzsx3xg3kmmz6ptgfwj,2717,12932076.436492000000,0.000000000000000000000000,2407951.908771000000
pool15txd36fltfgc63qq0yxtpqt88eu76s0yhugn9a6q7f4zspq6k5f,915,12837415.756229000000,0.000000000000000000000000,1009745.589924000000
pool1ufp38a9zwlvvrzcyxaxdrvav50nd7az5lyuzh4t0h3qp2gqamsx,921,12810677.883744000000,0.000000000000000000000000,1783450.891903000000
pool1jt7d6ak3m8gnjyxtuxfswe258xzwda80ndl0a57vv5m2zv8h6at,10640,12796996.315513000000,0.000000000000000000000000,1029944.909658000000
pool1kjhpg98jhm08usqg4sh5x9esa595apyw75qczyjp3z24g0cdate,4,12790198.976234000000,1356.2266410000000000,7456924.076371000000
pool1xrrrr8gldqz8pjxj6j8c638a9py04xuv66kfgn2dlsx9g52te0t,102,12677591.892192000000,0.000000000000000000000000,2321780.085275000000
pool1jk25l2pejpdzq8vdjlxrr05th49v9tgd78fqrtxvuw3rumpfc6t,2833,12638530.508105000000,0.000000000000000000000000,816745.574323000000
pool16v0jqnz2zuqsdrf6z94ec5rx9ds0xeghsvmddauzt6j5w2u7lsm,34,12623055.106767000000,0.01934500000000000000,5042247.315888000000
pool1kx0jm9ycs3t99tnwafw6w72jkdlzhj5ltxe2nrzkd9x2u5x343h,1182,12614992.643156000000,0.000000000000000000000000,2119353.978751000000
pool12rs385dd534g8gtdtmnvlhq63whdvc6vnuzxa5cpx843zdy73qy,1364,12600110.910081000000,0.000000000000000000000000,1050411.112420000000
pool1u8f87frd3k6cy9lp4uk5faj53wfzh8smxjdpt8ua45f0x8s5v58,3,12556026.719176000000,9.8207270000000000,12555175.775032000000
pool1mkjtce8r8yeku0mmc9vpwl0scuwuwc8lz89ckpj3k0kwgvlunv5,4145,12414281.836266000000,0.000000000000000000000000,5796350.675896000000
pool14enw2643rn9nn6yzv60jyz3hj4kxs0jvap87lkgsqykh508jxm6,21483,12310424.557682000000,0.000000000000000000000000,1108182.937124000000
pool1ea568m9q882n0tx5d4vxff2dmz2n7rq5h62hx5ystq625m4tcfu,2710,12293352.237300000000,0.000000000000000000000000,1349735.381622000000
pool1f776th42gqa5ammpj738evvnlga5jk4ll0gr4uupkrqnqpjsfyt,2,12246627.139436000000,112808.224672000000,12133818.914764000000
pool1dzdglfergm9km74055n6c9xsp8n78ec8ztsklgxg5c5gyrfz9zc,3,12243400.232060000000,9.8207270000000000,12242139.746437000000
pool1xlphlhnjvfeh40vcqf9fdewztsj6kyxq6604kaccpv00umjfu0d,5288,12242064.231904000000,0.000000000000000000000000,929870.110468000000
pool1vnsfv2qpt5gxte9prupjey8kw7ap7t6c8lc02ks4s3gtqplhgd3,478,12227414.828262000000,0.000000000000000000000000,1603670.732805000000
pool1c60f68y8406zjmacluvcu8c0krgngp6h2qkkqhdz4mtl62ns0dq,14,12101560.570031000000,6122.9327880000000000,2503372.618691000000
pool1z5rt6kn6yvuczj44qla73mfyln9l55lw0jkz6x4kjw00u32zec3,1473,12054199.761897000000,0.000000000000000000000000,2958211.547048000000
pool1s7ddsvuw09dvk7et6t842vhdfcmq893y88y3ev9attn67mruf5m,1865,11990855.446244000000,0.000000000000000000000000,1800702.129805000000
pool1jjry6f6q0swaq457ft9eclaxaskvrxnpj0v3w8edsyfryml3vj6,1253,11958710.105080000000,0.000000000000000000000000,1383528.333212000000
pool1lqucyxuvjktfmpf7fd28j54cfgamyrxed344vnwlm9wqkwjeqwk,216,11900176.960789000000,0.000000000000000000000000,4217361.485380000000
pool1eqj3dzpkcklc2r0v8pt8adrhrshq8m4zsev072ga7a52uj5wv5c,830,11805574.232110000000,0.000000000000000000000000,1017614.351282000000
pool13pt7us94nw782t5v4d89sz8zqn8hcn8r8r7hhph5mvxvvp3c76v,880,11741023.996367000000,0.000000000000000000000000,5089604.621029000000
pool1ue4ngerz28nkpstsr5p53qvl5ulq3jtmllj4my0d0n28yyrn4l4,52,11705369.937102000000,0.06300500000000000000,10724020.511734000000
pool10eltx2wej46e62ulmwzm35xfu0azu47yvpjper7gwhncqe74vg6,1482,11628529.606316000000,0.000000000000000000000000,1217594.770562000000
pool139gdv4lxw53enk4rms0ryr4ey07k56jufmfrclqqehjdzglheu6,312,11579300.667477000000,0.000000000000000000000000,593785.024782000000
pool1fmcv9p7vv754rwc0p6ud2mgm76vnn0gq0gngrk7rq400vsvhsvs,112,11561811.134207000000,0.000000000000000000000000,3357596.808420000000
pool1x2h98z6e5xvrg5zw3v3dlu8hqdtj6lhp6r3w5ge7rvcqcx3pafq,53,11548243.261572000000,0.000000000000000000000000,9422815.612956000000
pool1jg3fmnmc9n52sgzslhhvhye5e3xeqmrwkekdhh82sma47r47zg0,2488,11516908.405509000000,0.000000000000000000000000,1736136.141056000000
pool1ntfxj2jgvhzen8e86ed679ctukar3vj538ywyyq8ryld66jj4sx,1755,11512831.310894000000,0.000000000000000000000000,2535497.937498000000
pool1x0qm7xsyh2za3ltprxsgael544je4hg8tc3q3v5gv232z8jt4wp,3884,11371319.350892000000,0.000000000000000000000000,1229258.562044000000
pool1crts5gmqr34gsrn6wvrhfs9yqp0ynu8t2t4r350xp80s6pc56ue,786,11337602.505436000000,0.000000000000000000000000,6780290.448555000000
pool10tqeu6d03p6rnalqlvdshmpsljxaq2c0ww6draq6xm8lgyl2a3p,837,11123724.383142000000,0.000000000000000000000000,1774278.306412000000
pool1x5dfpgp987e4jhxvgczr3wv50nv2pwd873tlx3uthvcasm422q6,1116,11073818.291621000000,0.000000000000000000000000,2899380.447713000000
pool1yt868wrp9s2x5pehe96del9m3nwasme62yw02vww3kg6zwzspcz,3169,11053428.206587000000,0.000000000000000000000000,585596.719503000000
pool1g5gmej3cj67td4pmvmacnls8nuq0gjld2pwfeg3jwpxujdx6lmu,1683,11040763.804952000000,0.000000000000000000000000,1079974.913268000000
pool1c86ul4pnqvu7jzag8fjdy6dgrn6pt4ad4vmyq038hyg0wl2kaed,436,11035971.473948000000,0.000000000000000000000000,2265506.154594000000
pool1lhvpgr8lhsf6h03v9zqxm74pa63rdxx4yuvkqfw4tv9fua8t37a,120,10988420.779874000000,0.000000000000000000000000,3443312.365810000000
pool1hmmt5a9vyjtkz0tk6ywyyuhumt57hts5m89m9avgyyupveaejfr,26,10905977.901246000000,0.45154900000000000000,10545091.433742000000
pool13fpvzhz7p0f4c960k44erfykflr7qdp86t6jnxlfamhqcmfha42,4,10795011.248259000000,14.8171820000000000,5597159.171279000000
pool1qzlw7den2mlj0fmm65g0fnf46vyhzkhmdaf0f8v3s6skuue6rlk,756,10792253.354946000000,0.000000000000000000000000,3340205.938901000000
pool1dghwejqptsjtf9k8paspg9rhl8humxx0nh7sk37j0ada2dr9mqh,370,10777577.927777000000,0.000000000000000000000000,2315734.266197000000
pool1k7zrx5rw6cvef9m5qtp9sy4e53u93kwqx73ykz7md9gmwgf56yk,13,10593210.497436000000,2.1637400000000000,10330709.508837000000
pool1g0nq3m3fnvd245k4favcvutn09vce0yshg535f68d2xa54vy0cc,319,10576063.144325000000,0.000000000000000000000000,7259305.550782000000
pool1qetkrhjs9fll3nthuxk6zp0ssanf3rszg5wh8x79mg67gsg7vjv,40,10554416.103589000000,0.000000000000000000000000,10100916.537840000000
pool1qkd5y9azf2xx0gmrj68lrkcn59ldjmnpzd3y2rq3tvjp2vqljan,529,10489587.540038000000,0.000000000000000000000000,2966277.514542000000
pool1gas95lqlch5pj5e4lwg78gxlq7km9xfurfd557x4tgwk5kktd04,628,10433135.260151000000,0.000000000000000000000000,4314584.310602000000
pool1spus7k8cy5qcs82xhw60dwwk2d4vrfs0m5vr2zst04gtq700gjn,112,10428556.262153000000,0.000000000000000000000000,1672927.173704000000
pool138s0uwydwtrhkaqj4uwkh37yqw098v9v6nf5q08k9nugumlf8mw,26,10403349.074344000000,0.01236900000000000000,10336219.494127000000
pool125kh7e0y9lwya4sz5etmsk7hvga9jtfpuhw00vz9zvk6sh8xh5r,59,10331896.924624000000,0.000000000000000000000000,2505607.724865000000
pool1pfdd8d8n7jx0xnk4uev3x36se87c747w6l2d5x7fanh5w9evhw2,389,10314034.225518000000,0.000000000000000000000000,3805404.002952000000
pool1q9049mstrv5czwyylpf3xen08pmvsfsgtru4wf3zvc9uxat2sm0,1738,10239342.636634000000,0.000000000000000000000000,3406143.107278000000
pool1mxqjlrfskhd5kql9kak06fpdh8xjwc76gec76p3taqy2qmfzs5z,1052,10189359.735942000000,0.000000000000000000000000,5000558.043187000000
pool1llxh8l0h8g9ghz3nrzh7ndvev4x43vnk72nsemzm795vxqs6dp8,61,10162075.816325000000,0.00435400000000000000,5215745.818937000000
pool1uzla0r73fvpnvxr07m98nfzlxcv3q26mkjz00cqjfh7uqsyjkju,204,10093636.022181000000,0.000000000000000000000000,5121106.073138000000
pool1mvtxupzcgdtslv2sw0l3f4zlhd3a69fue6gu0vhqz47w7j5zryx,4,10053453.233320000000,9.8207270000000000,10052493.851545000000
pool1rw29y8c5md2rm4ynkrqhpm9saatd0a0xzyyc6xudelgkww5junh,19,10047323.941261000000,0.000000000000000000000000,2042297.824643000000
pool1mdzxt5rl2sgnehedgnl0jwk8vumsglequrap26qgg0uwg4cuq52,6,10046445.454903000000,9.8207270000000000,6027952.434386000000
pool170hmssk80z2ameg7jhj5m8psnkjejcc77vfpd0875yggxhhntd0,6108,9702337.874641000000,0.000000000000000000000000,480169.178904000000
pool1u0mc9ywfxl529atxyajuz3pgqnwgnk6w7lejjmjg22ucvn7z9vh,1860,9689547.549971000000,0.000000000000000000000000,922736.373140000000
pool1qmsck80ldwm23t4t5elxc857r82ph3urkt7tpyq65ntn2dv2ust,120,9682565.054018000000,0.000000000000000000000000,1649354.174779000000
pool1u99x2rr6trfznwakv0959llmxmtgc2nvanc067uugl3ejuvvnc8,4324,9518571.068712000000,0.000000000000000000000000,2216691.706680000000
pool1ty7lh3nvtwxlcpqg2x30fkr3j9ys6nprztr9m4zp3aajxyjk2vz,554,9503678.621101000000,0.000000000000000000000000,5999131.275255000000
pool1u4sxd6x0qsy7evljt24vtnyhpxd098n609sfcmly6c096mr3jgq,592,9489356.684601000000,0.000000000000000000000000,3714773.370328000000
pool167zl76srpt5a2gthpsq0ye9z4fpray5vsh7xyzcn63hd5mnw7fa,569,9403770.033685000000,0.000000000000000000000000,6191359.277204000000
pool1heks0vmxkfka2amg9c8yn8qdsxvgmzelfx6jhpfkj8ht5mn0r2m,521,9400086.861125000000,0.000000000000000000000000,2819818.581073000000
pool1vh4y864hcq2r66ak37w4dsnkhnsfxaaacs0p5s4vj5676m6txwm,1489,9299140.958970000000,0.000000000000000000000000,568276.847130000000
pool1mwp8ewtzmun0426v9z0h9um2amswgfzn78rckfl2fc3t5sy0m5g,46,9246252.099562000000,0.000000000000000000000000,8816456.882319000000
pool1larpvn53yyufaf8fh89nrrpgruqcq8mgxrtdxp5y87cqse3yfg2,64,9136444.799548000000,0.000000000000000000000000,2887913.650805000000
pool1zytydvyy3qztrs8l2xyggvkfcjctp23m2hc3aj7sudnzgny79cg,916,9116615.341537000000,0.000000000000000000000000,2000202.446410000000
pool1a6ysvnx24xsjh2f6ehgmx7yu9q45fd7lsk88v2swxkek7pkxtgp,63,9029856.320766000000,0.000000000000000000000000,5190877.715627000000
pool1lfxjjg2fmaea3dnvu6wpxylrtrzq0pkgjutjesuzwem4xymtqaj,5,9027130.493870000000,9.8207270000000000,3009826.873338000000
pool15z87p296y3m7eq8pwuu8qs6h2v4d2ctnx3yd2vqpl6txkkdvl5h,62,8936230.431293000000,0.17418100000000000000,2135572.493099000000
pool1lxqewhueg4hzyad766zhdwsjet5348ww8mzejf6fprxaw8wfq5s,65,8821772.306843000000,0.000000000000000000000000,5586957.617087000000
pool1c3kxs76qj58284f923cx7ed8vw25en3nfghyurv0z9m2g3x9c4j,47,8762887.618076000000,0.39608900000000000000,3140591.712902000000
pool10scv5quxduhrcc26wpurhk743dngspe8dc3zpkkam0svyx6ejx3,24,8608200.230354000000,2.4607380000000000,8260940.318361000000
pool1dpu6kslgxlg3ccrwxldl8e6r7ylnq0yalafmucp0yc7k6qegtt0,416,8486792.680020000000,0.000000000000000000000000,7030873.283642000000
pool1qgmwcxs8d8qmr0vtvsqd9u8gugrventh5dcqukmu79e2sgfuu8t,5760,8469042.554573000000,0.000000000000000000000000,363518.081144000000
pool1zj4h7kc6v53q9r8x3fwzfuayf2frwme8u5k86gu0uzeeuvqxgul,1479,8432886.611950000000,0.000000000000000000000000,765095.804736000000
pool1ppqdq5yfkkllrcj0u47pakg9e4ha568pz3a9kkrr6w2kyw8gxv7,176,8401442.453141000000,0.000000000000000000000000,4213492.128779000000
pool1rcd7qslz3xnpnk9u6tcwegy5r2574uf8suqu24ptg637jha3sr5,143,8285706.847658000000,0.000000000000000000000000,4287563.792740000000
pool15r7xg0vrrv2yu8wj3866eap8ftkuxvdk5rjz2lh4xajjq5v3p5d,1138,8278384.279804000000,0.000000000000000000000000,1293352.098020000000
pool1p8fhygz7ga9hghhwmkr64p3ftn77lxu9nyddvsqszattcdyajc0,1120,8205740.356130000000,0.000000000000000000000000,1240229.453378000000
pool1q0a7a94cfk4ph7gugj636tsuhhd98l2sfjv2adhaff2mvs7kmtl,1069,8199802.314218000000,0.000000000000000000000000,2400860.867626000000
pool16rahfu936wdfq34wf6t8rqxvdjxayra5f7y80xq0udnqglrqel9,45,7997507.534572000000,0.00321900000000000000,3664492.484173000000
pool1a3kdettzvvlqvkl9m9hwe63ggeq5fgvz0twqew5c62dzx99vsed,1113,7859373.944836000000,0.000000000000000000000000,1038468.530596000000
pool19qgfp80d2sv3p2azmygfq87g7va4s3ewd6aaulas6eqsyz4r2yl,6,7818123.341267000000,0.28583300000000000000,7636107.658848000000
pool1g8y2gz4sk7xhyaj469jlj3njyu5dlvqa7t7v9c2gk0yc69879z8,514,7789553.006400000000,0.000000000000000000000000,2424748.185424000000
pool12ktz62g9d32nq0cdk9jyyqg6kquj7lnmx776at5h598supql0t2,7,7650296.886591000000,0.000000000000000000000000,5301803.871787000000
pool12qtv7kyrx8g0d5890alk6dkc6n6nyfx80synspvqafjrqd3ergz,72,7641378.025392000000,0.000000000000000000000000,4976394.068273000000
pool10efuydxjnasr0309lqklmj9xahupdnzqd59r5dqjeh4twz06tr0,439,7613132.210837000000,0.000000000000000000000000,2982675.332014000000
pool1cc76kmtcpf6vht32ya5ke9er74dnpy4jh5qpy4klqwp87ygdsu6,1466,7603900.162776000000,0.000000000000000000000000,2295344.649672000000
pool1nyf8x2xrlmfqwy9shqrlx2csentnzyjmxr0r3w0ljuaqz5ek7qz,118,7516994.191963000000,0.000000000000000000000000,3742177.163076000000
pool16tcjctesjnks0p8sfrlf8f3d3vrp2fdn2msy80sgg3cdjtayu3z,718,7427382.213806000000,0.000000000000000000000000,1720239.996189000000
pool1dmqzwuql5mylffvn7ln3pr9j7kh4gdsssrmma5wgx56f6rtyf42,496,7386936.090721000000,0.000000000000000000000000,1233495.665207000000
pool1dhf4dt395f0c0ujnscazvzvw73ynzgwvtf5k4y9c907hwjdyaq4,208,7332738.475810000000,0.000000000000000000000000,1415983.779662000000
pool1rkyc3ss904h066sffergss99r9p2kqa4k6ds0g4u5ud4x7yaajd,517,7312764.520903000000,0.000000000000000000000000,4393008.967544000000
pool1enul577he3e0s500lv8z98m6k936uecz2rpckxxmmk8c7k0n2rd,632,7310462.624399000000,0.000000000000000000000000,1405599.355497000000
pool1jvknf3dwtnqln5hcjrh5m7s979revuj5dlxr0337nwmm6p7250q,7,7261541.721322000000,3141.9381460000000000,1226337.863646000000
pool1lq7t0qg273vp8t2wzmeyj7sdq2vhu2v87jjplgurpfxcs9afnr3,10,7237074.786452000000,0.000000000000000000000000,7235577.644118000000
pool1tp7fzx8w3lrwwuwff9x7nlqr4r5n0awpq0krwnahvj387n7y22h,25,7187948.900830000000,0.000000000000000000000000,1501183.704458000000
pool10jn0wjlh9y3w2ygq84u2llvlnxfz3lc4g0ssqlmpp3w3y2d2lw5,94,7182279.858744000000,0.000000000000000000000000,3924173.179494000000
pool1les50pm26wpf8gym7cda470xgfswukzhyykvhyfsfl4dcu2ezj4,8,7153688.114065000000,148.6500970000000000,3519693.979570000000
pool1q9kwa675j2z53jecrs6pn3fqsc9ypxrsypu5dgu6hammqkagy22,107,7141929.660638000000,0.000000000000000000000000,6091345.983140000000
pool1a3ekt9me035qgju0en2w39vjns9ggtewnc9fugsmpgczvgtl6u9,50,7130081.496624000000,0.01654100000000000000,3750570.387552000000
pool1axngzl8clfn6pnjaf4w5r0q4tgcwktv0zcuxnn32hl995pthddr,13,7075350.759256000000,0.000001000000000000000000,5000019.964075000000
pool14n77mmxh6a2d9k05jamzdwsws2ayvkyje8uc7led958p63at3aj,156,7050461.181739000000,0.000000000000000000000000,1524121.833588000000
pool1072lq3k32sfxs96s9qhrx3s9la2t68vrqwfsp7h9qnwk56yr2mv,25,6999752.856859000000,1.00253100000000000000,6872601.896076000000
pool1cspe7naf0mtntwyysqxk6czah3jlh6v4cja8pdfju932yxsehnm,508,6787102.267909000000,0.000000000000000000000000,794534.565606000000
pool18v9r8afalh50l4lstct2awdc3zspnvurcs7t45nv29uc2mnxc6c,1017,6728906.143392000000,0.000000000000000000000000,1000461.498507000000
pool1zc7vxe3ymyej76h8wu8gm79chtt7w9c3adkza4uhrjvagr9w4zp,803,6702382.408637000000,0.000000000000000000000000,1135418.010672000000
pool1853ffwhtuka742fq4av7s3ssdpvzhdkpw53th3es36zkwrllj9g,1334,6684512.540063000000,0.000000000000000000000000,1220337.053125000000
pool1g2y0j7rsv7dpu8p6jt2dva3rxfqjl2zu0ag9dd0cfm8guzg0lh0,22,6585960.565809000000,0.01064300000000000000,3809310.817466000000
pool1lkpj6fa4l0sy39qfvyl4pcsnnd22y8np8j98vzwula2kuxgers4,676,6569840.061922000000,0.000000000000000000000000,1275655.740124000000
pool1efacpnedlfrhe9sa6s4jzq839s5q4qdrl70em0za57xg6t38d3s,100,6567087.845918000000,0.000000000000000000000000,4207149.052666000000
pool1lqpymyzg9glc88r7urptuv0d8t2tu9ty7xtshvxmgpu0j4lp8p3,2090,6556950.855771000000,0.000000000000000000000000,1185378.436024000000
pool1h59405hmvnxz2kyjpll3f65lnqhm7we3u96cws9vzzxzzws9gjc,601,6535978.377286000000,0.000000000000000000000000,2098025.474999000000
pool1zmhvvzlqp0xrhhqjhxyvfuct83wk4w85jckfkypz4fskcjzze2x,4,6515177.436091000000,10097.6508260000000000,4657050.986309000000
pool1qvhss6kxmtl27nr4ugvypayhvt4a4vzll8p9csdg2v8q7d22llu,922,6508010.548257000000,0.000000000000000000000000,336925.175601000000
pool106p2jjwuwagq2as7cdzx4y6cyc2pdj7a3h3vv5cvkvnskegff3w,1627,6480188.394211000000,0.000000000000000000000000,2000572.701202000000
pool1ev8fwfccn8gr0zcz3uyps0t0mcrefc6s95wjc6aed3ngc86y5rk,469,6448942.813253000000,0.000000000000000000000000,582749.093749000000
pool1522rtve5zlgnlh3zm5a4mcy3u7gpndg3kkac3xyzxmp6x6weca3,56,6421300.523661000000,0.000000000000000000000000,2734151.774970000000
pool1hwlghkwnjsjk8370qt3dvp23d7urwm36f95fmxcz3np2kghknj9,359,6418451.363034000000,0.000000000000000000000000,4661225.869595000000
pool1q66d2n39uvln4hazyzv8fyq977mpqus78sjd2369qfn7cptdeyh,54,6416699.338145000000,0.000000000000000000000000,2399296.668395000000
pool1qqqqrwzy7njvjq9wph7usj5gghm3py9c97688ek8pgc7uem9cfz,1343,6413353.480164000000,0.000000000000000000000000,710961.158909000000
pool1e9wmzv9r2pkvhwddc3ay42axm9aggheae6u4e52tgx6326krg03,6,6383460.045122000000,0.00066200000000000000,6367759.798552000000
pool1djg8jsygtculv3q2qdrxtnpxfq003pdxcvlw2pvfupq7jm5xpgp,133,6348587.050269000000,0.000000000000000000000000,1567527.474979000000
pool1dmnyhw9uthknzcq4q6pwdc4vtfxz5zzrvd9eg432u60lzl959tw,208,6300740.106571000000,0.000000000000000000000000,3484289.708394000000
pool1k0xa8wlsntmjhtw2shj3tspqd4kjyquw9tuyx5s7zz5jsyw4y2p,734,6289756.194024000000,0.000000000000000000000000,3150064.168697000000
pool1q80jjs53w0fx836n8g38gtdwr8ck5zre3da90peuxn84sj3cu0r,1112,6265429.058141000000,0.000000000000000000000000,2195407.663379000000
pool1hkr5zcthjvcn3ffncc4jqk5ctxxfrk37h7uddqnvxd4cu872nrt,20,6174865.591398000000,0.000000000000000000000000,1243549.866570000000
pool140x77a7cz2j689lmxf836qpjtc3y83rka28v6gpswxdw2mag62e,71,6165846.215767000000,0.000000000000000000000000,4369918.808885000000
pool17qvfg2g843gw6lurru282kkex6vp3pyj6zwj99j4u6k7zvmva5a,429,6165096.021831000000,0.000000000000000000000000,1098154.518031000000
pool10p3g22454ly7eaurlur5wc9d9ual2fnfwy7a6e7k09z3yf929k9,165,6090359.964781000000,0.000000000000000000000000,3231176.492474000000
pool107rsdzswa5s3y8wk5z62tgh5lhm790dsyqjp4lq66fht7qnaq9d,31,6071670.788529000000,0.12013300000000000000,4195606.934270000000
pool1udkx9rmgzf08z7zz4p7ykpdqsdv5nf0w8uf38wrsdn5dzk9nq4g,140,6061114.180227000000,0.000000000000000000000000,920676.610001000000
pool1s3z5qsg75dar26ykyzcz2u8wc2swgq7pyp7f9sdh5n06qh3jhq2,391,6033502.156505000000,0.000000000000000000000000,2973243.467829000000
pool1ar6nsa2uzng70uf8fdrttu5jhgxzgu2f4za8h845zr435nfcruw,289,5967846.315310000000,0.000000000000000000000000,1188105.296601000000
pool1gnnwyf9vwcgtm3us0w0duuy43r9k7yhnchvyx0xqv9766ysw2a9,23,5955401.255274000000,0.25898400000000000000,1129218.552234000000
pool1ea34czsr90yc63fmv4gj4tetp7ds7c4jhpj6vqg4yw40wvygdl3,348,5918880.672130000000,0.000000000000000000000000,4545188.844806000000
pool16jefdagcsgzyek9jytzfezx5ajvfkytjgghaps64hzz6uzkpc0e,34,5909529.456077000000,0.13558000000000000000,5164270.096696000000
pool19m547w9wkcqm5hcstz67fly4ucz0zsp3dqv4n956xyusy4dlpue,390,5839097.611670000000,0.000000000000000000000000,2241352.748007000000
pool1rxgxstg6t7azlsrk4vuuwp0jgl9e776dg86zqzaa0qt6vz43n9r,7,5822331.558486000000,0.00019200000000000000,5438885.977817000000
pool1qu48wpwwarmkewhlwge9xs87sgt8gdnqq26nnre2v6c8up4fxwr,221,5795989.992699000000,0.000000000000000000000000,2425412.477308000000
pool1chtam5czevzk2ttctvltpsc8twlwf6zzyh7kj3jkz72gks975sn,21,5793119.132384000000,0.30026400000000000000,5382242.689335000000
pool1jj2hvts3ryffy5txm7w0am3zt7s7sehdf8rrwfesjmr7shv0mgl,365,5792711.955487000000,0.000000000000000000000000,1554523.501216000000
pool1d9g45764jtjzagrmy5ndtrx4pua7l9sr4nh08l3mqs43xe6wnh9,15,5775081.289891000000,12.4643530000000000,5583642.072967000000
pool1qqqqzyqf8mlm70883zht60n4q6uqxg4a8x266sewv8ad2grkztl,1867,5757664.101541000000,0.000000000000000000000000,1000286.955600000000
pool1pu5jlj4q9w9jlxeu370a3c9myx47md5j5m2str0naunn2q3lkdy,181,5740338.224340000000,0.000000000000000000000000,2552170.013516000000
pool1pnzwgsgzd6t4788sfr7dxjyusepyq9xaxnpyfcngewqf29t9ayd,2616,5723616.423518000000,0.000000000000000000000000,1054008.322285000000
pool1q8a7ym63gurl72wr32je0tv0lp4p2uh8vzzc6rn6un7ryslvqmu,393,5696608.905367000000,0.000000000000000000000000,1072168.810059000000
pool15k0zeppza4qzgf6z7wmwsgvl5rz9f6489zxhrxqa8dj6jzju6ct,607,5672584.752153000000,0.000000000000000000000000,845171.372907000000
pool1j6zqawj6f58lp4p00t26eqe58gxx4pa3cudlzpkv23y92nlxjzd,703,5666643.812809000000,0.000000000000000000000000,1483868.917907000000
pool12eht6dqxpzqj87xuextrpufz2gxmt4reuesuw26r2utzw0kw906,291,5662607.885462000000,0.000000000000000000000000,3002452.787979000000
pool10p6wd9k0fwk2zqkqnqr8efyr7gms627ujk9dxgk6majskhawr6r,623,5637644.787615000000,0.000000000000000000000000,1015072.193604000000
pool1wz27a9pvd2jat98s375lxaaj7qxy405km4vzp83wn5vtwp59kvh,1957,5637281.033672000000,0.000000000000000000000000,591350.651212000000
pool1tj3u8pz6732uy2ut3s90e0j880jyu9j0ve9vtu9zj5xzglhdlqy,24,5591607.619453000000,0.06086400000000000000,938166.157392000000
pool1fuzqy5r9x98826zv6wp40tr27uplemmstkd57cuw8jh5v5m90vn,567,5587264.786551000000,0.000000000000000000000000,944735.836552000000
pool18xjkr4xpscwxsatewj9lqc6z74vw90qycjd0wrypeqej673j5u8,13,5571658.371260000000,0.05777700000000000000,1738527.969169000000
pool1py6q7y3f7jz60mt5jhsrdx6lqtuvc02chqgvwzjzayctqhgzzge,18,5547657.809509000000,0.98554100000000000000,2170196.622892000000
pool1fxmancs3dmc9l0s7u7zrj8334m9nvzam5t5hnuuf4c7cjr6867m,1218,5534193.946216000000,0.000000000000000000000000,1128763.493770000000
pool1yraracv4ntq9azvjw2nkw8g4xluujalz8fpt2stz8rw6k0zueuv,1,5518498.173339000000,5518498.173339000000,5518498.173339000000
pool1ztk6dcj2nc3plnujf3ek6jqngtx8hcryufz56lyumemlcy2xxn0,1585,5491888.563707000000,0.000000000000000000000000,505269.114430000000
pool1hjpax8lf2hmct63xxrspe9zzmmywcrzw89yg3nacu0axzy0latu,4,5444970.836687000000,0.19862300000000000000,5334113.873705000000
pool1qqqq4md2rfdt75qvh3x9cgmkrgkl74ctcj3fnxpu3ylcudl22ex,1178,5403949.947971000000,0.000000000000000000000000,516048.698231000000
pool1hnnfvsq3xlln6vz7d2xmk6kqekd5z4ctmfpdad8g8kr0yk8kdfd,498,5225075.236706000000,0.000000000000000000000000,1003702.784880000000
pool1pgmuramw9waw9ckxsvpxmcn9p6fd4xl5jmavu8jje0x5vuc00l0,11,5158413.599386000000,0.01835900000000000000,1226143.446447000000
pool13rt3ngkek4l876980ect869cu978d36dcyh22ts4nwuf7ncq02u,290,5149368.774454000000,0.000000000000000000000000,1576958.687111000000
pool1y53awxsm6cmksp8qht8qfq5f5c69t6mrgrdcresk5y0ecv2yj93,1040,5130664.067595000000,0.000000000000000000000000,882129.114677000000
pool1y49e700dnx8lpvznmysgzw203mjq6l7um85ka4ys6x0zcwgs77w,32,5119826.843483000000,0.02856200000000000000,3185679.327384000000
pool1pj5jnehwjtt4esfl0325hr338n98v3kcww3sggce59ugyf2f883,7,5083424.910316000000,21.2698740000000000,5042067.889265000000
pool1uq8l234306m76unyz8kuwnkvmtvazaks6vuvyx3a3khngavvcw0,915,5079699.336663000000,0.000000000000000000000000,1501685.646834000000
pool1wun8t7nt4daw2zgv0vj7cmwru97vsw0fccucjzuvs7y0qlc8xyv,5,5077656.715555000000,17.1319860000000000,5025086.188239000000
pool1ddgcpgjcyawxw95se9x8qnc8gxgwjr4fqrk4vk6v9x47s0ggpjp,601,5075223.754526000000,0.000000000000000000000000,3065918.304370000000
pool1qqlf3epa7m8780p2jx5689u2ql06tw026l5377tptk2zswrc645,74,5060583.390177000000,0.01923400000000000000,2960825.898087000000
pool1ytszp582dm9u5un6mevt9czgcnuqhflwfr9ly4ukpeqcughryqh,84,5006812.001693000000,0.000000000000000000000000,2268965.337402000000
pool1l3wdq3cec23jadkt2cx384vtgd75ncau33smrptwj87n2wedc0d,12,4998652.252429000000,44.7283080000000000,4247326.106341000000
pool12lsfsh2s8yt8dvrt9m8kgrgr6ktntngvn2vad60xlqz7kxz9fxr,63,4992023.032285000000,0.00052800000000000000,1443021.186193000000
pool18gysxqfwz4j8rm3vlh6677vs9n23prvfr7gwe88mhn5uudgx9ng,325,4957240.998400000000,0.00447300000000000000,1242213.946150000000
pool1a600v0jd2z3yajazd80phln3exekumm7g56d9yvlrh6vx8dx2fc,69,4956203.742970000000,0.000000000000000000000000,1808437.950655000000
pool16cerhwlk8nq7rpuerr4g08tpgeq7awnhgxzkyalc8n8xjwzxqm3,16,4843213.662593000000,0.000000000000000000000000,1333091.849192000000
pool1mcwcfl96ew79rmj4zxehr33p55e4e62dt4whyr2vqesswp9mmvz,270,4789974.214690000000,0.000000000000000000000000,832548.444094000000
pool1nhlv5z2lsptzgcp9ype0mppc7zyndm66ypm4sw5hy27ewdchqx0,1998,4721511.115574000000,0.000000000000000000000000,504907.013906000000
pool1h6q8jj55dn6727yydlypu0rz4sflf2enxhs0thqydmddgu3shl5,594,4674482.507343000000,0.000000000000000000000000,1033106.721432000000
pool13xzckaj3srgldr67dksx874jxe3c9xnc245xyr44p7cdxh07hft,100,4673683.210344000000,0.01601700000000000000,1140134.141431000000
pool10fxpa6wkv0wc6wcmahcnz4wvvfx9m7547sevxrge3nfuv7yh8m0,457,4628771.823238000000,0.000000000000000000000000,1301771.985532000000
pool1rpjjz68kmmetyxztmrstrwgz8lxf6v0d7vqgw98r5x8rc50jrdf,1472,4626095.939639000000,0.000000000000000000000000,230232.787248000000
pool1qzlwlyu92fsx94qu6u5nw3sy334f5yat3dv3jgx0grrsv0kp422,690,4611192.207499000000,0.000000000000000000000000,1199369.765938000000
pool19ae6xhzsscypyha0sszv90xwjsh20hxecxjpcqynshfawvwxqnn,172,4579864.696363000000,0.000000000000000000000000,2545717.130031000000
pool168t0xlm0dtdgf7d5w2mrm7ulsw4czpw297yvrpke9pmjcc9hz7k,18,4440727.921564000000,0.07296600000000000000,2561829.700223000000
pool1r3ax7pd3cgad5kttench60ttr23kvfpx3vzvd6c3azppgw7q93t,981,4426284.627949000000,0.000000000000000000000000,289229.151523000000
pool1etfxpqw7456eh337p7x5jsvxxa67fsduvnmucevrqweckex3nhl,8,4347398.501035000000,41.6362140000000000,4295382.090093000000
pool1zk6uxgptztrxxamzd0ugrtu84xg8mjymd2xcdvxqazpruqt9r3x,625,4295891.313909000000,0.000000000000000000000000,706408.204156000000
pool165zu45p489lpuypt4fsuc5g8l9g9ha4dddlls84jlsp3k4vsw9p,9,4285303.798971000000,984.5836090000000000,1072109.107643000000
pool1vce30junxx06g2ha8ww02cqgy644yj69ehhg2x95qe7323zfznp,21,4250305.077110000000,4.8298780000000000,2507087.448601000000
pool1vdcu0y6ujrwmnv4u50j6upxkjug7cx7zsaynjvgkcm2ycmajelc,601,4233235.372064000000,0.000000000000000000000000,1189938.955123000000
pool1fyp482ntshhm9zfz4nv7pmsaeakscf5mnuzcxuvtqf6t56fc7l0,1881,4166950.765568000000,0.000000000000000000000000,412986.867499000000
pool1mg37s4w4uzsmw27nsnz2mwfll8sdawngvy3n657t7nd0yjcd77e,971,4159874.625054000000,0.000000000000000000000000,479828.910283000000
pool1lnk67xp7jsc2e3yyun3fpaqvkx0f3c8q0ml29ge85udeghn2gvn,32,4133315.158467000000,0.000000000000000000000000,627809.027661000000
pool1drv9qkh2tgqqucc0jp8cwswpmmkfzdd898ja7ac0uwm9j5d44tq,117,4127091.849611000000,0.000000000000000000000000,1281162.013580000000
pool18j287g2sccele52hhxc0csk2ghfghwndqm9yahdqnhjks840wtq,1124,4081497.540251000000,0.000000000000000000000000,1097470.998902000000
pool1supp67ypelmgzuzqqvarc6czgmg3ggwpnrnfr90xpfcqqf8h05t,661,4074991.623249000000,0.000000000000000000000000,1057728.324229000000
pool1t9m69j5thv2ke9jt9hhsgxlag44z7erp2s2ukcpruwhwqarc9np,53,4049204.881692000000,0.000000000000000000000000,2067253.450789000000
pool1fh4sh2telea0tfdy39h0drx6uq566yt9gf24edpz7335sclx39z,984,4031001.367545000000,0.000000000000000000000000,950059.741349000000
pool1j6490a90qefvsqxdurf99z9ld50rtthaz9ms6c8xh78s52veuq2,2844,4027717.027955000000,0.000000000000000000000000,829863.017257000000
pool1fmgus36uc0jf0wlspfvzwfn04mz34kwrensmqgfzkv7t58dejw4,112,4026199.335983000000,0.000000000000000000000000,1051830.359170000000
pool1g6g2d09le8hd6nv9jhyavewdnw8tu0ndst4lqysd00ru24cav0a,374,4010151.315365000000,0.000000000000000000000000,1444023.038186000000
pool150n38x8gquu4yt5s0s6m3ajjqe89y68x96dh32tq8a4es2l6dvp,6,4007584.229626000000,0.000000000000000000000000,4003280.664321000000
pool1a5jd3x2udlvpm9mt4gpau4jlags6qtth6jdsguryh2zy27f5ttj,321,3944861.254703000000,0.000000000000000000000000,2193435.651217000000
pool1w7pt822hfgw30xnkwpjzz0sr5psejksqdcdw4l0ms33lsgynp2e,233,3940609.953891000000,0.000000000000000000000000,3185973.102373000000
pool1jpz5m45ff4r6tnq7n5tw63fkhpmw3cyv8sn569w24x8lj3kl68c,348,3874340.567621000000,0.000000000000000000000000,505393.426050000000
pool1hezakp5r240dy4fcsm7mfd3qqahcvyrhj8hl770yxmxxzdwvcre,11,3855470.064080000000,0.000000000000000000000000,1709632.731789000000
pool1y9rdlv5tksudwrx47afjx47grd4tyh24zccffjtp32u0cfpegvk,25,3836205.010469000000,0.00247700000000000000,2581280.247502000000
pool1nhls8e9swnyshldgjknku4npreax075nw0ltrkmrarh4w3skxt9,582,3801481.887322000000,0.000000000000000000000000,1155966.300090000000
pool1hqwxta8p0j8ffkyle5mf6yg80tucqzh8q9mszws60xe5ja06nwa,115,3742909.633544000000,0.000000000000000000000000,1669320.571467000000
pool1pqm2cev326p2mrruzw9xru65uvt3r7f0rdf5gtx54zdskxqhmur,528,3739629.545134000000,0.000000000000000000000000,536013.842578000000
pool1peayemzlkmcwn64c455mx8sxdaztq0xuv9hdxlp0kcsxz57up3z,41,3722361.030754000000,0.00167700000000000000,2038660.261274000000
pool19q034g07ka2ltwc3wwjeu79w29nlafc0w2ppne5ppu5wud60rgq,166,3688444.911306000000,0.000000000000000000000000,1130395.605385000000
pool1h3aejp7fln74mwaraqjn65ve3j5zwqr7wk0pasct87wpkv0aspm,146,3687949.930321000000,0.000000000000000000000000,1085677.910351000000
pool1mfgqn8n658vjdcvg3xgtr3qyet64fht0dzsukqeznxw36z8g2k6,148,3687252.393158000000,0.000000000000000000000000,1029636.738054000000
pool136wr0g23dw9daekuyqtgk366vywms6meespgpm3hdguxqczaaug,1099,3657839.893162000000,0.000000000000000000000000,445851.068143000000
pool1nffpy6r7l4ueeedzvvzsta2vty9g6mtet6huuhfzyvndkwd35dl,32,3651277.607752000000,17.0105880000000000,812207.180734000000
pool165ljt7xrrpceutz5ppe96suuw0jcnrvhg0f5vu60df0r5mt0x0c,532,3642292.412288000000,0.000000000000000000000000,1296998.015229000000
pool1e556526sqwugxwnmeumt9lhj5jukklg8vv3ynk75xt9vs7adr5y,328,3621252.850204000000,0.000000000000000000000000,538149.728387000000
pool1qzlw72zfwhhc0ptvzdpld06szu39x9mlm6782efy6sluz932fx6,795,3619050.776844000000,0.000000000000000000000000,550476.387968000000
pool15j6hdfel6c6zcr8gu39qgp5xkrs264yn9hm8ynhaydjtxvmznxq,134,3618915.858587000000,0.000000000000000000000000,1801624.875826000000
pool15f9qklmaajysmwx9n3rkgc5s2g3rfffz4x8spnedtzdgq43tpe2,349,3598484.812025000000,0.000000000000000000000000,660491.825465000000
pool1429egqgv60r3nxlp6cvs08qcffv7duddjvyjd0pt6wzhj7akda8,204,3586865.674467000000,0.000000000000000000000000,783252.375706000000
pool10pd44d65586rldtdzuu88e7mn4sxjctvdksmt05nnqfzqu7g7hd,29,3584806.675540000000,0.00029500000000000000,889485.114830000000
pool1085up093vl7qgwnqsuset7kdt3yflscdp6h8eeakuhyzwlhmq68,52,3556172.500974000000,0.000000000000000000000000,2796173.036687000000
pool19uynx6nxcdksmaqdcshjg487fap3rs3axyhrdqa7gdqgzgxss4y,100,3530029.392707000000,0.000000000000000000000000,1002687.082544000000
pool1apupv5qtfp2aa2xlrzzjzx0uj686g3n695a329nq8j5jvvzumz0,18,3529046.375809000000,0.06926700000000000000,1025398.561593000000
pool1n2yp66zk6m33sg8k20hsvmk9tw7xeeswzdcfxhnx9hm9jkxv5k4,916,3526738.629820000000,0.000000000000000000000000,856958.245763000000
pool1agwy5atgc4ptg3whplaxyz28g4dgvsna8auktszctkq8xmtl7dh,23,3521350.745745000000,0.73409000000000000000,1413783.856321000000
pool1t847w2hfv33qrra7q33nzq8epvcxv6ydshcq7w7j23c87xv2c2k,1230,3520834.610048000000,0.000000000000000000000000,462223.856283000000
pool12wpfng6cu7dz38yduaul3ngfm44xhv5xmech68m5fwe4wu77udd,929,3513053.510920000000,0.000000000000000000000000,1137369.417740000000
pool1mtxmk0skqkr5y0wxnxps4n35j6wn9q8dfr82y423vvlp53vccux,41,3470627.579911000000,0.000000000000000000000000,2244423.764335000000
pool1ua0lx5ap5tj9f5l7tyjflp766ca5yu93djh5hqvm4e0kjgw5k7v,434,3460106.652093000000,0.000000000000000000000000,802531.076630000000
pool1kprt6l4quz03dhqx8jw22spdjvp5dkshdnn567vlexqkj35hd8a,328,3438239.567811000000,0.000000000000000000000000,390545.193105000000
pool1g4th3pqfzh4zajzrhlh8y6wpuztrkzxwt5wd7q578894j06gwfc,274,3437867.699209000000,0.000000000000000000000000,983372.118720000000
pool1qzlw756y0z6ehg9jkerrfrydr7qlvzl5pgset33h3h2akst593a,737,3419966.025653000000,0.000000000000000000000000,635059.168920000000
pool1gdgjzmp96kk0d0sj482655wqlq8jtc4t9xw8xzfwfx4tjyq73hw,29,3408423.051606000000,0.31083200000000000000,809089.620050000000
pool1dxkf7k3qwnpgpxqfye8y9jvk7lver3fk8dq7c4dpzezyyx8cf5c,293,3392820.617517000000,0.000000000000000000000000,1012801.999281000000
pool1uy2z02pn4lczk7p2plvnkzrmltxmqs2t04d9ghx5t0vw6e4t0qn,79,3375062.420833000000,0.000000000000000000000000,965122.171561000000
pool1pmrgd8snhv0nnj97xcg70nqqhg0v9g3d0e93jl8vn23wxtsxz53,317,3370804.612949000000,0.000000000000000000000000,1297142.418389000000
pool1j8grqucdwwcr0cwzxrtw30vqcptg0jdlrmauq5w7ytvqx6nf5np,88,3364136.712406000000,0.00041000000000000000,1311542.112705000000
pool1xvaagsvl9prlr20hvg2qv434yss5c88r2ml6n43wcpepxmw85lj,65,3333039.353091000000,0.000000000000000000000000,1015550.561064000000
pool19ht066hngsjfnv3mfsc8u9fgzl4w5qcrmh8l6zppwph6s2t7jn4,138,3328330.119349000000,0.000000000000000000000000,1026495.011655000000
pool1kks6sgxvx7p6fe3hhnne68xzwa9jg8qgy50yt3w3lrelvns7390,300,3327814.986360000000,0.000000000000000000000000,1392155.563099000000
pool14hhs6ruwnuaf4fzsmx89mvmjl2qhyy5jnzyk2le03886kj6z9yp,17,3321831.809579000000,1.7865660000000000,2248175.491382000000
pool1hjjj584gq0ynqf06g036a4a0stpm90asrdfskpasqjxf5948ygv,261,3318006.883578000000,0.000000000000000000000000,1070864.554970000000
pool1druxd2syfrvqvepxh60fz0qhralcesruphh5atujuh0jktjy0ma,1054,3295258.609254000000,0.000000000000000000000000,614130.890780000000
pool154xmvhp4jnz7phwcla09uvzqnn3ch54lh2yzrt2znxdgc4trp8x,76,3282943.992783000000,0.00125300000000000000,3111392.729038000000
pool1wwzctexlp70mj00vv65mlhwhwresn58s9x7jl4tswvkg77eu7n7,600,3274323.565486000000,0.000000000000000000000000,745757.323997000000
pool1q0jmr57udknpq8k5qtgt5vgdjq9pzrzevf68966wxn8zgz7qy3w,222,3266748.301461000000,0.000000000000000000000000,1080451.842120000000
pool1d76p7zfn2ydq577z4wsvmnl2lx4cxa3s5vplfuhvr8qfw8hd05j,203,3247609.052151000000,0.000000000000000000000000,948499.744388000000
pool1gqvrgg7zycvf65ydkjeph72t0yx0f5ykzd9f477zh4f3smwk997,495,3231297.433996000000,0.000000000000000000000000,916023.260854000000
pool1xtrwqwu6jn896szjwsyxxjczl6hc9sq4lh5ax68f7dt3gc0y9rx,1120,3216981.333434000000,0.000000000000000000000000,857893.615490000000
pool1df9rj4n0t3zlpak7xnh4ue6t3yh9zlw7a02w4l8askp77up25rt,1034,3206929.231381000000,0.000000000000000000000000,444935.232213000000
pool1x89ssjp53eczthatft9w74749558nsz3pq5jn056634pgt5m58s,36,3203043.553378000000,0.000000000000000000000000,2960686.937052000000
pool189j5mz6wa0gfrakwvn2tar7qt309qxrmsgde5v6qwm892n6re3v,52,3189432.629739000000,0.000000000000000000000000,1441829.550820000000
pool15ftrqf7j80w57leflatx66x00qfhu483a290gmp7q85pjxrf480,6,3174994.598362000000,0.13423700000000000000,3009522.723883000000
pool1xzu4pva0k4y6geukd9uvvl3t3s8q8alzwahf575y5fj6cnkd5y2,18,3170662.855835000000,0.25195800000000000000,1700000.036712000000
pool1vafsg5t78rnx3qr3fv7ys9h50pnvxqhd4l8tj629l5zk7tc39ch,694,3149411.023472000000,0.000000000000000000000000,1031230.656173000000
pool1k8s63hvxl5un403f0lwqm87f7svwn2j7vpeflgupvkhqkjpknut,2,3126346.647603000000,713.0629080000000000,3125633.584695000000
pool1gntlh2yq89tpsd7kgaeuremj3s60rscqahyl52qzv0x87mt22rq,226,3108366.899839000000,0.000000000000000000000000,1215057.877712000000
pool1qzlw76zztkg02rywyypyw6s0gtkg2zpkaxhl6cq7eauqg8h9659,417,3094112.587523000000,0.000000000000000000000000,819508.352854000000
pool1c2wf97p3j9gfvfjshj99ufxerpy3aznm8tzr2fd0ua465s26th4,175,3088751.962919000000,0.000000000000000000000000,1635496.449097000000
pool16e2x06wk8ufyakgrzq0c9p5tmfhl6w0c80raxr0xtg5g7aakhgh,500,3087537.916882000000,0.000000000000000000000000,1050984.181197000000
pool10kjjh9zfs77vzxpp4qpdxwvnh3x8zdf8qcv7pckvdhw02fu6unz,941,3070185.251915000000,0.000000000000000000000000,234205.815874000000
pool1j6dh3ynys827j38976q0q3s3c9hpzgx40kjcq4472h6m7d3t0hm,485,3046883.600793000000,0.000000000000000000000000,950439.147773000000
pool1gppqnqfguctp6gu0q8l5wjhye0ny28yzfx93hkr384cfsezru0f,1288,3025421.722244000000,0.000000000000000000000000,365018.355550000000
pool17rns3wjyql9jg9xkzw9h88f0kstd693pm6urwxmvejqgsyjw7ta,275,2996184.862900000000,0.000000000000000000000000,2298127.116896000000
pool1sr953s548fudyhmfm082xp0mensv2gxzt4qpe466ykw0z3jjzvv,347,2979117.696097000000,0.000000000000000000000000,473049.053843000000
pool1r2g9wv7jyt7haygrmrc2tst2m8m9ssrr3c690ffp49uhywhvmdl,127,2973644.646719000000,0.000000000000000000000000,841860.679495000000
pool1m3h5p82m6v99nda37rmed8vrkqt43e2a8d89k76gw5ets0gdyag,1461,2968648.989404000000,0.000000000000000000000000,1100844.804311000000
pool1t8gjk7jzvujfv9s8q992e6s7tp8na0q3j62g7s4ppzfmccus4jk,408,2909411.386991000000,0.000000000000000000000000,799381.523585000000
pool1pf6yhzdr9vpct5rc3dtwersl4lyuglp80l4jc67kf2qj29xjg2u,753,2873496.206056000000,0.000000000000000000000000,1420639.792448000000
pool1jql92je87mrx5gpjhmwr6a8a766cktcf5p0p8wd0wxq87nu80yf,969,2859965.076345000000,0.000000000000000000000000,200678.168088000000
pool1aq2kqdp9xf9w47vttvmqnahwd4scz2qyddsr9l4mfru4qddg3kr,597,2859761.836343000000,0.000000000000000000000000,1291770.706060000000
pool1xwqye6mlftwjg706acz5fjqz7gmf4qdye99zsjl03a4ru68ghee,34,2858133.171803000000,0.000000000000000000000000,1551242.575893000000
pool1uu65k00dp467qsszmqwl6udwnet3zszgx8n3kmn2aq84sae8ha9,545,2838674.731544000000,0.000000000000000000000000,491794.423540000000
pool1a2gt2mvuf5zvtqlvw2xgks2efze3p4r985ft62q64lua7gx7lal,441,2837370.045110000000,0.000000000000000000000000,308373.869901000000
pool1anxttanf5g4cjgagns6cf084wq6x9k2pfygjdjyk3swf77wj2ax,4,2835094.644980000000,5.0467090000000000,2623165.087422000000
pool10qmnswfc22zm0fscg80gkwqz65ujwjkqmctv8g9l9l58wqtelgg,453,2833869.684158000000,0.000000000000000000000000,707760.843863000000
pool1s6x6kltycpxq82hyqhlqllqj3q5l2m8w499gvtu4xrfv29c0q2q,1955,2831727.467416000000,0.000000000000000000000000,268454.570136000000
pool1q0memmdw4ktr88fkma53tqgkaqeq3wfc476le59rped4cu8tn4h,391,2805699.366438000000,0.000000000000000000000000,1951127.408116000000
pool1nt65pu06tlggjeaer8862fdju98ddrrxa9wnw3k4lhfvgrrgt85,37,2761966.298174000000,0.00533300000000000000,2079955.708523000000
pool1v4xevkf7fx08pzy7atsk59dds6p0sdyl6xmhwf4mh79x6l5p6kx,535,2723319.002107000000,0.000000000000000000000000,826876.953687000000
pool1568zhphxsnj5mfszwgta5zlvulu67g8f4jn6d3xs2tvas8ffu76,27,2719942.666991000000,0.000000000000000000000000,1613966.900253000000
pool1ptzt9j6y4jefzkq4vj3z7wa4h492ktlkecggseqvc8f060xuved,32,2719264.460617000000,0.01067200000000000000,1474762.176533000000
pool127xwsah7jllutuhen8vl7sve5278h7hhxtnys3cl438dyhuwgjg,159,2710770.717663000000,0.000000000000000000000000,1380119.016160000000
pool10mf43thtl3keag50mrlvqa78xkwg7harmu4w5yzr3k7jvw0ap43,374,2706384.535440000000,0.000000000000000000000000,972313.983813000000
pool1jyutduy73e5u9877uns3k9rm0tf4r24j8lrn4xtkjpl3q5sn5mw,469,2694253.346183000000,0.000000000000000000000000,808071.254133000000
pool1w3xys99a8xmwcwse4tqpqmyqqzykryfc4w7cvvjusej0vnxdlrf,43,2647067.724916000000,0.000000000000000000000000,906928.949429000000
pool1n6z7rf722heq35v2dxvstfwezgdt8cv0mftpv4r9jay3wjk2kkt,16,2626005.014109000000,83.9763190000000000,780039.634685000000
pool1dswpls43u0s6cpt0dh2d6npm0rnxh5qcjm9xax9y6fp3uq880xm,275,2618018.277794000000,0.000000000000000000000000,282460.719652000000
pool1chfk2749hyrwqqpj9fapredjsgw3fdauyxw3hn82kavqva6nv3w,7,2583746.093573000000,3.7310280000000000,2539545.668821000000
pool1tcmk6at0dmkytxgq5j4u7fgsx9kytvfu7gz22lrs8hp9ztu7arw,398,2571100.167392000000,0.000000000000000000000000,1000038.311684000000
pool15m78a3nfcepn8ekyzx6sa8yexg7cqseer2ktu26f7l9jjq0e502,12,2570802.203283000000,0.03142900000000000000,2554660.863902000000
pool1r8938r4ts8f4t8nsp9xl9dktzapt7f67jgpsp4wrju39xrdnaye,196,2554634.282453000000,0.000000000000000000000000,531161.992507000000
pool1hw3cgyx7tvxh2fpd46k9sqgruu5pfnzt4nxuyv2w7nlmusutda2,106,2539209.579324000000,0.000000000000000000000000,487055.265162000000
pool15wj590e6gsmpmttrxjd0emck09a0h9tazd2ww77q6duyvg8lyum,1033,2532283.857329000000,0.000000000000000000000000,319481.699359000000
pool1c2utlagkpht4zj0jetsf245c258geuxnjqp9kf4f2z9rutx9dz4,438,2506934.212271000000,0.000000000000000000000000,1243132.587081000000
pool1ck8rqpxp7j8kyzutk856fnvgm8xsqmuh922wkeeg32ekjjrvtc0,29,2489290.509099000000,8.0975100000000000,574154.620167000000
pool1arsqn9w87wpqlm0sre66gs79dcs0jmwulytgke3vut7u62lttu7,468,2487772.490881000000,0.000000000000000000000000,245976.832650000000
pool1hfn7yuwfyhmmqe4qpaxfewuly7cnemc6kqkv5npytj9vcrskh6j,236,2477464.700057000000,0.000000000000000000000000,1225243.636008000000
pool1egunxfppwtglyu3t864uq76y0zu05s7pjda3e9g95nwlwc5ye2h,130,2459773.491379000000,0.000004000000000000000000,850927.714644000000
pool18vj02k4taarxxsdr36jxftcc5x270vsysp078j0n3v0njh0dt9x,9,2453993.650929000000,330.2169400000000000,1397546.196436000000
pool1py2uxkvuj926h42s40wxl26dh0ggaq882v4m0hkd99m86vzmwnz,43,2452787.359586000000,0.00083300000000000000,1439960.969853000000
pool1jsxk3ymqv2gdc6mhqk52544g2aun4zhq5wgx6n32l5s3jlne70n,47,2433992.864124000000,0.00540200000000000000,1226829.931234000000
pool189lfh7azuvxu0hyskwahnp35rtez0mzhsmule3742p3jkza00cq,145,2419329.239143000000,0.000000000000000000000000,515492.112705000000
pool1kvd03hq8kp0hnxq9lq598a5amrvauj9m386rwx7ydawvjdskwnh,416,2410139.050570000000,0.000000000000000000000000,517402.342740000000
pool1twd9vvegn3fqq0f4n08p3aml2ud8q87njs49900rycj4sr5hhcy,291,2402859.880802000000,0.000000000000000000000000,496964.158911000000
pool1e4tjrl3ve7dcqwa70pexds6f8llk0txx09gm3r4m472ej4p6473,271,2393053.475315000000,0.000000000000000000000000,654297.056339000000
pool1cew2q6pge250exctkq26lyl0w95923xxa54thd79nv8xy9j3xe6,81,2392833.088108000000,0.000000000000000000000000,1272076.801338000000
pool1efxh54fk0dj5uu2e4eu08klxl5ys3saphv3kec33kw3xv8738sc,436,2351481.379568000000,0.000000000000000000000000,716088.165353000000
pool1fkg3cr9en57ccsmnde20eevkaeu3elp0h4yyqk3udkkxzhl70ju,7,2331917.986341000000,0.00496800000000000000,2088748.347916000000
pool10q2fhzwe4f5k2llny65z5z2fuhrpk3x56fdc0782djdq58p9uee,41,2315767.975203000000,0.02654900000000000000,885165.111732000000
pool1lmzhzkdvkh67a8hjcexlhajkk8f7kz2tf35frjut6creqs2kedg,2,2287304.501877000000,55646.408308000000,2231658.093569000000
pool137j9xuzycq4jxfpsmjnc75w2wnpz68khlwvsh69kt5negg6ldhg,212,2275923.027068000000,0.000000000000000000000000,812812.878877000000
pool1cg559cdc25fkvs73umj6w5nxlwy3mpmj02xt7p4v69eqs5ncz9k,502,2251570.884838000000,0.000000000000000000000000,686714.679424000000
pool185ev4czpm5hc9xud25xlcz5lhpnl2jztqas6mgxujqke7j5mdzc,1180,2242343.786682000000,0.000000000000000000000000,293066.335798000000
pool1wxn9nsl8rvxa6r8e5eaak0ml6etfxnz2n9vqrmsw5nzgyexgkrn,741,2218607.172913000000,0.000000000000000000000000,540385.525086000000
pool13r4e7tttcxp4qfs4gqtv0hz5k48qdhhxrskz8pjrj6fqy5qmee0,86,2218555.378171000000,0.000000000000000000000000,423220.368940000000
pool19rz6ve8nz6uvq97yspwh3fvt7w03dsjsnmft6du83hvtc324dus,10,2216654.851427000000,22.5775930000000000,2003061.870620000000
pool1cjz6kg9a8ug9uk0nc59q60a67c2628ms58rd98gq587jwa2x5qt,1710,2209544.003356000000,0.000000000000000000000000,593058.909051000000
pool1dkww2vlysa8lsnuf5rca979zdsyr3zvt59hu7e420yxfunkka2z,135,2207766.164321000000,0.000000000000000000000000,1022290.845563000000
pool1qqq9tqyj69j9kygpxza3h82ynh8d0xlueucnu2yqum8nse8hj7y,340,2206311.995368000000,0.000000000000000000000000,463938.203511000000
pool1n4fq4gw6snzqjep3pylj8dc6aaa4xgn78gl58k360dqdw6a58g8,46,2199423.883503000000,0.000000000000000000000000,1673335.579959000000
pool1m3gg43uhtetn4hmw79u8836dyq8qe4cex8qnn6mks5egza7n6tp,1963,2175380.433724000000,0.000000000000000000000000,216246.633803000000
pool1l5kwfudnqrhw3k4lwzcppu36nun9puvvr7xnanuz8a2zx4jaek5,267,2168239.189545000000,0.000000000000000000000000,216734.061825000000
pool19ru9alj7n5anmzs0f9gpzlj8kaq44yhcp45mldjvldxck8f6yg6,791,2166976.205135000000,0.000000000000000000000000,342491.234216000000
pool1j3umdcuxcewcxz98wm3sx5xqwgxx0v7z376xyjfq4jgejpvv8fz,494,2166922.246698000000,0.000000000000000000000000,391680.808197000000
pool1xc6la5z92seku86c4rdnuvxjdc3fh8pdtanlgxdy99cxjrkhzkd,6,2139766.562145000000,19.5130320000000000,2066860.585863000000
pool1gm4mcrf8mytfetsj6ykulrmv4j70y7fhceawgdg2h09t5rtt7cf,81,2115049.269825000000,0.00269700000000000000,1000030.616355000000
pool1ncg357pkgx29g6jrwunk94pwxe409ktxyrw8s0k66vwkc4qdgnu,49,2087259.360666000000,0.000000000000000000000000,960053.261782000000
pool1vpa84enqxhh5hnyypeqfshsgqhnjfzyddgq7z4tfmavh68c9s9p,54,2087071.058220000000,0.00111900000000000000,1586076.555642000000
pool1h4gwh638485yd0xcw0pkrm935nvm4aecqsxjx2yzzz0u6dfj73q,69,2048250.489555000000,0.08742600000000000000,1102566.511434000000
pool1lrnyqdlrj97d0ju5j6d9xa8prw0xeyumfd53rz5wk3gf7czqzjz,572,2038012.901879000000,0.000000000000000000000000,510715.148887000000
pool1utqhj9g53a5cwg7tyd8neky7jvjlgzuf470adc0e69cp5uuquzx,88,2025880.224342000000,0.00579600000000000000,594389.008461000000
pool190a9js7lk9lvmrngre7w268z9tz9xs9yz77audvw8ag4jerfdhx,144,2022665.617010000000,0.000000000000000000000000,1113995.476806000000
pool1l54qvzlg2jfalkcram9kxsa8vcmgy0fz845q5gptjq8k20kzg2r,132,2018006.329721000000,0.000000000000000000000000,450221.586728000000
pool193rdch53x9c53rmftlqgzj22vmz6w8z8hhut2ckzd2zej45zpap,86,2016127.903518000000,0.01851100000000000000,1655575.291335000000
pool1jgwu8lq3dqddnnx7prymcgcyrqy0fdlghg33he2hmw9t2gma3zd,635,2010669.770115000000,0.000000000000000000000000,201620.020801000000
pool1dww6s8stvm7dl2n8740s3v5rnxmsuqcl8jcnu64g7cds5w29pft,96,2009063.126061000000,0.00112200000000000000,1316788.869827000000
pool1tc6cy0cqknsm49cvsz0mksajfvlmh3vvcp8ngtmspycgx932w6g,11,1967056.593808000000,0.000000000000000000000000,1860101.504863000000
pool1gq07hfmull6etsr23l36cvwgfkym6jqn4q2dz5vz4y446yat70t,2,1941746.450507000000,6.0103640000000000,1941740.440143000000
pool1gztqypddgmycs0fjat62k5f2kt4zjck4l4f2ffrsmagj2w8zkq3,7,1938633.312620000000,0.74276800000000000000,845658.940471000000
pool1ekhy5xsgjaq38em75vevk8df0k0rljju77tljw288ys5kumqce5,1660,1930904.198040000000,0.000000000000000000000000,125210.851983000000
pool1dqlgn7smehsnj5ztz8almy2036lfhrdjv79nmg9tmje0zzt620h,396,1926898.143312000000,0.000000000000000000000000,724740.596567000000
pool1helzgcd9sjm9xtyh9mw2wy06gekh6r52s6mx987q0p8lvklwura,933,1910664.163413000000,0.000000000000000000000000,436841.643336000000
pool104v7kzpq86r0wnfsz8r7jeld2raap92qq84trjcqk62zyh9akqt,177,1892180.109031000000,0.000000000000000000000000,1135580.940726000000
pool1030vz0wxheg0dvarr8hmeavelpszmp52qucs68c7wc9uga6n6e4,1533,1887358.434527000000,0.000000000000000000000000,346269.112008000000
pool1af7dmzgcyp9kc5lyrtrtpsce58l6j5cjvc8wavkwmzlr53ym50v,109,1869616.486580000000,0.000000000000000000000000,915038.668978000000
pool1jmx55w5ydjkn4xd58gmr9xgt5t46ngs48aek779t92e7zcqfw97,415,1865522.052930000000,0.000000000000000000000000,302729.565255000000
pool1q2fh3cl6rx0wv5gry4qx5l4h65qpjf7x99xmq66nqj2fj5g6u9z,172,1862800.498242000000,0.000000000000000000000000,864385.181125000000
pool12dcwy586prq83qggtfvaxwdpys9dw4sl2yahrdjyjxsqzcq84rk,30,1849137.080104000000,0.00198500000000000000,901732.851573000000
pool18heqrjtge2emf2hes4mdxkr76y99zztkqk4qtjr9dul0vuur0yu,26,1846267.594807000000,1.2730870000000000,1160745.246601000000
pool1j3kzujz0m07detlksr26sx7smft8xn280695zgu60zjhge9566f,3,1839404.486715000000,23168.214973000000,1015346.417512000000
pool1mcvq2z34f9cfdmkd97famsh20ekqtndw246ny5e8ug3mxfdf4zq,91,1832837.297841000000,0.000000000000000000000000,347090.817299000000
pool150hft90uw7tzr9uvj7tqkjp4u98a9hl20llj3n9ew76kkfm768r,81,1826896.899966000000,0.000000000000000000000000,673263.027931000000
pool18p7p752cjnf9z8g70ygkre5cstwmgfatzuqm0tm3n2xf739j8k8,170,1815716.409642000000,0.000000000000000000000000,212813.808055000000
pool1k99yncea8tq9pfeks3yymyj6fwjf4apx0s490j09m4y66vtyufr,83,1813705.120402000000,0.000000000000000000000000,1542501.618380000000
pool1nhd907krga9dh69kf0jg4tl0764rravepy337gptvsknxyyx94k,822,1806504.274875000000,0.000000000000000000000000,187121.659010000000
pool18t0u9vf408ftjf9xdpj47gdwkeq3jz3jqyshumm7fvtfkcq7ul7,42,1802918.442640000000,0.00250100000000000000,1700249.354608000000
pool1zkdaju2rjefa52uh6yh6etsxla0x6aqs6p6wm245y5szk7k3msd,637,1778076.270061000000,0.000000000000000000000000,290144.487109000000
pool1jayej3rwf5ynfmmu7583x3w2j73dcedtflgnazdezfn3kl6062x,19,1774407.967918000000,0.000003000000000000000000,425036.840305000000
pool1da9msyhpfmt58vrdkk7lpzgwldvc0t7q46kvpcyvvpff7347lsp,3,1770828.259198000000,9.8207270000000000,1770417.866893000000
pool1gpz25s2aasmqnh9tg8a2rxmyxuvmj5s779htxk295e9ajnzjflc,136,1753145.385349000000,0.000000000000000000000000,1256385.170274000000
pool1f6lnuxzw90mmd399nxqjvzyyxgmf4h3cp7j6pp5s7xmps86arct,183,1746534.975398000000,0.000000000000000000000000,108011.106834000000
pool15zn2lqq4849ujttuthaycpamnyr8ae9k2pn2fkrlfzzsx4ek0tc,933,1725732.454596000000,0.000000000000000000000000,893603.876925000000
pool1ntwurms3f0j4kqe5wfpg9chlasylp0lmuw72m4fn66vnuyrvs8v,45,1705093.684059000000,0.000000000000000000000000,386954.976287000000
pool1rj6apcqxcvavaxp22f75zs9upphena7ntsnut2efvq98g4404up,401,1697803.566152000000,0.000000000000000000000000,219853.079659000000
pool1m83drqwlugdt9jn7jkz8hx3pne53acfkd539d9cj8yr92dr4k9y,124,1688400.195852000000,0.000000000000000000000000,367529.537029000000
pool1gu33fszp9ek0w9fkdt2xpnp4vznvvv2vhktc0dypa8fr53lc9pc,177,1678362.890532000000,0.000000000000000000000000,505281.664884000000
pool14ajz2t680q2c7tekek3eqazhnapfl3l4w3cep9tnh9ym6jhph8m,23,1676510.758238000000,1.5398360000000000,1088409.156615000000
pool1vqm5n5d503uumuc89s5y4wuczrwe3tlgylt2u2uj7y276avr5pl,800,1658078.541280000000,0.000000000000000000000000,331794.036243000000
pool1n7s5kpymwd0zsld8q23tpf7z5esjaqwmnnzzssee5630zpx5ww0,216,1641881.166260000000,0.000000000000000000000000,413309.542142000000
pool1dy7tz7eyf2qal2jcns4qwm4xqn34gc4rj9dz34kfs6zuju477k7,243,1638619.584657000000,0.000000000000000000000000,211388.903699000000
pool1ah6f5h5xss3qcc5wv5smvkwsqrqz2v2v4u0pvmrrttzs6z52kx8,4,1628704.950907000000,9.8207270000000000,1603522.772004000000
pool1je2n5smmnyn3lh92xrp8nepjyfp596ypga6pmdecwtcrcj9uvec,279,1613677.949673000000,0.000000000000000000000000,337537.007199000000
pool1js570lkcs6t3pwsj3eda0zz43mc5gm922ae5rdxcfn84gu5uyrg,26,1604860.279093000000,0.000000000000000000000000,1211780.699245000000
pool1cpr59c88ps8499gtgegr3muhclr7dln35g9a3rqmv4dkxg9n3h8,228,1590372.771725000000,0.000000000000000000000000,285125.994487000000
pool1vn0mxlvhm4l8pcft3jp5pxh4nhh89qevdg2xu6s6sdqvvs4ft28,3,1584055.861587000000,9.8207270000000000,1583551.192007000000
pool1c30lqt59t8sjn5lg04r5wk5eucxa5h9cj05xs9gzc8lngl4cmta,170,1579545.301581000000,0.00146400000000000000,402418.502249000000
pool1q7wrwstqkzhrffdzpw8ftfd4epmxywdjnp8384atjcnezchv242,305,1560428.893359000000,0.000000000000000000000000,310358.295380000000
pool1sdvrd0sxh2mprqc3m9zmvrfccavzpz9r2uancg866hpec7nnt0s,20,1559406.409738000000,0.00535700000000000000,973942.427946000000
pool1cduc7ut6grhqyavrmm3gzcdf4qfdsjk7vdwcxy9c0r5fyaxh2sq,294,1558280.729517000000,0.000000000000000000000000,309947.810345000000
pool1vc8jhqtwjrjwsfk6a0enx47hd2ufg98c34ta6lvl0zv0uhpech9,177,1557484.240321000000,0.000000000000000000000000,359204.833889000000
pool1vflcm2fde9qyzcr0lkkv4httte3xep6sycasrtaxw6rt2me3vwp,27,1541205.176866000000,1.0299470000000000,1006235.170298000000
pool1qeqylk3pnenvt3j4mah2dafcnd3h8uc3fqhvfzrxlxf3xuvdvvp,3,1533601.294013000000,2734.1341030000000000,1328303.051182000000
pool1sm2kmdn4f9rat3kl67y9drqcnnqc34zg4f4ufmnrfaj45gcv89d,57,1532199.165853000000,0.000000000000000000000000,527924.168332000000
pool1zwqrrwpr5zx7c3f4ukpu4r4fz5c2hkwx9vwqka5068urgqvpjzr,238,1531824.908631000000,0.000000000000000000000000,408605.784307000000
pool1qqenhz258k5k9nyjull6gkzg7s4f3ae8v7qxwpegeef9v0nsy3e,236,1526631.421572000000,0.000000000000000000000000,460062.824564000000
pool1sfjdu0xmz7vdmp6cufxd55gprp95g4p703zzr3upt70dst0fur2,20,1519935.174172000000,0.000000000000000000000000,1008709.732934000000
pool12n6lycv28kjtkzecfz2a3uujyxy6ewuwjcmjq84my67psqmgagv,15,1514920.081114000000,4.5135160000000000,1107764.864673000000
pool128r8qqgl9zgy3ff4759a2qslyauu5takaec3nxx4a6mvj3ys8da,6880,1512438.396005000000,0.000000000000000000000000,61158.490632000000
pool17ynruzy9lvq0x55ks22vtf4lrrdrw2ucydh4tfzhg9kkyeaw8nf,760,1509393.811629000000,0.000000000000000000000000,201040.863653000000
pool1qqqqx69ztfvd83rtafs3mk4lwanehrglmp2vwkjpaguecs2t4c2,1250,1508732.872051000000,0.000000000000000000000000,349914.305165000000
pool167qekemyleju9g7eugaguqxh5telvmmmrs3a7sp897f6za308hg,583,1505671.175935000000,0.000000000000000000000000,307680.397054000000
pool104hlwrk98e6h07e05ywee3thn379ddmmfveje8d6cuvp54zcah6,17,1501897.837796000000,0.000000000000000000000000,768739.791817000000
pool1yd67lvc04eztwrpnefqh3g4dsydmezwgrg6ce4km728v6sg8zwf,199,1500260.916878000000,0.03353400000000000000,317720.144074000000
pool1l0pmgdsymmdntuyan4snj88q8nm9axemwefu5ymkuq2s6gr90cn,401,1492275.401062000000,0.000000000000000000000000,403647.034374000000
pool1we0xjccr3vc4ypnmhzsgwp7sxpsytu8dtv0syeqmtrllvcex68q,194,1489746.926934000000,0.000000000000000000000000,314614.491282000000
pool19rjjay24ez2ezgqkyqvna6uwc5ur9lt489gwvrv7ve5exlcld3x,62,1489558.748320000000,0.000000000000000000000000,755715.434738000000
pool1ktgug7wwf9k4hcsuk68ftkh8xs5n0333fzxyw9sagz8njhlskgm,148,1483460.685919000000,0.00042700000000000000,387133.669772000000
pool1q8fqknvzyj9p4ezhxqdghlc7rnmwvwuku9eevgvl25cpjy385gg,255,1474328.647384000000,0.000000000000000000000000,267538.994283000000
pool1upa4pa4qmcgaps4uactx9eas44rfwk9h0rxgua3l4xnf6wevfkt,17,1473045.671447000000,0.000000000000000000000000,719622.043084000000
pool1lx7hdfz430vmrwhkrdgxu8c0xclffltavmkejpqzzz4ax0lnfvd,103,1456168.500409000000,0.10990800000000000000,235558.334983000000
pool14qpadfdjzw6jkwxy67uhey6tjpyppsmwgz5awfsxwrtpsecslpc,191,1456093.179190000000,0.000000000000000000000000,118100.821274000000
pool1659knc82juzdqycvvwz0uzjsj5scxwewguhuzae93ed36xanxmz,6,1439705.917289000000,1.1895600000000000,690725.817890000000
pool1u2lghnv4ae3zy73ysjlgvxwj7tuqpmyfavk74j48g0gnqnyc692,75,1437875.936219000000,0.000000000000000000000000,945816.434424000000
pool17h6slydr6rd9vquqa38p5cf9xqnpc24w6a99rhllcjzljgugx6x,1426,1435111.725656000000,0.000000000000000000000000,694578.213309000000
pool18mnua97ndq302yw2c6aaw6msx5rgf79mfnk4xe5y92tvjl45etl,15,1432869.280056000000,1.1137430000000000,1168334.913103000000
pool1cmqpzlsrrjup8zg6qaperz868u64dlt7uvvdszsr658mvzz9qq0,433,1426897.182186000000,0.000000000000000000000000,444178.306834000000
pool1jv4yvr5edp7qp690hk3qfudwmw28n2wygjxyhaecqkzeqh0wlem,486,1420649.284760000000,0.000000000000000000000000,616060.905345000000
pool18jrsaddmrwtrdycydmk3zv0fxawnv0q8xh7f6fyp2r247zz9tc5,65,1410556.600475000000,0.000000000000000000000000,444211.742714000000
pool18ljuhhw27t85zddz0pvsmsjsz5k0mlz03pzsxgh8qarcsw5wycc,98,1400650.291774000000,0.000000000000000000000000,511756.986929000000
pool1wnpac2c9am0h3yx2luh9tlsdhcpz2tmfyqjm8g8f67afk7fa6mh,45,1398339.961709000000,0.03546400000000000000,941014.896186000000
pool19ut4284xy9p82dd0cglzxweddfqw73yennkjk6mmp650chnr6lz,69,1395994.705710000000,0.000000000000000000000000,705196.948518000000
pool1j742gcsul7u8c05rsqmkgpkvj5qadj0pew69nctu6crqy9wjjn4,329,1387270.577799000000,0.000000000000000000000000,377866.791610000000
pool1p627hhec2ha6wu6ql377c3hv4mjd26w7ll0xyw2ezgnu6nyl0a4,22,1383858.792549000000,0.000000000000000000000000,466376.333593000000
pool1ezh8sewqgzy7267yvy0jssz8q7amce37x3dhmfl22j8lwz6wjrd,450,1379268.449265000000,0.000000000000000000000000,185694.717161000000
pool1sf784g6eje8vzq9f5wu583eurhfq2ee9hzyhl46yezkuqqtmw07,326,1377353.000541000000,0.000000000000000000000000,213761.716016000000
pool1n940lfxkd7z73qzj5y554yrletrmgg5x2eya9tpglh3uwcqfnud,461,1367280.647713000000,0.000000000000000000000000,158910.391873000000
pool1p3chxyfv5cfk95hwq5zqjuljrpyk3uk5ua5alpn8rjgkkvvy8ne,1012,1358985.539872000000,0.000000000000000000000000,356637.007027000000
pool1jezf7dcx26edfpxmpuh05yen64a9cj44xm2ggsapcxrtqewfek2,36,1357277.704184000000,0.01547600000000000000,1014045.882474000000
pool1dqhaw0h2f4ehpdhh57quszcj22qhkglhg6yvaf39w3clxdl2kpy,544,1349103.869571000000,0.000000000000000000000000,469049.904485000000
pool1c0xj2fa97zuz4phld87atg6yphz3hju409fm5xgnwuuvqww25qj,775,1348268.302971000000,0.000000000000000000000000,64892.753288000000
pool1crprz3rdcwvfxmc0s4gxquh3qeqmscww2qfvpl93q52yyn7agsc,52,1344564.427741000000,0.000000000000000000000000,817259.315344000000
pool1yyv7vx5zhhsd60jp4tl72vpznwvpvjp35m4z7jr42ugkxmndyv5,205,1342907.111932000000,0.000000000000000000000000,738605.758495000000
pool1030as3pp5684ghgf4kzcpv4p2jnmkmme7j363t95690zwxp7wa0,151,1331948.084870000000,0.000000000000000000000000,307583.417433000000
pool1es67mveksd22l9alfh5cht6w2krc7lcrq3zvxcpaj5hwxgmhg3m,34,1328551.926535000000,0.000000000000000000000000,393927.362352000000
pool1rqgf6qd0p3wyf9dxf2w7qcddvgg4vu56l35ez2xqemhqun2gn7y,58,1318196.201550000000,0.000000000000000000000000,202886.361806000000
pool1phc0dedrry2jp2s2tqngcw87vzx3mychvm7qqe3470etzsf3ph7,165,1311457.203520000000,0.000000000000000000000000,630152.493685000000
pool1kf0c6a38vy9t7muc2jpfefdc0y6ey8386ujtn6rtly25y5yxwqf,3,1309739.030284000000,9.8207270000000000,1309297.283061000000
pool1mscll7kd2y9c56kv7thv7kv99wjvrr72uwpmuhphaltjz0pkuqa,181,1307537.738996000000,0.000000000000000000000000,1009361.922826000000
pool1gxvkc0576e75065p5k0csvwme9y2qrefd5ga66nx0z65xxjt8jk,336,1299441.404889000000,0.000000000000000000000000,326293.938987000000
pool1hmtm4mukp5gs7fgrp0k997lveh4psq9qpeqa6ldugq9nsfcdxmp,26,1269780.033785000000,0.000000000000000000000000,952319.418023000000
pool1ywt7jqfsmxg0yplku4mtdwtm476rp72z6fns9mhevf7u72pkupj,18,1266169.987413000000,0.000000000000000000000000,1107282.894106000000
pool1s2rj8t2a5tfv0rpsfak77g03h96uv3rqxp62t6jm3dh45g2e2pj,266,1263585.611658000000,0.000000000000000000000000,454139.217237000000
pool1fcp4d2pxh0e7q5ju63sjqcdpxpr3pvxg6ykl23t6c97d7dnvjvw,70,1259504.191064000000,0.00957300000000000000,633563.831135000000
pool1pzqdfptvl5f8vh28az37jag2wkfmqz9x8d6eufl8y0z9q34hlr7,39,1257095.533792000000,0.000000000000000000000000,982452.843737000000
pool1r5srulgd6gpav0sympqrkt9f4ykl06lh9sgk0p20r54v7759kws,120,1256347.810212000000,0.000000000000000000000000,447552.897046000000
pool1khwvcz8jz9auk53k698ywgr6ams27hrz20vnwqx2d4xggscp93f,31,1252780.940279000000,0.000000000000000000000000,804833.773235000000
pool1lakxjm7v0q03xddynffn6m2wfm27pms3z9enztwvu7k0297tcr7,16,1252034.392053000000,0.000000000000000000000000,893232.343626000000
pool1x7j89z3n7y7g8syk06nahcrwkdphhw6dymt8r3gf8ulyksrzh5t,368,1249559.572855000000,0.000000000000000000000000,177160.887222000000
pool1frz0ds4nhg4t0e30jadc5kwx35kzj2vfp9eak9ehh2727m4dqnv,1228,1247314.494880000000,0.000000000000000000000000,356685.684116000000
pool1e7mwu80pmsjqdf8lu7rsfdj5sldashslll0hpj7rhx3w6xpwkq7,10,1246336.250376000000,2.8962740000000000,1206320.951137000000
pool1ddywudgudfaphp8txj9qf7alj3uk6wzyd22u7cd2myhyv3lyxxx,15,1243018.692354000000,0.21667400000000000000,610155.443179000000
pool19v4jgpxxl72eaq8pefctatvts3gkhtyzd8nwvzskkm3mkdv2tpy,97,1218490.411037000000,0.000000000000000000000000,944537.779996000000
pool1y89sy2e927hvvt66wnukx5xnnrarzxrt55eypttaw3n06u0uam4,146,1216027.868831000000,0.00052700000000000000,550526.111363000000
pool1980svf2cxnfy66s5jgjv7y22xud75z9kfe6n0c3y54s62w56435,390,1212846.316156000000,0.000000000000000000000000,368251.448878000000
pool10wcmpvjmmv7ph7cz2263f52yckvnnwu5kdppwqgu74s2qhe7l7m,23,1211588.742913000000,1.9402990000000000,502574.578416000000
pool1mq2q0fjekk5lt8j2krryf5rvwx5z4l5l0r6afhhj0mtg23ylyuk,38,1200027.395936000000,0.01806500000000000000,329956.953547000000
pool1vwquf4wt465lhketcy2j7jwpz5l6l0ce6a79ga3y4wg7gc8egp0,65,1196431.235351000000,0.000000000000000000000000,1000548.656709000000
pool13ws3wf9skw0ngg3aze482tdxqsnfmvf4vgy46cux599mxm8n27g,46,1194711.202035000000,0.000000000000000000000000,901209.996494000000
pool1szy2tdjj8a4av365wk3q2fqg9srllmt0383e6v9p664ng076x9e,425,1181100.915437000000,0.000000000000000000000000,222277.047383000000
pool1jldq2rf7y2ukm2t8ds8d9upzgdgv07jhkckl0mvedwhxx5nkugt,121,1176455.865094000000,0.000000000000000000000000,335662.950714000000
pool127gdv243hfcrapslaqq0nnh64u2gts72gtrt4888g6g2z0zsu64,871,1169491.278491000000,0.000000000000000000000000,270781.225580000000
pool1l8myd66tqjk75kh7uk9k8nyl20sd4qs33s4tzzn927ujyl7ahyk,108,1163015.619924000000,0.000000000000000000000000,354817.394912000000
pool180fejev4xgwe2y53ky0pxvgxr3wcvkweu6feq5mdljfzcsmtg6u,237,1162052.609619000000,0.000000000000000000000000,126023.492712000000
pool1ygsyw93csvam58nf63gttknj9dvj3zxh54h4eh0kals7kdf0nx6,51,1159892.145120000000,0.000000000000000000000000,354781.355923000000
pool1a6wdglfp93m2z4nhptx9xhjazgyqusjpu387gdrp899cj98yuqq,5,1155919.928025000000,1.00678700000000000000,400543.846164000000
pool170028ak8q37qf4e5lf7z8eyuscgcrqgzn9lh58a4g9ngzd83a0h,68,1141175.461605000000,0.00154500000000000000,1006006.195160000000
pool18qahj5ggudguk69g9aaztf5dvapmazql4hdvd7v0947j7gy4wqf,168,1139232.476822000000,0.000000000000000000000000,315758.111726000000
pool1n75mtv5qwzquyq2cprnu7yqpnyg4ppagpzvcw6gk2un5vadg48a,7,1133239.433474000000,1.0577300000000000,1101404.907514000000
pool145ak0czqxe97ef38zjupk0pz5yk7pahcyrdfee2lrnsnwawj6dc,1110,1131916.747172000000,0.000000000000000000000000,125853.888729000000
pool156wg3relgtlhwu55z3wpqurtaprguefe9tzrakhuqyyc60553au,29,1119437.995631000000,0.000000000000000000000000,501163.621920000000
pool1gr7jlqk9kmhwuztdwcwf6nyr2teeq9r8h4y62ev0xrrvyvwly64,885,1114410.857800000000,0.000000000000000000000000,752439.648399000000
pool1u7zrgexnxsysctnnwljjjymr70he829fr5n3vefnv80guxr42dv,141,1112852.371344000000,0.000000000000000000000000,151349.605215000000
pool1k6altfangsst2mmxg8a9wvg3dppyszu8ckfzd3uv6azgw3z2txy,246,1107878.376543000000,0.000000000000000000000000,308358.833783000000
pool1lr5ku0p3jhykdf3a2kcr0tyra30qvzrtl02dr6uyv98rxdsy3k9,346,1105200.499067000000,0.000000000000000000000000,301487.130125000000
pool1q5za50d3sr707xkmjtyrs0v76ezxyj8g8uhggfk0wfl77aufd9k,16,1084445.881293000000,0.000000000000000000000000,728418.824029000000
pool1h04mh7qugt09hp8mhjpvfl4t0rutmz703dd003e6qeny5jf9c57,16,1077120.414445000000,0.000000000000000000000000,219516.391011000000
pool17n47upcpnzsdks0yd409nf79sg6hqy73twg87eddwh24uj745rt,49,1072942.320531000000,0.000000000000000000000000,313526.062474000000
pool12582dmkl7xanxlmfnwd4fepmx4tt5kkw327mmklcjdxngwaxvh2,3,1072072.998986000000,9.8207270000000000,1071662.575835000000
pool1ytyw34lckr8k9dhn59h287wqry5lk6waqtfhxe6v94v4gsaa7vx,26,1055883.170579000000,0.000000000000000000000000,507904.735428000000
pool17xh922cr9skc0fqk7sr8at6xx6eluh5qyv9p7ca2x0mtc3st0mz,848,1040038.686500000000,0.000000000000000000000000,118194.658604000000
pool1e2tl2w0x4puw0f7c04mznq4qz6kxjkwhvuvusgf2fgu7q4d6ghv,86,1039333.838617000000,0.000000000000000000000000,164201.666072000000
pool1nx2g7dzc90uu47e8kp057r59g8z5sz6v0x76wsph8xpcqzqycv7,6,1036223.696216000000,0.000000000000000000000000,1022937.125506000000
pool1fv9f8phzn7hp623ypw6ctf73a98hd7nrh8wm7glpcuhf64856g2,146,1032174.540327000000,0.000000000000000000000000,403007.444622000000
pool17gfj5t240hqaqr7vtrlrlhmyazw3lcyqvfd06v4kpxv7qxpdzau,16,1031383.288130000000,0.65781900000000000000,784006.579594000000
pool1vqjyjsp6dawkj8tzmfpu39hvgnkph99qzarw4dll6yq76gpaa4d,90,1025791.853684000000,0.000000000000000000000000,584439.922649000000
pool1calq8kjzrvp83l80rtvgmulausl99q4tjfkz2lp227vkymd5wgg,593,1021676.889739000000,0.000000000000000000000000,213123.553086000000
pool1xmtmp6cmmmaatkn3jd9dlht8xjyf7xnqmrurs59kj2ygxuz2jkd,5,1019631.946605000000,3443.0766130000000000,961388.313716000000
pool1zfhww5y28t303z6uyq3w47pkhfmxww9dsn89vrxteplg2zjkekl,175,1013480.338266000000,0.000000000000000000000000,377940.918607000000
pool1uu35qfkmjyxwpm3pgptfgr0qga9j2fzkc0tsjplcx840x295xj9,59,1010478.328380000000,0.000000000000000000000000,362463.516280000000
pool15mfkj8sl7estcmmd5a07afrx5f4hlz3pcr6p6ay5pfmrjfl2hlf,69,1009555.338850000000,0.00050500000000000000,466714.002359000000
pool1w9u6rtvuzke9cq5q4x2r7g8xlt6lqmcd2tugzpjpj5w5xv0eyws,3,1006245.152671000000,9.8207270000000000,1006050.903605000000
pool1gvnkmpfu26vncrmhj6hr792kwu32hw553upadcphjwu4qewj7jz,10,998555.447103000000,0.000000000000000000000000,928790.323955000000
pool12yscr8j3zs34ewxrwlk0p2w5uvgcnrzywpp78ddjsj8kxd530f9,685,981863.911827000000,0.000000000000000000000000,119085.891769000000
pool1tjr4zpndkvwkw3du3fvt59f5men6jhuevt7rpx6xw0wcct5kl04,70,977842.372931000000,0.000000000000000000000000,415535.501008000000
pool1lugxr82p89qm35spzwccle405t5dfdznhrasyrtr2cyv2vyfud6,11,976088.620561000000,2.2205490000000000,415810.341453000000
pool15fxktqvd92sq8plh3rjdrksumt9p8rzsayfk4akv2hng5r8ukha,77,974029.147347000000,0.000000000000000000000000,226312.073975000000
pool1f6ltd3rd3e69klr32r0xw7h59lc76lhc9l705d380lj76d926du,3,965847.282425000000,1203.1422900000000000,959971.141026000000
pool1x9q4jf3zwftwygeeulku8xtlywmtmzwxjk2g3fz3j5mlwjqnr3p,49,954262.428681000000,0.000000000000000000000000,491408.514055000000
pool1gslrt6mmljsqkzft6nd0q7w7g2fyhxpxx6sj4ff68x22kwx6unm,176,952609.186123000000,0.000000000000000000000000,104597.217726000000
pool1p9sda64t6l9802tsu2fj6phvt9xfqgcpjucyr3kek8wzurmn8rz,56,951060.171577000000,0.000000000000000000000000,479655.810458000000
pool1g8w64u3sx9mrvhwrdfvysw4g4wnffkjfp5zds3ur6svwzdhwhx9,41,950681.136983000000,0.000000000000000000000000,632599.579150000000
pool199a44nvtjr0c5xlanz4p5c0nywu8l6k5hz3t2he0hq7wvljnsrt,130,946066.002843000000,0.000000000000000000000000,178515.518621000000
pool1lkcd3w5g6s6v3hf6kwt55dqpalrmq9h9f3ec033nnzhvgjgl860,88,944760.313454000000,0.000000000000000000000000,615158.535661000000
pool1jslaut45plz6ek7grjyzxz6kzgerr7p5204h9sprh3msw6d8yht,378,944452.640552000000,0.000000000000000000000000,99616.163373000000
pool15pmdr6nw3g6mmt7regefp2lrx3njah0gpwsnqm794c4wsr23062,962,932798.549963000000,0.000000000000000000000000,122967.716793000000
pool1gx6eawfvnhckevmlzhfz9j3uzj92j2wgww0mdd2fu5d4zd4wvaa,172,932620.198131000000,0.000000000000000000000000,553596.459753000000
pool13daql23lkcwwj0gsz0dnu9tu20pugpswfped3kp05ekxkgmcumt,44,929830.981261000000,0.10513900000000000000,663455.219367000000
pool1p42f6kw9lkgw5tn77kqyrc22zrs4uq298p468gacwzw6gq0ckq2,61,924230.159920000000,0.000000000000000000000000,417159.536725000000
pool1mdyuct0kgd0hcjjnea999me5dxqpepr4y8du4smegfm3vlr37w5,333,914828.384589000000,0.000000000000000000000000,314906.540244000000
pool1qqqq58jy30weq2an3px3maljdmawcwh6ml4hr8m9euq9z2n7wyz,18,910637.168891000000,0.000000000000000000000000,522097.884927000000
pool1k2cj852umvq5f527x9u7p58mnletdzx29gr4e4npv4nc6m3hch9,17,910534.215243000000,0.000000000000000000000000,418108.112275000000
pool1p8yn95k4wgznc38ezckler84ufc6kxemmsvptv74r3g4zkxj24q,44,909728.376674000000,0.000000000000000000000000,656309.670687000000
pool19ygh8apuc2qz0u9kr4wj9qj33xhw70n7z286xll0g6ltgccuq42,22,905376.919063000000,0.000000000000000000000000,809259.752403000000
pool1sffl322qgsrsmkcedzzwk05396dkmj56pcepqvj6px3n2re3qu4,57,904391.757405000000,0.000000000000000000000000,382142.578399000000
pool1qaxrj6n50naglqmzj5puq5sd0awgy9wnqmykpwmcah4vzhndpve,49,901478.391587000000,0.00774800000000000000,387256.193803000000
pool1csrtagrya4hc5pectc20s8s7am3e6vpdjj6antqzvn2lgmm5afs,29,899427.415563000000,0.35156800000000000000,514596.437842000000
pool1mhww3q6d7qssj5j2add05r7cyr7znyswe2g6vd23anpx5sh6z8d,191,897903.154090000000,0.000000000000000000000000,234551.899859000000
pool1p82vmqednsalje23mpnz9u3qt9ruj79xu83mr6p8t93fw5fcu3y,82,894054.806538000000,0.00185300000000000000,476334.686830000000
pool16p8y0pzx8yx7vz6eqksw9xjhh3tzeymvxcstrgtk8ncw75356yw,86,891322.198515000000,0.03099400000000000000,245164.940511000000
pool13nn6lk6dx5ww95h5qqeeazyp074j7en8e6qszq62rtj9wcx522z,14,886818.482924000000,9.8729270000000000,860467.485158000000
pool1n500map6vvxwkxnrw5m9vgmjqrmtaxuuxkgqvzz7699c7qc550v,58,879203.779280000000,0.00275200000000000000,266857.285618000000
pool1jxv3my3c70e8pfr0cgm6esatehey2ml3v0qk8x236aw32eu0fcy,251,877417.194048000000,0.000000000000000000000000,226975.617055000000
pool1ksh2u6kktx74ugv8jadrdqttwyjz9074ke82xt6j0qgfvdn43a5,215,874033.618352000000,0.000000000000000000000000,247955.927261000000
pool1vvesqladm29fuzrv93px5qse0upw82a579lz9063xsfrz7yef7z,19,873574.225810000000,0.08689000000000000000,742984.287593000000
pool19frt3kaxxk4vr4x3wnaapntu0ul0dsesu77wfqaawc5h5ffgfgt,77,857079.184707000000,0.000045000000000000000000,768767.966519000000
pool17gvd032slmxg267lp8rwcykkfa52txm8ylefhmdsdkytzugrtaw,34,855888.500532000000,0.08016800000000000000,771382.778243000000
pool1nsaul82z7ytu73q96w2wgj8wrardmrzjkuzaankzn0xuqkj70qm,38,855452.974432000000,0.00109700000000000000,249102.671641000000
pool1ft6jvmft8tg3lwzg6wfsprlex3ncuq5cnckwycavqk5q63jhrhv,90,854760.048672000000,0.000000000000000000000000,547930.856728000000
pool16knnvtezwzmgpnu8v03wht6y4u7mwfc7qz6y2yk62w4as4qymat,472,852084.019235000000,0.000000000000000000000000,165307.081547000000
pool16cdtqyk0fvxzfkhjg3esjcuty4tnlpds5lj0lkmqmwdjyzaj7p8,86,851532.090591000000,0.000000000000000000000000,164129.236780000000
pool1n3sjq3qvu5vvcd6aud6ndcwq7r3ghmkafcg60gznlwfrk2ucxku,1007,847998.146797000000,0.000000000000000000000000,227204.386773000000
pool1e59h5m5vyggszyafel7zvcnsayt2de7wyxyezlrsmm4a679q3zr,377,840081.251019000000,0.000000000000000000000000,100069.037126000000
pool12584mjtgz3fhgpx823qht56gycnfnezg6aqqthazv4qdxkd5c46,96,833720.316257000000,0.000000000000000000000000,294856.495656000000
pool1ax8znp3yeeh0udrr2vvtm4wkxjldwv4mywycn573km7fu20y5xa,13,827545.836008000000,0.000000000000000000000000,750653.765732000000
pool1n5shd9xdt4s2gm27fxcnuejaqhhmpepn6chw2c82kqnuzdtpsem,118,820381.214777000000,0.000000000000000000000000,628065.241532000000
pool12pwp8hln0cjsxv0h2a0463qsakkhwetfhyqw7vzmpwd2jdj86n6,12,820067.931239000000,1.9506610000000000,299900.989710000000
pool1w9yeaaadjz9563tf2h7katrlujvxnywda8el8z66h02ckccx95x,222,814444.306081000000,0.000000000000000000000000,133526.789579000000
pool14dswwngc8j92uek927jced2lfc7c4pa4ss9gry9nu9rhkc7a055,35,806933.171604000000,0.000000000000000000000000,283567.710874000000
pool157dwm0l9jf2h59me75slfww8dylcnumdgjvhpsyhfmlry4cn44a,39,802068.108163000000,0.000000000000000000000000,400712.391207000000
pool1h7eevnu53zdfujqfzldw4jgdjh475u0glvtruwrnmdmycn6jdzs,18,801644.205058000000,0.000000000000000000000000,792933.701609000000
pool1kv53mzjwqjp4aw48rczj8vm6hejwfnfwa634czyx5tw5qq3tata,83,801031.210299000000,0.000000000000000000000000,430190.208398000000
pool1rtnv5vj0glxu9w2mkl9ptev72enx75gjzdkc8urfhavr5reah0c,88,799113.887829000000,0.000000000000000000000000,504434.585057000000
pool1nchr83fc0hrykvhlnh64n3wlt5vkdu727xjep59znrwzs589jdd,22,790458.798174000000,0.10335400000000000000,514945.853979000000
pool10n23qyec2zcetv0e3x7fdjydscsrlet5sph2hgtfc7x5ze56jqn,319,789580.296266000000,0.000000000000000000000000,544536.169272000000
pool1a44zldps27avv82mamm2lj33mrrkqdzt39nyrgn5dkk3jtm0wrp,36,785617.223244000000,0.000000000000000000000000,377080.587905000000
pool1gha260s6hx855p49fc735w78p0kcp4hyxl8glymp5k5muk9jkgm,315,782292.980668000000,0.000000000000000000000000,230802.796184000000
pool1kffetqjt06qvk4995tz3e3q9h3c8cdq9eedrz8qr3ynnc63qckz,128,780542.852107000000,0.000000000000000000000000,164184.378912000000
pool13l9hxj5dke9yd8xrxtfdkxgppj4wdyy52k99jded9f4kv5ce7al,677,773598.700201000000,0.000000000000000000000000,125501.253459000000
pool1g0hsnjnt0du3kp33gjua3npncngr3yg4ak2zfdhd4zvmy6r8hyd,133,772121.410245000000,0.000000000000000000000000,252199.569525000000
pool1w9hdxd0ydy7qrtxe2lceg80mpsyamwnaqyvu2v0yngj4cfkfu2t,4,768922.940434000000,8.5166040000000000,655434.878026000000
pool1khyv2zj3asyhz76a4r2ky42sdxn3gqu3lcyw3sj74trmwhlc5ud,20,758398.016875000000,8.1525850000000000,372282.452121000000
pool1dv7s5fn4m9dee8ncvx5hktfmsnx6agydhn798rfdqjazuwr84gc,127,756055.619670000000,0.000000000000000000000000,566452.979840000000
pool1jqssxka8hu94aj6f4w3s8l5m6juqmx0hk3ges48jfac6zngmkh8,104,753839.508457000000,0.000000000000000000000000,119567.069876000000
pool1n353xqapcq8wtyskm8cj4g04t8rv03lteyl30c42zug7kzv8vqz,49,753205.376953000000,0.25089500000000000000,383021.978782000000
pool1xaudqyen24fz02vhu9qa2ry44suzfk8z3lh7sc6qx7c3gpweww2,171,751900.684777000000,0.000000000000000000000000,329403.649740000000
pool19peeq2czwunkwe3s70yuvwpsrqcyndlqnxvt67usz98px57z7fk,227,747940.213738000000,0.000000000000000000000000,149924.206058000000
pool18hpttrmc7v6nhjcywhdpymwzxv3y9kujzc5ne53jjdlf6hxa7cv,31,746548.688905000000,1.00912800000000000000,202048.240038000000
pool1azwytj96wpa7hqmj5adks6tpw7rhnwdqpf9hkgyy0mwdxxzxz9w,3,738072.331369000000,0.000000000000000000000000,637574.538919000000
pool1gf8a46j6hvhad8e48hez4084x34snpua8k7t3kzy9w42q6w60z8,111,729392.968470000000,0.000000000000000000000000,172714.785262000000
pool1j8355yxxpfuhqyda4lrj8c9cdghaang3wvwge8jq8nlxurvfqv7,32,728258.074748000000,0.000000000000000000000000,641706.524773000000
pool1h40kkf28nr3amhs6nsmqn75aderg6cutmygr47czu2dw2dxzvgm,53,727984.320934000000,0.000000000000000000000000,289939.928700000000
pool1ulx9ennungrtcucslrpz93cze5fddlg96h0wwj83p6fpsrvgz2v,123,722445.771291000000,0.000000000000000000000000,367958.847810000000
pool1s0kkragd8r2xyyms680l9eed443v3eufmarykpjfh2r6cpksm2j,16,722001.606111000000,0.09059700000000000000,601798.059480000000
pool13zq5jktx7xmngfer82nkrs8aqjklmydntxdqzttas328yuttgx6,40,714247.786415000000,0.000000000000000000000000,347896.756256000000
pool18mege8wvzzdvh8cxx6ncnqyvacl4lxukw495c87xmz8qcdl6lj8,347,711582.202343000000,0.000000000000000000000000,156257.765982000000
pool1ht35ft8az9k9u7gnc2yut7usj96he5mqngthunyf2kmnsl2kmed,12,707468.177251000000,3.4706860000000000,435381.767636000000
pool1nwfzutmm6et5yt6mdk6d3ls57qfmwje0hwcepr3dn68mu9wl0pd,47,700747.136704000000,0.02702500000000000000,205221.959490000000
pool1nwcu3al5vfm7t3dtvyuu4hlmlvezd05c5v386q90hlptks4mqw3,6,699073.715748000000,0.000000000000000000000000,468065.952597000000
pool1a2ffl2d20yransp2p4hqys5vy6hys8kmtchdvlfqale7ywxssjh,21,696762.492636000000,2.2483680000000000,503997.719151000000
pool15ju4ktqmtha9vry4mf44hr2psf807n4achj76z8uhawgw9462kx,43,695654.095104000000,0.000000000000000000000000,218305.062069000000
pool18872nzahx0h2f7j58pxrn5rjektn8na8p4amv08x2xj8qkht30g,245,695441.282701000000,0.000000000000000000000000,243064.968917000000
pool1xxvcz8dem4xufzn74v2y7fs709mfw3tpq963thzg5en5jrkv67a,132,692747.304192000000,0.000000000000000000000000,345993.019939000000
pool1pn36hexudnjg6uwvxc5tld3ay2g6ty99ardzhn7crhkhzshjpte,24,689877.297017000000,0.08717100000000000000,510982.591810000000
pool12pvaxxcv3sgad5jqgfnggn337y76kp02uauptkufjjjes7nxwfm,72,683282.352513000000,0.000000000000000000000000,142670.454910000000
pool1258yqnsegc3k7raqcdkxu4893aqexxljflmg9g96yfha2qytayv,138,669736.548071000000,0.000000000000000000000000,324786.986689000000
pool1u8yequt4vq3jhajeegc02r3msnne6krayxuzrypaz8jkq5v5pux,567,663701.262378000000,0.000000000000000000000000,200700.934475000000
pool1wm5quxelvgk8q50jyfznf9asvelp9zf0tk2wu4jazlw9yj4uctw,302,660902.278425000000,0.000000000000000000000000,293149.009754000000
pool1h8fnr4vlfcv9l4jlv9epalghy3zgjpye4wv85c4rafpvvfztsk7,12,659729.916865000000,0.20731200000000000000,310436.921911000000
pool1y24nj4qdkg35nvvnfawukauggsxrxuy74876cplmxsee29w5axc,97,658844.251177000000,0.000000000000000000000000,152628.400907000000
pool1jqw9cv37w0eewvdr36w2kacd2w9wh5uwm2y3vmc0fmdfc0ax26l,303,651679.035986000000,0.000000000000000000000000,89551.373610000000
pool1la0t0gsskwejyfca5lchw5aqd5g8hknxdu6tuyqp0ttjxl6zt35,60,650634.543762000000,0.000067000000000000000000,300919.036167000000
pool1fu567g42mlv9f7enek7zeh94c0aht98w44du7s29t0elzd9yazz,81,648425.537082000000,0.000000000000000000000000,256799.878990000000
pool1qv3velgldz529zq904jy9qfrhdh0akwkkhylu2rymd6sw9m02cc,4,646972.638351000000,0.000000000000000000000000,646945.909391000000
pool18q7axjzcrs7pd2vpmcgh33p0r5cng2q0v6ldw5vtwuhl6ctgmeg,17,644259.295318000000,0.000000000000000000000000,274098.878946000000
pool1chzrvd7wzmw8ufsehctn8fmf7ca27xf7d6f5tpreat7kxx6hwf9,21,634602.654803000000,0.000000000000000000000000,352772.793938000000
pool1vkngxunyagwen690yn36pa2v6jecyxgeavl9nva9dwzhu22fzt7,78,633843.626443000000,0.000000000000000000000000,267688.822625000000
pool1pxw4z2m0lmw422hr32dwyy3uz9436g8p7qdmg2sl2w0m5pyk3yn,182,627968.464179000000,0.000000000000000000000000,233795.035665000000
pool14z3hap9tf6gt4gk8u84kcwm3s0etcgha26sn8t8wmvcruk0kvgj,5,618385.234579000000,5207.2130270000000000,298280.140140000000
pool1zsyqzr04g5pr3nv7vfk8ldc3uf0xljc8yftdsqpxxqpychpxj65,11,615833.926397000000,4.5445500000000000,275408.281843000000
pool1kkmk9dnzrrjtnsejttydecmq63x4dpkln70yfledaednj7mf7rk,65,615580.672797000000,0.000000000000000000000000,97083.930704000000
pool144m894gswuy3se407ma5870nkaw5ylykrak73gf4kpepj50ulfa,219,614753.385314000000,0.000000000000000000000000,221198.831349000000
pool1zn4wnk52kmfjy9mw4z85p6wn9kzrn94l9h5gys8r2k2w57mdnhh,56,608868.806186000000,0.000000000000000000000000,312822.090457000000
pool1z4f2vmmwckcm6c4fmhn3vmymhsg8gjukx5905g54hlhqs9kaht9,24,607210.709044000000,8.6160680000000000,129827.587765000000
pool1vhzjtcrcyzy5ld05mj8edy5at37x4g7du8uvvss037h26h8s8z5,68,600985.603266000000,0.000000000000000000000000,151798.583352000000
pool13mjxg33urh0xquvw33kjn85yw7j42uwqw0pvh8s6c67rszr7ssz,13,598974.879527000000,0.51616000000000000000,422020.369117000000
pool1suvska2n58hqxqzzqwpw3558072vkmng0jezzgtlsj625yk7gt8,17,597724.277772000000,0.11289500000000000000,513336.132051000000
pool1zc5l0d0j9d0969z7ssphjdq7rfexhnhrfdp2e88sv05ujlaxfk3,11,595174.241030000000,0.000000000000000000000000,378986.811211000000
pool1xcslzgl6t2pcdr0u8ef2zkjhdyxy8xmgvzp0mcdgrw4k5gtg94s,25,593437.896638000000,10.0885010000000000,326279.701880000000
pool17e4rdh59t4fmn4g3p02xvs853katrjzge830tsmd3sfdc645yvt,213,593280.652916000000,0.000000000000000000000000,222761.576697000000
pool17pv7m8h5dxsyt55upay8n8ake2cgcz4mcr737um2tl8d2wthzqr,485,580052.067345000000,0.000000000000000000000000,70437.704090000000
pool1xnaxushl47aeha3mr3uwnxcfkvzj0um6c4zxdr064d3y68z646c,6,577919.681798000000,4.6244070000000000,404188.191560000000
pool1cpqpw923842ple6gnkjl0k2z238uwm4s8xh53ryzxcavu89rp9p,25,577228.581586000000,0.05169700000000000000,341597.466363000000
pool1wnrrg33lw9fxcn0h3x3vexh78up660ajgk7pvrlrz5kkcgh9khs,63,574482.802178000000,0.000000000000000000000000,307232.714353000000
pool1c3fjkls7d2aujud8y5xy5e0azu0ueatwn34u7jy3ql85ze3xya8,31,573987.927648000000,1.0665590000000000,103298.155622000000
pool14w9tn4w30dwd2lfv4cwjg2a2e3ukfd0nqrydx37fjzf7z5f5jnk,70,573841.991206000000,0.000000000000000000000000,500240.133123000000
pool1aawkmkg7vg0x0vxaqh4gr0lwp4fekwsqrjduylx0et3tuz9hfn4,9,573394.480472000000,0.01277900000000000000,381366.414127000000
pool1z724xxqgzf9a30eejsa4edznmv8hgy27ssxqfcpqz42sc6lfqwu,18,568576.472783000000,0.000000000000000000000000,509176.124427000000
pool1ralkckmup253k79hap4chku450qyshezh4sasjqh0ltxu2gytlq,26,566298.664878000000,0.72173000000000000000,277788.499530000000
pool157e2zadjusu6esf9mmx37nf63ep2gazdeln5mh04ylpcvz59g5c,111,564497.214163000000,0.00313700000000000000,265014.423592000000
pool1yy7vaszhqx7h02rp8ey0p84yy5zv2r2awzddzceeaurrs8klzxt,25,556750.502039000000,0.00713900000000000000,462532.061631000000
pool15wppycnx4mgq5nmwg4eyzj4pg5wazhyml48wsy0jskunsqq69gh,2,554733.817076000000,697.2934940000000000,554036.523582000000
pool1afv4cmmjdkujtd5r9t63090a3frwwqy8f3e46gz003vyzjcj63r,488,553721.324208000000,0.000000000000000000000000,113507.530538000000
pool16utp8esfwwpwf4fzlvtulugtdj9mapt42gdwza962pk8q2f45yt,222,553447.587656000000,0.000000000000000000000000,92118.373021000000
pool1lyvg6ukqpumsr6wz0jvh7xutcgdtcyyde4wkvptzyl8rql4n3c6,40,549939.074092000000,0.000000000000000000000000,377218.946707000000
pool1h0prd5vcdv6uk7hglztdcqfp5czjqxdydxkxkdhg8rrk22mr4ym,49,549162.421702000000,0.000000000000000000000000,198681.066812000000
pool1xj5f7a79lnc9v0gjn00fkf2lyzexngka59tpcew5rrkyqveagpt,184,548665.223457000000,0.000000000000000000000000,193170.112978000000
pool1w2alpqttaulpukcrz0j902kk8wmq68q9qm50c6npaypk7yypy5a,8,544295.367999000000,1.1640110000000000,500926.236766000000
pool1lzupr43772kfux007sdt02vlx7uzmfcplrwmxntdztxmwv9myrj,99,538779.061546000000,0.000000000000000000000000,253499.156248000000
pool1ayfjmnrv5vg6tfducvysn360re6qfwuv2rhc4ph6jk33ztuxlhq,246,535726.600815000000,0.000000000000000000000000,128483.254210000000
pool1wz4euuc8r3gfya335gvpxl2nuajkvkjh3d6ylm4w83wcz7lqxc6,58,534883.663803000000,0.000000000000000000000000,511039.378606000000
pool1hx7rpmjen9gx9w3awzp34zw5wr54mdyf2ft03llqz2wdszavuk8,4,533923.466872000000,1077.2958050000000000,423941.032244000000
pool133p3wvahj3gzh6cv9ac0ka9pgmltrzs6lt269aumqlkpzhkd9re,9,532873.099605000000,20.2768500000000000,462198.209780000000
pool1ddheaqwfuxwqe89lyd9wla222uhzvp8zstmvc30mrzy4zc5yevs,16,524819.313821000000,0.000000000000000000000000,237167.207939000000
pool18l6lvx95vl5p88zfh7xjkx073s9gufpz4sa5q43fu7auqunjhg3,11,523573.734295000000,14.4794350000000000,372866.511789000000
pool12ndf7w5f4fdn746s5zlay4aexvcsjncnnmjwfp8falascjqav3y,40,521665.115110000000,0.00071100000000000000,229361.355025000000
pool1ffrre548h22n68ln29xph3qezrag3z8ad0kg8yzu6epds3qr58k,118,520337.940981000000,0.000000000000000000000000,142405.703253000000
pool1nzsjg3cuam3uj39qusn44cs2uj7h30lppqsrqsllwxs2c8fx4xs,995,516598.591827000000,0.000000000000000000000000,30065.927581000000
pool126f65lklaqw39jgx9wl8klqtx99evewxk0x5yc2jzzp5wfs8fde,31,514633.178487000000,0.00169900000000000000,202488.575131000000
pool1dcjycc5mvj9svh9ys482078mnqutu48k3zj7uqzswj7m54a7hzr,74,512842.487496000000,0.000000000000000000000000,187798.634214000000
pool1gsrcrjm6ctkquef6m8jsyvplv0j357hupn92uklqdcm7729ytv6,1490,511538.327249000000,0.000000000000000000000000,26502.807127000000
pool1u0u2s080a5plun4acn6s70xa3q98ct7skt88l7w6nnwwyl9ecym,91,511261.818077000000,0.000000000000000000000000,94328.627086000000
pool12f2r9xf4wvht030xwjhpjvy5yptr275qr2qcydnx57jkxyfzz2w,28,505675.886076000000,0.000000000000000000000000,359672.977719000000
pool1sks9qwpygf9vmgeuh4n4a3s36k35c3qnz7pd4qqvw5825x62y3y,37,504574.000454000000,0.000000000000000000000000,100411.986302000000
pool10jqlkjfn2rtlc6hp95p8k4h04h3dfmdcgnga6umwp2rpukpg20l,10,504281.645212000000,0.000000000000000000000000,447159.978548000000
pool19zhl50qqzpfvvhdytqg6qx0cthummjyunfyvkfqx9uxrsp7k8ek,53,501949.057681000000,0.000000000000000000000000,364997.626098000000
pool1t50sl2erwfaey5du4e7gnp52fylplh5q4j24zkkxk9t5vsxfcvm,13,499477.477037000000,0.000000000000000000000000,487889.867912000000
pool155x3l57d4xu52t93f9r55cqaysej4pc2dl3jkc9d6w5ckyu6u7n,107,497423.592548000000,0.000000000000000000000000,319579.626225000000
pool17mr554wv653z4ttr3rydt5dsxg6r28ysu5mlz9cc5ax32gsleh9,39,494944.473913000000,0.000000000000000000000000,292104.258388000000
pool1fr8ug253hlv0pt4sxu3w20r03pnpkh2wpedegp55t8nsx28rkma,140,492197.445850000000,0.000000000000000000000000,210941.201404000000
pool1t6xhh2stg5k50sjdzjglp2h0j59vupwv3kur45efvkk7cps5hwq,3,487434.344072000000,2806.0867700000000000,322023.071856000000
pool1nh9j5qucsddxkzn3m4dm4gxkhwtpya4wm4e0ye2u0puaqgkcm65,182,482107.128214000000,0.000000000000000000000000,304791.409905000000
pool1sfuspqv9gyqn65vwu6e27dp6ju7gmqmgsnasqp6zxp6qqlzlpfe,51,475140.901976000000,0.000000000000000000000000,180621.134421000000
pool1kdfznpenxa9wwcz8tweump45k5h78h8hl4slv78fdypsug9ypc6,45,471109.658256000000,0.08865900000000000000,222983.762825000000
pool1kjd9ff9u5ytq4atavv2dfsg3pvxqw8d50642pzmpn386zel0ka8,57,470800.623418000000,0.000000000000000000000000,101605.969628000000
pool1dj4l8qma9zzqqzhsawdkvxrs7qyqyv70kn56ywdqqazscvcqvva,70,455868.907276000000,0.000000000000000000000000,92062.775080000000
pool1l8pvaam6f2wj2ank46uywp32wwapqga8e8utve3mgzzuxksc3tq,14,448433.131962000000,0.000000000000000000000000,111809.146604000000
pool18rpw5dwfywfrzjuy7uzn2cetrw9v85aan8a80p3fdvtqcxykkqu,147,446949.941567000000,0.000000000000000000000000,73118.623240000000
pool1h2vtxz36m93e2dw9mn4luh64372t794qsjcpgt3fqpnycc8qh3z,19,445263.263332000000,0.000000000000000000000000,186228.237543000000
pool1w4am4s9w4gkt8r0245km62vtnnv9hhq6j68exzh2pyaxxfaq0gc,141,444839.403332000000,0.000000000000000000000000,84500.264321000000
pool1kcrr7re05pwesye0zh00a4xxnsrw5c29rd82fn4qecdcqu5rue3,78,432365.418307000000,0.000049000000000000000000,204294.292118000000
pool15mv5w2vvfv2kplkrt40ylylyvdudv5axq5nyw6ln3v0gkd2auew,317,432130.574253000000,0.000000000000000000000000,51706.537086000000
pool1us8dkk3y8j00qq5kscxxklyzwt74jgav226s2rtgaqxek7h8vc8,78,431380.391695000000,0.000000000000000000000000,248962.861246000000
pool1d70vllztcsgx3ku8h5vnukzz2a7lpzjxfjmuqqvxtj9kq27hygs,88,430364.362995000000,0.000000000000000000000000,282603.014475000000
pool1qa0t2lecmzmvzn6z7lzc439wvlgz0x04lvnqcdyzv4gywz3qehp,9,429249.821592000000,0.000000000000000000000000,213896.357874000000
pool1dgmuwu0txducah4pes4e2avlcv98wedml33kdz7ujtrrxk8xv9y,20,429042.746033000000,0.000000000000000000000000,146005.798963000000
pool1q7k8mmnvsgthp94hpn8jrnacjewplvywq70eef90fv4nu7gedzp,53,428471.414732000000,1.2453080000000000,195052.847692000000
pool13qe6ycacqjg3gpvjewg8734d6hs6rhduuenjtnnkwh327hmtyz5,27,426678.775927000000,0.000000000000000000000000,229091.064799000000
pool1v5g4rmkk0394q6swgfusgzjjzrv9ajy8qntgpuumegka5xhpgam,23,423220.779415000000,0.000000000000000000000000,150001.615662000000
pool1h5jtxde8j86qrnqzj32ugn480u7gw5xw8wqy5d227rl3vfg58qz,94,420506.140854000000,0.000000000000000000000000,153741.171010000000
pool1ferfwtmcjm9rxc00ugtdwrm9m042jf4xjvse6a8u5smxqt0pwnx,74,418850.781099000000,0.000000000000000000000000,210532.167541000000
pool194lhpd5e6a8n8n0zce5hg9f5279pqecd86yl0ytf8nztk2x9unv,52,418333.605313000000,0.000000000000000000000000,298292.219642000000
pool1ywwtv7clgpjs88ysgpcntc6gemlrsy4037eulquswmtlv55cuzx,609,418171.927930000000,0.000000000000000000000000,51238.625301000000
pool1xcn2yddehm5ncjx0p24vkguth4rta7zv3getcztflxs3kh9rexd,207,417585.782689000000,0.000000000000000000000000,137159.607641000000
pool15nww4436eq733eypdq7vnllsnqyrwftw434xkvpm2mc2kfue2ux,686,414937.717852000000,0.000000000000000000000000,23243.986087000000
pool1lqeg5d3jpwr3nvra568nk28sr8lttyr6cf4yyssdx6qtxea9nmr,27,414320.838542000000,0.000000000000000000000000,280763.502896000000
pool1etgtwnwu4lmtw0dwdtmjvp9fh7wx2fk4e6jt725ysp5f7sjd5vy,5,413438.823115000000,0.000000000000000000000000,413438.823115000000
pool1grz62pdyyakffeymsjxpkz4x9382y3zhfa8zu28tk2fpqxm6p5l,971,412625.200468000000,0.000000000000000000000000,112968.952080000000
pool1gyrvar6gwyad7u2rsryeg49dgqtsp99k4903knwj5eq9qmu5jlj,12,412624.975971000000,2997.8255670000000000,100738.510356000000
pool1hc8y5s28zah72qsnnky93zxqcqcrvav7hz2l3sdj5gk5znztcty,8,410338.586945000000,0.000000000000000000000000,154321.662279000000
pool1mrxg6svcug7mc459ce5zum4qd6p0hkfc08jzpphxfnxzz8yf7ll,91,410107.644988000000,0.000000000000000000000000,150940.566042000000
pool1jzzacpnd5zu5ys29v4qjntf50vvdhn69wt2rpdquweclzayyrkt,3,409839.116432000000,432.2036880000000000,390353.075287000000
pool1upx7l0yrsxt4l94t5xfckahj6m7pt5dpmnx6u60sjxmn5p5mezs,71,408589.155619000000,0.000000000000000000000000,129715.354851000000
pool1r8lmsrdure385hz647kl2qjhyyxkdle4au5krjcsqed4x8227k3,383,408339.902223000000,0.000000000000000000000000,101512.604378000000
pool1dts0h87pntgmsffp6mjtnahfht2dz5zjjeeujhzmtn6wgctcuzd,30,406798.154837000000,0.000000000000000000000000,290603.369798000000
pool12u28yewx8ycf6dj77lzpj6vvhjwp6veh6kxpc63h8fqnqqtlwmu,353,404254.012921000000,0.000000000000000000000000,108807.119855000000
pool1z39sker5renxhep9m7z8aae2yh56940gwykptfcf053473mwy8t,47,403173.420488000000,0.000000000000000000000000,191887.984928000000
pool1zga7fc8swn5l4rha04ddq07m2rc8rh9vxqmc56j4k2l2xy4lw22,263,402203.877050000000,0.000000000000000000000000,209546.531108000000
pool1kxtzkv3ylyc48hgjqkwe93q2vkx67vgzag9tvqfalhwsjs43w9u,24,401513.453419000000,0.04611600000000000000,164754.828558000000
pool1dkt4rqtjs6j6d8snna60s2g002ddcj5h62nee59mvsznk20q300,62,401435.827678000000,0.000000000000000000000000,331837.038338000000
pool109k0t72eh8txza4ptnagnfyqkjnmfe60afmtm4dvj9lz7dy78lh,725,397092.709315000000,0.000000000000000000000000,20016.161617000000
pool1yl76e0fhq0kcfy2jqs2mt6hl9xeyrnesehqp0p4s896lwv7hrta,125,390049.868538000000,0.01053600000000000000,101748.077233000000
pool1wjsshqjpl3n6zlscnfvyy9gxklkav2dvfyprfye6l0kewyvv6yj,43,388413.794687000000,0.000000000000000000000000,195001.722771000000
pool1fcgm2ae0j3rmvghwa2064rfxcvugwa2qt89cc4jwtj0ecgh8na8,15,387669.218033000000,2.9281540000000000,244606.069275000000
pool17y0uw9jraxxtqk4mhgkhkye2v6jqzn84u8hl68l9xwq3cvm2vqw,31,385046.483764000000,0.000000000000000000000000,100154.551134000000
pool1e8vr85ank99g6fx2r7tjel2mh2jyfppnqy6nmp8vr0arys65n05,159,382355.861926000000,0.000000000000000000000000,124392.410938000000
pool1fd8qnudvhz2hanlccdsfrwdxmmwwfryalrmy6a6y62cgqfx3ujz,14,375299.015146000000,0.000000000000000000000000,182816.557987000000
pool1fu69ry8k9qxfque9hng3lxcq7g30pykg38mtahah8x4mzpgls3k,276,375193.517198000000,0.000000000000000000000000,33179.403006000000
pool1k6knum588fm9fe5tmljeytyx65rv6h5jn8au824t86zt62nyd9e,240,374569.604945000000,0.000000000000000000000000,109195.628856000000
pool1p2ldp00jsl5l9xpg9m77zavhqmw7amtg5nlf0jwudlu2zaq389s,15,373455.558605000000,0.000000000000000000000000,371037.294256000000
pool1e2a7hrepdkn0anf65djlmz8jpycujcg4nmfzs8w2ftvcvlnrw0g,9,372674.270119000000,0.30744100000000000000,340124.936684000000
pool1tah22gjtc7ntrdezv49hysegcwpzafea35t6f4hn3wr2y4hz3vz,38,365618.433152000000,0.000000000000000000000000,150000.000000000000
pool1qsxhnvr03tg6jj7cl0y74jd63n85fgejm8tlqq7ct7fexfygkye,7,362046.582584000000,48.6581810000000000,287571.225311000000
pool1cj8dxjjlyn9xmjavr98ytmvlpd4vwgqp36kq8rl6jjyt6k2adfh,1702,354285.072222000000,0.000000000000000000000000,101026.930150000000
pool18zn7wa345uytjgds9hypn3jugnzqtfm4cny7anskkcmgwwxtwca,137,353802.570623000000,0.000000000000000000000000,110485.787593000000
pool19k4azhj8tye5wwy5pfj7q6m938m8fg5nglds5dkhtfwnvcg3s0k,77,352127.902193000000,0.000000000000000000000000,172106.659262000000
pool1hvevy8qu5lwg7ul66xmzvwv8zwdgdradsg9ncvrflm7dvy407e0,68,351259.690906000000,0.000000000000000000000000,131413.515336000000
pool1zeya2r53sxmqh2ux3ssfsrqerergnw2hjxmp63r83ntwverpqwm,31,350005.562113000000,0.000000000000000000000000,231337.995820000000
pool1umflj8hjq873fs9r6aq2zvgs88zrs5xjswn2znkdaehlz2eqy59,15,349255.162694000000,1.6804910000000000,182652.034350000000
pool107qfdeg9wlpt9yntg7650kzval6ahl696jr2ca20763ukzr0tzw,6,345405.340022000000,0.00983100000000000000,256174.207993000000
pool17wsk3ww9asev7kfk9ktfw2cxcq865jq2l796aue66xldwx6cy82,8,340856.522177000000,1.3680560000000000,334956.217463000000
pool10xmmn972gyza7nj8q4cyy0vrpn6kqzmdz2ut7ynnc8d0ycxlvw3,16,340669.755001000000,0.000000000000000000000000,134523.813152000000
pool16fa03u6u85ek2q8lryqprngpahglssj5qqh66pfaxf34vgu5rhl,888,339749.945826000000,0.000000000000000000000000,23186.282485000000
pool1huyzkfxwnttj7r4530hv7gc5v6mzk75vuzysc75aemu85mae9vd,20,336445.806625000000,0.000000000000000000000000,121487.808872000000
pool177q3zxxyqzp5kffeh5jxssnxk7rwnpkf04628kcsf0cyj6jaklw,48,334875.368758000000,0.000000000000000000000000,227218.736766000000
pool1t8dkgz58qcqlak6nn5l5j4qqwvewwmjx85fxtsykk6w9j2e0ng2,71,334738.573760000000,0.000000000000000000000000,174687.310040000000
pool13wtywenpwvg5snncx5zvxevvry85cp3c9nq0xlxlck9l7qh2spx,9,332041.966123000000,0.000000000000000000000000,319376.490576000000
pool1yemdr25t4g3ev038yn433dt58d8p52nee7kmcykjlhye6hshu9m,57,331734.297713000000,0.000000000000000000000000,78693.153481000000
pool10q33p4hx4wqum6thmglw7z5l2vaay4w6m5cdq8fnurw7vjdppcf,26,331018.084665000000,0.000000000000000000000000,293408.518544000000
pool1trjvzzska2mnd8xjxvjz0kfart6cfsj232kk6ghrlnc7u2xyqx0,2,328039.053236000000,118707.045047000000,209332.008189000000
pool1esd3cqme3zzvvdnsx3p6ywudn6p86mqyz7fpvqpegxv2qzmtes0,40,326982.160524000000,0.000000000000000000000000,118658.359959000000
pool12m0v0myprg2nfvlymzaghvjrzhnlzkh2psn3sur2nhkj5wpkdmh,93,324924.254520000000,0.000000000000000000000000,105249.809991000000
pool1qhs3cf9ymc2nvmrd2j8cs36cj9jdqgnqk6s9ngyvy2lz5s8rak8,71,318648.717299000000,0.000000000000000000000000,185597.641261000000
pool1sghwg652uwe7ksmk5laxxft58j6km6prahvnddk3s6zgxek5qen,37,317881.395975000000,0.000000000000000000000000,78372.871441000000
pool1haus36sw7cwyg8jdeg882mentse5txac7fmeew8ketuwky6q602,26,317519.140334000000,0.11424200000000000000,310134.712369000000
pool1smfwu5w54mnxea6dg7gwmkk6df8jauuf4h2x0cqew3dk2lgln2t,410,316435.626221000000,0.000000000000000000000000,58783.062917000000
pool1qn77pnnf6cf22qjjfd2kadudmdc77rw0uxked3m2arnn2ea2f9v,14,314911.393691000000,1.3802400000000000,211841.173138000000
pool1stvux7an3kp2p55na0p7eec2e7l66gqcpuc7yu9cx5242g4j2eh,17,311173.758574000000,0.000000000000000000000000,85602.283575000000
pool17r3u34ywld6sehe9dd5t40ygq7rmc6yfw2k0h0hpllznwlmwsnn,118,304288.207793000000,0.000000000000000000000000,150728.926436000000
pool1zvm45jj5wz6kgfr2xfg75rx0auzxaedu4ulddhnrzk4uwuyuvpn,63,301880.927306000000,0.000000000000000000000000,52379.481604000000
pool16wt6mzvytu9key68efv7cx6zfkqn0d9kzlnt746cyuv0zj3nxh8,8,299763.415108000000,0.000000000000000000000000,190469.500851000000
pool1xdgzul0qespnz56zzrckwf4hcryyql9ypc4tya2dlu9a22h43ag,45,296677.962658000000,0.000000000000000000000000,133219.516347000000
pool18mgmqghey8az6duffc6e9tpzwxsquf00wpkl0jr8gvqxumkg4m0,22,296430.243104000000,2.2075860000000000,131685.824100000000
pool1yuq5ck8d6fssa3ju004wn9nap3ll06hd60a6tau4ptj8sqhtgsn,25,294942.088687000000,0.000000000000000000000000,114519.310228000000
pool1ksh2zpeeqe0rpcug63up5l66g3kr5vf58jraeun82rur6m4g6xz,114,294462.477079000000,0.000000000000000000000000,125859.679272000000
pool1eucxv3gn8lk93fpud5d5n5e87nr0j2udvnjnm99q8eqrucmj25d,3,294211.598784000000,101.9016580000000000,171596.076273000000
pool1ksfzungz56vxa9sy6hr54v5hf6qx8rmcu6734gqm3qlxucveed6,212,292059.534341000000,0.000000000000000000000000,102351.822844000000
pool1qzz0flh92qkg0mjufaw9j2zk72lmvf5n2kuaslk4f8j4ze362w4,659,290937.633211000000,0.000000000000000000000000,59051.783551000000
pool12r08n33avu33ncstukwxyr440mgaazmuclay38v0yt34xytu2dq,66,289609.072854000000,0.000000000000000000000000,169935.741433000000
pool1p693mkpyjphqedgje9sx5k8dzaqsusmw99vh26gd8aszjzkajt4,27,288991.543743000000,0.000000000000000000000000,207592.363732000000
pool143x8nhnr3j9mpzvhayuaen0y8l350guj6yd8mhmhhuupvuah3hh,27,287241.811996000000,0.000000000000000000000000,121290.025232000000
pool13s6u5zjngelr5uddhqygqqf5tcup0g3ajenma6amy9zuu7e97gm,24,286232.932027000000,0.000000000000000000000000,213929.346514000000
pool1sj3gnahsms73uxxu43rgwczdw596en7dtsfcqf6297vzgcedquv,22,285342.826064000000,0.000000000000000000000000,108690.673988000000
pool1qq76dtlr0m9g6xlvngzq550j86cgtslphyjffz3pgpn7wazatdc,93,284305.852507000000,0.000000000000000000000000,140968.349433000000
pool1fdgzsd07tq6t7zd44na0a72kz6gpedp9avny02z7qsx9ywr3le7,1,283765.913576000000,283765.913576000000,283765.913576000000
pool12hhrd4azpps5jxppcqs2pgtylatg7xkhaqmnetgv2988k3t4drf,22,282711.958761000000,1.4013030000000000,263096.488651000000
pool1qpuzf5kcxrmuf6qg2nnu9cs7hj2d6ke3fwz58l7rlefcy50caaa,16,280981.069506000000,0.000000000000000000000000,169688.591312000000
pool1gqk5pzqmrc9c6030m5sj2s3560ymm5ymq3hqjmz6vfdmx4mw5gs,46,278280.269441000000,0.000000000000000000000000,75802.952074000000
pool15hx9hze8ulcsw6e7ceelz2pem2g3u9c29wqe4eszkhspj3wcdlx,1181,277827.024426000000,0.000000000000000000000000,31293.644967000000
pool10c9l3k0z50ytt4krkfet7w3gwpv9d9nq47kk9ecy2c5f2uyvkgk,294,277425.307392000000,0.000000000000000000000000,206160.084147000000
pool14hsxa2zfwzvy9ncdjwnx0xkcltjmdydeayxfju7suuuewv0dnke,28,275936.169063000000,0.000000000000000000000000,74073.485001000000
pool1ktkhv4sw2y68d4xgfg9sjw829kejnvnh5zajq6g7jycry6cd7h5,89,274782.616206000000,0.000000000000000000000000,114667.933223000000
pool1yet04d4ykpp7me8uc2jx2glxrx88kt9uhmv6jeh7xkmtu5zucna,220,273924.972053000000,0.000000000000000000000000,50232.971352000000
pool158ag8p06qm4apd750ekep6een9cdldqsq434ll2mp0ykgunmguy,22,268089.017031000000,0.07269300000000000000,231740.012717000000
pool1lllmq2jgcqrag5c77lpc5m34fsqn63leadyx9tzx842n66ly3ql,58,266654.902167000000,0.00214700000000000000,121394.538178000000
pool1gqf605yxhmyfasdjhf8yxcesztgzuek9gfuvy2dnyj5cyp8zga3,63,266409.395473000000,0.000000000000000000000000,91378.586629000000
pool1ut39vczq4h03vpzfcn7ssxa04qzkyj8nxu4nq4rfv0nsxz39c5y,15,266010.118257000000,0.000000000000000000000000,63944.822898000000
pool1keasvddt9vndl8jyhg204s6kqusv5zgzg3kk3l3g949ew402ahe,70,262893.514129000000,0.000000000000000000000000,186133.195214000000
pool1w2duw0lk7lxjpfqjguxvtp0znhaqf8l2yvzcfd72l8fuk0h77gy,38,258014.954087000000,0.000000000000000000000000,136876.776978000000
pool1qdjx5xeeu6288ftmhmdr0c6mazkua7m07cydmr78ymfhz7jj7g4,133,256041.110069000000,0.000000000000000000000000,50953.256607000000
pool1zm5nqvrdwmslk682d9qemd9fn8htg2rxlprxjuh0ae5l6sqzz3h,5,254672.356471000000,97.2574320000000000,153615.322601000000
pool16cy45uggzv3ah3s5m960v9vuxlx47sfnezpszuhcwl99z7nq8kq,312,254080.938681000000,0.000000000000000000000000,154690.504761000000
pool1hlu9mdmcf0m9mqkq7apxsyalhd2nr07rqyhh8mgra3wzkva2d3p,6,251810.672202000000,288.3175740000000000,215343.737412000000
pool137cuaqqktk0rhh3a9zj4rchr75qm07pgzgekprle5qyq2xk2nzq,16,249191.012203000000,0.000000000000000000000000,96009.839518000000
pool1nw42xqnaplxsx3fq4ytl4x4qqvhs7g5uymnm906pfvx5636fglw,35,248771.711524000000,0.000000000000000000000000,81599.839615000000
pool1quj6cp7w4tarq7hrcdsjxlgcmnunm2xvnpvmj20l9nplue6rjxx,80,243655.859835000000,0.000000000000000000000000,109464.044741000000
pool1wxpzjtfr79pdfs6m6vg6xmcqjh79ff9d6sgzfdpvs2q26swahew,7,242077.826388000000,0.02325800000000000000,139889.435978000000
pool1n5kljtvdhg29vrhr6uefqk76dpepzfwuvsw8zd0z5yqfuqj7x8a,7,237648.687677000000,0.000000000000000000000000,211833.431655000000
pool1svszcjg5xaxt5mq7ue2llm26ndt74dslvev04g6kwdmvyf0t657,35,236553.693594000000,0.07280200000000000000,104185.463824000000
pool154sjkrwdu80wp6mnjvkwk55aj53l4v37z4zwulfak74vcxg60x0,66,235983.842488000000,0.000000000000000000000000,85340.437536000000
pool1lr9vvcf5r5jgkgv5ly7z2lh068ymzg4xmqk5f8pu2k23vt25x7a,84,230826.869406000000,0.000000000000000000000000,114591.593746000000
pool1wdzyy2lwc8rd5y9vxwkyxpv62dsa270jepjgy9fa3zpqgeuszun,5,230572.257588000000,6.7844920000000000,222510.265125000000
pool10ldeq0mccp8t4gfmvfkwmfcvh2pvz44hj2hmewfpk9udjxug58y,14,229032.609861000000,4.1773390000000000,149741.794170000000
pool1pdqcefsvu9mqxfalj5dywcfyymtpqpjqhlnxl99ds62pxv5ungm,10,228454.765181000000,0.000000000000000000000000,113836.388131000000
pool1qm06f4n2hwgeqzm9lsc3rdyqcsvtt2d7z76carwxjv0e274mu24,15,227074.049923000000,10.5178000000000000,126423.764165000000
pool1lxhlu48gq0606mj6k20mh56zz804zf7narxvmty4pd3mgee65e5,6,225623.693336000000,522.7188100000000000,181753.852207000000
pool1d42r0zln3kvvc54w4945735gnrm635as8hj8zy38tjprw2l49rd,134,225190.115885000000,0.000000000000000000000000,29279.947701000000
pool1ah9fqr5pwdtjtw82nkkcskak4vtc2xjz70mkyselzvalgzd3jlt,5,225014.805381000000,0.000000000000000000000000,201027.557835000000
pool1yrqqa03ea5fdh5hnap99k4actjtj6ypeeauuwrvf8d3zw9ywvye,28,224703.653316000000,0.000000000000000000000000,105784.616973000000
pool1dqzprrl8305mlysnh85znqpe22lg0q2d9zest7jjhugajuf46kv,73,223967.151297000000,0.000000000000000000000000,62651.803459000000
pool1ddghnthymd3duklvx5pfunymqg29xe4vlmy89u2efyjdktn33kz,32,222617.849963000000,0.000000000000000000000000,87617.718877000000
pool1ey0gxeyesszrsshc6zjlzamr7z0f2d29e3ut0ppg4j4gxduyn5r,131,221668.401503000000,0.000000000000000000000000,179580.003046000000
pool1njs7jzx60aht6ws459434lsx37gfmqahwr0uu4y00dd3wwnggym,25,220643.717226000000,2.6787040000000000,71336.150869000000
pool15xgej4c7ns20y5pt7dc5vq6yj87ss5sl2ffucmh5j766j90ppur,101,220442.909082000000,0.000000000000000000000000,92185.729027000000
pool107attaqquuq5ne2ch0hx0qcnlkzzr2683s4gml4ywnqvgj6pak9,8,218828.145675000000,0.000000000000000000000000,166314.026020000000
pool1442wwr8zzdpcu8uwnglackzr3u5ggrmfxsjja0s7aef66hk2fuc,54,216506.478071000000,0.000000000000000000000000,89416.102908000000
pool1we9umarzn0l6jp8mcm98y28lxuuzcurzpjldnjwtgdhgw068mnr,70,216197.962758000000,0.000000000000000000000000,70636.722514000000
pool1wewygdzelh9m4m0kj8u70pmr957lxkzl8km4mttsrdd7wht00vu,20,215018.768381000000,0.000000000000000000000000,102496.155917000000
pool12pk63q22re4up2dg86tyjwthuauqu0ryq3jlxs9v29zk68cpugl,60,212807.100785000000,0.000000000000000000000000,72042.726353000000
pool1zt2d9aa8ck62uyy985yny47hr0f6cmf2hnxzke0up0lc7zcp65f,73,212451.354895000000,0.000000000000000000000000,110084.671056000000
pool1692dxqqcsavymwz28w44t2jhyjnakvj4l3gwz2dqrarmc2k6dkh,213,209741.678183000000,0.000000000000000000000000,88366.214947000000
pool19n5ml38q5uedy8kgwwwtlsa3p9tmfcef0lfjp42k7j9d5mpgs2m,622,209459.407609000000,0.000000000000000000000000,35321.012351000000
pool1qcw5gq4zsxupu33q4g7d4hqw87tmlzclqut3c9wexczpwfmqfal,32,207990.149846000000,0.000000000000000000000000,50101.615209000000
pool1ct59zfxfvtv74k3mmukq5faq7kc48wuxrstyxtd02pxluwf6mkh,168,207918.487826000000,0.000000000000000000000000,103003.332954000000
pool1kterawv22xya864tqjy9pq2ftmuptlggywtqt3p7adexg7qyl6u,35,207263.261787000000,0.000000000000000000000000,129872.193197000000
pool1l4synes9s3swlf5r5rsfpede3582r4km2wd94xctceyaudv9zx3,99,206886.403484000000,0.000000000000000000000000,30072.418144000000
pool194usk2h8vcq6yw89xs5asrvw22g08kcfy72xyfrnnkg6qrhtlfw,143,202845.858356000000,0.000000000000000000000000,46230.833523000000
pool19xyfanyp28j6j07dxgwdjp0wur6seqmyyu64qgzstzl7s47pvpj,162,201829.717106000000,0.000000000000000000000000,48141.973906000000
pool1svv9st22dywp9exwsltt7cdc4v2dyrf4zls00jesv2lzvpz45jh,154,200771.679284000000,0.000000000000000000000000,23241.978826000000
pool1wll3vr4v605eap9hpjfpda5cjegqfkjt8hrz3kkxpnffqejhav3,154,200606.763505000000,0.000000000000000000000000,101919.707375000000
pool1f297l6rl99h5v56x48j4pgza70ya3lm37yzu0njpcnsljqdd4dl,28,200563.118706000000,0.15575600000000000000,133726.832694000000
pool1re8cmjt895tpx8dx2veg0cew5yqtxnt82sll03e433a4ugnh9w7,108,200138.319728000000,0.000000000000000000000000,120172.446141000000
pool1zmtm8yef7725p9n7x433m50kvv9xpzjujnny9m5t960g5qm30ua,62,199279.998464000000,0.000000000000000000000000,74205.387869000000
pool1u53apdhreh9fjmxtrctx3kezhjduc4m2f7cfd09yd7p6jkc6k2z,15,197902.794041000000,0.000000000000000000000000,65527.841700000000
pool1ee3fptp2m7z8a32yeg9cwq4kvehh5xeyv2547u2rqz85qqxaxnc,6,196488.531772000000,117.6185420000000000,72614.827891000000
pool1u3d2q48xqdge5kejkctwehlcz40vwm65rc0jed974zc6vfd4clc,8,195280.425929000000,12.2296030000000000,168948.388879000000
pool13q9w8c2namcec725euu7pfjnzz2fj9h5k2wjtafysnwnqdcrwg7,8,194794.720323000000,6720.2138720000000000,52839.154872000000
pool1nwddjgvjrke3e2gu6m0a7y04alhgcx4egec6dd9gahr5sz0p5u9,33,194562.615291000000,1.9563780000000000,64314.117021000000
pool1luyjjta9jja0nvh4wzqt4jvtesrlt893dj4c7x533dvfq9zshvp,8,191003.279258000000,12.4909260000000000,168333.583602000000
pool1th6xh9uks6rywerld5aya0gc3yswwrx3yus9zvehyqaky5c6utd,24,190286.433089000000,0.000000000000000000000000,118064.910466000000
pool1w0s8vf9qse980vulgszvusw3800d6dlc7wkusr0aqvzlz75qgqg,31,189885.524547000000,0.01238800000000000000,67222.564891000000
pool1wdrg5vtv3nrh0mqmfua5qmj5p3zchzay2cz80jwfxxwrx7gp402,9,188268.451528000000,0.32663500000000000000,149110.159045000000
pool18r2y72aue5nmv489xtnfxl36vzusq95qst6urd87yd5hgzms04c,171,186796.786232000000,0.000000000000000000000000,40120.771918000000
pool1a44j6jas4sjhh3qc96r8rmhsdjxjuntuzxr3440jzwjjcysl9ca,707,184938.980927000000,0.000000000000000000000000,29916.707329000000
pool162343gl83jtrskacz2cex7szf4yd5t77f5nd0e65fg78ztppuj9,177,184273.897312000000,0.000000000000000000000000,39675.803447000000
pool17am8pt0vu7zp8du7edlnz7x9sq4pln22rsn802gkr062vtp6fdp,27,182854.800559000000,0.000000000000000000000000,54728.698871000000
pool1wyu23ahrnql8hc0y5jx00y2evnmw05d2rxnyqlgqq4lxs93q7ue,11,181687.147146000000,3.8661970000000000,178983.746949000000
pool1q6lzp5x6tqg04chsxakupgq6x829nsx2dk5w8h043fnajm8d3uj,64,180484.658000000000,0.000000000000000000000000,40269.569033000000
pool1hkumvckq9l79akgge54ugnxa4n86s63j6jvhmvx5g7cgz7nc6cs,13,179195.680636000000,858.9552150000000000,20382.532084000000
pool1d0vm9y545l3y2g9pamx45k4e498nllhd8wy4289vw8mt70am2r8,67,178193.794104000000,0.000000000000000000000000,42915.056796000000
pool1ha4z9zne9z7he43qf0tzv9pdq8cdj63xfrj8s246u89lkcwmq7w,111,177702.961511000000,0.000000000000000000000000,30070.116694000000
pool1q5sspejl875flc0z6wh9y9zxkgqnk0y3aaw8jc0pkxs6cpavm4q,43,175533.083680000000,0.00361300000000000000,60861.621313000000
pool1nyh6jcznks8wvlek7r7rlvg9hfchfqqyvup39ugkmr6kghrl0as,34,174503.495197000000,6.5676230000000000,97800.772960000000
pool1rg8yt3kqrzdch8edul6fm7n6achgvfyg8n6zhrpx5a83scz83ys,15,174492.468281000000,0.000000000000000000000000,173264.811663000000
pool1p8ap6v2k60kkav3hqcchwltxhuwpfw2qtj8txcw4scp76hdvgmc,14,172856.753897000000,0.000000000000000000000000,48840.228889000000
pool1tqywsutw3wtgcvzrljdacgwmv5kfzm8f0ladml5frkckccd72gg,3,172769.951176000000,5348.2019800000000000,159453.343856000000
pool1z2m3n779dyqjat2m8a5vl94nrl43xm2tlk8dtey6txggx0a6fyp,889,170296.006034000000,0.000000000000000000000000,26147.835124000000
pool1zdl39pvapcaj5um8nyduaq2vmn64dqwz4qlhnzurnca8zetk74s,11,170037.220024000000,3.5732800000000000,86302.395663000000
pool1n5ytegzw3enscfw4t8wsjytrz228agvm9c3xaarce7pgjzftdtx,26,168986.002302000000,0.000000000000000000000000,113329.678139000000
pool1en2f7un7v3rjyhqkeg87d27nvsk5arnnva5tzx38t0lpv7hercz,39,168773.366161000000,0.000000000000000000000000,56413.129214000000
pool1vqq5mg8ccqemjr5ukfa48a767dqjsa7nas8xnpf7huvcz7amlv9,15,166746.845126000000,0.000000000000000000000000,101050.495749000000
pool1777xvdg0vydjp78cdcfrmpuqj28w3nuasf7h9a2f6cd4z990777,43,166200.435922000000,0.000000000000000000000000,78018.220396000000
pool1h40xjqda9wmw9cff5jss3ww9npujkhlvg6xjy9l5ujsu5rqlw28,49,166016.324456000000,0.000000000000000000000000,92082.459204000000
pool1am69d5jfzgjepwhseryw59j0lspn0c0307shw3v2cvfq77gvnrh,3,165334.440267000000,102.2322640000000000,126821.367361000000
pool1fk7lk6x7j6jkxuvl0het8nmunra4g7370mw29f286dv9ylegutq,41,164844.860881000000,0.000000000000000000000000,72250.612667000000
pool1tnymyv08dl3k9wyfz040vq626542ztm60wwyu7szwl5l6x9h3vl,50,163982.723869000000,0.000000000000000000000000,26430.390041000000
pool1meljzszklf23y97ka5sjqwasnel50xe5ar68gz70slm0jmt2wxs,159,163681.665501000000,0.000000000000000000000000,101709.091866000000
pool1jm8s3r3xq4kpawavy096rqle964exle3lxwnpvx62wjnwadwd5l,57,162770.704483000000,0.000000000000000000000000,100664.155090000000
pool1jp67hct7n86tdkr7qxrfh3q0xl973rl6986aawxkrqz6wq4ymc9,85,161413.936163000000,0.000000000000000000000000,37537.310015000000
pool16l9ph0cm42qk4h8wqlka3fw7ws7rvnj5n59xzy8ky4l8gnudugk,18,160682.810815000000,1.4007500000000000,112326.699912000000
pool1wrjg8fts9cus0eq8jyf5wqsfe64e8tvrquxgff3tyze4qal4hwq,15,159889.803976000000,0.000000000000000000000000,90931.347803000000
pool1epqdygzumryx7w9kk5l76gfjsvzuesmeh3u3tfjmmdsw65ja7k3,492,158817.921832000000,0.000000000000000000000000,55148.082432000000
pool1qxpjz94fpwdwnltngf036yjkh63nrl55xkshug56aukqqwn6gsn,41,156499.369979000000,0.10565000000000000000,51233.350026000000
pool1pv4hhvy8dkvllr706q0lpyu9py6lcf6zddl4wlynwx3cglxajmg,23,154327.618619000000,0.000000000000000000000000,58366.089060000000
pool1fl0gdfcmzg4jf3hw839epdteuazm23nff44vddap00r0sm5gvvk,26,154254.789227000000,1.2072770000000000,44082.771389000000
pool1sx4e8rvx2xdxgkww2fpjtmvrnaftfrtfge29xcn72hh7kch5snf,35,153769.127108000000,0.000000000000000000000000,99517.019237000000
pool12kdg7dmdfh0t9hmy43pvl38ftu5dvppyn86wgkc4jq8557xkyz7,27,153210.767700000000,0.000000000000000000000000,48882.892799000000
pool1jpezycd8q3l6a255dv8wt7vpt4aay8llqakdn7vkum5swes4hu3,149,151545.903153000000,0.000000000000000000000000,37518.783039000000
pool1axeed9wqmyvm8ttgdkpazx5dr0e6ezhucnzarpua0zpdg8ycqwl,5,150990.903879000000,0.000000000000000000000000,100496.838386000000
pool16erldmmx5nvrwncujtp6lxs9tmvgxcpthd600pe6axm5z3p6522,3,150579.998006000000,2.4801540000000000,150564.576546000000
pool104ylwjrxvrp87r7769d6g6agu0ydxsn6hgmqjdsrf47e6j2ek46,7,149347.013261000000,0.000000000000000000000000,67034.141747000000
pool1a9xyvnnfjnujzy0n2mpf4rztdwrssraw5p5f06mqlgn4s06z0nw,13,147819.054377000000,0.000000000000000000000000,98756.252805000000
pool12d3th585ga2w593eu5zqnkahsnlczjpqxemjc0qhku7awnhvn8a,10,146097.528334000000,0.000000000000000000000000,124064.779310000000
pool1r6dzsz6ju52hgelstefrrel4y8fsyt8ck9qgfvvmamgns4vh7w4,9,145665.311874000000,99.3602860000000000,128412.213465000000
pool1ch3k0e07dhqwum847sa02cyecrp000a6egdx89fz5rza230jhlp,63,145545.807951000000,0.01364200000000000000,20250.847766000000
pool1u60gvu8qr69z4vx9wuqelxfhcuvjuxuvxyj9edf8rkmns0405ny,7,145471.448917000000,0.000000000000000000000000,135553.858854000000
pool1fsck5keruz5n4qyes46s9rvrnxcrn8hukemgxazzlxpp6g66fzh,7,144259.481021000000,0.000000000000000000000000,144159.333029000000
pool18c2qgn5fv5vfhsvqjvn20j943qjaegs0dylgpsmmwz2lx03n76k,50,143448.361550000000,0.000000000000000000000000,64343.391919000000
pool1456lrrp0a3gsgkmyx0rm8wkdmdku75tfdlu9xvpffvxmqmjkwee,18,143402.138467000000,0.000000000000000000000000,82373.597966000000
pool1ls80gx9sen3qc7s6c7u2ajw6hk8faqanljugcg5tfukp6qscetv,279,142365.633248000000,0.000000000000000000000000,67310.750041000000
pool1t93hrmha847r5gqazttyg29c9fxfv778w3kc5vf4q7vu5g4ec0r,13,141219.056248000000,0.000000000000000000000000,86147.254663000000
pool18vyjg6jlyt2jywae7ndzv0f7xkrsexxgyhunxrlgm3zaku0327k,2,140793.121550000000,74.4536290000000000,140718.667921000000
pool1my7sevxtc4dfvj626q0ujqqukntfa2v0uuydq6wd8x8hvml03rn,167,139685.987490000000,0.000000000000000000000000,52276.017703000000
pool1n2j7zmw69gf3weqp3wae234p3lykjks49c84mleqgmnmg4jht3y,38,139178.039844000000,0.000000000000000000000000,50103.811902000000
pool1c0p84nykx0m4yqs9pkvlgagh3nlnrn77d5zed9kv9ktljh2cjcy,222,137891.848322000000,0.000000000000000000000000,33002.838338000000
pool1fn8mfqp4jt6097ygqrze5rjzg3y5s8fktxszqgs9mg22jvr42dx,132,137640.896238000000,0.000000000000000000000000,54144.356744000000
pool177ukluyy3tq6mphkp7kfpe6ku48rs8x48le7y23quee0xqmal06,7,136190.181931000000,0.000000000000000000000000,101928.397743000000
pool18qzks8vdf0yu0u5ccf8aaj35q6zfutdcfgrssuvdjmgtyykr922,98,135804.151650000000,0.000000000000000000000000,48872.694136000000
pool14n6nrj7rdrcxhwlzx5kytt60pqwnzjm97nuczrpa0ucwzyx2ule,4,135461.022513000000,8.2551510000000000,131922.305800000000
pool1psr42v6rvv3raeqsg9ru2zy5dp4cchlde8hw9xthrpstx5wz7wk,194,135234.941280000000,0.000000000000000000000000,31126.016392000000
pool1wccveh5l4gvns7egngqdd4qk27w0kxqc68jjrnnkgjxz6zwt7ws,18,130727.964455000000,0.03686900000000000000,111015.254260000000
pool1yff3j4xqhmunrccjsdh0u9qxrws7xdqhagjx5lqktklwj67u5s3,33,130679.093946000000,0.000000000000000000000000,47458.447992000000
pool1zxklu387uqpzpteqfk48enkuwyjvq0qawc2wvrdym540zk0yqps,5,130379.542594000000,0.000000000000000000000000,123348.132982000000
pool134d4ndkh0q43mykqh922k0khrrkm7rlpkj834ju6kwja6dmu2f6,10,130330.213471000000,0.000000000000000000000000,101924.263286000000
pool1ap4k28jflxcyekms0rjp39ruuydrvwrek2ca267w8mwyvknpx87,4,128053.127031000000,0.000000000000000000000000,124497.618310000000
pool1hv3yae6keeeu2y7eusejx4swd2myfkurldt7lasn2qu4xk20j8m,110,127621.164789000000,0.000000000000000000000000,33293.638011000000
pool13zdrhek6m4n947grhrm0772zt09lrm2vzkffsla25e7yq6xqjkg,40,127455.459705000000,0.000000000000000000000000,50501.269393000000
pool10ljdn3zwsh7vjkxf6t250423l5qy487x83st7m8a53jxznrkw5g,65,127062.598890000000,0.000000000000000000000000,23718.724321000000
pool1sru6yhj5q0zvfyyuappgrvssxzjumjsd3ekyeslhvwmv6hmmxzn,114,126432.148131000000,0.000000000000000000000000,22866.845458000000
pool18lc5x7fma0zsdwl56fa9rw97ayzc4kdue37sncrtdz2e7xfa8y6,2,126315.081491000000,1.8120150000000000,126313.269476000000
pool1ftfgs9lp0l4l07glvemrzu86pqvxrvzsn85lc3hathlq5ddsw49,6,125251.822204000000,0.01843100000000000000,88650.479156000000
pool10pvwz69qz468m79ysw8qjcav5z830sv4zmeprru2n4anyuxwj9l,6,124124.412269000000,0.000000000000000000000000,124123.394654000000
pool1yz3fnqnsqhqpkc2tjqn4dkws8nnr8a5kcs50g780nh0wk8tgnp2,97,123773.843717000000,0.000000000000000000000000,20701.942925000000
pool1m3wam7j8xjahp5mq03rfkcfcy45kevzfyekmdy74x8ghgpm5cdz,12,122680.092731000000,0.000000000000000000000000,39868.361405000000
pool1y0lq6rjckxxly36gf3wdsxzjzg97mq9c90una3vfq8pu77g7zkf,255,122182.751402000000,0.000000000000000000000000,11220.496124000000
pool1rhq7qyw4y2s80gstyevm6rhz2lsdsrcstawunxx5eld8csvuvlu,98,121739.556813000000,0.000000000000000000000000,43925.288827000000
pool1nss40t2xhh7ntgp8ca73u2xd8kzyn3dgtf9jfh0y57kxul9zt82,19,120242.545265000000,0.000000000000000000000000,80028.130246000000
pool1p00qq8zftf8m2ll0r9d24fx6tq7yzxzy5teltpswl7zew5m7nqp,60,119995.094570000000,0.000000000000000000000000,84913.638490000000
pool1glll6eskvg5f4jcep5trqcgqa8zpekfv8d8a6jrprvcwum6u5jn,7,118601.406911000000,1.2005630000000000,101693.440335000000
pool1u32s3ry3vjhqwhcrqz7p5u35cvzrx4tvdwydgvq6qm8720qrg0s,6,118423.871629000000,0.000000000000000000000000,117773.344840000000
pool143nv3macakarny2hvg67gg00q5j2kdg6yfvcmefqmea3vnj0nex,11,118058.483630000000,0.000000000000000000000000,79868.367751000000
pool1qqqq02jxq3q9j93devp9pts90ctm8w3r0rgek97ngujpjgpw46j,12,117524.094708000000,0.000000000000000000000000,112070.783063000000
pool1ghfmak7eu4t6f7ep8jkspt586l828z54xnxfw732yxlngtny0uh,11,116891.017787000000,0.000000000000000000000000,56174.799440000000
pool1sxj5qufj25ssfk83jjxp4tw2py7vfceta63p2u8ymugtga9us8t,25,115904.852882000000,0.000000000000000000000000,109214.647706000000
pool1twu4rn366744tqq9g66ruy3rete6842z7nnm4vy0q5jaqd48867,85,115844.833743000000,0.000000000000000000000000,28669.881033000000
pool1dsqxx4ehzudlaygj5p75eptkdz3kzwcck9qrft4aq02a5vf8agf,2,115591.781291000000,1.00624500000000000000,115590.775046000000
pool12g6gfm5c4q7rzwwxdmh0xdxk07tyvujp6d9tke2m46k7q7cz7p0,10,114243.911768000000,0.000000000000000000000000,108363.281809000000
pool1qqqqvmpm9v2l0tkwx4dpzth3g85lapxjug2j6sucnphyqlt4fuu,31,113403.543710000000,0.000000000000000000000000,58923.512360000000
pool1wntxmftndrsj7y4aqles8knl3nfuyj22l83jun02yyx9s962gm3,17,113317.350382000000,0.000000000000000000000000,73803.037214000000
pool1qa2h3hha0m5he0429ym7tqvsn89nsddvn7wgkx3v8g6hsstdzc0,26,113308.222136000000,0.000000000000000000000000,107096.547646000000
pool1avrc505uzld32hjr78pxra8jtmxvwaxdttxq2zxsjearwsy0quc,7,112751.463570000000,0.000000000000000000000000,112476.906196000000
pool1f3qeehc4htjqpwv248kf5lfaumd0e84jtze379ev3ywa2w69aam,313,112406.906175000000,0.000000000000000000000000,13249.453298000000
pool1s79cqtwk5s24lcske704ckx7k2pagn8hc95rxvy3xfda6r62pg9,217,112381.856145000000,0.000000000000000000000000,17163.619742000000
pool10qrz84cvz95zg8saf43ruhs5ulczuuqm2d3jn6d8xkkkzgzfje7,11,112074.806511000000,0.000000000000000000000000,88771.874447000000
pool1263z8symvqmmsg876y2lzluv29am2v9fpzka9sf3nrhz7uwlzap,56,112046.797528000000,0.000000000000000000000000,20022.622602000000
pool1h9jr0f9evk3raxlljq6mt4gj7ej4v82afvnlc2wh28rwy2d8lsy,19,111191.476793000000,0.000000000000000000000000,106399.668295000000
pool1hcg8sa642l0xeygkzvpgn3sfj5s2yeuzpws7a0gypyy7grrjcje,77,110580.787680000000,0.000000000000000000000000,29141.042456000000
pool14rs7ky0p867k0fe9mk3uug9c6w0mwlz3sllh7rpwxcqacr70s8t,2,110503.354467000000,5.7351450000000000,110497.619322000000
pool136903m0kag2amlga2ypcz8wnf7d552qgy5t6vz2pqlzuq2kyshy,60,109854.739403000000,0.000000000000000000000000,23479.484756000000
pool1cdkv8070twtzhpeznc42wql8fre2edkc48watnuf2pmqcp93qjy,7,109410.883045000000,13.2406330000000000,50006.869925000000
pool1e96dkrs5msjuycwz4mf0kq6fytlz0x48mnrur5ggufqkzs2a4kp,8,108988.049377000000,0.000000000000000000000000,102025.067285000000
pool1l6hkustv67tynh66w46mys94wsxhwddgp28k3r5twwlsv80uw0k,23,108637.828994000000,0.000000000000000000000000,50926.150839000000
pool1t0jheek3yftf0a9dgzgr2hc2wttwrcjyd5whdrek4ggcc5famre,90,108425.614134000000,0.000000000000000000000000,30507.071757000000
pool1al783um2muyhrpcj779y46z0qtnd0nteu0y5jt7252nl26dt0h0,29,107271.662415000000,28.1936800000000000,23316.240359000000
pool1udt98825znk9uslz4v05gh5cd3s5e4g0cd9c4gzhcfpd2j2xm2u,36,106813.767655000000,0.000000000000000000000000,44566.574201000000
pool14f58kf59ec7ymk7mm5w07advfgs6a2guur3g5zyf45uvyvl80t4,23,105931.427417000000,0.000000000000000000000000,72835.405059000000
pool1r76pjed6q8k9y8lngcedqhv52zqzc2gczwzqc93x6kwq73xprtr,5,104842.014495000000,1434.8100910000000000,51913.570540000000
pool1jv9pf6w2fmjqpaekyt74tjkmjxhma8wsqs8ur3dte45tqdxe3t0,5,104290.789486000000,63.6263220000000000,101164.287628000000
pool1grhujlggx90ln0jcnrey4adckysxdx6rqfmx9s6fnhtc2g0qym0,435,104120.507816000000,0.000000000000000000000000,17153.126012000000
pool1tnl3yxmj8848vq6meduhz9n5520a7dwsh05r5gfyvlatj87k3jl,36,102660.614057000000,0.000000000000000000000000,42506.448348000000
pool13p725l7vqedxvkrstaq7myguewcktjglapwls3re7wakxdv90fw,4,101932.991787000000,0.000000000000000000000000,101930.707671000000
pool18q92uyx3973u3qt64nxf8p7us58gwkytrn0c3ed2a99s5uc9usc,7,101747.256080000000,0.000000000000000000000000,101675.061005000000
pool1wlzug8x3xu6dy60pdj6mrkcpvc0fa0cjje6fzxegl4f8ua97dvw,13,101624.051863000000,4.1367170000000000,100460.144794000000
pool1h0jfkyfqt729vxhq8ndxffcqn2afjhzzlwqecrvsufgu5sag0sj,7,101531.187342000000,0.000000000000000000000000,64523.305510000000
pool10gtnlhevam52ynwuzua7dqgv7vje4q87q25dzzfrjgw3wwjk2xw,7,101500.857040000000,0.000000000000000000000000,99675.866540000000
pool1e9tp0emvvg9sc4ds9h4nhwk8qpn6869qwnas2qywu9ep2reaaxe,59,101430.225616000000,0.000000000000000000000000,37261.236271000000
pool1f5zye57nw6nsrczkkzkpd8avayar7j48zjw5pu2e5k38ssm2yhd,11,101352.865246000000,0.000000000000000000000000,100254.305091000000
pool1qrp4nzmalqdgc96avaqjha9zp6mkahtzler6tvuupzlvvw786qn,5,101351.191714000000,33.2126760000000000,59361.733045000000
pool1phgu0sftpeantu8smmve8w2pa0n4jhhxekrls8h8mnyuvm8m5t8,12,101111.882678000000,0.00452600000000000000,54916.064001000000
pool1mkw6psku0jvaw60uqleul9jxlmyt2xet3urjrgu6735ryxtga60,12,100565.013805000000,0.000000000000000000000000,72030.235205000000
pool1y4yyg9zq2000akup68w68r0m42td2h2h5cz282ua4u985nzszkv,4,100080.187162000000,2.9899410000000000,100042.430950000000
pool19at4pzt6ghethuls7ehr0v5x65cg7mj0zun79eenefa074yfcz8,30,100007.457236000000,0.000000000000000000000000,40721.487108000000
pool1k65vmd0uyy0k5eylunwakd99m9j0n2hfynkxzd9472276m32p50,5,99691.725160000000,0.000000000000000000000000,99447.473401000000
pool1hxdcr4u22lytge79hr5hds39e90jsdmhafphdgnn4hlqvl4qlt7,8,97946.010316000000,0.34590500000000000000,86884.625620000000
pool1arx4x8ecnxu46xrpfj88hwm25j9gcy8080szvf62a0avke556v5,77,97818.806705000000,0.000000000000000000000000,14113.547180000000
pool1k5a5e3ylva34qpmwdywv7fn75wt3gzv423e9uw2vmw5rqjc2q7t,4,97321.831667000000,503.3733520000000000,88373.795223000000
pool1wm89xjqp96t3mlun3pa5suxa3t4s5lluq239en0nxl7pcm5tprc,94,97095.048823000000,0.000000000000000000000000,63062.012965000000
pool1tdh56dcqs0sjeq4ehfdamlnzvxkrr5zgsysnhlkphzdzwmw4nvw,73,96681.358114000000,0.000038000000000000000000,36967.923260000000
pool13ew2l5glvzj6l8r0qkjqchxjyg7tzmv604zh4y68kvhf5x5skgu,15,95012.399169000000,0.000000000000000000000000,84803.196596000000
pool1jkxwcqkaaacvd77rf9lrj3qsgvtktqh7cglu3awsy34h5eava4d,7,92864.446025000000,129.4238070000000000,61452.580824000000
pool1tf73xqv234ye2crduemjpreuu4efrdfmpna3l9dwqy2uycvee9y,8,92073.670080000000,0.000000000000000000000000,59042.918006000000
pool1cuhcw4dhj577rzz847q5swfvrnthj2vn62hry6ljzp6g6v3ag77,166,92026.909935000000,0.000000000000000000000000,42312.458189000000
pool1v8gvy6tjp8x8wg5h4jw20p9up04lxgw0l0lgery9mz4h7h9x25n,52,91758.733259000000,0.04029600000000000000,47535.009705000000
pool1mltwh4elef39dkuuz058lgfuvx79c5wcnz3szau3arhsyq22ace,5,90732.372460000000,0.000000000000000000000000,90654.633983000000
pool1vfayajkdc0gw876lax5va6ygpfpsd8kz73k4y977emm3clnxlm5,41,90034.285680000000,0.000000000000000000000000,15084.548280000000
pool1d63tmq02tgtk7yd6g62p9h44w4xqdgz9y8jkmcrztfmmqga540m,10,89710.792122000000,0.000000000000000000000000,30060.353893000000
pool16x5fslqfvgmsyra4vmpvuzq7p5fzeln240envdwfm2jps0j3rw2,51,89085.059916000000,0.000000000000000000000000,25680.074739000000
pool1sqpksswmxpgk6yxllyq9ad4qhtnt5qyz2pv5xmz6kkt5ujrgqwf,19,89074.368684000000,0.04212800000000000000,44402.526151000000
pool1hr4t5a052rh773vml9pra5planumw2tjn9cg6nsrzq64jdz907s,8,88849.236744000000,0.000000000000000000000000,67055.986343000000
pool18xykgvvvxej2e5ap04ks72d8fdke4qsqeh30satznyrtj88634d,57,88261.475020000000,0.000000000000000000000000,16788.495553000000
pool1rtnk3j8jv0wl0qz2j8xq4h5yeh0uvw3xj738fgl6wc4scxenkgz,10,88125.688482000000,0.000000000000000000000000,51685.767266000000
pool1yfacynd0va3rw27tjldfz05f6hfjhfv36wwdhn3dy2hfqq00w8y,26,88035.279109000000,0.06593400000000000000,61452.738592000000
pool1k2yfr7tapqzfgdn7vq2u44225rtqxctelr6dp0xjqggrwnx9hnw,51,85639.664629000000,0.000000000000000000000000,24192.525655000000
pool1lm89trd8cl36k8njlhgsemavry2jymnhddpvtk7fk7r7g4e3fep,11,85193.172919000000,1.6615320000000000,28174.283799000000
pool1t4zp4wlastva63rqk99k7578e2h3znqdk2arhzuegz6kgj0duc8,7,83285.092870000000,0.000000000000000000000000,50317.241506000000
pool1azwa3mcez0mr7520jznl0kamr3wdun5ygzscwtjulhdy5s58vvu,5,82776.598920000000,12.0170870000000000,70040.586138000000
pool1r80l6hsdftyfvqftjak0r6llnszdtnh2x7rvtllawzj7x3afq2k,4,82153.572110000000,104.4379370000000000,73467.592498000000
pool15a04yc72q4tfkwaweu86l0764urswee8c3zxperyrdq4kx8nvua,39,82085.767895000000,0.000000000000000000000000,50014.830286000000
pool15dp6dchtfwml32ls8xuzu4u3xx6kjekc3kvn0enexefxj90hw3c,12,81754.132596000000,13.3042940000000000,28421.471686000000
pool1x0necz9ktlnah9505f3fkdncrlepz0q2gyfp4r7pjxnq53qw5kx,19,81727.012399000000,0.000000000000000000000000,42558.657601000000
pool12ame5t8hdltyl30npznvhn23kxnvthk82j9p7dr4uew3y92uqes,95,81647.037503000000,0.000000000000000000000000,36480.521607000000
pool15676jwlm6gancffzs2jg9vf5xwzmspyktw75dl4kaucyst4qt8q,23,81410.793859000000,0.000000000000000000000000,43721.482090000000
pool1e6rjpsl42hsc52zc9s2awhv2df50yzw43xtc7d0vranpc9ej8uj,30,81261.527508000000,0.000000000000000000000000,25422.810267000000
pool1vl0hlf4jecm3rk0vcc9mtpu5us2cv7hzlz396cgs8crc5df43mn,14,79719.500205000000,0.03347400000000000000,70276.138324000000
pool1v3rzrj25ak30dhuyrupkxeddttetxzh4cz9ccpjlfxuh6d85d58,44,79338.888757000000,0.000000000000000000000000,32406.379307000000
pool1cn0ku4zvg266h3rznm7kzsytg3smeu9wma785g25yr89xdgw3kj,32,75627.833168000000,2.5363200000000000,13981.532230000000
pool1fwh9zp2hw7ppkna86n7m7ycgz66dnkdhhyqqahhv362agxj2u7g,75,75165.074172000000,0.000000000000000000000000,48192.941248000000
pool14pm8aq4eu6ms4r5egy6j4g0ny76cpqgy40qgyxa8c4f02kj98wg,24,75059.279918000000,0.000000000000000000000000,68319.066606000000
pool1c45udwv2kdjcth5fvnhlklsz2tutw8spl9tcwnfw7m8cxl8eanm,2,74597.368355000000,1148.5492910000000000,73448.819064000000
pool1hfzfx33ffjcma9xautgrg4ka0u32s062mmu8gw6fmf2zxftmp66,47,74441.821891000000,1.2117830000000000,41203.417751000000
pool17fge0jukcp0vqwu0chh3jh4g0emt4rat8vxucrx5n8s5qz6fegp,15,73980.188046000000,0.000000000000000000000000,25576.475145000000
pool1e3y7u0rtq2zskc7ansvtrd4p3vtv9hglyztzcvsvlk22w9t40v0,36,73978.052535000000,0.000000000000000000000000,31352.008533000000
pool1892ry20mvu6tvrmuua5gdmk7unw30w7tf8scpllpyq8w2sdwvc7,43,73876.585698000000,0.000000000000000000000000,20013.205728000000
pool1rk28hp58ptwapha9nc944ast32gln8a7hx6eue0gzuj7sndzrhk,8,73694.472475000000,0.000000000000000000000000,28260.172242000000
pool1lpw2wnj2vrc75fv7f4jnfzgkqvlrxlampz5nmduwve47xgnckns,11,72853.165874000000,0.00073300000000000000,42849.201853000000
pool12fzerww0hmk0fyvaujz5t2kg6hl4n8daz85rqy5jk8qk58r59y6,89,72298.272733000000,0.000000000000000000000000,10937.227566000000
pool1qadgwr92pgx0yz3u9n63f0s9ugryaud6wxers850z6sfu06y3rg,162,72231.257374000000,0.000000000000000000000000,13486.823023000000
pool1eg6k5zz4ndk6a3sa3z7ug97y84ghj0zljs26zkhthzzkw3p82ew,6,70691.987815000000,0.000000000000000000000000,69504.281504000000
pool1r7tn56lj5j7te7zyj3wvqn0wyw8tr3g96chw6lwnqxjmgggrfd8,31,70538.603305000000,0.000000000000000000000000,57973.850836000000
pool14cautfm2e8jxv79tv59grnryjxs8f2wewz66wup695xgu7wjnvr,54,69421.579083000000,0.000000000000000000000000,29564.958411000000
pool15wk0wjrau5pv6rp6w34g3mjxqejkfj3yak0xa9m63upcxx63myh,8,68739.044088000000,0.000000000000000000000000,53053.656054000000
pool1xvfzclnwf0jyc9ekqmamshha9dmw8mpzd9ykgxjjpxnuwdv6mzk,43,68428.118627000000,0.000000000000000000000000,67497.345972000000
pool1sghd7rmq0ktp6xd8yp84m00530hhqxx94lsnswmajt2xxrzpyjk,11,68383.315362000000,0.01669300000000000000,64640.679849000000
pool1s7eglqwzl84xgvpr4pptylcgqhkjr4xk8d6y3k22plu3sagms25,78,68363.871158000000,0.000000000000000000000000,54333.239861000000
pool1687dfgyljnhamx05h6r04zdllv68exatshhd0jny4q56skc0926,4,68355.710316000000,0.000000000000000000000000,64994.996361000000
pool1ast5kjj9zer9sp02f5w44nyqsc54589l2glyp5fhsg3awqs5axk,12,67679.828832000000,0.000000000000000000000000,54986.308366000000
pool1n0tqrkw62zmr20h9jz5ev2ph428ym49wt2z0mq4vlylf5u0sv7y,15,67397.253923000000,0.000000000000000000000000,25091.401432000000
pool13xh3tgwzhr3hn25v5m2dnvqnfcmnzghcfah5t7kzufkywuy7w7v,175,66805.098525000000,0.000000000000000000000000,21289.438410000000
pool1g79uyzvt9mm3z7jdcxnp36n4egm4z6l8c6n9l2mk8ae2yf5zman,425,66045.578080000000,0.000000000000000000000000,13506.473459000000
pool14ujg8l2x6fm5jm07jd6jftktt35dzsnefl2jmx9d8vr4cxxkt5d,119,65752.083142000000,0.000000000000000000000000,16995.189818000000
pool139ffqrvyqu9sgsekk3pu9t7jxx872w655vses7d4q4sxxyd257a,224,64782.647908000000,0.000000000000000000000000,11848.894813000000
pool1qlpjsz5j5vqs59cnu09j90agycj2xvrp45sv0v6euujj60up6dw,17,64422.401941000000,0.000000000000000000000000,25693.921044000000
pool16nnl8ymck6c20x86lfd5p9q3yp9w749cam26y985459ww6kjtz8,6,64401.858412000000,0.000000000000000000000000,50105.884234000000
pool1e0jyj79d3ady680wajgcd4vgndqjdlf65777pz5939ehseqaem3,4,63907.383326000000,0.000000000000000000000000,63896.254428000000
pool1jqnywskl2n92fx65thtew8zlj3vqfrqxz7zyj70tt7d3qmn0m9t,8,63503.431405000000,2.4285230000000000,28994.942873000000
pool1tkexntwvhg0fqs2xnm7xg6ljqzjkpk0pl4nxxe3nf48ux8nucqy,117,63044.601306000000,0.000000000000000000000000,19779.518614000000
pool17p8a9e5ljeucdvmsl62a667y7lwwx9xzwzjulwu7df2q7854mh4,260,62487.145434000000,0.000000000000000000000000,36474.258684000000
pool1kdhhrsl8av6gzr7vrf5q06pwlrsr8646wkjkg0h550tw6vxf8mv,12,61572.332299000000,0.000000000000000000000000,32866.436675000000
pool10x7rsal3ldumkycuc7f7rslx3vc5axhz5jzwngfcg7hd6t2p7sc,9,61563.332228000000,1.5385490000000000,30793.017274000000
pool1qlxxw3zlgx0kgv2cel0n6z3a6yjs0w8grwtp5xwna8fm2g5tsda,10,60894.630557000000,0.00930900000000000000,55842.426508000000
pool14f0uj8vghxzs09p3rzvhlur0dnfwylxc67whaz087srtjjrcjgd,14,60797.082953000000,1.9890680000000000,36348.721349000000
pool12vv4c6z7yf8j4m2amzej4j8tn2d4dxklqk5nqztz7wl02gratjp,131,60580.346799000000,0.000000000000000000000000,19887.161305000000
pool1mzry5s8pkfy42ul2xevaq7dk6qae8247hqd8serm3ms06glvny0,18,60424.912020000000,0.000000000000000000000000,50621.708310000000
pool1udr30lxsqa799lyl9haxf0wzg8qsz3xaf2gtpqf4n2s064jrvsj,29,59713.215367000000,0.000000000000000000000000,27221.817851000000
pool1yzd344e32exxzjnjet4l466zcfnte5rnzveywvztxdxug2yu7m4,5,59345.233995000000,0.000000000000000000000000,52702.613912000000
pool18xmqj9h97tx245mzkz0fqlvas5zse0fzh9xmn9p6z77aj5jegsx,11,58775.276024000000,12.4317490000000000,30226.943136000000
pool1taadtauxnhqql7s58fztlmnsxg0680mdaz25yry42q4m5s47z8n,11,58610.815355000000,0.000000000000000000000000,41657.154397000000
pool12xxugucen5pql0ay70uakgqjaxpwfj6c9py8euyu4q3p23s0fyg,16,58546.778846000000,0.000000000000000000000000,29158.958385000000
pool1ll5mu4rgne203spelzdgrse0v7yk9rfzkp243rtt60rgu8mh3q8,5,58517.777014000000,0.000000000000000000000000,47608.990129000000
pool1p4a0vuantvzu9ysk3w430vgxjjfa95g0uz2sw8e4tltjg4jhkwz,10,57845.049410000000,0.000000000000000000000000,57240.808282000000
pool179mnckg6xz4w5x6k9056yl7r2ej8fd8uu68fc2vlsmulg7lzwhy,10,57436.266933000000,1.1340160000000000,52957.113533000000
pool19clgr0yxjs8pqmlsmfzu6hg5muy5ws2rze5hlesg0v7tvyhcgxh,18,57013.365555000000,0.000000000000000000000000,27823.522320000000
pool1xdcg6kg0g4y3wqf92f8uh44urz06suglhff036k5yak2g0m8zlc,42,56977.613760000000,0.000000000000000000000000,32334.566030000000
pool18e0uhtm4pspfrnktwguypytjfgwz6dw6zzn3gulpdjfx7qd0439,12,56864.512532000000,0.000000000000000000000000,48264.555971000000
pool16c989ahn582z53azjfmregygfuc9k44u3q97wqgyn0zxuzp3dn4,8,56746.752343000000,0.23971000000000000000,33331.774558000000
pool1u2d3guvld9rk0586lyhk2n8kvkzmem7czwdltgem0mgczqd3ygu,13,56403.104253000000,0.000000000000000000000000,55994.905115000000
pool14hp04q89xy58gh9jjvfra5x8lfzd7jes3jljwcjrh0rcjqkss7y,4,55893.240332000000,0.000000000000000000000000,52703.033955000000
pool1uautzneywzapn03te7q3sd737xdfejgjlu4mdfjz7mweq92dugg,133,55872.812852000000,0.000000000000000000000000,19109.939234000000
pool1vy9qerf9fenp893mqrdm58uj45w3etutv4n0vdh8669uvqenkqr,20,55858.434363000000,0.000000000000000000000000,27198.890469000000
pool17g46wmt95mmn78pkcr2mgdd5n9q8glpg2j034udccrg974mtndm,12,54563.367268000000,0.000000000000000000000000,13148.067517000000
pool1vjjrjt5ez7d7yh385vdxl83mxyg36as785cp5l50d6wsjqdavax,23,52806.456182000000,0.000000000000000000000000,27591.561972000000
pool1796kveuwxrquwhwnne5g99er50q6alcaf7yjf3kd6xr5vemfaqc,9,52377.005969000000,0.01842000000000000000,48597.631084000000
pool1p8a3jea0k5w749jf0jtr7qeer8xth9r0zr8ktmp75heqx0ewyz7,1,51498.021487000000,51498.021487000000,51498.021487000000
pool15lp37f7da0guj662jcxy0eyc49s5gxudcd93j8qz4nfcvuhrsf9,99,51169.295430000000,0.000000000000000000000000,39369.354733000000
pool1fagx52jnyh3dz0d722c2fedjvstc3mmwt4a2mlkgvszvqgkvt2g,2,50862.138305000000,93.6472900000000000,50768.491015000000
pool1dwthjmzrkm5q42yqa3x50jaye6pg57n7t569c44an6hzsg8qake,220,50588.675600000000,0.000000000000000000000000,12456.817868000000
pool1fxlf6mqxeuptm7ztwdpp2zdwm7tsfcy3fweu7euyf6aduuh6u42,23,50333.091393000000,0.000000000000000000000000,29553.276926000000
pool1pzkgztz8y8tgd9tpfu7umep97x7m0c5ck0dpn2vqtf202fyhfv5,41,49997.029299000000,0.000000000000000000000000,27785.725433000000
pool1533ly347ggl6je42ta7l7dv262hg07n8p4y8v32npgvajl6rxqz,6,49315.192102000000,3.8388820000000000,24395.983156000000
pool16sm29hg3qrk5lyp74qcljt38l86v5zvg95395h9gqrn6qe97d9z,14,49200.736364000000,0.000000000000000000000000,42875.761843000000
pool1w0jjajfvur53nxrlc4nnm73087lm39qfumeq8r449jwvz3wdx05,20,49094.167601000000,0.000000000000000000000000,17724.783120000000
pool1rpfj2y4vddj8azwu9977a63s2cjl374pep98l6dhuqh5u9jctj0,12,48987.144720000000,0.38625600000000000000,28993.414225000000
pool1j4nkshfytq8tww99ttfwvrmv8n7yq2tvuw0xlphelzzw6vfghwq,7,48930.554986000000,0.17078700000000000000,27336.936055000000
pool1d0ze7l6t8gjng564zsfyd7uw7snenpsjh9dacawdpr9g27djq8f,57,48894.033649000000,0.000000000000000000000000,36292.065007000000
pool1jc24u7v5xsaw9dw6s0vftjat8ssc8ru4c0uhrj8zpm3usnrp03t,12,48082.546359000000,0.000000000000000000000000,28421.528890000000
pool1lk0hu3njxgra3emgfa73268el89qzytecff0fzz982avvjsw3l6,23,47550.955609000000,0.000000000000000000000000,19462.021014000000
pool17wph2uu643wykezxmm3ef3a8shg3hwyq2z0sgpu6r9sc7um83d9,4,47335.222946000000,0.19526000000000000000,45046.292493000000
pool1u2j98kgj8uj7zr7g3deuezfv7hzv3ercnetxd5c9ppjh23x20qg,5,46808.931253000000,0.000000000000000000000000,22153.365250000000
pool1d4387s7mszjkeg5w0xppzxdtzsj7aahfqdgeef24emyh70mccmw,1,46096.646397000000,46096.646397000000,46096.646397000000
pool1zpkqlcpu5gyk0s5e9263y5n7vzmkgrtpca0u4xpxan02w8ld0nr,208,45498.114677000000,0.000000000000000000000000,7956.3843160000000000
pool197rexraxmzk5mv36h2yfy8p4lwxzlqyenjk50r0q8dchz4gp26j,30,44600.314509000000,0.000000000000000000000000,11287.872519000000
pool12p0qtp89dfzr6spqq4xl6ha2s9m8lqydnvfafyd0h38fy0hfv3f,9,44530.216913000000,32.8623690000000000,42999.771907000000
pool1v8q93vtkf4vqqqus6ts772w8dr9h5tz99lnylfj40x3p7cutxx4,7,43936.647817000000,0.000000000000000000000000,15522.308243000000
pool1wvhd4nf6mar2x0zaek2te6lqkrckk9mxtjctezy878a3zprru7s,19,43905.870176000000,0.000000000000000000000000,30681.776361000000
pool1xznpgmkfkf4f5wzks85z778v2s94vhmjxc60m8tphvypj6jp2w2,8,43681.452190000000,0.02743200000000000000,32015.112616000000
pool19sydze39a8dccylczqe2m4nnslpreytxlj5fu400nqxkg8wvgx8,8,43202.802376000000,0.000000000000000000000000,35904.407393000000
pool1mnhywmx87p5dlsk86szshumnn5pljdnacr0e8zsq2v32ckh5wyf,43,43014.883895000000,0.000000000000000000000000,37599.734810000000
pool15uuf0sz5w0kp50wmflxml8ffnz880402nvj54e40e7l8x06y5e6,32,42864.872750000000,0.000000000000000000000000,24124.751914000000
pool19qa8uctj5ql4e2uwslpruak6655h02l8fkmwjlanq8qnqyap357,2,42228.550791000000,743.6171950000000000,41484.933596000000
pool1cd7u9yenr0vkzh9kj7nhhy28ye289muhcdgnhyvz7r3z7jwcxl9,6,41226.879055000000,0.000000000000000000000000,25426.075945000000
pool10nwac5phcc4vkjvux5mw6gvdzlxurkd944e5yx9yyfa8sqs35t7,120,41179.784357000000,0.000000000000000000000000,12604.891096000000
pool1u84yq2lvnay4p9kh4vx7nqfe6efzfehe5mvkw3hf4a89uhmpqgt,3,40993.032107000000,515.4945650000000000,30476.833455000000
pool1t9ckjy949dk97prfs6any8xdjyq9du6prnplx06n4fcn5jgukhc,4,40459.562385000000,1.5826280000000000,20305.626301000000
pool1et8qw5ejgl5qqq8v4gdfset78gjcphh88cc2xajykggau8vps0j,125,40350.011724000000,0.000000000000000000000000,19807.724825000000
pool1qgsylc6kjv29zva4w783fuyf9xxhj78ktgjlxjvppest5ya9pek,4,39876.494504000000,0.000000000000000000000000,36897.526732000000
pool1k53pf4wzn263c08e3wr3gttndfecm9f4uzekgctcx947vt7fh2p,33,39662.810761000000,0.000000000000000000000000,19798.735314000000
pool14hk8kx2c8ukxcq7z3tqdedly9599f9sfhy5lfd3mp98txkdeevk,3,39180.014192000000,1894.3169790000000000,26856.934461000000
pool13wzpwavanfpkr4r4j30plrlc6dn6p822lkt22zdllmy7q8y7s90,81,39136.235253000000,0.000000000000000000000000,13342.928352000000
pool1wsar9vtmyghy3htc7gz0gwq70ap0v7wrq9hq83qwx5auvzfm6fg,2,38892.613362000000,0.000000000000000000000000,38892.613362000000
pool19dn4vmk5ayatdjshpnyvxy6w4fef0zfl585sfpls6l2wvn0xxjn,4,38760.991338000000,0.000000000000000000000000,38098.955857000000
pool1gdyn4dggh5c9yn5cjve3dlljjkpwzdt2g4au8aszgwd6y97wde8,9,38678.599851000000,0.000000000000000000000000,20852.390502000000
pool18cx6qhjeynrsd7pvcrv7e3y65ksyzguaep2427zumc8t2qzxvsk,209,38626.536538000000,0.000000000000000000000000,4002.1463800000000000
pool1vd3rfulk3x3k6mafusvrtnzysx9qkcgcks9an2alcpm55msk63g,2,38411.606228000000,4413.8237510000000000,33997.782477000000
pool1aj697twgk5kt7c6kjtkpwejqqhljvf3hzsmsamswzy42v24cw5h,4,37932.825619000000,0.000000000000000000000000,22003.864640000000
pool1c0t0xzlpu7nhprxhnlepnapek47waww3m54ek6gaufnpjrl5j0m,3,37852.390594000000,0.000000000000000000000000,37755.849359000000
pool1qz9qfxcxsc46vpgrrj868scmttjp3y9xaehyn6knknegcsphq6u,5,37834.925521000000,0.000000000000000000000000,19109.344972000000
pool1dwlkpwakps05gelgwdml2d44al2xfsv8k9jgrkwsevlxxpcelqa,5,37124.558691000000,30.7779040000000000,26781.388190000000
pool14dz6syalxmtlykaudkk50t9xtve0ne2rvtsgqmyvfeg5cxx68n4,5,36903.304032000000,0.000000000000000000000000,35898.191444000000
pool1cj2uh0ylps28czcjslnz85v2zyf8mld0w5tuqp3amxk4jjwfkgd,41,36761.614488000000,0.000000000000000000000000,31279.336806000000
pool1qel9h28zarup4g5dx95smeggfruq26k47lc8e6wmdzaaywyj63r,4,36732.186880000000,0.000000000000000000000000,33806.430839000000
pool1ec5lvdyd9dghpezzeqfzn48yvw34ff6u6m9tlh08kjjaxx4nxmk,4,36374.763240000000,0.000000000000000000000000,33738.795901000000
pool19yf67fkanhu30qqdcug4gwfy7gpzy8jhq56llg5ua3g3kufg3s5,1,35490.000000000000,35490.000000000000,35490.000000000000
pool1skykl3rncme7qzwy0t55wk258h4e4s9dyacrm3hnsya3u3k5vkw,18,35318.916565000000,0.000000000000000000000000,21850.734300000000
pool17ajuw0arwq8klfe4xy8tcqj4yetp8kerl4amzn5dsnne20wlnsa,339,35284.624440000000,0.000000000000000000000000,4296.7703090000000000
pool1cl3fhy6me0nf5jnxahk997r0529aumt967kw4yml5vraq94mdk4,6,35249.291966000000,0.000000000000000000000000,33501.481433000000
pool1v6mdg9xm9a80js00zx53c6nagcw5m0m970nm4my4pkrlyxq707e,40,35047.900208000000,0.000000000000000000000000,30532.689433000000
pool1vz9txqmdhxwegpy7uzrsap84z309veehqv3uh4s60qwxk0u7h06,9,34805.648941000000,2.7148550000000000,30638.300434000000
pool15wfu7td5r4k27erk5q5wt06x59skxxyqj206tdnfmfmk7pd3rp3,16,34697.003525000000,0.000000000000000000000000,23119.025553000000
pool1r9qyjstrc050njg8lm7wxy5874mgu322vyljntdsm5qgxvjcewv,202,34670.470220000000,0.000000000000000000000000,9171.7709710000000000
pool1ps39v4j035ejzrga2qt56cfhjuwx38wved8rd0mujtyh6r5mt3c,4,33807.561791000000,0.000000000000000000000000,32173.632068000000
pool1vhz87537anw4u0ruqsyuftyh7zxnrxptr4nnv0m6mjgeu8kp83z,1,33739.964581000000,33739.964581000000,33739.964581000000
pool1lr02c9krwmtzr29e9h2w5e7crr9elss7qfflkr42j0ke6de4vh7,4,33506.480190000000,45.2742400000000000,20010.420252000000
pool1ekyuhd48h9nnymqpx0c00taz6ygnsge4502r7e67clp7zy9cegv,52,33464.184973000000,0.000000000000000000000000,21211.115122000000
pool18te4aqp0umd6xunyps0mlg9tzk4dcjh30wgntqu8kf2n7k3y88f,4,33100.544267000000,27.6495060000000000,30864.591756000000
pool1ct4ag0j73mxzy4325zwwxhgswemlgmepdnqxj6f7edz4zmlfeve,9,32916.906915000000,6.0217670000000000,17800.400580000000
pool12e8xz54gjtcz6dzkhua9uq9dp23cqcmf6xc4929t4ep4ketccsm,35,32790.487066000000,0.000000000000000000000000,12620.060010000000
pool1xzsckz6hd64pnle2c88e3gccccyfs7w6eauxuffpcc5sx2mtekx,13,32319.361196000000,3.4042660000000000,9173.8644930000000000
pool1484zq40k4xg69t55z4fqz78zz6j3t9pvlw4jd635w692xhfzkka,3,31812.122034000000,183.7042800000000000,30471.557042000000
pool1mwv76cr0znehqxe23xk4ylhr0j6gwsjxf2cvwjxm0ewdgcjzw3e,4,31628.215608000000,0.000000000000000000000000,29113.947572000000
pool1llfrhf0htc528jcmp9dr2tzsjnt93y2gkjfjn5znjh9a79avwv7,26,31242.760439000000,5.4576550000000000,10031.4226990000000000
pool1ehfmxk64lnl90rmy66zt7nfjlsvzhqkxlzsml348z4ptss529mw,2,31236.944012000000,380.4145820000000000,30856.529430000000
pool1wu4f8u7apml5nke7mjcvj2fvn0apfychx2957lf9gcuzxa07w6g,7,31019.794875000000,0.000000000000000000000000,11462.324834000000
pool127jufnlxk4n6he84qjf8ppzmxs9sjnqlhulnuzsk0uc0whtl9sn,29,30802.712768000000,0.000000000000000000000000,12454.015311000000
pool1k3wpsc8q8za2qeptx5kv73r76hs5gvp59gga6ad6u5hnj3scy3q,19,30645.771776000000,0.000000000000000000000000,20001.206983000000
pool1lakvp73yzpuueyrhzr3sfyy0796gm53g95kapgnmsvv4k6apr5r,2,30508.021397000000,5505.5569280000000000,25002.464469000000
pool19m98gdj84d4kxem5h6ch8fvj92pvauhg0y4ktmzr3mln6c45yly,10,30420.709044000000,3.7022860000000000,26230.768095000000
pool1t6tyc9menh5uax38j89jgdyj0maz6e4mgx90n7xkcl7mu8fzqxu,8,30149.927638000000,1.5440010000000000,28675.209146000000
pool1pu49urd00qf9zzeghrks03tvszzvrdzecw649ag5dwd07snx69n,10,29836.454638000000,0.000000000000000000000000,10362.678864000000
pool1jh5p5627hzqxdzjutfenz83qs7p2qtha4kvst3hs0829sdc0ksm,4,29498.609206000000,27.6495060000000000,27956.510585000000
pool1qarmuvc39q7ygl2affsuly2hs39mukcag9tunsnu8xudwv8mf00,6,28893.162406000000,0.000000000000000000000000,25189.617709000000
pool1frxut5ury0r2clgpvr0dewlsvc233ft7g6v7vx8msepy5068evn,3,28883.053111000000,698.2928960000000000,15062.587624000000
pool173qemdqfjnkrjzykmc0j4nqmxuuhvvv42pawt4xka3k2vwmd4mr,8,28755.837054000000,632.1796920000000000,10243.807843000000
pool1em9u4sf0lzkz4ammtcmakymunpf0l7445ayh3e7fpvryw640fc6,4,28734.625064000000,1.1576370000000000,26328.741893000000
pool1g6rm3p7695z7xfhp629hcsj09njun2fnsz03pjrshw8rgs7pluc,16,28437.528188000000,0.000000000000000000000000,10276.937640000000
pool15jh849vks9mctm28xe6kgz682vnlu0pzawvftl7ltjtvwpwp59s,2,28213.261891000000,5116.7379850000000000,23096.523906000000
pool1673d663ml4p0mtreukyfx5jt7ekk9pajsyyv6utzlakzj0y9v0w,10,28188.782749000000,0.000000000000000000000000,23066.337452000000
pool1c8enfyd0rt39p4wr9h840y3d2xtqylxq5rsu3ku8gld45swgtne,3,28155.734292000000,9.2340400000000000,14371.453119000000
pool1fy5aaf5gz2646dghhm8u899mj6hyznn428sqhdx3tmqmsdy6rcz,39,28066.816027000000,0.000000000000000000000000,10401.896901000000
pool1cyha5jsy6g06w699tw4awy2jw7gxj0azm38yzetr7zls7rkl0t0,10,27419.517349000000,0.000000000000000000000000,9251.0486300000000000
pool1yenqraf3znn07qmvtd8wg23fymsr0vsme7ry2475r48vk6ss0z2,23,27316.739420000000,0.000000000000000000000000,17970.937656000000
pool17k2dpgvx8spkdhgf5j7x5u7pqjpvlwa76sugwen8l3xtk7kq3c4,8,27220.675256000000,110.1785650000000000,17862.240786000000
pool1akt37u42nfegyf3atv6c3c64da7dwa9grt9kjxa8zwj9qr4y8u2,24,26835.035310000000,0.000000000000000000000000,23584.806503000000
pool1xt2nyju82ea3pz33e5sqwgjx05ks623tkmuw8jvlca3kzmz9mud,7,26498.178029000000,0.000000000000000000000000,24377.655772000000
pool18e545ehldchd8qr8qx7q7m5dljzaky2twxrynx2z29ru2mt6pv4,13,26457.304953000000,0.000000000000000000000000,11775.948920000000
pool122gklgk6gep3dm5grag0kavzzxcwk4kxxrqegfygghjpgch6pns,3,26415.603430000000,54.2585330000000000,26061.865380000000
pool14kd9lt3gsdhv48j9w4vgcufw0txdvz932xwh9dapkpv2c0j4ytd,11,26046.378685000000,0.000000000000000000000000,17732.658391000000
pool1ygmlrra5qn95zw6afntvzxpdpzz67vtqjr4dmslerua2c092a6j,7,25986.505261000000,290.4672210000000000,13105.711986000000
pool1wp9p6rlpratng7rhrvyz6mcjqsl04laxxvvuu06umc5vghacqa4,10,25985.487932000000,0.000000000000000000000000,22927.849283000000
pool1zy0mg8thm4au4cqaz5gz4ah9ms6894e2vqkl9a6l2uq4vas3yam,10,25843.549105000000,0.000000000000000000000000,15725.813508000000
pool15l4plz3r2lm5x48lz78ph7qh8w89zd7ewrg62gvwv7u7kw6tmns,1,25539.160274000000,25539.160274000000,25539.160274000000
pool15zvek3jke3z2uml5xeztl6wt56zuye5ne9caadz8mjn9ykyuu8n,7,25426.738876000000,0.000000000000000000000000,23563.976003000000
pool1v99msed3jqh4fd2qyzdn0t2qfmh3mv2cnfweatl85mdhz6l0ewc,21,25261.161202000000,0.01210100000000000000,8362.4039540000000000
pool14mfq8s3gspe8sdka6cgkm6jzgd644dvw2av5kqa8w4havs9e57u,3,25260.930066000000,0.000000000000000000000000,25260.930066000000
pool15krrlqfd3uc8nea2tw8z3wl2v0fny4enhu3q892988zv7dhv0vk,10,25196.726617000000,0.000000000000000000000000,12244.181710000000
pool1yvwry5gmqta5tug7gjmfr33c2whdjf88tfykqckaxsdcgcd482q,6,25135.176470000000,0.000000000000000000000000,19800.346904000000
pool128sj7hpet8874ycvxml85wlv9eyd8pehjhnj3clcvhrr5g5s9qj,3,25021.369300000000,0.000000000000000000000000,13456.933998000000
pool1rrzlme4g2r49x7tcesdkuk5wqv5ks2dkq3ptapgnclgvkcxy9sc,3,25012.719466000000,342.4176530000000000,20929.720708000000
pool1wp7vqk4mkx0w0wxzpy8avhft4qwcg60xldwem2uh9n4pw777fhz,13,24983.948568000000,0.000000000000000000000000,20040.359558000000
pool1g7axcymry0dz86usn9np76gm2tankhh478k2x3uc7v0pugcv2xp,4,24925.115430000000,11.5250950000000000,22994.542316000000
pool1h92eaq3wksa7j3ecd8llyxva9kuyuz5ucm7a8hpwz8vhzj0wtsf,3,24784.446890000000,0.000000000000000000000000,24784.446890000000
pool1scnq7w9rxgt2c4lax0y0ch0el2t9pjcyffhhzs2dfgt75u2zcq4,2,24777.932068000000,17.6190140000000000,24760.313054000000
pool1av640ert5ktadalakrc5lkgrf988tu0t0j58d9hptd06u57qlms,54,24706.881499000000,1.6392100000000000,10599.837027000000
pool1wn5cmtuzkgqfnh6htjplu7uleq5qxk4thc6wtm2fjrgmspqutaj,74,24706.212687000000,0.000000000000000000000000,8556.5774180000000000
pool1g50v6e6e0dpmt35lllufjnpqmdklsm3nrshzw4z4advqqjxfcpx,52,24575.953354000000,0.000000000000000000000000,6079.2404890000000000
pool1wggqaqs4pw2l4vml0k0p2kmvpq7pme3fl6smwc8cjjhvvuun9ww,40,24469.288700000000,0.000000000000000000000000,14810.874796000000
pool1c38rf777lz0lweuz856xtetz2p2tfq04xfles089839tclt4dp3,13,24314.759422000000,0.000000000000000000000000,10513.531249000000
pool1pjc7paja05sa5uzukgkc0wn6hfwmx37a50akys5hrhx3j96vf2j,6,24258.788842000000,1.5472900000000000,10597.303940000000
pool1kccqxg032r6dcqqpvmv87azttcug5ug6cur9pa7qkuwc5ze4pxa,24,23527.117928000000,0.000000000000000000000000,11123.236650000000
pool1qcu4r9rw853pyvfznfeujfzxlku4xtvp8cas6c2y79hvuy22vl4,14,23277.043977000000,0.000000000000000000000000,20097.650298000000
pool10jd7mphm0mmrnfvyytzs3tfrmjmtkvalfx8nql7tae06v0rkjk3,20,23097.638754000000,0.000000000000000000000000,13057.469698000000
pool1jq7083uth03spzhg5ag6gfgg24ux6fjuhng8vj2wdz8jkukqvcl,6,22653.969070000000,0.000000000000000000000000,21687.702870000000
pool18pnja3z8vfkw3sj578xetj3ujhyp2vmljezjg5es290awqmzq7g,4,22570.108344000000,29.6340240000000000,15643.271704000000
pool1j3t6mhgndeuzqkpcj6csyxfhsr2fkgwknk6e4tjeeqhnc52fjc9,3,22449.069976000000,1.3982070000000000,22250.046463000000
pool1tdtzmmmak0tkte2j2hr223dfnqpdy85ypd66tddwywpeuknn2pn,66,22066.995336000000,0.000000000000000000000000,5678.2663020000000000
pool1wwjj0tcr6w9nvk0jpvnrqq9p7ukn7wux0h669wcw25t0zmx3zfh,3,21927.758500000000,4957.0478430000000000,9672.8000260000000000
pool1vp5fev56urx924nyxj5qjvzcsh76e47c4lc8xruh0rdlv0n2kvt,24,21867.268737000000,0.000000000000000000000000,10033.2761240000000000
pool1t74ckqauwmn9ef5ye0h7c5wsgfd36zx24ue9wvj4vj95cl54aff,24,21444.710234000000,0.000000000000000000000000,12716.616170000000
pool1u3p6z3r2g5s7mazc0wmx8v0cyjjasusght53zm4kj436vs3u2th,12,21250.001510000000,0.000000000000000000000000,11168.466690000000
pool13vc4ekwpky5vtnl8pyj60phkmwtv7gsthn4g525udt7mjycs85v,14,21198.916526000000,0.000000000000000000000000,12960.631745000000
pool1m9h0ndgxlgxa63wsszv7a6l4x8lur35wktlnrycme6t852xrq76,4,20825.937233000000,0.000000000000000000000000,20803.111490000000
pool18cr7st8wvagllpgq23y70ncnejux2dmxrsdc45hyalk67e63jg6,7,20809.410436000000,0.000000000000000000000000,18601.190582000000
pool1t6stu46gth7awdlrdmxmjhgrk9rjhez9qfnlhkhfvf0fj4q3h2a,7,20736.188560000000,0.000000000000000000000000,20720.175890000000
pool1ucmm6rgdta0sw4qrcj3vml4wsr8pld495pptuypxg2uuvvlqest,8,20559.133742000000,0.000000000000000000000000,8955.4546890000000000
pool1whzghlghkuqn8qf3ehpm3a4rugv0xxmgzau43zqer2awy2rngef,11,20369.775749000000,0.000000000000000000000000,20337.663103000000
pool1zd728035u3406eff69h9a8gj8tg927qe62xwvg4leghwvs5hhmv,3,20250.871965000000,2.9916260000000000,20045.254593000000
pool1gplusrfxc087ep94rata3m02qpyqa6a6g4wezxf4fwwnczzyg3l,12,19915.740016000000,0.000000000000000000000000,16293.629534000000
pool17yme8t7ehfy6wamdtxyg6srz2vlk73q5vucp6jhtf4yuuuelc5z,2,19882.553667000000,8565.9766080000000000,11316.577059000000
pool14lr9ef5a22ng5xcu2rhpkkc86u5fp24r5gnj6hvnjxmsv8t8rtj,82,19662.588206000000,0.000000000000000000000000,9283.2997220000000000
pool1cjjtz6enkc76yytlf2zd86ngdu60e705vq7wq940ncu6506s6n2,10,19639.639941000000,0.000000000000000000000000,18032.374964000000
pool1pwfdasxs7ht7878g99fnw86g7u77hqjvv4qgvr9jx6reznfrllj,5,19353.990550000000,0.000000000000000000000000,18734.892330000000
pool193eeqrm9vfx5y7d7u7766zskcr0ss0pnypy8sn30mlar29s49zv,16,19335.413570000000,0.000000000000000000000000,12336.234298000000
pool1043kkcc2uwmdf76wg6jy80tkgwztzprep2rakyypmwc4637c2xe,5,18781.066459000000,0.000000000000000000000000,17117.535411000000
pool1sydxpvsdhkn3rnk7d923fkwxhn9nwwdwcgmuqyh2q5nyunl0mgd,4,18284.463802000000,27.6551380000000000,17508.164310000000
pool1ww3v7euue6vkzstk2gm5r2s9jsnj9zgtvvscfcmhwfxlzpfgap2,4,18083.506410000000,0.06141700000000000000,14490.579177000000
pool17j4er5hpzkzyzpqzc98hxc7srvt5pvuye9q86mcrxluhjjj2aaj,10,17993.313316000000,0.000000000000000000000000,12824.526956000000
pool1ydz2znwyh3409v55r3psgc70w2ykvqjkkagx3f5ep96vgp0vlmr,6,17853.779131000000,0.000000000000000000000000,10746.446871000000
pool130hx49xrg3cjtdqnqegmn03z8fgu6juenyctws0feh6ekdy0fam,12,17780.560579000000,0.000000000000000000000000,14485.317963000000
pool1jmw0strgchxurvgamymrexjn2lypxslexaz0q7la3078vnple57,5,17087.143254000000,0.000000000000000000000000,11350.940266000000
pool1plgh3y74vhkj7l0wpxtnwtp22czfq004a69y40fptfg4kntvypm,10,16653.200710000000,0.32924200000000000000,10851.279627000000
pool1lptznmldt230m0ugku9ygx0jucm74y7sgmac4mu5x2x9jznr84r,9,16638.426514000000,0.000000000000000000000000,8055.7477120000000000
pool1zgzyp6nt5084e8renptskpyaksd79uvl4hrfvnszpxyfzdt86k8,16,16427.714276000000,0.000000000000000000000000,12194.217427000000
pool1qd6mlgr6u0yp2ddxn7gd5jr6pcflu5md3sff4xyu2ngeu503jkd,8,16318.140922000000,0.000000000000000000000000,15004.206437000000
pool14nzt6708j4jgu5f5ajxgp0pdfp42jqraum585dy2r7vt5zulyd8,12,16221.979478000000,0.000000000000000000000000,9998.7364700000000000
pool1hjszxsd493fmr99g2d8evnqlrlurscu00n8jv9mz8qm42f7jvln,3,16188.245142000000,0.000000000000000000000000,14182.336517000000
pool1y0mz6yevqk34gk4tml37a62h69tg59sfz6vslzv4sf5fvsjhvpw,9,16093.637749000000,0.000000000000000000000000,13355.216632000000
pool1fpkjz7j77m5ukhjx5xvspfttrs0578kyxa9hgn0458hk55wp784,6,16048.296063000000,2.2459740000000000,12597.825611000000
pool1fftlhn68f3lejs2u39pcd5q33zgwnlumrp20dr6cqqkxwyuft2r,23,16036.474125000000,0.000000000000000000000000,6395.5415230000000000
pool16ypn6g8sm5um7mkxyhdu7j9eq9zl35wywq5n9x8g0aujc060qzp,6,15811.882827000000,139.2413990000000000,14020.590895000000
pool12qrgswlflndwp3met59zmuclqp4wryn4e9428gm7n8vwymnhvng,7,15586.226058000000,0.000000000000000000000000,10404.054130000000
pool1d04sakv5um2c8yrp3lm9ncncupgl7f7zw0lz2yuz3jrzsxvf42n,35,15473.272131000000,0.000000000000000000000000,13152.445232000000
pool1mhrvkx5vfv7ygd55wsknycz2a8d6gd6y8m8rgdnqwa7jcy34g05,4,15243.976509000000,0.000000000000000000000000,15243.976509000000
pool1dwvtdk76v5vg99d8h2a28h5f94hy2zwcxnj576g6w90ezapqjyn,5,15212.659929000000,0.000000000000000000000000,9313.8813760000000000
pool1q3xdrewrldt06rpjx6pzguzm847ujxnmajxrsr7dsthscz4htlv,11,15138.978871000000,0.000000000000000000000000,11779.092160000000
pool1d85unpsumsxmq4kfvy0prju3n983vp3ajuavmt2r5tyzw2jtpcw,5,15138.493118000000,811.7436770000000000,9909.6996350000000000
pool1k8w7ylxa542hwymnwmuumpnudz7j9ae582wqecxv9n24zu8fptq,106,15112.055815000000,0.000000000000000000000000,3701.5918200000000000
pool1qcdw8uk5d9ehldhccy926u886qhr07xa354yrkamdde0qku53nx,15,15090.182674000000,0.000000000000000000000000,9257.2839450000000000
pool12a4mx8ztxg7dwatm6lmfm36q7eyygkt3y3h29tklvcp6vyxp0nt,18,14785.014207000000,0.000000000000000000000000,6227.0199070000000000
pool1zyjvzvvkppsepsv4d75t2lmxt5p3cpn73pw7jk9gstxh78aa9ah,5,14679.775500000000,0.000000000000000000000000,7661.6823640000000000
pool13u45a953lme8y835e5upndqp50r887dha7gt26v6hcaeup4aavx,3,14613.990813000000,0.000000000000000000000000,12884.567792000000
pool1k26f25u5uqvhxuj20x3p72kx5gx4lc658f55kr328y5xzh0x4et,2,14578.202554000000,503.9013030000000000,14074.301251000000
pool15wwz2tj30xjerxstwjezhlp8nqqu8jyvxp0h6dj4kzdq6cgv3gv,33,14437.053379000000,0.000000000000000000000000,4041.9280070000000000
pool1k3mtxd2duy4848gx8knvlsas7w77f3k2cplwk6hjul72646fjte,2,14420.188426000000,1002.4374240000000000,13417.751002000000
pool1knwd92dnngrypyvj3egguuxtl8g8elxarlvaqsyjewvh7sjla2g,4,14144.899478000000,0.000000000000000000000000,14009.822531000000
pool177xu75tv2wqnz2cg879yekswm3wqqvwfgzhulkglrfksslsyj9r,5,13932.545792000000,188.7766560000000000,6758.2260470000000000
pool1g7757qwvwzpqn35xfxqmhmw3nz8xe8rcptuqqwkv3cfzk38gedd,5,13839.468452000000,0.000000000000000000000000,12069.105630000000
pool1jf32ru0d9mcre5pp7yundjdfcz8qlhmw4f5cftgh8vkqy8scj09,35,13645.478321000000,0.07632900000000000000,5991.8236460000000000
pool1d2cl6yayuxp0wv0v7dtvu0s52vglg0x4z2lz27d6x4ewj72nk2a,40,13574.730253000000,0.000000000000000000000000,8639.2941780000000000
pool1dde9jvej6nr4yqfnnlx5ydn036zv7yr098y4p2qs7cvn2l3kuj8,6,13547.846476000000,5.1196870000000000,7094.3175600000000000
pool1q8sll5g69z98q6mmu5teg7zn4fnlsqjyq898e6cxmec0cj9lk6r,5,13408.015848000000,0.000000000000000000000000,12313.871601000000
pool189elcklfyhaczaasjdyrrxmhaeepg6avn9gxjte78ntny5fqdl7,11,13268.322424000000,0.000000000000000000000000,5022.8152800000000000
pool1j5ukjmhn96jslmcd6k3ymj3vnjf3wpjn9sarhk7m7vtkv7ll2w3,98,13260.542901000000,0.000000000000000000000000,1919.8222290000000000
pool1qlkr6qu4mm38x77ldp2vnxn0gatgq4ernvvdw4pxze2tuyw5pfh,3,13156.203178000000,6.4088630000000000,12648.753805000000
pool1mc4h5pk0juqfd5lj08d09d9tfeyd86v7se4kq2jyu9j0jy8ey4y,12,13052.278210000000,0.00727400000000000000,12635.452677000000
pool1ztpwatlnzskuruwe7hxwvu6xjsv6l24835pyvpx7lslccy3xx9a,5,12904.708556000000,0.000000000000000000000000,12648.405233000000
pool124lm97s6f4satl7xz0ulzgg6tv30tskry3zcntwrz68n60v5yne,52,12845.150992000000,0.000000000000000000000000,1786.2708310000000000
pool1ft4z335t0eclqwlxdktam5wphf47swfpzgxe4fslnjz5y70hq2p,5,12825.377957000000,3.6086450000000000,5286.5215620000000000
pool1570nv2jeglcq92gg0qmkyl5dwg92mj4374j4c7eagx47kdm0r4l,78,12752.256299000000,0.000000000000000000000000,11080.197999000000
pool173ul998qx9wnukxsz4hs47fv3slu7zcympa7gkv4m9qp5fheyex,13,12735.994746000000,4.2213120000000000,11608.176345000000
pool14gw9d5yhxf5t6k68tqvpa95hragu78yuyr7lm9gz9d9dx2yz9s4,25,12697.480936000000,0.000000000000000000000000,3728.7176740000000000
pool15jkpn2jewgensrnulsm0kqtj58nauvgng0qvy2ux47jdwncsw9s,9,12664.533293000000,19.6053650000000000,7068.3653360000000000
pool1wvezktuplgsgwxvccvaw6vyq3l8v3ecupe56apngyjuaw4jxg9u,8,12626.110230000000,0.96975000000000000000,8492.1910700000000000
pool1chxnn5gurqm83728aafjm7thv8yla9tz85yejtstqsc658mrpm7,9,12620.729663000000,0.000000000000000000000000,11743.549688000000
pool1yv4s4v3rjgzfwj4zxm8sy24e2vq6zaexp8eudyrk9rx7yhwaxke,7,12457.455168000000,0.000000000000000000000000,10538.623483000000
pool1g5k0fks847av9zdayg05htnj8wx0ah7jmnwwqlt63rjdzyjr93n,8,12450.996009000000,0.000000000000000000000000,9630.5364990000000000
pool1lg4y9djpazcpaag230mawgx4w43vmld7xcd7rq35lpjvkn333nj,5,12421.419815000000,0.000000000000000000000000,10351.163733000000
pool1vut3caulpx8eukzwy8xd5fyhst0w7x2frdfsacpzr3jzxduazh5,4,12395.137882000000,0.000000000000000000000000,12042.634112000000
pool1ux4es4p8kfq3u4nax564ukcte2vzepsz68dkgg24k7l7xh5786v,3,12325.116723000000,74.7409380000000000,8020.4617760000000000
pool1prerctlrtn5e63m0zu5ydr2adaxpsypzj6wx3v8y44dsyj2lcwm,13,12198.816319000000,0.000000000000000000000000,11912.109622000000
pool1u3v7s93f2d968a8kce6zgfmckfx56ly626jkml6jv7tgweplrn8,28,12096.963082000000,0.000000000000000000000000,3258.5613710000000000
pool190fke89hjqyyvsc0snhnzrgg3wjjchf0y7n79jlal0yuj8060xt,3,12030.577289000000,512.6216100000000000,6014.0462490000000000
pool1935erruagz8y3lkq5fycd7jk7ye9ldp86638nntmmwp9558jmhf,6,12003.172185000000,2.2353000000000000,9144.5327780000000000
pool1749t2act40esvfj0w0g0ear7l3hrnjfc8l5rl8eznuh8vunjl86,20,11989.637312000000,0.000000000000000000000000,10442.525441000000
pool1g6rugsgxrl7ylqnuw2qvma0kuk63wc4yv43a4tmw3qaawgu87c0,5,11913.129965000000,1.3823690000000000,11860.846760000000
pool1aq6sd3kr3cnjk995tfthhyf0suth3rm547kp6pv35z7wgqu6twn,5,11670.859974000000,0.000000000000000000000000,10926.586458000000
pool1pvsvhzqlrtmseg2mlk600hzs7zqztuqm4ytxyeupa2dyjzs33nr,32,11642.837161000000,0.01810200000000000000,3499.5201360000000000
pool192xshj2cu50qfy2pm5cck8lnm9lxv2tjquznqjdkkzw6y5hnzl6,2,11625.848783000000,1608.8259320000000000,10017.0228510000000000
pool1sktjey6tdtgp6svf0d2nth7ruq3zjnhgg2dckpkveyeqk0jttgj,44,11612.113502000000,0.000000000000000000000000,7264.1205860000000000
pool1jyn6ynmz6qcpr48et0rkdk9j4vuyn6d0qdlsahc0jls8jrs708g,3,11536.676262000000,404.4870860000000000,9754.7518510000000000
pool13zkcgp7se22046p9gczt98au93dw85q2g7m3zany4kzf66y46x0,31,11530.049713000000,0.000000000000000000000000,6290.3408120000000000
pool1kfu02878dsz2l2pml9r42fvh32l4zn3msjvgfx077q3yx2xgul8,15,11501.116183000000,0.000000000000000000000000,5634.0410950000000000
pool1fgj2ua0rz4dkq0hmmkv7syuccda96slh40wex2w7vsnxujuvjtv,18,11417.466066000000,0.000000000000000000000000,7342.6980430000000000
pool1kkwd6say8twq3z9e36v57adw02j2x52ascd6eumxy5zd66qm4fa,23,11271.452921000000,0.000000000000000000000000,10315.394744000000
pool1pnsk7v8a4eyn9qtqev7k3clazzw2s66cpa850zprqlu5x5eqtuw,9,11172.563930000000,0.000000000000000000000000,10466.445951000000
pool1yrycp4fjyd0al60xw826jdju35zazqmfny53r07efucuvlvnej7,11,11124.857359000000,0.000000000000000000000000,4068.1980330000000000
pool1y0s5vwg2rdvfnynyhhgh08hdrd74p6rfhwxzvrxvfnrvjuddyf2,6,10982.938929000000,0.000000000000000000000000,10814.881319000000
pool1wngesrk9ju3x7fzmuqae49lp385k5khgmtz97rza629pwg86nlj,3,10923.301128000000,7.5107630000000000,10145.256923000000
pool16zx2pradv3pdv6tkp2dnll3d7u8sdwld884f228xl62vy2msdt0,24,10754.655804000000,0.000000000000000000000000,5513.7493810000000000
pool13qppafmw3vq5rl4ewmxv7zy84x3rshx9sdczs0zq40cxu0dqkrg,6,10711.296799000000,5.9615600000000000,10255.683938000000
pool1mh5qagd86gndurjs44k9dwurktdr7rra9prm5wwf09c77cwwaqw,2,10687.792319000000,512.0962020000000000,10175.696117000000
pool1zsasyr8lvmw6w2ds8h05ppxknphk45c9q76vz7wwvf9dvl0d3x9,5,10662.371910000000,21.9007250000000000,9248.0031590000000000
pool13ss25l908k5vqfw0aq2t66xr3hrvlqlsf4tfsmp59kyfxhfmah3,1,10573.027034000000,10573.027034000000,10573.027034000000
pool1lg4pepngyq03jdkskr3689pv4a4djra9q8nkzu6hwtzezwanhyn,7,10551.383033000000,0.000000000000000000000000,10009.6115780000000000
pool1kzf7zw2y05e7lyd7ht0nluh39fzmurm2wuvshvut6l6twu0el44,6,10549.383004000000,0.000000000000000000000000,5824.5593770000000000
pool1rpdfq9gm9ls0q8tnc2ssnpg5av3hm5ehktul7cfznjvjxyku2k6,5,10387.883317000000,0.000000000000000000000000,10097.4595900000000000
pool1w728ekz4fs2f33qmqf7047hvwsmarjrv5l575ncnh7hkc0zdhgz,7,10379.118371000000,0.000000000000000000000000,6605.4619970000000000
pool142cpn2gm89q72srv9pt7jtt7p7yg43a8ltfqhz3jp3t3xuh7x48,4,10332.502152000000,0.25114400000000000000,9826.7498580000000000
pool14prutdqlndelj94pdz6h03yjh8c2qrmvgzrh4f46nryn2024u90,12,10252.711035000000,0.000000000000000000000000,2787.8256990000000000
pool1wc2vw2x2xu2van4acthhk08xtucm8ddpuphmw0ahnc99qtz4a64,6,10234.624867000000,0.000000000000000000000000,7808.5104300000000000
pool1ye4zrxf0w7d7drq5wmat36dlzq270dxy9rhgcwufnaja644vwr9,9,10206.665769000000,0.000000000000000000000000,7489.8461530000000000
pool19gz6ffzagyh9daymscvyc64maq2xf4s05w5upthferlnwd7vgr8,2,10137.954961000000,4570.0055020000000000,5567.9494590000000000
pool1lyxxsvl8tulypzj6rql4yaw9rsh6q6237fmfmj76a4mfsrz40gk,10,10087.5971900000000000,0.000000000000000000000000,10057.1192190000000000
pool1dhugawja82wkmrq0lhd24uyrhm02v7grdhnren9r2qgujsh5kml,1,10013.7945990000000000,10013.7945990000000000,10013.7945990000000000
pool1wmyr8pp6f3rll0hdxed6e8kkxzvj9ur0ecc45sttan3fqcfldcm,1,10010.8838820000000000,10010.8838820000000000,10010.8838820000000000
pool16e0qmln8gvtnjcpcvgvjdlhcnsz6z95uw90c58t50qfkc6rqek6,1,10000.0339390000000000,10000.0339390000000000,10000.0339390000000000
pool1vygvrczrlzapm25qf8w3cxz4gxv2azrp43xj6538tt225jjfcpw,3,10000.0000000000000000,0.000000000000000000000000,10000.0000000000000000
pool19mc6suzenqdvmq3ssf3nfzv4xva3wgl83z6syumccdppyar0vga,6,9943.8576990000000000,0.01705100000000000000,7455.4019250000000000
pool16y2dn9e7cw07wtergytxr36qlydfe7aj92xhv59e6pzezgwxtv8,16,9913.1729040000000000,0.000000000000000000000000,7166.0615590000000000
pool1v8cx78z8fqu4438vcmg20qlp4qujks8mrrlrcer6aa4f6eg9u2k,3,9665.3787710000000000,245.4833270000000000,4848.6081460000000000
pool1lrgpe8s7yskeqwvgu4t6tmkmh8eqwu0xj56yvufpxcn2kjgn7ss,7,9652.2444750000000000,0.000000000000000000000000,3997.0461750000000000
pool1dye0sw6hv4jee7wemgc6dnxhaquuz7sxkktz2tpm2ekcsqyyj9l,18,9642.3300160000000000,0.000000000000000000000000,5782.7092560000000000
pool140xj040w37pcufxdhpjne03sn2rd0fxys4m2c0sgjw5pqjnlx8f,20,9610.2208070000000000,0.000000000000000000000000,2652.6189670000000000
pool1h6l7mhtqqvkgq5hyvkrjrrwddulx7zc6mxlrsezsspymckuuext,12,9387.8486540000000000,0.000000000000000000000000,7958.4332150000000000
pool1ndtsklata6rphamr6jw2p3ltnzayq3pezhg0djvn7n5js8rqlzh,20,9365.6704050000000000,0.000000000000000000000000,7653.5419250000000000
pool1adryduxm4puhn67tuxys7rhvdleee6gw5pc9ufnwwzp8k2wjc2z,2,9308.8046450000000000,1.9587350000000000,9306.8459100000000000
pool1rx2745qj65qrgcutmpydv9k3ld930puq52t7skcd3ennqh550zc,14,9278.2180820000000000,0.000000000000000000000000,4664.6216220000000000
pool1rcdq9r6f0nwv376afk5dx3ugaumlhm4kx7g8tue74dlwgwsmd4l,2,9267.1982150000000000,0.000000000000000000000000,9267.1982150000000000
pool1qlpen2kkw8yc0pjyjjcg4zlswhrahf73f99y3ae85kjy6leqk7l,106,9181.6036930000000000,0.000000000000000000000000,3154.5868680000000000
pool1l3u6jww4npkx2e0utcsmkhwjjgnp43w62exrqwzm8wudg0457e5,4,9157.6786970000000000,35.6219280000000000,6423.8464290000000000
pool1xmn8ag7jctcpdqk9jtrzk9s7qgs4f3cehkxhtelgpag6c7fjxdm,58,9074.6923220000000000,0.000000000000000000000000,5396.5972830000000000
pool1rj8zkzk3dm0lmnjtafczqfp8sshmang8gg85eypjeh2e6cve0vl,39,8957.8153330000000000,0.000000000000000000000000,2866.1925450000000000
pool1fu6ppur5uumrpydpeswzrvfg4epr68xw39aar9rcu56tk5ukat3,42,8956.2785970000000000,0.000000000000000000000000,5672.9219860000000000
pool12cmz6vtm43tztqck4xnayhpmeml4ljxutvuexhwgsvrpwllnscv,9,8898.9593160000000000,12.6213460000000000,3842.7279930000000000
pool1n20x3spgcj72k0azl85gxt72qzr2eq7sr53tlmwdg8wrz60ynzn,25,8859.7275560000000000,0.000000000000000000000000,3323.0349410000000000
pool1ks49mpnl7mhh4eqa7ff3krhqa8nnx7gx04cawe46qnjeufawr5z,8,8726.2808130000000000,0.000000000000000000000000,4087.8815760000000000
pool18yp9wal36lzzw34ujcds8vtfpsndkzq484zcm360evp5khex0l5,20,8710.5515020000000000,0.000000000000000000000000,4153.8146200000000000
pool1xwy9ulstsdfwuh0q0jc76hjalvmh2mfal004ep6ka38k5z4zmh3,4,8490.5803190000000000,0.000000000000000000000000,5007.0270310000000000
pool1her5uyhxcxeyxws60jrft4kkczc2uxyz3z2sq24582z9kvwsng0,10,8443.8591360000000000,0.000000000000000000000000,8126.9446600000000000
pool1xpeupsjcwntlt78ak74kk9ymfhn2pac000yu9dp42qlpz58f0un,5,8395.4597980000000000,3.3697940000000000,7339.6072600000000000
pool14g73qj0qz05ymqg7dp9kxdu8jr7uuzm6z6n3jwxpvqskghhmhng,25,8271.2389760000000000,0.000000000000000000000000,2674.5470450000000000
pool1tay8z4sq4a4gmyhnygyt0t5j84z8epwjra06wq28jnnmschkkuu,7,8264.2787610000000000,0.02415400000000000000,4893.6576360000000000
pool1h5kewwuh5jh6cuq52nwu5w7g8488qsp8ja7ahs8p2ln8ygde8xf,1,8247.4253970000000000,8247.4253970000000000,8247.4253970000000000
pool17k4f0mdwyulkqhyu2mudavu2qqqd7hfc9xtxmxtk8dudvznma8k,3,8226.1801210000000000,13.6167380000000000,8011.5633830000000000
pool1tamft50mh0vjm346d9lusczc8fxxyh5z6fk2eel38srwvz38d78,4,8106.6099950000000000,0.000000000000000000000000,5588.1255430000000000
pool14g7yxpecpp2vt25nc7mjtf8q5g8n362wxksvpxz5fht35khqs0t,4,8105.6499380000000000,0.000000000000000000000000,6565.3968010000000000
pool1vj08te6uceklte43cy6canq7te45qjmmm0dhewy0kvstyjmgqzt,1,8012.9196540000000000,8012.9196540000000000,8012.9196540000000000
pool1zsjkw3y0kyhce6esgat3r3vec9z9rwud79lpv00u84646pu7rvf,7,7875.0246940000000000,0.000000000000000000000000,4123.3715060000000000
pool10hua8csg69l59hv4v48fpzcap726l48g77kckdg27zm5v349p69,4,7832.6361980000000000,88.3778990000000000,4840.8083190000000000
pool1cvekct2pwhypvwrfw5e936vkk2kqhwsjxzkpf63xsc87klnsxqv,10,7812.9564230000000000,0.06482800000000000000,6977.2175490000000000
pool1qds0ldd626j09nnpn3g3ne2fvn65phr6cz74k6xv8urtgygu9cp,13,7790.8240680000000000,0.000000000000000000000000,3318.7869140000000000
pool1ntyzyya7yde0yrna4q9n4g7m0gttpy35jzld9mckmtz0zfm28nq,1,7786.2853850000000000,7786.2853850000000000,7786.2853850000000000
pool1qw4h9v0yqy53m2yx6ngcj5w8394q7wtmfk06edlpvu0zw4gn9ku,4,7727.1365250000000000,72.5550230000000000,6097.6249540000000000
pool18mgvt3k5sm5vns4tqu74qt036tw0yterxuz2zjczlqr9saeas9f,23,7695.8853500000000000,0.000000000000000000000000,4858.7343710000000000
pool19nhmxfd2tts089nx742g8jtc2ynwstkhp2594y0wwp6d5we25f6,75,7588.5198430000000000,0.000000000000000000000000,1761.3464460000000000
pool1cuccvs6vdlrxw67kwvzdx3gcl3ha0402mkhhseqmre7u7vdkwev,4,7564.8195090000000000,0.000000000000000000000000,5248.3530840000000000
pool1agk62kg0s9606v78exurl53mqsdu44d6qeuzypur5e7ku6gpgzp,19,7524.3343290000000000,0.000000000000000000000000,2912.4014500000000000
pool1tw2vq5vuxe5x8fse40ljx2mp53rdna9w0sktcq8ndr2nwj4ysgl,5,7493.0277730000000000,14.2044030000000000,6001.6481130000000000
pool1xlgmew766a2ndakrn4sn63t00sf5z99w4ncd7k75r5thxqyln92,7,7395.2611170000000000,0.000000000000000000000000,6370.2003880000000000
pool1ttxsd0ls8w35mrluxa49v0vslt7a85pfusxxemxrkpasy27tkcx,6,7281.5091260000000000,98.0000000000000000,3547.6706130000000000
pool1devkrwcez409eqm07mr224qqm4a5t3efx3x7u046kct7yk4fxa9,5,7259.9867680000000000,10.5000000000000000,5007.0883440000000000
pool1y44fkeps7ftnnf495a7grfrwtt7hxcntaenyzu4x4vah5cud0mt,36,7238.6094210000000000,0.000000000000000000000000,3153.4332510000000000
pool13rcsycq8h085yfu7m3s48gqf9gsxg26fp89q27e3l788k8xa4ea,3,7222.3640500000000000,0.000000000000000000000000,6975.7269050000000000
pool1dlzpcfmnn727lfsav0x8jmdwjz70sy429xfxjwnzk7r9wm6stws,6,7212.5987760000000000,0.000000000000000000000000,4466.7399320000000000
pool1ret0s9eqs27nvw0k7y6vvv7nzfhpx3a86qyjnl4np79sk29q8f8,3,7153.7489660000000000,2.1252130000000000,4157.6634000000000000
pool1ca862gvy5r06k5l3hulsphtp20tvuxqef0arzcyejdf365c5nrs,11,7083.4260210000000000,0.000000000000000000000000,2503.8288140000000000
pool1kl7qlqtzxamrj8qwutn6ww0ksw3m7chwuewztqr6uu6yz0nuqtn,6,7065.6232810000000000,2.6411020000000000,5701.3557620000000000
pool1ycksh8m4ees8jf6f9muvpqxmprj7j2wk72h2qxcn7ykswv408w6,5,7050.4280780000000000,78.8870910000000000,2002.6239420000000000
pool1lgzryt60tckrjspn7z0gxup6ms6srd2xmtl9y7wvt5fsxnd2qxh,288,6962.8159260000000000,0.000000000000000000000000,1153.1112830000000000
pool1trxkcm5vnaj07htsmlfgjpwxmljy70ucs8z2n2qy8mvgxr73qlv,6,6959.4506130000000000,0.000000000000000000000000,4655.4040110000000000
pool1lum6jezln4dtxsvjgagnd06uavwps9ntks9rk93h7spzkgyzu9w,7,6945.5055310000000000,1.3059300000000000,6607.0567570000000000
pool168235cjpsrvwnvddmhc7dmtcqr7c40j2mlrph3qvuxk3jqls0wy,6,6930.1905280000000000,0.000000000000000000000000,6368.3319870000000000
pool1eu8knr403p82ythegskwmf8w6v8l2w858d8jz7qvvqzj7ryech4,5,6760.7053310000000000,2.9209210000000000,5576.3916570000000000
pool1ap5sw2p7erpvegveucua66gy50cadjvq72apar0hvzrdv8s27nl,6,6737.3037550000000000,3.0363590000000000,3366.1957430000000000
pool1zpsk3ql6qgzkgqncrlzulf9dype3km52rcdnajn5ttddwhhc3vj,1,6734.3210820000000000,6734.3210820000000000,6734.3210820000000000
pool1s6s6eyve0lmc4e0emzf2l68n9ya0rhrpdcq0jmkmmmxv2rkrx42,7,6713.1334990000000000,0.000000000000000000000000,6619.0865960000000000
pool1hl9tn0qpujfss69h6jr3wepc0e7tuczchpfu7nu4ma006u5scfw,4,6707.6363620000000000,0.000000000000000000000000,4633.6947560000000000
pool1cuzhrcpp676p4u9yk2vrtj7utmq2dy4ey56uw6znml2f5hrpgpw,4,6705.7351180000000000,20.4423770000000000,4816.5541750000000000
pool15jc92k3rhksa3uf92sluqhhnnetx04l49xttslx67kuxz5e36e4,6,6705.4188440000000000,0.10566400000000000000,2652.5321260000000000
pool16m8xz3av9e3lwnxgu0jfnuwckgayev63zpzcu56hsxx7vy4eqzn,4,6688.8998410000000000,0.000000000000000000000000,6588.2899200000000000
pool17etnr2ngwpnqwuvdzszzd36u67kzcsrs8scuxf0a63hezy9zvpv,15,6585.8797250000000000,0.000000000000000000000000,6070.3351220000000000
pool102s2nqtea2hf5q0s4amj0evysmfnhrn4apyyhd4azcmsclzm96m,4,6570.0517390000000000,1.2638290000000000,4984.2173780000000000
pool1rthy0xp2syng0cydp85wvz973szmq2ns8u5p4hdedkwlyhry27w,14,6559.2702340000000000,0.000000000000000000000000,5629.8945040000000000
pool16uf3j299ndwd3xmv6fvh648pc3s4c3y80g2t0y2rwew3xz6c3aa,4,6522.4468900000000000,0.000000000000000000000000,4065.4101230000000000
pool1ap29p59japhsunqkknkrdm4wh4f8krrvhft66zhns43evawjd03,9,6304.6206040000000000,0.000000000000000000000000,5086.4286620000000000
pool1vcmqgcykx4k3ngj2upkyhu424dsn85ansepz2xmdxg4mqw7w6ac,15,6269.2457070000000000,0.000000000000000000000000,4527.4028100000000000
pool1wpj6th0242z6l2s7zl357a6rv8s7a4lq9x0p74mev453qczweyf,1,6235.5596170000000000,6235.5596170000000000,6235.5596170000000000
pool10u90lv7ayyfdulnt004h2wg42yff22c8vjlnqjxv7pytypuaykv,11,6192.9219480000000000,0.000000000000000000000000,6184.1208100000000000
pool12rv575nj9cfvy0r4th7jtz5x3nt6waht0qe5fdr58ucx77tk7pu,2,6160.7230660000000000,513.0921720000000000,5647.6308940000000000
pool1cshuf0jy40a83glgwakert9czfnqrpyq6zwqly2705mrwkajuhu,2,6108.8120870000000000,12.0688460000000000,6096.7432410000000000
pool1w3s6gk83y2g3670emy3yfjw9myz3u4whph7peah653rmsfegyj3,4,6086.3224300000000000,0.000000000000000000000000,5940.4967310000000000
pool1l93nkg4n5jzdsd7k33g8vsavq4ne6ka82eddt9ysnu35vy6883j,4,6009.5702540000000000,0.000000000000000000000000,5001.5829270000000000
pool1x9ar8wy7ljw83ppe6y9p6h2yskrmf5dfa0td36ypk6vtgqzwqh7,7,6008.2223350000000000,0.000000000000000000000000,5754.1847270000000000
pool1f5s5lqe7e3x7wxscsawaj0ddjz42y4ckcfqcxrd3nxg7wwvsysn,2,5922.7010640000000000,1600.6239860000000000,4322.0770780000000000
pool1ugwj76z4cx6sywscud8ntd2m9tg3gyesmnnl35qr2l5mu06pe3x,2,5897.2417610000000000,2.1426450000000000,5895.0991160000000000
pool1jhca0ycgclhc3ae860llt8fwtgvkw4p44m0khs2df5xawk4kx8t,8,5828.1929990000000000,0.000000000000000000000000,5823.0398490000000000
pool1ytfsdx0zjdum8qwrk6urv6u6gxvlnd3r93j8p8ckj57wz3aaudu,4,5805.8049390000000000,0.000000000000000000000000,4776.3864980000000000
pool12rruj0mjqzaf8ryg7ny0x77y80lpdxd7zh4kgg5zyy0r2rzue0q,4,5753.5880940000000000,0.000000000000000000000000,5600.1159450000000000
pool1yd67ecxptd70flavhu9m4x9pj460fpy3pttlcfs5wvjlwzs79vw,2,5714.7429130000000000,5.1546460000000000,5709.5882670000000000
pool1pfl8ssfunf32pe5dyntel7eqc4gutej3f9r70h8ss7v3vesdtks,11,5643.1041320000000000,0.000000000000000000000000,2731.2306090000000000
pool1mnghpud4rypv76fgq5urhzaujlevp94tjxug6556e9qyua43ktl,9,5612.3004370000000000,0.000000000000000000000000,5371.7168510000000000
pool1rv3f2ctg35ke7t5azmaha6393skhvnhwedh96e6r703tg00wp77,7,5609.0970910000000000,0.000000000000000000000000,5265.7620980000000000
pool174s9fj3073jx2t8zlm5x8rvyqt52uult4jn7slyrtg8gx8ay9jy,2,5585.6149910000000000,558.0973460000000000,5027.5176450000000000
pool19r33az023gn3n8p2x35hq00j2dxc8vwln0nanpcfuvc8759cvkz,11,5564.4076280000000000,0.000000000000000000000000,5542.9216640000000000
pool126ut5j5qz5wg09sjxrjugmjhqyslgam9cyj7a275y99l6n3gql0,9,5516.8128200000000000,0.000000000000000000000000,3875.9993660000000000
pool13lz5g3f0kef09j5jvlw4t0dq7ejugl5q8sh0r8yyaxhdu04z560,6,5433.9394620000000000,0.000000000000000000000000,3100.6459890000000000
pool1fhrhklkcqy5mlygak5hszc3phplq7qq5a6wn30hjrv4e6ydrl9g,3,5373.2969820000000000,88.3535970000000000,4997.1295220000000000
pool1lv7v8r8ge22agkuv2astu503d42v749p6rp3sg8l6twuwqm525c,4,5341.7363600000000000,0.000000000000000000000000,4578.3714970000000000
pool1wh23dzv4mjrm2lv5y5k3pk9yx8dpggd63ma6duesvzvvymawpny,5,5265.8582890000000000,7.4417210000000000,3055.6245770000000000
pool1xaxps54m30n35fegcweum3c86pr7xp2mmcvfsd007v9ps9xu8js,27,5172.1695950000000000,0.000000000000000000000000,4490.8591000000000000
pool14p4ksk3ddqtax905sys7ujakpxwvfsntjnvlu8p9d3wxycy7pv3,8,5122.5215860000000000,0.64888300000000000000,3316.1893930000000000
pool18en4vtxkjt3u5x6ctu9l3nqmr6pm3r7akxgu84450xdvkr4j827,2,5114.9229010000000000,1614.4939840000000000,3500.4289170000000000
pool1nf8990yn76kp9csnfrrl9aar7z8l7pas0jlfu637us5n6sgycem,3,5097.8149330000000000,9.6190580000000000,3896.5216330000000000
pool10s8x49tu6wcne63rqv6gmnhwpcg4kg8r4s3ncv6q7uxx76jvlwg,1,5097.6235460000000000,5097.6235460000000000,5097.6235460000000000
pool1kxfg47ms0mlszthp5j8uqpmqp6575j0nfusqne5sd7ggy3ntlsz,6,5081.6718860000000000,0.000000000000000000000000,2465.3705140000000000
pool1rzzz3sy88y05r8vqpejczv6zqntf6ayn3untjkn9kfud6nemcp9,2,5072.3340030000000000,0.000000000000000000000000,5072.3340030000000000
pool16l00309tdqza9606rltqtrqejx7tcr2swa86jrmz459txfnkgq7,5,5038.2673350000000000,0.000000000000000000000000,4225.9266150000000000
pool14sy0qjv6fl5jcv0gfn6zl8w9tqnm67drxum6tdmazcjvypy848w,4,5025.7500760000000000,0.000000000000000000000000,5016.2089880000000000
pool1ru5ltcffgwnz6qdmccq9lcfu4zncygacm5fzvwz6tq9zcfwyl0v,2,5021.4397610000000000,3.8181950000000000,5017.6215660000000000
pool1el6ze57482qzf830l6h2y9uj0l9fr5g7xzur89d4d806y896vgf,22,4998.6983430000000000,0.000000000000000000000000,4011.5740390000000000
pool1a58fg4u3mcr2zwyqlc4dqd6mnwqjmcussmpmcml9lrmszwedmfy,4,4988.6313860000000000,0.000000000000000000000000,4518.0998440000000000
pool1w6vj437xqhlkasuhc2td09jd6vfem5e03nhhpn7yqxfkzrkamch,13,4933.5486540000000000,3.9978830000000000,1139.8855430000000000
pool1p90ymkn27wj473ve0leq0u6s935atjspsq77kxttyzzqsekqjh3,4,4907.4585020000000000,1.5204110000000000,2437.4241100000000000
pool1h5368szqrqvfy7txc5r2lyay0xx4fvp2w38mswplqknax8l9wl2,11,4845.9981560000000000,0.000000000000000000000000,3055.4351080000000000
pool1mw8jpnmxd22vw4h68uqw70nx24vfju4aav9rznesc4vnjnt68g4,17,4841.5634170000000000,0.000000000000000000000000,2669.5541780000000000
pool1w2s88xpylulw3l8naaql9wzxqwra06n8c2lwklmph25zjkvwuvj,2,4823.9179120000000000,0.000000000000000000000000,4823.9179120000000000
pool136ahugdvaenv8ed0d3m9af4dxxtzu7u3vpfq4mxk7qq6xuvd0ca,16,4781.2419770000000000,0.000000000000000000000000,4668.6764430000000000
pool1jqdvgk0csfnwftkzn6vyz7fq8s3606uu6k7wa9xrn0jpzg4r304,11,4780.5669200000000000,0.000000000000000000000000,2606.4026260000000000
pool1d0ld90s42dnypxxp08923d7pezh4xnzht2gfl5c6xm2pg6lyyyq,3,4767.9225580000000000,288.4971030000000000,2472.9360230000000000
pool1pqdgdhka8xegl8y3lt780n0v4p9yl5z3vdh6qqs4vdlvgaujaxu,8,4766.6311310000000000,0.000000000000000000000000,4100.8609910000000000
pool1enc9l2nealzp9sr7n77032rc593879faj6hqeny6f6h052eaaxh,4,4731.3801100000000000,0.000000000000000000000000,4360.6595820000000000
pool1fwhu9w2z82n5r7hdeu8ayl9tywraursthd78mxxekr6zzdjgpkm,12,4714.2470870000000000,0.00952500000000000000,3328.1517680000000000
pool10wugf8sxugp74y0dafvc83jmcg2z9v7u5yfs79zy67rxc5lqhd6,3,4678.3557310000000000,98.8255670000000000,3879.5153170000000000
pool14fka0t3prjrldjkavqc6vs0zyngq7jw9edek57js94g9v4r25rg,19,4628.7345840000000000,0.000000000000000000000000,3671.0717040000000000
pool1n3agd6rep8jw3gff684mja56ns6wqmshayu0av7hxcgx7f4pnwy,3,4593.3590520000000000,497.6165590000000000,2998.6455020000000000
pool1ur2y44cgsyf9l40y4xdc7w3cwy88vgmj95deatatzqnqqhrfp7f,5,4575.8702110000000000,0.000000000000000000000000,3256.4546090000000000
pool1u283gl35gdj2l6c5cmg9crugf9aq7w6242pr88v6enr8u9q2vzj,5,4557.4903540000000000,20.6246430000000000,3266.8686430000000000
pool1dzkrcxlqgamf3dwgyh89nrx2xkwm7cfju9mp54eyqwulku73jxs,9,4521.9877940000000000,0.000000000000000000000000,2392.5022740000000000
pool1st58tj7nun3vynlhlmfawrn24ar0pshdle733vtkv43szxt2kq0,29,4517.1982020000000000,0.91052500000000000000,1585.6700740000000000
pool1fts0a4clzu7wyhdqw48cpg2kwvstzeqddtwj34pxfw9jgvznu0q,3,4503.4246470000000000,1.3679880000000000,4497.0256110000000000
pool1v9z04yz8cs2dvnmvfp2fmuhfvs8w784x6w6r8ah9xanugdzlmg0,3,4429.0410630000000000,35.6801860000000000,4041.7883310000000000
pool14pxhk34wlpu2azrnwy9ah8hrzxgffhqthcxcp620209eupfjfcn,5,4365.2054380000000000,1.6206540000000000,2922.8857870000000000
pool1fmrd4ds793ja4c5muy7hwj6q7kssuhtx22em4udmvx6957z9m0u,6,4341.6187560000000000,0.000000000000000000000000,3511.8398440000000000
pool1a40qpxlsqwjk4a9yk636dcawly4dcrd6l26tghjxlr37cmlrwv4,4,4306.1855170000000000,0.000000000000000000000000,2169.5592690000000000
pool13ft2syyqvrd0x89hcyskvz3dymqz6xavq646x2gy79lq6lrthrx,4,4259.4374850000000000,30.1735230000000000,3904.6925500000000000
pool10d303wup90j39mmvysf0lhr2xmr3mf38y5vs577nmlq6yy8n666,7,4247.4176490000000000,0.03042500000000000000,2087.1378450000000000
pool17ywx7vha7t8snj3xzwm9863lvnpke0ufqjtx94mh49sf28srg9m,5,4109.5151030000000000,1.00000900000000000000,2858.0430700000000000
pool1233gq8vt6nzytuw60sr9gy2jmehc88fpglrjrzsd8kys5gqelgg,3,4079.3583980000000000,42.8404920000000000,2149.2192840000000000
pool1jk9na2mu29wwap6pprs0c98j3rvh4jva95f5m3hxnwq86tk9c0l,5,4071.8714500000000000,0.000000000000000000000000,2706.2227750000000000
pool16rcqtg9gywenzkp6t5qg8um5tuul6d4dzwauppz7z3ufyaj0ky3,5,4008.7028990000000000,0.000000000000000000000000,3489.5473470000000000
pool175gxtzacpcm90adjpvlhjmfpj4ft2a3zuqsgm558hf3q7ra2vf9,6,3999.8776090000000000,0.31652700000000000000,3876.5543860000000000
pool1wumx7h5vnkjwhv0rycjwdqd8cykvr380etvszgevquxwz02p5wx,4,3906.8239100000000000,110.6234140000000000,2998.0255670000000000
pool1l3rf0h8s6fdw8g4vy8qg7fw3wwj8jdm3hg0wwwycnvj8xcl2ps8,16,3893.0265290000000000,0.000000000000000000000000,1744.0563860000000000
pool1m7eljcrzd593cawzwpts00mmnxnj52kr9da8r264r7c4kfd4m0h,5,3866.0760170000000000,0.000000000000000000000000,2877.9965200000000000
pool1luwt2c73ng94v20qv75dcyduml727s39w3yr8xvx6eue6ae58h2,6,3841.0604750000000000,0.000000000000000000000000,3841.0604750000000000
pool126kcx3ve6xedpdk8gm9gtgs5x2h77tuwe5hjjcrp2nshu2xv8l3,6,3826.2662560000000000,0.000000000000000000000000,2647.0438820000000000
pool1aqr4843pgkyaq6p2557vgnxsxwnj5s5em2xusf5k4ya4uzk3w5l,12,3811.6521700000000000,0.000000000000000000000000,2023.5956660000000000
pool189ysyxejgdu0d5u323cajq40ec6wsacq3yav3ul7fdxs6mhdhr0,11,3790.3765320000000000,0.000000000000000000000000,3561.1663060000000000
pool1rte6kvv4z3f4fuq6np3qsmxh3pujem6rncpg58tuxc04gwmc2xn,10,3772.9546820000000000,0.16354200000000000000,3161.8628060000000000
pool15kh3h3d77hdcv4ld82cm7mxh7uuqm6d568drqaky9ftlczl6hfh,5,3743.5624730000000000,2.8002670000000000,2739.1058640000000000
pool179u2dtcn92xv7n05dldlevt6hcu5v3p7g4aaqva2fm8qjzu7lpc,8,3734.7204740000000000,0.000000000000000000000000,1802.6309790000000000
pool1d5lk27jlkaj6dx7ndexjzmdqtt5hnnpx5224awz83ye0v28ve42,4,3734.5950710000000000,1.2221010000000000,2113.5438260000000000
pool12plmfgtqk4nj0wse5wnr49xth22fjacxm0gxg3wc88ewzztpwf5,4,3707.8044520000000000,0.000000000000000000000000,3385.8548800000000000
pool1sktpderrlmwnw8l769aqqfmmv2sn2uatp4r9z84htt6kg7jauyn,3,3653.1561840000000000,0.000000000000000000000000,2209.3438590000000000
pool19ddv2pe786q8zqjzvw50u60y2aau7wl76sg3pnkc4j92wcx2kp2,28,3631.7084550000000000,0.000000000000000000000000,1342.8234160000000000
pool1q5h54ekx7wwqpfz78y8dppyl6uv7rpyvvr8nhf4es434un4mpx3,25,3629.3599720000000000,0.000000000000000000000000,2015.6445210000000000
pool175jklkquzts0u05axap90uqpym5knnjxky396mz95hhauwyzswe,6,3609.7900370000000000,0.000000000000000000000000,2899.3065580000000000
pool169mewaur9ma6ffw6x90xhjj0sk9j8yu3ynqz20jh03dj20syqwc,3,3572.5236870000000000,0.000000000000000000000000,3018.8291810000000000
pool13zh79cqv3y36cgknzagwegp8y0kuzel2j046jmup97hhjwk5myw,37,3567.2533350000000000,0.000000000000000000000000,1215.4566960000000000
pool194rde70lnsrdu692j6hzrth2ka08l2t4g9mj0xl8tyfmuny7faj,2,3529.2076900000000000,9.6183980000000000,3519.5892920000000000
pool1ze57pe06f82s3v8ugjqxrny56sj63vs26sm5q879ahkkq69zn0c,14,3520.7827520000000000,0.000000000000000000000000,3174.1452430000000000
pool1wvgf640twac8y7raqfz8hlqz4sajyw2gfpcxkq80wygekcx2402,2,3503.5662820000000000,1459.7001910000000000,2043.8660910000000000
pool1e5efe78z67djz6juekzw2hqpu3tn9eaqmekdnqn2am6j25kmrt8,1,3502.4206450000000000,3502.4206450000000000,3502.4206450000000000
pool1xmftxwzqqkug8uzl2n2yvxhm6k0tx4rjtel92wjgvrlfk0uqy8c,19,3496.6768760000000000,0.000000000000000000000000,1847.4706180000000000
pool1aavk93lvhqfhskga397sadl0w30tul9sp587gh7r8mt625zxze8,6,3487.5853710000000000,0.000000000000000000000000,3476.0531750000000000
pool1dhfz7yak8wqmpvm5luf8ey44aewa9hcrldz0ea3rhh97jmrru5j,6,3486.1734360000000000,10.0000000000000000,1333.1137980000000000
pool1ey97shazvk483tzqsvda6hvh8z0kld4g5ssxanrgetddgcf2mns,3,3472.8426150000000000,2.8254790000000000,3141.1741390000000000
pool1vve4vgd0ncyjvalr6xzeaxqmfzvkqmxfswj7lyae8qsgqhta9wd,14,3430.4966430000000000,0.000000000000000000000000,1036.1561470000000000
pool1pgdw8zfuwjkqhkl5fycfkdplkwqkmwvx7gsr2rkvvpnf23wwg8r,4,3396.3965490000000000,0.000000000000000000000000,3223.4668640000000000
pool19n2rjlddd0afs02cgd86mehptwaajv5kndtfcuqzdmgzq06lq0n,6,3374.6434600000000000,8.0369620000000000,1443.7549220000000000
pool1k9xjmvud972vng83669mkveaedteaprnfflqv047y66ugtqjyyq,6,3366.5100960000000000,0.000000000000000000000000,2001.3684990000000000
pool1u56s0gg8xn8uqyzefwd38napn8jmrjqaum446alm38sgj3248re,3,3361.2947490000000000,2.6227980000000000,3351.0176930000000000
pool1auwfzangu7s9uagapchhmac87jy3k87a3dxhp23vadtw5m5dswl,3,3324.7077930000000000,0.000000000000000000000000,2812.6418220000000000
pool18dmncsu0wwzfnje42udk3eeld3z0zwjpjxname3lp8a9kpah28w,10,3311.7097800000000000,0.000000000000000000000000,2316.8420670000000000
pool1zqcz8zt9v07ygj06zr28lwm85s20f6w2qdcdltjyd0wuklydqnd,7,3292.1810910000000000,0.000000000000000000000000,1163.9878740000000000
pool1gmwp956mrfn5hcs7rp7nasa7xpwmx84kkkclyx48xwuh5dltmpj,8,3268.9258640000000000,0.000000000000000000000000,2199.6455670000000000
pool1m80jrruqnynpuqvmm5cyhxjqy2q8pnnpyu40sd02z0gkzehqxua,2,3233.9678120000000000,750.7600120000000000,2483.2078000000000000
pool122pmneflla304ptc7s5ws948u28zaek08k6hk3fmw8rgkzmgect,5,3222.2876700000000000,0.000000000000000000000000,3150.6515450000000000
pool188837cdkhad7w2dwk2arsldyre3tcva8aardadf4ekc0j56267t,12,3218.7392430000000000,0.000000000000000000000000,2370.9058840000000000
pool1mvk6eup390pja32f2r9fgeus5sr5u8l6x9ver65tf7q76t6309z,2,3209.5937640000000000,367.2894560000000000,2842.3043080000000000
pool1qsdg8ylzy4kv624drfgkzuqgqj3y29lw44qnvltepht2wegh58c,2,3168.0381680000000000,4.1914290000000000,3163.8467390000000000
pool1vekz9v9ntugs7g3flpg2q3au8tp7205zsyl9kh03g72s7rz5hvm,3,3167.7125100000000000,0.000000000000000000000000,3167.7125100000000000
pool1dmugaarr3nq0679fa02kqunlfmcyxdxfy3quc9x9s69zquty478,7,3147.3829600000000000,0.000000000000000000000000,1899.0150860000000000
pool1e603j2p4q346w8knqt2a8c96n8t9l5u4qdrv4kk50qvpgvh8hax,7,3140.6614150000000000,0.02322300000000000000,3083.4199950000000000
pool1usumnw5klscs76ycpmkgf5re5v8pul462g5mmzc0knxs5u04kag,5,3111.0608060000000000,10.8246430000000000,2051.1281190000000000
pool178jmsy6t03udg2urvckseyync6y2jkq26haj7vxtwszc7ycq5ws,9,3102.8489770000000000,0.000000000000000000000000,1135.5257870000000000
pool130sxcuaxh2yc4chs68c4jsep4v7zfhgdqutm60ngdvt9sa2ga06,37,3074.9698670000000000,0.000000000000000000000000,970.8195100000000000
pool10f5k6djk7m95dls80f5n2temjlkacsqd47758z2xal8g79kg9ct,9,3072.4674180000000000,0.000000000000000000000000,1889.4414610000000000
pool1h5spwddnynn6dt2z3qz9tvkju7sn6s8ptqetyfpltsppwalukyg,7,3056.7102080000000000,0.000000000000000000000000,1096.6725680000000000
pool19klg32x4wrwh8yfdra6u52qa37meves4r68pxajxwllvzazd37c,5,3045.8072060000000000,5.0812390000000000,1897.3014830000000000
pool1wnshjhwqv9j7fgd4tkynpsqr0xczns4pghljy5j4z4qjj7qy4d4,20,3041.6565340000000000,0.000000000000000000000000,1069.6393860000000000
pool1rd02pkrtvme3pd6fznltk62e4cr5ddgq5fmd080neu4mkt8r020,2,3009.5073380000000000,4.7991740000000000,3004.7081640000000000
pool1lvl6pfge9lgjuanu3556x29zglf6s3fw2lf2m823x9duj9gz6tu,3,3002.9054030000000000,0.000000000000000000000000,2997.8583420000000000
pool1fr3ws5vwm7l5y2ywau2jrlaan0xmfqv68h5g3g3sum2ywthurt2,2,2972.6395310000000000,42.2347280000000000,2930.4048030000000000
pool19042p8xye9udlgxgxn6n358hx0u0mjuegcwpxradk3vpkqgf54t,1,2920.6210380000000000,2920.6210380000000000,2920.6210380000000000
pool1v3avy78l7gvaemvgfmhsltydscukfew7kx3uz3sqx499wns07qz,31,2899.7364440000000000,0.000000000000000000000000,922.0219960000000000
pool14wfydr6sewgx0qw39ccv53dysgg9m4u2763ngcyuyuxrxdfhq3e,3,2894.3007160000000000,6.6574700000000000,2702.2174530000000000
pool1snvcmtdnssf6t8fhs7943uxmmujlt4f89yv58cp7m99cq5tw9hy,15,2870.0327260000000000,0.000000000000000000000000,2412.8257430000000000
pool10le7rwlfg3t9646gm09jp05qg5kqvq3gvut4q2yaeu2ujncnh7w,47,2854.2611220000000000,0.000000000000000000000000,1198.7070910000000000
pool13y37atzdckzr0gvj8mtnma49602jjtcw2dhr9zmpy4rase88j6p,1,2848.8384100000000000,2848.8384100000000000,2848.8384100000000000
pool192ez0m2xn67tz4kx9casumhdkq9fz96rc6ja4ndl49v8ycnuwe3,4,2832.2315890000000000,111.0000000000000000,1214.9477440000000000
pool1vurlp3ndgge8avz3h8lu2wzdqcwc8w4l5s43rzlk8p4pz0x5vla,10,2829.3497270000000000,0.000000000000000000000000,2048.7197450000000000
pool12yfqjghmn47qajajqduf2rd83qxtdhva8j0qdctmla4v5w3mhq4,15,2816.7910260000000000,0.000000000000000000000000,2507.5869070000000000
pool1n62v2xsrnpyyaav2mgauwzn40u8hfzavt520vsaehz252v2tf7u,12,2800.3520710000000000,0.000000000000000000000000,747.5257870000000000
pool1rkz43352y9kmsvzqn3wp08t6qfz64j6at4gtmn74ge0tv7hqdhf,57,2800.1696850000000000,0.000000000000000000000000,1502.4872000000000000
pool13ucz6778ywff5pmcag4pcknq9gm6j04qtgh65cu9c5mt73t5ulv,7,2761.9465330000000000,0.000000000000000000000000,2232.0620720000000000
pool1u4u6jpf2verwtq2wjcrdr9ktnhgjpa7ag9qnnkfgqtxj2rh9d68,4,2752.6882850000000000,0.000000000000000000000000,2001.6283420000000000
pool1q23kstu6ute8x43z95ahnwh04n9rpn6k0wzakq663ke75220682,37,2743.1609000000000000,0.000000000000000000000000,692.8438460000000000
pool1eh6msmm3v7fs90lapzem3lkpl4sn2dgtz4hfvnfmqqtxya3k8yh,5,2742.2286180000000000,0.02464600000000000000,1876.9176770000000000
pool167n02n48l5hfgfu6e46xq8n3yefccm9dcnmefkmxuymhc8ncrjm,2,2689.5027280000000000,33.1926080000000000,2656.3101200000000000
pool1sk64cyef3v2m000eshsdz6ydu3j7rczuyv93dl76euyev7pslxg,2,2687.0838600000000000,50.7065180000000000,2636.3773420000000000
pool1ddskftmsscw92d7vnj89pldwx5feegkgcmamgt5t0e4lkd7mdp8,13,2671.1083630000000000,0.000000000000000000000000,2262.6545740000000000
pool19nfs9chtv37vfawvpyf0x2shfhns9hpwy3qfckvpm4dmq0nrl8m,10,2624.2204520000000000,0.000000000000000000000000,1340.5187840000000000
pool1szah3sjg5vhd09pa0y6fcsyja2rttsztdp0gj8jpngqxz9kj0a8,21,2575.2109910000000000,0.000000000000000000000000,1463.9929370000000000
pool1kz0gh586tn9fh77fgc7em9tl6d82e3ly5quwsvvfevvszt64g8d,2,2568.2127090000000000,57.3407750000000000,2510.8719340000000000
pool1uae2f4eg8mhzuur43w9l8vpk4dur58w600x0cy2ef5angazhg3x,4,2559.1373160000000000,0.000000000000000000000000,2035.2651260000000000
pool1gjmerqh4wxl553enqeqgc6m3r3gt6yspdg29jy6nuypa6k2tpdt,26,2534.4005110000000000,0.000000000000000000000000,2407.7234690000000000
pool16uja2pt05ddq9mzcsw9xkv40qdl7sm00nvpj0h4arn0fgl2xrae,1,2532.5410280000000000,2532.5410280000000000,2532.5410280000000000
pool1jas6p8hw9e2nz049g3xfn2me9yzknka4w84vzrxg0c2ej63stlm,3,2518.5738290000000000,186.2234070000000000,1307.2668920000000000
pool1gduk8s5stt3uej5nl9vs7marx8jjyeadwz3505gzvuqey2lch35,5,2514.0188650000000000,6.4894690000000000,1961.8062100000000000
pool1ydcx8pf36rttvgyak63kqpgkqgrwp94k6a723zsxer0sja9t3d8,1,2491.8888200000000000,2491.8888200000000000,2491.8888200000000000
pool1kftku3r6truhvjm75gsh9pm33zfv7nuwas88m5sxqqknyyj82gf,31,2476.1492270000000000,0.000000000000000000000000,1511.0745930000000000
pool10ww24pk8znf747x6d0wcueajegrjwzpv8x9a4aar4t05s7uzf76,1,2452.9955760000000000,2452.9955760000000000,2452.9955760000000000
pool1sy86l3j2aumxgsvp2nmw4ukuq2tc7drnqum9z8796hxnzksde4j,4,2443.4728230000000000,3.1024000000000000,2134.7699050000000000
pool1dxyj26fptj4muj6r2xp8h6lsp3s9ycgup6ssc0e62arxw6gc2xz,94,2409.8690110000000000,0.000000000000000000000000,999.3484150000000000
pool1n7zh6hu89v9lz6d8ggjr9xll8q8jqr5aa4qxkfnlfh2uj39802c,2,2398.7700600000000000,400.9444930000000000,1997.8255670000000000
pool1xpfe5q3v3axrjdc8h38taaa93frq3m9pfewxk46x4r6jgy2yj5n,2,2391.1007540000000000,0.000000000000000000000000,2391.1007540000000000
pool1chxjq4stjq2q635q8lv3vpszu0jqntxh3ltl97s5de4rz0rkdn3,6,2376.3677210000000000,0.000000000000000000000000,2296.8860090000000000
pool18fldcktken22hfd3tyx8qwes46lv6jhv43jhns8gg24k2rta4al,2,2355.1896630000000000,1142.5680970000000000,1212.6215660000000000
pool1kyn4xguhrd600j4y9kvksptzjk8k4hz5rdcrxx3qw3jksuwjnwz,2,2342.3811430000000000,342.3443570000000000,2000.0367860000000000
pool187k9uqvh2dacad2qyfyex7ct8q0jxepk45026s9h7mkxx9pn7at,6,2338.7187600000000000,0.000000000000000000000000,1047.0521110000000000
pool1j0ys5378p896epefs0q2ehx3h9rrd4gupd33adkza7g3q02f6np,1,2318.7764120000000000,2318.7764120000000000,2318.7764120000000000
pool1l40jtd7he9dv272md7jxp9yctj5glc598r6d3f5xv93qkx3e5z5,24,2317.5529520000000000,0.000000000000000000000000,1055.3200880000000000
pool1pg2fxvdpl9d8kdsfln3lvmwwk0apwvw6ykc5fyuc9jamgk6yvmt,1,2313.4403930000000000,2313.4403930000000000,2313.4403930000000000
pool16lsx9mj2s2wr337hv9402enw0886d09grx5c0d4pk97w63kjn2a,5,2273.9312460000000000,48.5058070000000000,1362.8274260000000000
pool1eqc4jwuez8yyerwlyjwenh99dlvmn6t6n3qjym70ulf5u8xr6lq,4,2267.5445700000000000,0.000000000000000000000000,1918.9675180000000000
pool14glhqr7989jz4yu0hnytpw62xlq0666sy075ztufdya2yw4d6fe,10,2266.7487280000000000,0.000000000000000000000000,1747.4686000000000000
pool16qhf24jz4pdru0gqrh9rwnvv9v05a6fq73g4md6mawavz2fg5v7,3,2250.4580340000000000,0.000000000000000000000000,2086.2093180000000000
pool1kqpy3de52m07versalrkqd57w2qh5cze3wupwrgx39m5gvtkjct,4,2249.4998050000000000,0.000000000000000000000000,1755.4851650000000000
pool1k8mxlherc4vmfk9pmxs0rk27qmu3sqy0gsdck4gwduz57xsepak,5,2239.7109440000000000,0.000000000000000000000000,1142.4690700000000000
pool1tcjzs5lp05ze2af8tk0pk3e3w6ey9ec0jpu9hxvck32mwxj9xwq,4,2213.6827630000000000,0.000000000000000000000000,1554.5519980000000000
pool10cpz0zepq23hm6lrk8vgnsdwl772lasq9caaemvw9kh9ktxqygk,3,2210.9192890000000000,0.000000000000000000000000,2142.9399530000000000
pool127xz8pls3lr6nct6w274ph2g4u83vqajgykf3l9ll772gvmju8z,3,2162.1671600000000000,0.000000000000000000000000,2026.8162040000000000
pool16gkhcchdyqr7a9vtupchcdaq4nu77tq9t0ny0k9m877u7zv03v2,40,2158.5384490000000000,0.000000000000000000000000,1182.8669140000000000
pool1509aw97y38yl6cpamvpzv58hh9c6lxrggxssya9twj9f6xxd394,9,2154.2348430000000000,0.000000000000000000000000,1793.8647680000000000
pool1ns6veetewra0zqlljq36rwt4g3d5s0lnvxmzmx82epph50weacy,9,2141.0653970000000000,0.000000000000000000000000,2029.1144590000000000
pool10usr6ag036ujwhmm85km8w0skjn3fp3dwnktt8sje4lfvwhu40u,3,2136.9482710000000000,0.000000000000000000000000,2134.8671490000000000
pool1d5zrmzgskqzse485j7p5cly2290xyffr2tyq9d8ngkzyxjjxwtm,5,2132.8367670000000000,0.15897200000000000000,1128.9735130000000000
pool16w2mssm03rrk5jzkcvxyma77zcxx4vsjhwz77hka33gnsk9j47n,10,2115.6695290000000000,0.000000000000000000000000,1776.8024580000000000
pool1lp9pugfvyrjt8rqj5v02yvucchzj27tlru9kwl7nj0fh2mjc5d3,5,2112.6672810000000000,0.000000000000000000000000,2007.6155820000000000
pool1f3ptnevzpgwjx32az75u7nth59gkqxe5h5qld86a8vm0j5jrms3,16,2085.4253900000000000,0.000000000000000000000000,2063.6917310000000000
pool1hg8vu74hyaj5qm66ys83c0gmr44j66g2k8s9sns4htw27whsqwf,3,2065.5424900000000000,0.000000000000000000000000,1614.0649770000000000
pool1p8gda4td9882kcllejstrzfh84n8cxts0j67dyuuamzdg85cf3a,3,2057.9788000000000000,0.000000000000000000000000,2057.9788000000000000
pool1rtr6nja4hh8j8hkrmevehw7009za3fu2vucv27rl6qdr6xttd09,3,2026.2972990000000000,0.000000000000000000000000,1518.6801770000000000
pool1xflehvzad4wr6rrvf6eea65jst5af0r4k0rh4xvmnqgvkzt3xjt,3,2019.1754340000000000,1.4820690000000000,2004.4032410000000000
pool19m3xzv58uymw76tg4th6q5fwkg9zktc8alvyysr37u04yw86axc,2,2015.4330090000000000,7.8212990000000000,2007.6117100000000000
pool1vzquqa6clffwsegafvyds0zkaqpjcw0hurq3a0xc8ape6h0xhkh,1,2010.4366610000000000,2010.4366610000000000,2010.4366610000000000
pool1s4hxwet8ezjgfjxekeexezzyu2zhg302hpex6f683hvsw8qpd5v,1,2007.8235140000000000,2007.8235140000000000,2007.8235140000000000
pool1c465ftax734tzx0kr36nudtmjy66zzwqgmct7ktpff46u8hrl0e,1,2007.2243440000000000,2007.2243440000000000,2007.2243440000000000
pool19x60wat4eu8sh42s05th8l4p6e9rmmnc6g2a64lj4npag7zj5cx,2,2000.0000000000000000,0.000000000000000000000000,2000.0000000000000000
pool1ag6ae29hrcjhcjaqp56hwhwj9geszjerwqrkjz6xndmcq3u9k80,2,1967.3122270000000000,17.8817700000000000,1949.4304570000000000
pool1hn7hlwrschqykupwwrtdfkvt2u4uaxvsgxyh6z63703p2knj288,7,1938.8631410000000000,0.000000000000000000000000,1631.0960780000000000
pool17cacd3k230r83pw5xny6d493t9wn5ww730m6wayuqsrhqwzyecv,4,1923.4127810000000000,0.22225300000000000000,1184.4886240000000000
pool1n8nq690antqxcekkekzk07yp7y7psmm3v6ad6tmkm4v3ulyhz0w,32,1906.4322670000000000,0.000000000000000000000000,1054.4815340000000000
pool1mfm9nf0fc2wknc94dxyedny3vxtmv4t05arq7czyxsmg7qcy76n,21,1887.6568060000000000,0.000000000000000000000000,874.1959750000000000
pool1wxktpcvaceu8zcsmjk5k0nu2nldm762ra6m9ept87fcvsqucdkx,1,1845.2252240000000000,1845.2252240000000000,1845.2252240000000000
pool1pmyave37l324x5phh0s7tdy30kx9mdzmqnj829teccun2je37xw,58,1828.1619710000000000,0.000000000000000000000000,1471.9950500000000000
pool1ek4yc2mvmettdmkl7wjfpcjkp60xssq2urr9hc8ffx5ss73wdm0,3,1822.6843410000000000,35.0000000000000000,1745.4200340000000000
pool1tyfdyg85t50lj69ehgmg90e4xr6y42he6pt8pvmau8v5x46fy67,22,1808.5893740000000000,0.000000000000000000000000,872.5857430000000000
pool1c0qt93ydpjdndag5v9fsmzjv0hm87ehstqn6ttvrr60rw9d6uaq,3,1808.5213020000000000,0.000000000000000000000000,1808.5213020000000000
pool1fnvj5za9k5ev88l8tw0nh3n4tn582gvf3d6vmuv7nh4ustqecn5,5,1803.7506100000000000,0.000000000000000000000000,1113.5596730000000000
pool1lunsvxzwgxjqf622gq72n6jhclq5juy0mqh9v4ktufdrzulfncr,44,1769.8033540000000000,0.000000000000000000000000,681.6452460000000000
pool1pj5wv8tvu5f5dpmx6w5wthqy4sg3vs4qjvumg439v0plxgnu8a6,5,1763.0358740000000000,0.000000000000000000000000,1561.1307690000000000
pool1t8tw057cgksma0f6pawcy7npnwfu0psx64jdr6sqhza55mdvkls,7,1756.1796820000000000,0.000000000000000000000000,1146.1675650000000000
pool17k568pj9x6qwmvutn97p5wgzvgmjf7m46sz3vzudq62swqdfh4a,4,1753.9132480000000000,0.000000000000000000000000,1287.3242850000000000
pool1xk3ck79lra9c9x5c684lylvg8vlexmh0eh7w90t6s0zvw6k5vn7,4,1749.0493260000000000,1.6966710000000000,1742.5792230000000000
pool1eal2z34ugj8a0ckykd6xx45dz6jwdgz4cuvutk320cp4w8t2sm4,1,1732.9509890000000000,1732.9509890000000000,1732.9509890000000000
pool1jqxp8hn0ywdrg3clzha9c2u7qh3zsh68u55wh50vdmecupc5rxs,5,1729.2972690000000000,0.000000000000000000000000,1182.4441990000000000
pool1w404pkpkkw067ju4gjnyjdmqfex6wn92vrffhy9txhw5kxzupk5,2,1709.3630890000000000,478.8243390000000000,1230.5387500000000000
pool1nydxffhrmpn0ft6wpg4l6cwp2jr2glxvx5hxr69xknl0s5p603w,7,1704.7773770000000000,0.000000000000000000000000,1160.8210780000000000
pool1lhwzsyhh7dmw9wuz7qxnml2z5ef5303lp7jxgss2qnat22sprgx,11,1704.6523340000000000,0.000000000000000000000000,947.6134340000000000
pool1tkqjk8s3yqqyuspn4c44rjz7vgsu6kfxm4uvt89cejwryetpt6m,3,1691.3069560000000000,97.2367520000000000,995.8804150000000000
pool1d0329t36ac7udkqe9k5w4g4jpn8xrqfjh2u5jrrm4h4d50wkz2c,1,1686.6877630000000000,1686.6877630000000000,1686.6877630000000000
pool1a26gnntcj3j5v7ng599qncn7uuav2sp560xwlkvp3pqlj822jtl,3,1685.2711270000000000,198.2266770000000000,1024.2443960000000000
pool19gzu2dyp0g9e0nsvtg34fdhrtgr8c5jq37nscalqkh3hsjmas69,30,1662.7761150000000000,0.000000000000000000000000,826.4992650000000000
pool123gn9my6u32zea8l3uk889rjj2qf2tfagcz67q4v4r9ccjjtge7,10,1654.4986580000000000,0.000000000000000000000000,697.0952150000000000
pool179dpweul0jsfv9ls67ner4n286fh6hqtskaw6nux97t52dt5gxa,3,1654.4953500000000000,0.000000000000000000000000,1047.6411900000000000
pool1vgfc8fqul93hf6fnl9n23czssgw6xyqx2yjn0lxqmcmvvc839th,2,1652.3037440000000000,164.3895380000000000,1487.9142060000000000
pool1paxzxl23ygch4ad08m8zu477atpfumdeg6uyrvg579eawvsy77z,4,1628.2574890000000000,0.000000000000000000000000,1615.8258750000000000
pool1u3despkvw4sqeq2fv9ufrh5dxacf8vm0aax00elkdeelymg7f38,4,1616.3443080000000000,0.000000000000000000000000,1209.3827660000000000
pool1fp9z85qx2k6jgnn4f4taxlgn0xw0w9k3t47q32t83ymexz5ymwd,4,1602.6990930000000000,0.000000000000000000000000,1459.5440930000000000
pool1h26acqctjzuzk04uxc35mt5eavnlr5wyaqavmdqhd3s2zr8v7nm,5,1594.7273900000000000,17.8248630000000000,449.2340790000000000
pool1yechqtexl9r7esg5scwynqalmjrpd5l69wkwrrw54y0x26eljpq,6,1584.2791640000000000,20.4578480000000000,763.9212500000000000
pool1qp3j2cy4xje783x3a98y08yz6kwr3emu05zm2xyxryajjhmt48p,3,1578.5965580000000000,1.0895110000000000,1492.7036500000000000
pool1p8cgpwp63e08jsckma4y83x4ehc3ynt0tuameh99hmreg0hf7mx,2,1569.6435350000000000,0.000000000000000000000000,1569.6435350000000000
pool1hdug72ukeepdxqxz0new8e3nhq5cykkn3prky9wgrz5tgyf4ty2,20,1567.6390590000000000,0.000000000000000000000000,686.7190530000000000
pool1pkpey8fua58sqvkwr9w4zyxhnvrqhnucnu8g2cupeggsyxee6ke,5,1564.8993550000000000,0.000000000000000000000000,1237.3098180000000000
pool1z5h4jhmhqrd2ndrhn3w7kr8nvcqwunds53hrs6vpzr882x4n3la,5,1546.0797490000000000,0.000000000000000000000000,1443.8510490000000000
pool1j7cypyjzhcfuy0gsuc2vtd48cpsc0utmqkq09fjlp5dgsjrs7pg,5,1545.8086900000000000,2.8257430000000000,1338.9186390000000000
pool1ah5jv4mrq0z7g4wuhjjnc24kfwqekwcap0wqmsr57thfg8mpr4n,2,1544.3419580000000000,533.6180900000000000,1010.7238680000000000
pool1r5r0z899up4kc9slygn7a2uhl9ama33sl6qwafvef28jgaf06hz,3,1537.8203030000000000,0.000000000000000000000000,1110.7582560000000000
pool1vyk3x4j2lfrj4y8t282xmwep936rh8gv2vqrkxghm2h67l2upjq,5,1535.4729280000000000,0.000000000000000000000000,987.1328500000000000
pool1tpd9mcw6y5mx05gv9rgfkl6y0vsdswqs8qdexmf8vstkqk0snau,4,1531.2053480000000000,0.000000000000000000000000,1527.6348700000000000
pool1xfj4dazvq0fszalwm30zr85ka9t65mwpq3vfrprdw35mwan3vq9,4,1505.3824250000000000,0.000000000000000000000000,1501.1390820000000000
pool1c6ezumxqayxzfwec8q8nz40zpf58n3sr22nstpxf2pg3gggx0ce,1,1501.2000000000000000,1501.2000000000000000,1501.2000000000000000
pool1vcc9lngr8g2j8xh0kgy84nne026adr5zmvwagkda99spy23993l,4,1500.6007980000000000,0.000000000000000000000000,1500.6007980000000000
pool12vx0utf438rpxskmvwm870vpz6qnur39jzl7gs3hhhldqekzjea,2,1497.6110940000000000,0.000000000000000000000000,1497.6110940000000000
pool10vgnav004xgw03qkqfy6864zq53lzjkcf0syeu4g3uj8xaytlm8,3,1475.9943270000000000,27.4182810000000000,1200.9363960000000000
pool17y4pg5j8z8zklmplel2l3l705zx706w3mrac2etns0uccehx3nr,3,1452.4114590000000000,1.8258750000000000,1035.6645970000000000
pool1pup39uk3d9hl8vg3v0evn3hxkxygkas0asekng7x9cpx5f2r6d6,3,1444.2965360000000000,1.5360140000000000,1000.5972330000000000
pool127cp6le6v4hs453tkwnjd6ua9fcmmh7y5zc44zx752yzklgcrcq,2,1442.4836700000000000,267.5763610000000000,1174.9073090000000000
pool1tha2grue5rppsx2w93v5tljr5sshn2lz94ud9z3szlltz46s5k2,10,1410.7390150000000000,0.000000000000000000000000,1381.0326090000000000
pool1ndu9fpv7prmp6r6k23lzx6fcpjlvh6upl3w8ghldys467u6vvrl,4,1405.3268470000000000,0.000000000000000000000000,1397.0185300000000000
pool1n9vs3ye3939ae8x6jfkf0unksj7q05zgsk2fnm8lhve95w3j0rs,2,1402.1605820000000000,47.8357870000000000,1354.3247950000000000
pool1qngadlcclnkqgdwd4l3vp5gmgdc7cpkfek76q7rzscqqk5ak9y8,5,1396.7570370000000000,0.000000000000000000000000,956.9037740000000000
pool1cvmk7ftz7v5u2pd944e0xvalgchtxgsnnhryzqmqfavgxwgxmcy,5,1392.2092230000000000,1.00878300000000000000,1273.3357900000000000
pool1aum2mx8ds554pfm45el2wn3lr7lsnphlggxzhk3qlpl56qnffm2,9,1384.5193220000000000,0.000000000000000000000000,814.1547310000000000
pool1k0uv5fhsr74we0w7gfkv6m7r9rfpvgz2u7v66ppe0vxsvj0pzvt,3,1367.0976070000000000,107.6215220000000000,747.6512220000000000
pool1mtnhc34ylrthfu7vzja3em2j5csaq3ewd5z294hs8xw2w6nupuf,8,1360.1972880000000000,0.000000000000000000000000,1279.8618640000000000
pool1r9mgl8cj0hyht0678cpdljt2pw353672jyy9ak00dzalglx2jq5,7,1348.6250590000000000,0.000000000000000000000000,1072.9324670000000000
pool1ge9c0gw40pzkcuj0xx6kevxz0hvwce7ac207lw2dtd58y957f74,3,1336.6412590000000000,0.000000000000000000000000,1231.3647050000000000
pool1jqfk2y5wked4sjpx9sqxn6dmut8hq2n9qlreymqtpxuc5l38fl0,4,1327.5616700000000000,0.000000000000000000000000,1177.1584610000000000
pool1e6z3jnnvu9zqxlk60hkfjym2vj3mvgysy6h8l2xxyj5j220vlsd,2,1321.0510630000000000,9.2482080000000000,1311.8028550000000000
pool1z033qtxzsn7c9az4fzz8z0ewnynzcuq2dy54v6tfyqz5vfjkmv0,5,1313.1728850000000000,0.000000000000000000000000,1313.0790880000000000
pool15amxxauxh409wcuc87e0tusfzuka0wfvxhxmpt6vugqgsw6j4d6,5,1312.8517470000000000,0.000000000000000000000000,1200.4278170000000000
pool1aasrxs9vpr97rjlqqwpp5gnju9tp9dgtsmqqvmsy8hryuuepvra,4,1299.9878290000000000,0.000000000000000000000000,1293.8866680000000000
pool16d004c5q7k7wyf223kgct26zjcpjqql04rvnx8vtc0t5ckmnzaa,3,1298.5163130000000000,0.18242800000000000000,1290.8341130000000000
pool1sa0uepv2uzwd0g8sh5lkjzgwkcxrg3z4m5wyzgfh93pnwupsm8g,2,1293.4932360000000000,0.62472800000000000000,1292.8685080000000000
pool1wpzr2xafvtne6cnvlyzjqf8dlj2dg7tgkv3vu4zt687266ep7wg,19,1290.8973180000000000,0.000000000000000000000000,1013.7772210000000000
pool19l2vz7pdk09k49lezr9zcmc4j98zc30htuw2rnqk3cceckuce96,1,1257.5500570000000000,1257.5500570000000000,1257.5500570000000000
pool1al5vg7cqtfs5mqgd5uyyx09z9hvsxqnh26lr42t920y5qnvq7aq,4,1252.3154080000000000,49.1079850000000000,587.7456220000000000
pool1x08dl5dy0wsu6y9xp55drk4xeycgjnvutqdqm8wsqn5pwm6yx4k,10,1239.6318400000000000,0.000000000000000000000000,1013.5552260000000000
pool14atewgzlv6nl2e8k3ndrzwt9y07sepuplj9vuxk3trzzj5lmg64,4,1232.7926020000000000,0.000000000000000000000000,567.8357870000000000
pool1vemm9tq77upd9m6wtu7edw8wtju3ymnuq9wz43cfn35qk26ddqq,11,1224.5725070000000000,0.000000000000000000000000,1125.0462370000000000
pool1dadzh387unlwu37ek693hy9a7w49r22mrmrl9y0fjfhhqe4qtpe,2,1216.3442440000000000,507.6217860000000000,708.7224580000000000
pool1hdglvd3xn5m0glqx3l8cy73ajdlxzn7ztlvzwuythj95kwnmvwe,9,1214.2165000000000000,0.000000000000000000000000,998.0000000000000000
pool1yrprrg6segrjprav2xjnvtgl57w6er3ttjskg70fjtwc524u0k4,1,1206.0744340000000000,1206.0744340000000000,1206.0744340000000000
pool1tfye5tfgd6x2mw5xwe5lr2y6cu9grnpvenj7dc8258xmq8cuc04,2,1203.0098360000000000,9.4362650000000000,1193.5735710000000000
pool1pmsjsvnd506xqzwlcavexcl86ta046eqz74xzvt97688urmd0qj,4,1196.8737390000000000,0.000000000000000000000000,1142.4656330000000000
pool1prn0a3058n4e0evm55gvc5rrawht79p3jxpv42nq7s2ncxhszla,1,1190.7618310000000000,1190.7618310000000000,1190.7618310000000000
pool1m90qdgknvwdewy6n7dz9ufkfqtscvdaqnw3q2vaphp20z27w706,1,1187.2382090000000000,1187.2382090000000000,1187.2382090000000000
pool1eyccsl45l8f7sdplfs770460l2uqe9xfne4l64xvwewd22fcl9a,3,1169.0524380000000000,0.000000000000000000000000,862.2892240000000000
pool1tf9e29shjqn9wcgf59fk4yrjqw2gq97wlkdqe92z2ngevhvkllg,3,1166.7857360000000000,0.000000000000000000000000,1007.2792710000000000
pool1ghsq6nqsdmxxep9jrfml0j6jk935uhq7d9l5a0ltllev7nk2fa0,10,1162.1086300000000000,0.000000000000000000000000,515.4579100000000000
pool12tvj2j05hh6gtsvw349vuesyn0zphh75u7vadh5rkjs566s2ty5,4,1145.9578330000000000,0.000000000000000000000000,1134.7490020000000000
pool158je65d93ghx2sedvazczpxjvnx0k6mwxwup8vv6uxnz2x0xal4,2,1123.4059200000000000,1.9869100000000000,1121.4190100000000000
pool1raua8hvrv65aq3gjuk0re4juzdpw4gnpkeq7lyl94j8cv2grye4,6,1120.9310100000000000,0.000000000000000000000000,1000.0552530000000000
pool1mk9k389xy5szdzyc0fpty66fu93rhwnar3202vy0d7w9ue2rycu,28,1119.1340820000000000,0.000000000000000000000000,373.9762210000000000
pool1tcctsz9jec45ugkcl8lyk8gz0yss675cnp63gazqalcwsx2dr37,3,1117.4316110000000000,7.8113990000000000,1002.1970590000000000
pool1ed2usjswfh2hfyvatwuwl959y5g4fkf63uxtadcuez0l2rjn747,1,1112.6198940000000000,1112.6198940000000000,1112.6198940000000000
pool1w6ez83j2lapmlzudtuuwygm9lwt23203keqj53n7yjdtwaamghr,4,1111.0967480000000000,0.000000000000000000000000,437.6218300000000000
pool1ak3vhtv7alve9wfj5kx5xswrtfvy5a23txuupgy6nqpduq350w5,5,1102.5684410000000000,3.5780360000000000,646.5874550000000000
pool1gqmjahruyhxvec59g9wh0z67aqxa2k3n4al4lyafv08xk90zl2z,1,1100.5227810000000000,1100.5227810000000000,1100.5227810000000000
pool1hgksl8y3637f88zhet6g8j8seq2kzp6v2qt4ct2maxaxzt0pmmj,5,1099.6228070000000000,0.000000000000000000000000,563.4443530000000000
pool1rdlpngqqd54x2ek7s9m8hl5yrc7dx5mlm9wtdqatldm5jfrcgqt,14,1099.4110670000000000,0.000000000000000000000000,586.6872440000000000
pool1z075ym5pdu9cmeqzassp97z36ctkvuvg7pcxjzluyv5zqgau4xg,5,1097.2876440000000000,0.96975000000000000000,1043.2196040000000000
pool1zst2k3wnmtq69vqzm086q9m7v7dn3gpsu9fgxy2vasew6l8nlt0,1,1097.2300200000000000,1097.2300200000000000,1097.2300200000000000
pool12f68ksfmsthe4r9xx2up9x4zx43tstu3psmjvk57papsv8vu9re,1,1093.0947910000000000,1093.0947910000000000,1093.0947910000000000
pool1488f5rzus7kpu3zr6zwyw8mdy0rj4m3knssv58enurgsx40msjf,4,1087.4617980000000000,0.000000000000000000000000,589.6243820000000000
pool19t833uyjq92aajf5f7qd9w3jcnyq78p4hsx0fn63aejfjtyn99j,4,1084.5897560000000000,0.000000000000000000000000,1000.8014550000000000
pool1te6e6yc3p46yvdakrpngk49npvfvkcutk0z5qpj5xwx9gswkkpz,4,1078.6227070000000000,1.0294950000000000,596.8257430000000000
pool165cyssah9wcnkuqq339c9fam5wga3x7zl6kw4ktltq5x68tlu4w,3,1075.4353490000000000,1.9801550000000000,1000.0000000000000000
pool1r2z2v45320taq385pny6gz80hyq3rsue8r8n0w9zpq0c7yjl9el,3,1068.5203580000000000,4.2149190000000000,1014.6274180000000000
pool1fy57yj7fq4n640h0r7yzchgytvx747nl85lkct7pc8faywwsyy2,3,1068.0932070000000000,1.7213730000000000,681.5460470000000000
pool1rscmngzy9mzyy98kl7h38scshgmk4cw0cs6ed58mq68mw4uustm,2,1062.5587990000000000,50.1125900000000000,1012.4462090000000000
pool1xa7zku52cj6aagevv5z685jm2ljhpqsekrrcrulpmkqrknnt2kz,5,1060.2576020000000000,0.000000000000000000000000,662.8318590000000000
pool1fspfv7z8l8755une5vt8drk7aufenxlucnl0p09sy8vxjw5kz3y,5,1054.0625390000000000,0.000000000000000000000000,1054.0625390000000000
pool17pappd4r69ag7ud695he8rhygzh80qvtdtv8k25hjyggzz8gc53,1,1053.2391720000000000,1053.2391720000000000,1053.2391720000000000
pool1q34qp4ckh590gt99eadtz8w8ag3watavf5adj8qjs7guxmkgk8g,1,1047.6219620000000000,1047.6219620000000000,1047.6219620000000000
pool1qm656ca3pdnu3gfetusmslva555j3m3efaq5u44sgpdsjn7dg4d,3,1047.5021520000000000,0.13267200000000000000,1008.4189290000000000
pool1msfz0v3yrzl3k5njsm92uw59cfs5uepajs4a62rxfm5xke9d2zr,1,1047.2311640000000000,1047.2311640000000000,1047.2311640000000000
pool1wjt7mjhdaj857hwk3qg2wswn30ghjczm2qetrs7k6sjc20x4hfx,6,1045.5740310000000000,0.000000000000000000000000,1000.0000000000000000
pool1v8pu7txqydjmfhusgrfzvan4pragec3wu066cfmq2xpuvm2m8r5,3,1044.8614940000000000,1.8261210000000000,1010.4059290000000000
pool1sxrkzy0ty37s2qx66cscqwucdqlvemtjl96ep36mqfrnku9lq8t,1,1043.4639850000000000,1043.4639850000000000,1043.4639850000000000
pool19z9ac79g48kekg2xghx3afj6qp5skr9ar590w0huhc8nxn9s5j9,5,1040.6523020000000000,0.000000000000000000000000,1027.7655730000000000
pool1elvz3kppg3peep0dcclju3gwf9m37vzyxetuf03we37sqlnsjxr,5,1036.6824300000000000,0.08193600000000000000,653.7089010000000000
pool1lgves5hhdt5h6jzy7sf57l6gq9x3csf5w05ymv5zq7a9jfwn7kk,2,1036.4275910000000000,35.0017500000000000,1001.4258410000000000
pool13q8kl9s0kufpl0vjmnrk2f2nz9nle3k9l3pnzh4negaf7kmd80p,3,1034.0885220000000000,0.000000000000000000000000,1016.4642050000000000
pool1spakm5z76m4jvu3zn43yyw7659gj3zv5vtkgsvswdwm8q56zj5z,3,1033.0732500000000000,11.8610370000000000,1008.0547860000000000
pool1v46kmtavsty57aql824069j2p6wxpcpk3j25veqauu54kynydty,5,1032.2351680000000000,0.000000000000000000000000,1032.2351680000000000
pool1zcdwn5z04gw7m0n7qzwx9gqn8a9l3wfcvejc3wrdxfuhc88usua,5,1032.2126060000000000,0.000000000000000000000000,1007.4771410000000000
pool18ytpk5m7fun45j9julxq0x06dcwzmfdads3ha5rmp3qqqd5lreq,2,1031.9898170000000000,31.9898170000000000,1000.0000000000000000
pool1mgpzhdjucv0hyyndzq08la7m5h645wmsat35gxy9fv6au9k7eg4,2,1029.6186620000000000,31.9978440000000000,997.6208180000000000
pool1fttmappcugymuqxvayq2uew72cd8qej2gc5c9ajexsckswj3qza,7,1025.8425890000000000,0.000000000000000000000000,506.2594120000000000
pool12mca6l778v2e5wq5a4kc08h6grcv9j6f7yykt9wyjttckfxksvg,1,1014.2712480000000000,1014.2712480000000000,1014.2712480000000000
pool1rjkalgw0mp4mh38yppx8mc9s0dyf23ktuqlzqpqld63uufvhudd,1,1010.4934850000000000,1010.4934850000000000,1010.4934850000000000
pool1reje63x6l2dh4t6d8ya3m04c9lypu4chc0cvn4jnk7lmus54ckn,4,1010.0761160000000000,0.000000000000000000000000,1007.4308090000000000
pool1nt00f6p0frek3f0jza4u9ka5rey76752j5zkrpldkpqvjspytm3,2,1009.9393470000000000,2.3158010000000000,1007.6235460000000000
pool1v5jj7xumvk4engwvqrxt0kfhpdkucqvydmmlwwq2x76hz99affw,2,1008.6403100000000000,0.000000000000000000000000,1008.6403100000000000
pool1k6u3rdl30ruf85q3jpzcfyq4ta0umrxdlt30rcpxqqasumcnkgu,1,1008.6110060000000000,1008.6110060000000000,1008.6110060000000000
pool1el9z347208wda3t5cqz65dmwal7r0e0eeq7xfzl6whdwvy80twn,2,1006.2779050000000000,6.2779050000000000,1000.0000000000000000
pool1pg2k7lp6w68vlvdycug2ycu3mkrt0z4ftxay4g8zchj87mw6ug8,2,1005.1753000000000000,0.000000000000000000000000,1005.1753000000000000
pool1ffhg5vdmjzv9pc2syjwxkrj85qg7xsnxsmmsrnag5r7wsggv4ac,6,1004.4815230000000000,0.000000000000000000000000,500.1614740000000000
pool183usq53j55v86q3eguw37xaqy67au9n5terk474sevuu6jy7266,55,1002.9446650000000000,0.000000000000000000000000,277.8302340000000000
pool1fd6geyevpsg26s7q58fvuv2eh559n5p9vv3ctxjs74v6g7lkew4,1,1002.6216540000000000,1002.6216540000000000,1002.6216540000000000
pool1snyaulmp94axe7ltmqzlkztqn9axt5ykprjtxh3qgn35cred9pf,4,1001.6766440000000000,0.000000000000000000000000,881.8509010000000000
pool1dhzv896pw40c4tw23w4h2ux5yzm47r59h8qaqhu89shwkugqygj,10,1001.0637300000000000,0.000000000000000000000000,505.8351740000000000
pool1rf2q4a04tgrwpuj5xg4sf0dj737ytaqs8s6yuyps55r6s87x7v7,2,1000.9862180000000000,0.000000000000000000000000,1000.9862180000000000
pool1dzk2hrh2vtfcc6wk5n69ml6a08jc8d8s3lpg7jsaydcdwrerlq2,1,1000.8191490000000000,1000.8191490000000000,1000.8191490000000000
pool1lwp52dj9762g7uk2jk3czwywxqaa4753v7x2v56qr5l2znkky4h,1,1000.7134240000000000,1000.7134240000000000,1000.7134240000000000
pool1wkaj4sy8set0fzrzgeyl8a8du9fg9fmx06yau2hyfemfy7k5mse,1,1000.0000000000000000,1000.0000000000000000,1000.0000000000000000
pool1jh4caf4afnjdgne8m95addh93e7zf6zlnx0pk5flcvylsps7nsp,1,999.8257430000000000,999.8257430000000000,999.8257430000000000
pool1zevtw8lsd6xh45v2mfw3ay5rqtgyt5dm77daglqwjnpgjgc0ynp,2,998.2571680000000000,107.8257430000000000,890.4314250000000000
pool1kqxgjf0zl60g88fxl3l8tpwu52pq78es33kqyaahgr2a7xh9g9t,4,992.6095670000000000,0.000000000000000000000000,696.3557870000000000
pool1rzhyuwfwdzksm9v2ze8playmvdv3u04x9a0tmhg2krx7kt2635t,2,983.7812490000000000,0.000000000000000000000000,983.7812490000000000
pool135y07cyqvw5tk55y336jtm28rae5rsgrsr6e4cwrzlvqz305cng,5,978.1389050000000000,68.2924350000000000,504.9507600000000000
pool10retvgthe4vymhaq8vr2734zladmeeuwy07rq8r5f690ydmz3vc,3,971.5808620000000000,1.7100260000000000,925.4449710000000000
pool1vn4gsw8fdg85yh8urxs9t5ykyvap4uscewy08g2refxzxwztnga,2,970.9216010000000000,17.6207740000000000,953.3008270000000000
pool1dg80xj5qfgu2caursxwk67cm34esh03kzmu63qu89vdv2vk3x4u,5,964.6016540000000000,0.000000000000000000000000,526.6207740000000000
pool1yjz9nhtlvnl9rx46t2kfufwxd338m0kw0jxaj86pqfthse837z8,3,951.0586580000000000,101.8314630000000000,744.5128500000000000
pool1qpn9lpmwp9p88vtp6gt20xdc5e7rf50ew42hp7gdnfltxqvfpka,5,948.1755810000000000,0.000000000000000000000000,878.4756500000000000
pool1pxhywws8s8h05c69ug3k4rl6jtpxms23eyag7eawwdvxql8spwc,6,945.8532500000000000,0.000000000000000000000000,915.9776430000000000
pool15730lwmu7vrffkl40wtjrnctsfd840fl5jmuw230r0d65a74k5e,2,942.8234110000000000,0.000000000000000000000000,942.8234110000000000
pool1yv8lps0rx4xxppwpm0vea852wwu6lg78xh3qfss7dmftq2gqy3r,5,941.4594920000000000,0.000000000000000000000000,443.6039520000000000
pool15xfeh7v3kr5j4unyeszxnfvy349d4h8s92h4xdwl2hct6n0wgah,1,939.0832980000000000,939.0832980000000000,939.0832980000000000
pool1uvv7r2zul9m2hm6jd56dygee9ddr7jnen5ysfy5z3xvez3m823z,2,931.5564620000000000,27.3693000000000000,904.1871620000000000
pool1wsr9ehtfvc4cs3rzfv65jjv7w7pe3xngw58mtt0ex4jck5frw79,3,928.6515750000000000,0.000000000000000000000000,918.8281640000000000
pool12zcqkql458zh0pxvpw9qad8mceccdatk2lm0cpxfql557lhve8y,3,923.6911830000000000,13.6113140000000000,887.0555250000000000
pool1ffuv59d0rdp0jsgxa9x5r8pvmaexvuufeu43kpxl3u2qut3ljq4,4,905.6256830000000000,0.000000000000000000000000,905.6133280000000000
pool1xx3wxlhxu2l8qcvdvealhsry8r0ge966lmpp45ztkte77lx3qq0,8,903.9517930000000000,0.000000000000000000000000,835.5069240000000000
pool1hnmcevsa69k88nh4d6ud5qyykwmgzrg6crju79zsv2uu65mkgr8,3,900.8383770000000000,102.2589280000000000,498.7955160000000000
pool1tegyxvyvya2lsqd7w2nna3h63ffdq85l0v8tg44yeak77du8zxd,2,897.0478870000000000,313.4017540000000000,583.6461330000000000
pool14wn0gvhwme9lxx9l7j85k0dr2twyrgf9j0k3gx0f5d5ckzeln2l,3,896.3949570000000000,0.000000000000000000000000,455.1985130000000000
pool1pkqtms0pzd2x8phsrxn9kk5gmy4gn79edg9hhldykjd0guv0av9,3,875.9451440000000000,0.56928800000000000000,495.2303430000000000
pool14e7g4xmj77s7sy5uajwvdmvejmjcvhkf449tasq3tz80gv098t8,3,872.0850770000000000,0.000000000000000000000000,872.0850770000000000
pool192ve6p5958dam7hr3e656cuq5cucz5gnpfazlqr9kpc962gj07z,3,862.9762840000000000,0.000000000000000000000000,860.4028230000000000
pool1uup47u5lmet469pmaym077hvewcp30larj9ugap8580uya3rtuw,2,847.6752520000000000,27.6495060000000000,820.0257460000000000
pool1v7q3xsa9u4ezatnsunuyw8646fc3fsvjju9a5x3835d6uf09pe8,5,845.8595990000000000,0.000000000000000000000000,711.2357870000000000
pool1mctfqjen6qflfk65vz2hm8zse0a6e3g289hc0rgvrml777g85yq,12,844.0131980000000000,0.000000000000000000000000,503.5255390000000000
pool15ttu2vykfdfdxv7vve93l3dvk6tlrcegz7r6749syys4us2k3tu,3,836.6430590000000000,101.0317390000000000,404.5671030000000000
pool15z7890uxn6nwl2yufxgrdsvjrpd0kzngvudfm2z2yafsjgkfndg,3,832.4946670000000000,7.6150980000000000,446.9940380000000000
pool1grnz2afeg7st9480vlzqc25gavvs4n34ndtktne8pnp8yutsmfv,3,824.0769820000000000,4.5425880000000000,599.4119990000000000
pool1wuu2at4ccsqnlaw9q080wz7y0hq7m5utclffjfn3g0vd2j9xs8j,5,816.8866340000000000,0.000000000000000000000000,648.8197150000000000
pool1jphnr6n8v7hg4rhsmel2s6yunjalthar07vv7rwvgsky5q8k49h,3,812.1653260000000000,0.000000000000000000000000,502.4299290000000000
pool147t2chee9vcyjxtafwd8emkjj88f9dra0xa2clgwlr6m7tzdzvz,11,809.1422730000000000,0.000000000000000000000000,509.9849100000000000
pool1kxedw6c34730h344lz0s0z6848005qrs096l8l2whcwly3rcl27,2,805.2544750000000000,2.6094450000000000,802.6450300000000000
pool1a8902n5s5z8cgehphzj8ujwv6wf7dycnrdx4ekfz9cwmwj2fenu,5,799.9098870000000000,0.000000000000000000000000,799.0296440000000000
pool1z4d4s883ul7h6vsrmg9s3t64df2vcx02h8tqtm8sq5yqw62pu44,10,782.0545600000000000,0.000000000000000000000000,598.6202450000000000
pool14yezww4csqq4ny9xwl45e3vckvrd7rkw2j4f350wl2mqqw6shcf,6,776.6692650000000000,0.000000000000000000000000,503.4219190000000000
pool1nqveuw4q2yw9u9x6yzy260skdwc309krsx32hmgvpyp962mu996,3,776.6571310000000000,0.000000000000000000000000,776.6571310000000000
pool1y8g5sk4maqzpg6k04t0e8x296xtumuph7k4ya8rsfqh9xhc5a7h,4,767.4760740000000000,0.000000000000000000000000,619.4035720000000000
pool14tj8njl3ggzj4dzcsrm5yjekrahytp4zkh3s78gsxz4c55jfuzv,3,760.8284830000000000,0.000000000000000000000000,653.2044530000000000
pool1w50f20mpxwtal3plsqmgrx2xxlg84hn7ep0fhlcajkhu77k8tfp,2,754.2211820000000000,0.000000000000000000000000,754.2211820000000000
pool1v8h0h94vgnl54qx3jn0l0p3dya4tpjwcqqwmy0l74g0jxeavcwq,2,750.1432730000000000,151.6234140000000000,598.5198590000000000
pool1pnuluy36ukdzv369d4zee8rarpw2k8ukwe5kkdmh06t6y78cyrr,2,748.8492280000000000,163.6224020000000000,585.2268260000000000
pool1fpsp2ayycsvpj2k43jnctdp306murzt7nzrlg0fuyyr9y8vx3pp,4,744.8042140000000000,0.000000000000000000000000,488.7609350000000000
pool1f2uwt68neknpyk8pw2rh68gmpc6czndekl5ym22n5zf4vy8ecct,2,738.2158070000000000,21.6239860000000000,716.5918210000000000
pool1ax7rlt56kgfpn0ystuwk5jawjh5r6qfw6xhwa8ckaqe47va4y39,6,734.3210770000000000,0.000000000000000000000000,487.2330150000000000
pool1cpzz6aqljgk97ks728xa76wqg96kj79ndc3gasx7kdnr74wrk70,2,729.2839550000000000,8.7059290000000000,720.5780260000000000
pool1m4nc6ea8htk9t58yx43sqluln7cp2a6qmzq257uudrvtkue8vw3,3,712.8811490000000000,0.000000000000000000000000,711.0639210000000000
pool15pggy59smh8465ldedcc5ks0nlr6xxlna73wmpkfp5jn7sh23pv,4,710.7951420000000000,0.000000000000000000000000,369.8728320000000000
pool16rru46dcyk2h5qjwq6gnxwumdj8zkjjnhxdtvpclyq8h6q9apua,22,709.8423560000000000,1.6663270000000000,453.6737860000000000
pool1g5gcxs48ur9y6kvycy44e9n8wn254fltvjklcf29jxfp23x2wjx,4,701.4078050000000000,0.000000000000000000000000,697.8256990000000000
pool130u9tm5kzsjkzlt4zq989s33fne5n9qahkdcmamh688wzrk78g6,1,697.4399610000000000,697.4399610000000000,697.4399610000000000
pool1uyfg8ysc2fpmx8aclq3u06xx5u9rete5kq68aysfdvxj5a5wcza,5,691.3023360000000000,0.000000000000000000000000,577.5207130000000000
pool13gyxktxqh8umjn3dh2uk9nucacnegl0ppcsfg236hkfhcg8asxf,7,686.3179490000000000,0.000000000000000000000000,561.4853910000000000
pool18kv6jmmtks4jwyt8tpvfc2kakh6wkcggjtehyj78yk9r7t2t2ex,3,680.2664700000000000,1.7539250000000000,581.2868020000000000
pool1h2q3cyle9yrjv4g6qvwqyrm5vk9qj38gtqndvavpqf6lkgpqvj3,2,659.2816020000000000,182.6287020000000000,476.6529000000000000
pool190gglea2zvf8vch44jnmpkzljyzvk3u84gpaj4l4ypwc2lpf27m,4,653.0145810000000000,0.000000000000000000000000,628.9337620000000000
pool1st9xr6arqq8f2hjsdz6urxejjwzpjkjceatnjuehhr9xuq6k4eu,2,645.0795100000000000,17.2017480000000000,627.8777620000000000
pool1pujegnn8qf7xux6tkx2mj2qdn9jf0y4z0t6nma97wdgqudlc9ww,1,640.9420710000000000,640.9420710000000000,640.9420710000000000
pool1vz59e00250xfjck8qd04kns89j56430wjzpdf37zfjnnyxttm37,7,639.8476420000000000,0.000000000000000000000000,500.3792510000000000
pool1jeu6mkn43sc8y0yf5jwtfy6g5yc7lmyt3psm2tlue7pfg8deygg,3,635.6904500000000000,0.000000000000000000000000,635.6904500000000000
pool1wg3xyzscx4qp0d4zmvlh7ksw8cupqcnegulmezl0cp77vtwlvgr,5,635.1383930000000000,0.24026400000000000000,575.5971470000000000
pool14klr0hf5chszxhqt72nqxl57q4eemz0ys83pcpnc8nmy68fx5vc,4,632.6441760000000000,0.000000000000000000000000,449.1394650000000000
pool1zydxfglzuvv6septzwzfgyslcdjsytealqmflft7kc57j9tqcvz,5,631.0517420000000000,0.000000000000000000000000,554.4068010000000000
pool1329xugchyesx3zzm96nylqlpz78cauzhgvlxawtll0pt7gnyul7,4,627.1158490000000000,0.000000000000000000000000,602.7596040000000000
pool1693h5jn424n7kazynt4h9r6fe8u8wtsp7us2me60msq5kpv390n,6,626.6902940000000000,0.000000000000000000000000,547.8257430000000000
pool14zkvjsd7ny9dgc2d5faqwttzh2me0tzuk9xmf8vydxxcvqaaaya,3,621.0492410000000000,0.000000000000000000000000,619.8998520000000000
pool1k0sdhxunrkpv6dqdhhn3wkul8ytxhskt9erw94h66xe46nsqp0c,8,614.7277390000000000,0.000000000000000000000000,411.7908900000000000
pool1ylkps8vax4nzxe507a0mx2svu3p8w2mkvdhyjqu7rl78q9rehh9,6,612.1665430000000000,0.000000000000000000000000,447.5642640000000000
pool1dzq7728vsl8alh46l7vdz7wa5pxt2kx58glwnteymaz7c6jmv4t,2,607.7240900000000000,10.0257430000000000,597.6983470000000000
pool1znp7z30qfdgwcwel4htqmwapfm2h05ml32ttt8znevtz2vwnqwt,2,607.3937710000000000,4.7768250000000000,602.6169460000000000
pool1fa0ydxjq23eq3nucw6ek46dj8p6vxq4t32ex822jhwhx5fyvzze,8,604.2869090000000000,0.000000000000000000000000,277.7248630000000000
pool1qr6jmmu8q2u44gzy2xarmnkq70c0ggz72nnh77qmevl62th69k3,18,602.3700870000000000,0.000000000000000000000000,221.1069670000000000
pool1rqwhzyfvm8uh6qseqpkkz2uvga0ufr0aaavrw7nynytuxy9uj6c,1,598.6149660000000000,598.6149660000000000,598.6149660000000000
pool1m3tqw6s5dphrlkxyr97faxk4cm3gwejv54mtyfd6w34dsx429eu,2,597.6257460000000000,0.000000000000000000000000,597.6257460000000000
pool1t4q9v8vxf8ltx407cqkwq3sksgmq85e459jqsf34x0cxyfaqljw,2,596.8892060000000000,0.000000000000000000000000,596.8892060000000000
pool170jjhp3s7gw23clx6yvfdfvv9t6egwazjhk3gy5y0xnq6y8mjjt,6,596.7886900000000000,0.000000000000000000000000,394.8257430000000000
pool15jdufl3ahh3gn0p4nf92pxjqhs2qm2kwf626hdaxktn9yh8m3p6,5,595.5943500000000000,0.000000000000000000000000,547.0453940000000000
pool14p6lu0454w4wq6gsxxftqdz43x3tuv3teunp8kgu08tacgf43gd,3,594.5641350000000000,0.000000000000000000000000,497.6251740000000000
pool12x6z2am9fxpw7s8wfjpsdd4jm2v5wdj62fshv00ztpxr6jy3ztp,3,593.7998950000000000,0.000000000000000000000000,496.1750320000000000
pool12nhydvz643puda5jjc7hxyphk9685n8tlsgeenfvtttckd803e5,5,581.1879870000000000,0.000000000000000000000000,337.7722920000000000
pool12h408zlkavwxw4wkw96mt8unjs8sn27k0yk4yhz4pzvsx0wvmq5,6,579.8826300000000000,1.2426300000000000,228.5343840000000000
pool1hhlzudyzp80xch7r0vamq58hpdnspagutvgqwptsmr0tk2425vf,4,572.9152100000000000,0.000000000000000000000000,497.6199380000000000
pool12xyhj4ktuhy0gage20p3e6z6r3s0tun7lmsk89lxv4y5wh93t0g,7,568.1631920000000000,0.000000000000000000000000,382.0258750000000000
pool1jepxzmqljthtfvcx9dhcp7rysg9n40z6jxr9cw7963h0qv8mz60,2,568.1506530000000000,105.6249540000000000,462.5256990000000000
pool1nyj2wwps0nk9kn48rtqck5876la35k3j4talj24gpvnauxqsfh3,2,564.4258810000000000,0.000000000000000000000000,564.4258810000000000
pool1wydmv34dnmz4ek9s3p9jwaslwuutfyt8wlxt0mkunjkcufznl97,4,561.7313770000000000,1.00000000000000000000,510.1864550000000000
pool1kez2gdqpwq2d3xd5k5q4enea59sp8tmgqsyt0rtmgxvuyykz8qg,3,561.6452290000000000,10.1765890000000000,540.9107160000000000
pool1peps5qt7kjcnsfh530hya9wa7ww5rplvw3n73efk800mk4unsyg,1,558.8692920000000000,558.8692920000000000,558.8692920000000000
pool1w3ewp9s00evj200lnhwsy3dkn2yf3dg7zq7apj26a2dvv5r7hpg,3,557.2941090000000000,0.000000000000000000000000,515.4765110000000000
pool1j045vdrzmj3hl36p50c6mhhpwtu2q7cmecnrqjuqq0khja02sr0,6,555.2846950000000000,0.000000000000000000000000,406.7013200000000000
pool172gxn08m64vyfvpn926t3q8md5qf0q9k3y6kqz6krj8ry0tntmz,1,552.4242530000000000,552.4242530000000000,552.4242530000000000
pool1qg0g6hv2e50wevkqj34g0cya4f9audctayzp8wqwhxtdjnhn3tt,9,551.7193420000000000,0.000000000000000000000000,354.2506960000000000
pool1ml8hj9zhv5esld4dwuxrkda0ktclw4g5xfggg86nw3majud2uf6,1,548.6063400000000000,548.6063400000000000,548.6063400000000000
pool1ymqwfp9p8m6g09a6ca0mkm0nmc0ezgnvhtj0vpsvnmyjvy8zh7z,2,547.6297940000000000,0.000000000000000000000000,547.6297940000000000
pool1wx9rs2z0nuzds7aj9dvptwcruxputh3dvvfcavnwr6hkjvly20w,4,542.9847980000000000,0.000000000000000000000000,439.7441970000000000
pool1mmrh2l3t5r7w5l7e82ven0e595vhgvu0hyf4ttrgcyejq8gwqcm,6,542.1746050000000000,0.000000000000000000000000,465.3003420000000000
pool1vkaycnf2sv8rxzv4nex8s2unnzahtjs8eht9ypua4takugjgaa0,1,540.7006770000000000,540.7006770000000000,540.7006770000000000
pool1qrmc270m32g080pks0uvyf0hhj7m8gyhgckkpy32l7nnzrll85v,4,537.9822990000000000,0.000000000000000000000000,424.6853390000000000
pool1udv42vs52wg34268zkfsgtrzuvyskphfavaf3n8tmf4tugm7et0,4,536.8429860000000000,0.000000000000000000000000,339.0248630000000000
pool1zdn25g5v2qlcnerghvj60djfzzex9q6aysr3mdqz37x7qryesjj,1,536.7897410000000000,536.7897410000000000,536.7897410000000000
pool1efzvmtxl4n9z8ylegk9jhctclu44z7k0qg82mp2kp2ytqa9xgf0,6,535.4558270000000000,0.000000000000000000000000,526.2805000000000000
pool15jglqzc80vp83806wpa3rae699q32sxwycjmztkpy6h92p43t4h,3,532.7906720000000000,9.5139020000000000,502.2518440000000000
pool19u2lzwnmkz3gqqmx9sahhys8nqvwzkl8dqu7m474m0zsj3acjfj,1,532.6183100000000000,532.6183100000000000,532.6183100000000000
pool1t2zc29vmryg0z72jp3vh04awlxlrqf88jc3zfx7wm8dwjuhgch9,3,530.4493330000000000,0.000000000000000000000000,332.6379340000000000
pool1wn7g7fs8nhqnkkzcafzucl6x6spa6rj980kkkg0rcnyajg62lur,2,529.5356420000000000,31.9103800000000000,497.6252620000000000
pool1ncst8jldzmwa4s874u3x4q7seqjyq3njc89a2w2056m2ywktd6w,6,525.9972530000000000,8.8664480000000000,226.9870060000000000
pool1lr54356svvdz4yeqrq69wn6la2025l9r65pm26xxl466gxqqs83,2,525.3724010000000000,0.000000000000000000000000,525.3724010000000000
pool18a8vhtlcz7t0mahmfdlgtpsspvae62egz936j3dt7f9ykr4j2av,1,525.0423370000000000,525.0423370000000000,525.0423370000000000
pool17we8ycehylszd2n3haxut8gll239m9m9q5a8ytsc9pg9g3uuga6,3,524.7772770000000000,0.03533500000000000000,517.6195420000000000
pool1samrdfdupytre8zuqf5y3sda0kxhp894yvjpnhwwczukwd4mx6y,1,520.0820000000000000,520.0820000000000000,520.0820000000000000
pool1x3wuw3ungmrq5padffsqne82fx5uesy6dc2qmj83xyanq4rgnz0,2,519.0443580000000000,3.0000000000000000,516.0443580000000000
pool1yu9y9qvqu2d399qvzcy2ugnrsw4vh8uzsufq8jhyfrsjk563jqc,1,518.5129490000000000,518.5129490000000000,518.5129490000000000
pool1cxduaaaqpk8g3xr5yksg8urfemexxyjf42evekrmmg9a2f7gmn7,2,517.7031110000000000,158.2222330000000000,359.4808780000000000
pool1j6uz7hz3mzd5hncsnvdw04q7785kpxx4vfze686zekdly7jz7gl,1,516.5010040000000000,516.5010040000000000,516.5010040000000000
pool19f6742plmyxw4w4tzhew003q67cf2w7c66v28mtk6f7fxf80ak7,1,516.4613890000000000,516.4613890000000000,516.4613890000000000
pool1zcdptx4spapxquc0rpeu33ucc3x08g9wxsmm0qchqg0dgxrh6g7,2,516.4257930000000000,0.000000000000000000000000,516.4257930000000000
pool1d25d0c06al8geglarw7yd4nqh65nws82d7v04yrv2eec7rwcjlk,1,515.6190140000000000,515.6190140000000000,515.6190140000000000
pool1jrsmda62uar63wrndmdg3jupdtmmtsxmnqt66r3mm33wj2fd2yh,1,509.7664150000000000,509.7664150000000000,509.7664150000000000
pool1xn6rwtc6m7hnf66006uk3r0yp3yt5cq7u95esu3xg4mk52cva8w,2,509.6310610000000000,9.0069870000000000,500.6240740000000000
pool1qzg0lsft8d6zz5vytz5td3f383ra8f46zsdnsa93dgrg2nf7ckf,4,509.2357980000000000,0.000000000000000000000000,254.7850950000000000
pool193cdhdpaedcev7x6qps3eps7s4sh2v8k6v9yr4tc2ulujq4982d,2,507.4493330000000000,0.000000000000000000000000,507.4493330000000000
pool12mvua605f7w2gs90d580ywzyyf96je0y5q6zwcz2l76tcdqa8y9,1,507.4233290000000000,507.4233290000000000,507.4233290000000000
pool1rp466amdpse0gsmdkteqpqmnm5fl4v0q8juwwq4xagwygwzu8ln,1,507.1025350000000000,507.1025350000000000,507.1025350000000000
pool1kn059wyuuff0srprtvufv327th542l4c25e5hhcmwlsjymwr32d,3,504.6836700000000000,0.000000000000000000000000,503.6120180000000000
pool1vd9a6q0jknarhwfyg7mspplrgsxf8zsna7yjr7crrtqdwftl7yw,1,502.6249540000000000,502.6249540000000000,502.6249540000000000
pool106l8sgu50wpw3nmqkmhlgzl5cctw428ruem2rpwjklg46nprex0,2,502.3657420000000000,0.000000000000000000000000,502.3657420000000000
pool1jq3s8emkm332n7vd3n57amjzspvt3hygh4wqsyp33psugvw7zc0,7,502.3002310000000000,0.000000000000000000000000,502.3002310000000000
pool1lj9t0saaxejj6drmxefgejwuy47lx4ewwruwvn3uttyuw6f5389,3,501.2515360000000000,0.000000000000000000000000,501.2515360000000000
pool16q8rhnyj65mtfz8rvf38ernr0jlcr5gcdpjzv0wgtqvcc5yw7g7,2,501.1325560000000000,18.9825300000000000,482.1500260000000000
pool1rm8rza3ff0cape54ddjclwwm6a4g5wx604t3y9mdlysdz898f42,1,501.1152120000000000,501.1152120000000000,501.1152120000000000
pool1madkc465h6e9887ctj2adnky2t46km277wt3rs97hlzukzl4rx9,3,500.9544440000000000,38.1232150000000000,295.8107100000000000
pool1gsfu7c2ac6rh45dn836myms9flp99y0erppqez80nwehk9c70eu,1,500.6477860000000000,500.6477860000000000,500.6477860000000000
pool14ts4y6fpvxnc3e2aqwxqh5xskjyzlpzk6rexgyt3syh2vdgrv7a,1,500.0000000000000000,500.0000000000000000,500.0000000000000000
pool1hwnl625swgnlp5w7e8dqz0chlz3kl05tm2lawwy8xq2l5uz5h0y,1,500.0000000000000000,500.0000000000000000,500.0000000000000000
pool1zf7aswkv5ll0ej9fcg45jf6cqt2ee7tn3l2wq6zyx05t7a5srus,1,500.0000000000000000,500.0000000000000000,500.0000000000000000
pool1k7asvr2vd28jxw25fsh9pxckt5ykadhn8ua4x88vu39dzquvqvh,4,499.4893890000000000,0.000000000000000000000000,494.9110900000000000
pool18e48wynvkevefs0c5yuh705u6tpy0m4xflg506kp0r6vga9gkmr,1,497.6253500000000000,497.6253500000000000,497.6253500000000000
pool1qkvt06tjvd5mjf3yms9y6hp22uedn5ys6384pn8k3d4tz3d7j2z,1,497.4323930000000000,497.4323930000000000,497.4323930000000000
pool1u4708qd88n0ux2capce6gz6zcjvtwfsfpdu28h6kkh5yskg9eck,1,497.4203370000000000,497.4203370000000000,497.4203370000000000
pool1gvydgpt2nt6zchvt6fyc5h3w5g24nrrw54tskm0mkc6hqh4ye5n,1,496.8317860000000000,496.8317860000000000,496.8317860000000000
pool162szyrlrwes7qwy0za4ekufgyljfz0lac9t8h8svzale67n8vl4,1,496.7191730000000000,496.7191730000000000,496.7191730000000000
pool1h4g295xugk46jdyxv4m55y9rp9kln0k5hy8fyk2kaef5u3gmt8y,2,495.2827440000000000,12.6924990000000000,482.5902450000000000
pool1yze2j2m286u2evnsphkaz3uyx805wxrg9qqn9ftns43kypl45kq,1,495.2665300000000000,495.2665300000000000,495.2665300000000000
pool1ga8rg7snafqj5t24zf4xr8cz7tl576ett05qf93qhcamgmkqmj3,3,494.8310580000000000,0.000000000000000000000000,494.6169080000000000
pool1va0dv0map5dqhaj8pyc3rg0500drqs0m5smcxme6xghnc7ygmw8,3,491.3151980000000000,0.000000000000000000000000,488.4418780000000000
pool15em5uvfe8ujs3ny6ydcnynazvxhnk7dq9hu8zp4qf5jmknx32jn,46,485.5031540000000000,0.000000000000000000000000,347.8257430000000000
pool186wnrzw2zq20wt6p9aer6z33vqgv4xaxm6445fa4g4wr559e0j8,2,474.3196450000000000,223.3196060000000000,251.0000390000000000
pool18aklqwussc7j6y9nap8vxst4ht8s6sv76ge9799rzv3lcrau7yg,5,472.9765320000000000,0.000000000000000000000000,356.6229070000000000
pool1uhdcmcn36vq8kk3207tqjwp90t0nwr49pc498wh5vxmgqyr78d5,4,470.1507590000000000,0.000000000000000000000000,470.1507590000000000
pool1ng0wg25mkdkcmryzh5dcw70p0462z7svegxr9c7d2k5cqf9tt2k,2,466.9849590000000000,0.000000000000000000000000,466.9849590000000000
pool1cy77h3wzf5z9ea0z66wr8luczcp2u4wchhkejkndjvyrvyvqauj,17,466.0843770000000000,0.000000000000000000000000,466.0843770000000000
pool13am73gpq93hrngwpnlz34cwcytuykpytxtkz9srmrq3x6x8qlsu,4,465.4093590000000000,10.1440710000000000,275.3114000000000000
pool175p7tqqgmduq6r5ad7jca2c4jz6tp3rslz7jffx7zru3cakdmt2,2,464.0789450000000000,10.0540820000000000,454.0248630000000000
pool1rglej4fkg4l99e5agyxsd5w977n5u7chq8wrpwsgmr80292fw65,4,460.3775780000000000,0.000000000000000000000000,460.3775780000000000
pool1p86vmfhr4xnerm4kjltlhxrpzaeqjg30h7p8f6h279ulcty9n7e,1,458.2578080000000000,458.2578080000000000,458.2578080000000000
pool1futpazj04ukh0754m6wexrr9gdezmrl6e0pksyhpc9gjql44l0y,3,457.9993780000000000,6.9109940000000000,347.4168170000000000
pool1hy08gpvzkutxkg3ccxwmkzqaun9cd0styl4dtpqp2yxq2rjxehj,7,452.3009220000000000,0.58458500000000000000,228.5183850000000000
pool1dsvkdd2t3wnn3mrm27q0572zl2z36lkw3cl2cf4z0c24vad28v2,3,450.6844010000000000,27.0744850000000000,373.7604100000000000
pool14exgv53wem2jwutrqpsdxtrl4hweefymltq02xt72z60x8ge4qf,3,449.9602970000000000,0.000000000000000000000000,449.9602970000000000
pool1ujpy2536jz3x9gje5d5vuadzcpadl7pwrcsgq4laestu7mrs9hp,1,444.2875970000000000,444.2875970000000000,444.2875970000000000
pool1q42574l9xer3khqpshk8w2vc6md6zlah7493fp6zzv9mqurmufx,2,429.1444100000000000,0.000000000000000000000000,429.1444100000000000
pool1syt2h0690xyjhkr5mntv868xgl82m407e83e4sznaucpkr0lg85,104,425.9110530000000000,0.000000000000000000000000,321.8118640000000000
pool1l6946mnu54f6v0we4xzra8kwm68ch7fphhxvgytd0m4lzk3pats,4,420.0943960000000000,0.73267700000000000000,376.4055980000000000
pool1a9fmzl8m8ql8kk5s8cgxf0ny4c06v2540977gps5mjunwvk5zc0,4,419.6103170000000000,16.9539740000000000,222.7037440000000000
pool1repwaml372lx5kf3yw7568yhefa4d60r2d07un5gmykyv57ejxq,4,419.5444710000000000,0.000000000000000000000000,406.4059340000000000
pool1th8afnzy79jerwjg0cqgm3y4xz5pfphtfkggyqw0htz8ssujvf5,2,416.9345720000000000,6.1673220000000000,410.7672500000000000
pool1wr5ky4r3hz6hxenllvxpuncg7jya8gv89jta03059w9eqqjy6c6,5,413.8019960000000000,0.000000000000000000000000,247.8257430000000000
pool1zx0lmhdymz23e702clzyywdw522nh66eqaseaye8sue3cyfzkar,3,413.0960010000000000,8.9183210000000000,298.8160000000000000
pool1kdr3lv2e7h5tx3gp3fwrpxhaj8cxh7v422uwj84enqxf6j5flj7,9,400.2990990000000000,0.000000000000000000000000,116.8257430000000000
pool1pmcgmdd2984nzs2azxmau9umr49sqf3sr0kgphhra6yfg67nt00,2,397.9213630000000000,0.000000000000000000000000,397.9213630000000000
pool18243r3ncukrk54jrx3mnr2k6lvu30dy7y6uj252cyldhqze7qe3,2,391.0876600000000000,0.000000000000000000000000,391.0876600000000000
pool1u6etszaexv9v4lrf8r5xtjk2rc8wqq9waq9akrn7l5az6tm6u7m,2,387.0574720000000000,0.000000000000000000000000,387.0574720000000000
pool1sjrfgg0z0su3gun5xdsj5kvl34m5el3zf6mkaffukg9ucc0q4zc,2,384.9193900000000000,0.000000000000000000000000,384.9193900000000000
pool1jwgt6tydz6f4kw7la2hxxqwzq0m8spj3reyju08nm07xjnlg3d0,6,381.0258520000000000,0.000000000000000000000000,371.4742340000000000
pool1yzu4lp7f8ua7negffj8mmwfylx4ckhsu00a4gtf630rlcwnl7gd,9,380.1198720000000000,0.000000000000000000000000,210.8659580000000000
pool1qelp62ghdjald2mfsmfd4k82y0rnd2e8udypc8vu58fwkpaceml,3,379.4851170000000000,27.6495060000000000,195.2737940000000000
pool15jghwj2w3ag0yxh45w0a8d2aexlrhp3ce3gefm4ap07ssehz8qj,2,376.9975230000000000,179.3815010000000000,197.6160220000000000
pool1ylhh4u260wz52zpct0ce8txh8alm0zmjaf4fn69yz09xs68y70v,2,376.9371510000000000,1.4346730000000000,375.5024780000000000
pool1rfwfql54dxqe2f3pht7c8xztq9c5wncdhcp542nk76dcgshtvdk,2,376.5186690000000000,118.8886690000000000,257.6300000000000000
pool1x0pr0y3hzlju5gxera9zt8fnxgzmqa4dqhm0wwu8ympxz37dwqw,4,371.3837280000000000,27.6495060000000000,200.0000000000000000
pool1ka8q6my2a5fennpr2nmrj5yzma27d2fkev8lmpfq90kxzjszwgm,4,366.6257020000000000,0.000000000000000000000000,365.6257020000000000
pool10p7hdyghmkfuuxep4slslvjs2fk0hechqwadc2348e6g2x8hta6,3,360.5247750000000000,5.8933130000000000,312.5416670000000000
pool1sk6jvl4u8m4peddwqxzslgt82n57qy0rug2j0jfzkrjvy9f5mw6,1,356.8305100000000000,356.8305100000000000,356.8305100000000000
pool1npdsmx25352qzj33rk2mtvc6u7c339qs0vv7gy43t7kpcapw95d,5,350.5012980000000000,0.000000000000000000000000,350.4560750000000000
pool12t3wyzzmg5ms5tzz7w6evedrf7mh07m875r6dfk8xpmgzjc3d9g,2,347.8874920000000000,0.000000000000000000000000,347.8874920000000000
pool173f5kzeuz485kshvga3t7un8u699w2rgn77apjx078xd73kzj6y,1,347.6203340000000000,347.6203340000000000,347.6203340000000000
pool1g2htk67ngtrw5mz6npgu3tugmcuqfgu0lxm8m26d7x79w75xupn,10,347.2235120000000000,0.59004300000000000000,188.0280970000000000
pool1gw25vftc9nnqqgld043k2fsjsm76rkkcy2xjzqdm268cvlf698l,2,343.5572850000000000,0.000000000000000000000000,343.5572850000000000
pool1myw0304x7q2zuk24pzmf2rwwcwlh9p29pnj257zzjcd9j29s4xl,1,340.4170810000000000,340.4170810000000000,340.4170810000000000
pool1j9qrcwg28mgsu38p5jkrwpthff5pmm5wdpprghg2xrvfyfcm5ls,6,336.7472570000000000,0.000000000000000000000000,317.2945030000000000
pool1s4ve6tap62x9khdvhkk9f8fj74ks5txuygsnu7wkujk3jd2c0jh,6,326.4668650000000000,0.000000000000000000000000,138.6581740000000000
pool1ax6nusmcp8h8alsqmueqvxu46h37fmvfyr2y6w9l6486cy2rq06,1,321.6243820000000000,321.6243820000000000,321.6243820000000000
pool1c39qg80pu8596huf5kh6cmfuxp8yzxz4kfqc4csfz7xdcwfwcnc,4,314.3105010000000000,0.000000000000000000000000,299.1429760000000000
pool1mzn7a7h4ghv35d7hm7lepzcc8vkwq38qajnnuqalc60mkl0recn,13,314.2715840000000000,0.000000000000000000000000,304.5340150000000000
pool14gzj8a99u43j2gu3z0wcyedvdca27m2lx7msqxywl3lrcyrvmys,1,313.2858150000000000,313.2858150000000000,313.2858150000000000
pool1vxpu476qrulzkk2u97emkfskmc2jx4mzznvupw0zf5206nx35vl,1,308.0975170000000000,308.0975170000000000,308.0975170000000000
pool1k93a7tazk6uhy0pe26pau9hthyn9kmtdcdl9er5kw9w82fl5j2w,2,306.6851670000000000,106.4000370000000000,200.2851300000000000
pool1cj6js4ae570qqgssp5qr83zla0775u35fyxytk8j240uy2aca2q,5,305.4906160000000000,1.3539440000000000,198.8014880000000000
pool1zx293a3jpjh9sln53uhlc34ccnppl6sze22rrcmt04enzapl935,1,300.8226690000000000,300.8226690000000000,300.8226690000000000
pool1fu6cvwqamrfxkzc0pjsmd7mqazfqh558sckequqj3ckvgyyg5ta,1,300.0937720000000000,300.0937720000000000,300.0937720000000000
pool1cwc8jnc89xnd0qlyl4tp9gu2uf6jxhc2xay9xqdwt88s66a5yzx,8,297.0948170000000000,0.000000000000000000000000,287.8257430000000000
pool1wp0yez530qyyxu6nzeej9m9f2sma2w4r54hkw7dfewtts7qqvwc,3,296.6798880000000000,17.5217750000000000,170.5019970000000000
pool1kveecu8hx4dk8pe9rmv4q4tjwr9xmq30nacu2pafeljhypcn4wt,2,295.1685640000000000,5.9306390000000000,289.2379250000000000
pool10ez5uusmzx7ep6pee6hmqr79z5ee0lhgzdelzgptexh9xq3ar4e,3,291.4727710000000000,0.00127000000000000000,190.4629500000000000
pool1zd5jmdvhgcqja28at800tle5qltucce5979x3jgdv0g9qcmw268,2,282.0677930000000000,120.3940810000000000,161.6737120000000000
pool1rq6c8ntlsh2xl3le0utg4fpxqhag7fdlpzdykcld7dh9gtz8fxt,7,274.4179160000000000,0.000000000000000000000000,119.9456780000000000
pool18dqp26atwr6rd7z6suxjmguqy8zym5a3tgtveuazqsjwyeafrz6,1,266.6658720000000000,266.6658720000000000,266.6658720000000000
pool1v2u8x73efaa7vlc342jdd4pdvdp9vmmgacc97tty6cljxrtxpse,3,258.6438600000000000,0.000000000000000000000000,217.9551350000000000
pool1tlgwdlde3v5aq3vlm7pk8l37tydmjjhucsf0g84xwjtwvwfsmhm,7,254.6965730000000000,0.000000000000000000000000,102.4257930000000000
pool13lswc5y4zycu9u63ktssp6rnczt97fy54cqk4s2ehwjawg5tlh6,1,250.0000000000000000,250.0000000000000000,250.0000000000000000
pool10pmpya78vv23pngluf7hwpg9lerepmqdmdu47huf5vsskt56wzq,3,247.2101960000000000,0.000000000000000000000000,247.2101960000000000
pool1nlv8mxyx5juqe5aua9tplr5j9ar4wy950zlya3ul94wkgqmf9z0,1,245.2047810000000000,245.2047810000000000,245.2047810000000000
pool1ap0mx7frdu2mhk6f8rp3psy6wkd8t560dgh0cwnlxxfswtqjg9v,1,244.6469770000000000,244.6469770000000000,244.6469770000000000
pool16az8esp0qgrt3vwnpqmn2n2z3h7nexrhm4qn8xrr4sds6tj0dxa,2,243.7599280000000000,0.000000000000000000000000,243.7599280000000000
pool1k7ku4sqvepztwqfvqj7wjadcsw96mancwyf8spty9tm0jfnwls9,5,240.7223830000000000,0.000000000000000000000000,240.5517530000000000
pool16ga833sw8tzuvv83gq2gp6zyuwhj3lka4nevnauj5grpuq8y2al,3,233.4450210000000000,0.000000000000000000000000,198.6194540000000000
pool1q8xqp4w6yzt3z7wd7359ywn6xfke2qj249gyxtru684ruk8kazv,2,233.3753910000000000,25.3365550000000000,208.0388360000000000
pool1llknxwa7zzugc52mnv3lpxgh7az8wnqylrxxfqhzzm9e2eufug3,5,229.3741090000000000,0.000000000000000000000000,86.3940550000000000
pool1ysnxzyr2ck49pxafgq52tt8wzdhpcsqw3jxdftf7u2whgtmry3k,4,222.2649820000000000,1.4391250000000000,96.8256990000000000
pool1g637quu9s4v8e30s8y2jg8zfejsne9s8mg985q62y8jfu4khtqg,2,220.8486610000000000,0.02355100000000000000,220.8251100000000000
pool1gwljutrkqx7km7ec2e8u93y0tvd8w07mgz2aaeqj75h9q7tntmq,5,220.5664140000000000,0.000000000000000000000000,169.6235760000000000
pool1eeflu4eaztffgd33enpsfh4nkta6t5qk662nddqqhjyrgdgmkc5,4,218.7849560000000000,19.2716660000000000,127.6213020000000000
pool12zgtcv0cu5caet8y2tna9l0jhthr46zpwh49dh0g4ew05st2t2w,3,218.6152740000000000,0.000000000000000000000000,218.6152740000000000
pool1snauzgh8r7tww3emfmdt58dt4hpvyjc23j0nj3h0ql2wwzgdkp9,2,218.0559830000000000,0.000000000000000000000000,218.0559830000000000
pool1zwvfvst3jldarh3sgjn07c3vk5yw8jz6p9m9xty5cakgqed6c9t,3,214.5566240000000000,0.000000000000000000000000,214.5566240000000000
pool1lcl9j8zzqtcd4g2gf5zgexcqmnmjtvje707hupngymjhq43yk3s,14,212.0278510000000000,0.000000000000000000000000,116.8377810000000000
pool1mgpcx225587y9uf2zcwrputd3kj70jfpf654ca86dehuw5qk5pf,3,209.7362730000000000,0.000000000000000000000000,206.9105740000000000
pool1ajjz83zx620n7fyr0gvfaz0k0udc6x09rdnkqrgaxu9qwcz97qe,1,205.6185300000000000,205.6185300000000000,205.6185300000000000
pool1gn4vygcs9trs7pzzdcwv6djr69eq5ux8dmwy028zk5vhcpgn8ty,1,204.2374060000000000,204.2374060000000000,204.2374060000000000
pool1h5xdez7j0ncewgxs4m8fykjt9jzuy86t8e0m7m7m2l79w4jzzk2,1,203.2506290000000000,203.2506290000000000,203.2506290000000000
pool1rcg65q6m4y2w49n0nvj570xfa3hsyarm5tjnnumy4xm3sw0d6lu,3,203.1824740000000000,0.000000000000000000000000,203.1824740000000000
pool1eq96x3rdmq0dxdyx0wwwy064p2jzrlg6dp37r5uwhehnja29fxq,3,202.9804810000000000,0.000000000000000000000000,102.6249980000000000
pool1ylcl727memzjqypjaxg0jl0l40l3gy3vmtt0llwpjufwwdmptks,1,201.0000000000000000,201.0000000000000000,201.0000000000000000
pool1ssn7vj756vpv84h5vgkkvv5rzk0zp6pp2kdrqwfjsffu60djyy8,1,197.6240300000000000,197.6240300000000000,197.6240300000000000
pool1tjd4vxjnr99jvlnrh35gmg7xqmphxjyftpdfn3mlv3zw60yw5y4,1,197.6191900000000000,197.6191900000000000,197.6191900000000000
pool1aczlsvfl50xtyfuff4vk3d0v2h9r78hr269ycxwgx00dcng4u9d,1,197.6191900000000000,197.6191900000000000,197.6191900000000000
pool1huxl069mddvz0n95zg95u6gyx7ycvy0f0z0rh8md9w6kyvur9h6,1,197.6191900000000000,197.6191900000000000,197.6191900000000000
pool1rek8m67j3lrslpkrv5twxr5adpt2r5k3qq2huh6vgx8jkcw4qc8,1,197.4561530000000000,197.4561530000000000,197.4561530000000000
pool1vgryztjlm0grah2g5gngd0vlmy4z3yrsm42h00hn967e5mqk4nq,1,197.4307210000000000,197.4307210000000000,197.4307210000000000
pool1dvp46zdtmzwkt6x74g6dzq7cyygp5armhrzh2t5hm8scwtxvsnt,3,197.2990650000000000,0.000000000000000000000000,197.2990650000000000
pool17z4hzv0544uxx8q7yhedvsrtdavtz46nzwqyp2rgtku4x6d0zcn,1,197.2373680000000000,197.2373680000000000,197.2373680000000000
pool1qhnjcmyy9xrf00z4uj66yedje5ue2ukqte2hr6dmty9a2gz7tu5,1,197.2262800000000000,197.2262800000000000,197.2262800000000000
pool17p4syst04f92ylfzlcn8qwq8w5muxkwqn0a5fl98ksxhwj6y7g7,1,197.2261480000000000,197.2261480000000000,197.2261480000000000
pool18qamc87vnl2sjd888f3gv4ssh4qjww859z9v6mr622fvjhemunh,1,197.2261480000000000,197.2261480000000000,197.2261480000000000
pool1xzpjn9f5nk52lnfzskuxey3r3h5fh8z78389qsd6vwyfcqum796,3,196.6881990000000000,29.9650590000000000,101.3760060000000000
pool1dadfsnjauzhgcvz5hkrulwevpe9mk2a9rsxt24pawcy7zndhll3,8,195.6312310000000000,0.000000000000000000000000,148.2461090000000000
pool14rf039l9kskejp4g7synrefujghemdwkenx544gywgp9cttert6,4,195.4459450000000000,0.000000000000000000000000,97.8257430000000000
pool14y3wr9lkqyeg8z8pwuprmjwahr0ydu0pjs8usy2g93mugtpx622,3,190.7850690000000000,0.000000000000000000000000,162.1105960000000000
pool1z26udkezqtry8xtca2u9f807ptf0llcv70rnr3j2357gqgrs79f,4,190.4254860000000000,0.38143300000000000000,172.9160970000000000
pool1xply0kq63yvhwl6v090yuf4mxwrq37rse75w69ddw4k7sxwnxd8,5,188.2399580000000000,0.000000000000000000000000,117.3226220000000000
pool1wxzumlr95mjxhgxnd6cmxcey38pwe5zwu0ly2mlme07qy8n00r9,3,187.7166800000000000,15.2748930000000000,124.8189010000000000
pool1xamkqfkkfm4eldv88jhdcm5uzs8kd3p776e789hqv8yfzjgqh9s,5,184.7982620000000000,0.000000000000000000000000,118.9103430000000000
pool1w65amkyxhlstja5mp0vf7q2av5tm0m6zjsm9pll3xw36x6g8qte,12,183.2652770000000000,0.000000000000000000000000,108.7104840000000000
pool1qp7ge7rwk8ht63v8z6vkyw3g8em5qr5k0z0l6ta8mxjtzx4dzy8,5,183.1328450000000000,0.000000000000000000000000,114.5887170000000000
pool1v2dq9rex477rxqh7f8wwyprtc0qvxr3vvysvep7nj2qu68zdfaf,3,178.2598500000000000,0.000000000000000000000000,170.8344090000000000
pool1j3azwphh66wk6efre3ezjjw8mqljqmnxe5qr9tyfmjdq6eqe5fc,1,177.9357580000000000,177.9357580000000000,177.9357580000000000
pool1u9vgtxyupd36czsdvh3h9zr8eakdqesug8j6k2nw7nszy97z4m0,3,177.7881320000000000,0.000000000000000000000000,144.4726200000000000
pool19xhza3f7nye6j5p6stsnkpvadejztnqvck0ge3l2uy9gvsvy05f,3,174.9689220000000000,0.000000000000000000000000,174.9689220000000000
pool1mlw3uh4m8qy0jlc8x0amx58gwt5xz277ya60xk6xv5daxjzt2gs,2,171.1626480000000000,49.6780210000000000,121.4846270000000000
pool1j5tw5wwfvk2zllqycg0cunu8emtd5g9tgymp0uayc6nzujunrhq,2,165.6283200000000000,1.00000000000000000000,164.6283200000000000
pool1qd9yemufpf2fctpd2zyx9v2lv3h4fne3v8jplse284gqxk8ketu,1,164.6206420000000000,164.6206420000000000,164.6206420000000000
pool1v6xpvq7argftng40s80804eyf4m7as45292las40jw0nxte295m,5,163.7557330000000000,0.000000000000000000000000,106.0000000000000000
pool1s4a3y5ktdg7s08d6mntkctzc739h5n46t930jggef287cwz8pph,1,163.0391130000000000,163.0391130000000000,163.0391130000000000
pool144cfav5vd6vwaej6cspzea3pjfvdcjg86uzv9phxegz87ynw2zz,6,160.7302610000000000,0.000000000000000000000000,94.8726450000000000
pool173trwz74lv2ncl0dn5fqvgnhqtmqu3yvnf6dpx7k6psuwhzn2fc,4,160.3177090000000000,0.000000000000000000000000,104.7259020000000000
pool17dqwaa26crnkecs7lydfr8826k3evkv5ypdf7wx8fu5mzexxa2x,2,156.2779820000000000,1.2576890000000000,155.0202930000000000
pool1thfkd47x8s84f2vfpxr6v0sfvhrtlwxdv0r7mtjaqvglgpuh9p0,2,154.2476200000000000,7.8256990000000000,146.4219210000000000
pool1y2433yepkpw5xwps004zlz23xuja9xp2ckplak5lp72qss37333,5,153.2798880000000000,0.000000000000000000000000,99.4309440000000000
pool1npx8wwtj8knlavx6h7spcj7sk6n6dd5qa0npk9fcdefd542y9vx,1,150.6109620000000000,150.6109620000000000,150.6109620000000000
pool1fjxud865hvsg3us4t5ndv6jhjcssj5rg2eq783664wpn720deqr,2,148.7966010000000000,0.000000000000000000000000,148.7966010000000000
pool1n8xmcjuadnkn8kk9axtjt3ahx5amj4nc8446grdjzfdrzl77xh6,1,148.4358780000000000,148.4358780000000000,148.4358780000000000
pool1g0fvxf4ewt0j3hplp09dv4ak2uv5ay3ftw8upk80d8kx2ca5syn,2,148.0915370000000000,0.00023400000000000000,148.0913030000000000
pool1ye53d6kl460egekdnunjl4tx5zhs5puze8nqkfxyjuae7364w74,9,147.6613220000000000,0.000000000000000000000000,146.4948630000000000
pool1f4pxpxcee0mhwd2knwqkwquaj35enlstssc6crsmt2tvv0pwymt,1,147.6244260000000000,147.6244260000000000,147.6244260000000000
pool17edtg9kt83mpguyh87u6ju2fkgjta4jjmmyzj9n8tsf4uwalg7h,4,146.6858470000000000,2.7795920000000000,112.5421790000000000
pool1g6czdusgxwskqy8evsnxvqkg2a70rpjtv0maauldl5uusmhm94a,1,146.1390700000000000,146.1390700000000000,146.1390700000000000
pool1jwpt6qmmkvfusvwan4f9pfhn7pljsm33lcqf7ftya3mtc0fs2nz,4,144.6987480000000000,0.000000000000000000000000,122.4778800000000000
pool10pxym4rs92lj853juzku38z58d9n59ra55qd2mnm820ljx4c6h9,1,139.8186590000000000,139.8186590000000000,139.8186590000000000
pool1n6w5q9hw3gj6574uts75mkyrqcm702n240fxlk5df4sf7a7vlvk,1,138.7429430000000000,138.7429430000000000,138.7429430000000000
pool16j549cl7ftj9ejw9sx5v50zjyuh8l49stmakrfrea4rxy0e7us5,2,138.4394640000000000,34.7790670000000000,103.6603970000000000
pool1qvqpd95v4k2ge6unntpettve72ntguk6qp9ktet572e7v4v9de8,2,136.6440680000000000,0.31559900000000000000,136.3284690000000000
pool1g2zsavkscwrzz0tqqwwykkyganyedlzgqc63fneq6nvzc7rwdzp,4,136.6133970000000000,2.0696640000000000,106.6337690000000000
pool1tem8k8927zvn5jg22g3mxuzhnu62jdnqvn523dduupce24vwlrl,2,135.1064090000000000,0.000000000000000000000000,135.1064090000000000
pool12te7g032e9dqjqe5xsr05mrk7xs9ve4w6t275cda7e9quafr3zq,4,134.5206350000000000,0.000000000000000000000000,117.9101140000000000
pool1s7vl4r9vr2etmr2pfhcvxu223e8asaxu96te3urd7gh3c2kl74a,1,133.4000000000000000,133.4000000000000000,133.4000000000000000
pool1nhstzc6dk7d04k83yfccyrylzewhpd422kall4u6a5ck5c0pw3q,7,130.6014080000000000,0.000000000000000000000000,120.8561530000000000
pool1chdvqec5lwsxuedrdhcdcxg2295tqrce9lcz3luru5fruzjf3wr,4,128.7249400000000000,0.000000000000000000000000,112.0452470000000000
pool1rq70y0sj8fnjgnuavsjtvk2qm6hjw2r9zfacd46z6z8c7tlgcmx,1,127.0463470000000000,127.0463470000000000,127.0463470000000000
pool136mu955m4fl6stzq9rjrsww92xftwnjr85997zykeqylc9h3k8u,3,126.6755310000000000,0.000000000000000000000000,123.5829840000000000
pool1njs6ejpvdkt3cee7u8ekqyunmufm82jjrehtg42xd28m7zhzn5v,1,126.6604590000000000,126.6604590000000000,126.6604590000000000
pool1hd5r62ktu43k53tskpr8xja8pyt5k6vws2fxylqm7hp5ye954ea,2,126.0037270000000000,6.9707560000000000,119.0329710000000000
pool1uwk437q9npu9yhsj5r3qdnkq6r47wvyfzjp0c52932esg5rgnkx,3,123.0551820000000000,7.8160100000000000,107.4132970000000000
pool1llwt52flj60vwd2tv3z4qzynu9p2njvsm95cf603zemlua4f955,3,123.0422020000000000,7.8113990000000000,107.4147930000000000
pool1r2249l40de8nlj77u77yzk8kxl3av4k09ztswcuqfexzcxwx3k8,3,122.5172550000000000,0.000000000000000000000000,122.5172550000000000
pool1lzg07gaddygem6f5ch60yv0l0g2529af87hqgw6gkqdmsfs39z9,1,122.0849350000000000,122.0849350000000000,122.0849350000000000
pool1ymmhkw7r5xj372w7gwel66fwtvqw4uv08j0fs2wycee96qv32j5,1,122.0786870000000000,122.0786870000000000,122.0786870000000000
pool1p39fgnpatsmyln2nyhr64elqfzxxk8q25xtkny97qgnlkllaxry,3,120.5499390000000000,0.000000000000000000000000,120.5499390000000000
pool1v7v9248nczqdplztgn7fwf4x4sd59utl0rx4uj7wewslxruwplu,2,119.1162230000000000,1.6903860000000000,117.4258370000000000
pool14pwff25hl70dusazjckjqvzft35ew67t33x49hwjm5j7y675ere,1,117.6181780000000000,117.6181780000000000,117.6181780000000000
pool16zjsdvuxa39w9k48c9ds7sne4c9lhclmmcly53cdat4nu7l36f6,3,116.9483360000000000,4.7670300000000000,100.0000000000000000
pool13p8rkc9nv8umw98qdvjqv0tmwgjmzlmyedrd3m50pjpp58ek53a,1,116.3309530000000000,116.3309530000000000,116.3309530000000000
pool19d5anp46tkzvf8xmqmxrtedr6lvw55snk65zfep2srsd2qe2wcc,3,115.7561550000000000,0.000000000000000000000000,78.8357090000000000
pool1r9dfv5360alp5dh020k050d4n4yh9h4gms9lf0srm43z5zk4d3s,3,115.4530290000000000,0.000000000000000000000000,107.4530290000000000
pool1ju00mkurj9t920staddyd3ln9r98kktx38jrer0zp82eg8x36jf,3,114.8489020000000000,0.000000000000000000000000,114.8489020000000000
pool16vxqq0ttyvfkt84f6ksncskgdk0r9w8ulaum0af8cmmfgsf5hua,2,113.0682080000000000,11.4491940000000000,101.6190140000000000
pool16m6c5rcpm63k2606lkqadg3x5pykjwr4pthhj9h4ancquafwhjl,4,112.6786490000000000,0.000000000000000000000000,109.8529060000000000
pool15mkly3gw008dmxfrh9eycl5aguyfm0rhdlup2hzukjkrsfdxqew,8,112.5970050000000000,0.000000000000000000000000,110.2227600000000000
pool1gd3nuzly536f20e4kpm4ctkgv0ywes37qms6g7cy2f0xxf56nh7,1,111.6256580000000000,111.6256580000000000,111.6256580000000000
pool1nq0jx33p0sfa2fux33yklkzssck4kfgaqlgnlc0a7a9ggqzhgnt,2,110.6220060000000000,10.0000000000000000,100.6220060000000000
pool1q0c5nnpfpyl8ks0fdm0h2p833yxj0gll237z362yluvs2nt65pp,1,110.5993180000000000,110.5993180000000000,110.5993180000000000
pool126ugnr0nxjxz72jrlzrqetqx0exn43t5w67u9vuq23xex4ym7dv,1,109.6117100000000000,109.6117100000000000,109.6117100000000000
pool16jczz0dlv557vgywgftd4m3vwnwjnl38wpn7wu5gqryz7aedahd,2,109.0632640000000000,1.0729670000000000,107.9902970000000000
pool1g0t2a93g5e2j7wj0clmk73fhd8cjcj4xn383yt7xvdyhq37m0kk,1,107.8455890000000000,107.8455890000000000,107.8455890000000000
pool1gavc60d7mz7vvhsh7grcrc8pmcy0zugrnxh3dklwx0sjsdva6sj,2,107.8255670000000000,10.0000000000000000,97.8255670000000000
pool1rsrmpq6jnxnwh6z8wlzphnan4huyz6pymcgna2p5m93mz780xkw,1,107.4311170000000000,107.4311170000000000,107.4311170000000000
pool1gqp9e65nqy0q08dvqst6mk9fyc96sdels5drncsdz5d82dpw5gg,3,107.2617400000000000,0.000000000000000000000000,107.2560800000000000
pool1van29pcguetr6gwnyfwd2g4f68rt3vkgtvu9wjdj0xwpylngsdk,2,107.2244760000000000,0.000000000000000000000000,107.2244760000000000
pool14z5zuqy98d956cktyjuztaj7u4a4wje88c8ewznqdh6uxwlpnj4,5,107.1458870000000000,0.000000000000000000000000,100.0574880000000000
pool1ztz3370gwds2v7hjzgtns33f7kw0qp0zjx34esg3dvlcycnnte5,1,106.6237220000000000,106.6237220000000000,106.6237220000000000
pool1x96hyvvamshl5ymcpdshz4ymqjp33vvz9s8dx06xxwpzzkhgra7,4,106.1156570000000000,1.6482060000000000,77.7864790000000000
pool1xdwe294ntvnken52vsaar7edxpxeths4dvsm84pm4chyq70r0ny,7,105.3030810000000000,0.000000000000000000000000,97.8275470000000000
pool1t2e4v7ajh38qhjswqaavjqfsevyllhda24t2s2u6vhsavyhhqaf,1,105.1322230000000000,105.1322230000000000,105.1322230000000000
pool1mzf0vc58p7ktgs5gqzqrcwtrs4xnlpd5v9thzl7gahqj7f7aqye,3,104.6164890000000000,0.000000000000000000000000,103.4842840000000000
pool1yw05sn4p9972p6lsdw9g4twvwxdf72rqtfuvwn0wp736vh4azfn,3,104.5964530000000000,0.000000000000000000000000,94.5778400000000000
pool1zlsrcv64qzzahdky99r3e2m0wd68uav3d7f5nxegalhj66r8nnj,2,104.4935340000000000,0.000000000000000000000000,104.4935340000000000
pool1clkt34hufs3k4gfnd2rl8gy9zlzzdgr9838y0k2hwfuhy0mh2t9,2,103.9230290000000000,0.000000000000000000000000,103.9230290000000000
pool17qyahrvutlsyq7c6ceynac8ay4qkmxkd2sh43w4va5yr255x437,1,103.6079700000000000,103.6079700000000000,103.6079700000000000
pool1lz95nzjjmr6449lk0avhplw9678m6kxghvxzg2yfcmy3vl0k6jl,1,103.2308990000000000,103.2308990000000000,103.2308990000000000
pool1sk4s9cmjc9s5uw5zju76tnu3hjc7qj4geaeq7psy9yjay4a9nwd,2,103.1648460000000000,2.1707940000000000,100.9940520000000000
pool1eww2f6gu0g65v5l6xvqhuqq32qg3jeyadzz3jxlfn0e3739337k,1,103.0723510000000000,103.0723510000000000,103.0723510000000000
pool1rven0s3l30qawndj2m8v0fwgc8rsthumda72l4wkgwdhx7qgdjw,1,103.0700190000000000,103.0700190000000000,103.0700190000000000
pool13ds97sp5wtfpu7x720pj843ax2chfrcj25d88a39l8czjmg4gkf,2,103.0000000000000000,3.0000000000000000,100.0000000000000000
pool1qxpzlkxfem0q230hjp9f622c6yaej8qycwy34nwyt98axedf78f,2,103.0000000000000000,3.0000000000000000,100.0000000000000000
pool15l7f5vd5sqchjqys6x5ygmdgs88q4y6ndwc7xy9a05y2jfced93,2,103.0000000000000000,3.0000000000000000,100.0000000000000000
pool1xkrqy49edygfumvw9jxna55c373cmckzqq92m57ng82ycpykcmz,1,102.6165500000000000,102.6165500000000000,102.6165500000000000
pool1jkltjlyk484wpdrhe20sjmgqgxhw0zx8lx6tml4wkprt5z28tvw,1,102.0314090000000000,102.0314090000000000,102.0314090000000000
pool1erd30yrzqx4nvevnqu3cxmgv5nh6reau5ycxdulde7vq68zcrlz,2,101.9248630000000000,0.000000000000000000000000,101.9248630000000000
pool15jzfzmh3s4vnhm2qm3p5e0632kv8nuw2luxarqrzpa8a6cgnthk,4,101.2502100000000000,0.000000000000000000000000,99.8057670000000000
pool18v6rlcg506atlkkhy8sdgtnm5efzjjjshk9axyvp8fa35txspr8,1,101.2275120000000000,101.2275120000000000,101.2275120000000000
pool1856hr68ypjteu686stdagfpv2sxjzguwzjxu946v8wdqzn0f67s,3,101.0809770000000000,0.000000000000000000000000,101.0809770000000000
pool13zagy9a4nnhgme5wcnl0w3xzt523yn76jxh52360rryexc9f9dc,1,101.0000000000000000,101.0000000000000000,101.0000000000000000
pool1rsm2ara9zm9tq0gupcq4c7e3v7c8lwxlgjgh2zalgjf3669rlwq,1,100.8386850000000000,100.8386850000000000,100.8386850000000000
pool10dzswwk8ycrxfv04nv44fjpqdx4j5euj406df0xsq7xyy0r0ta5,5,100.7972100000000000,0.000000000000000000000000,98.1559170000000000
pool1km88m74x0l6gax9whuw9v86ftejwztxyg4arfh5cartjv8eqsze,4,100.3808230000000000,0.000000000000000000000000,100.3808230000000000
pool1p0jc0n0sqhj7fhm8sng8086akyyrsl085cvd6ewskhhly9tn3d0,1,100.2575200000000000,100.2575200000000000,100.2575200000000000
pool1es7867e973f59y07uwn04sylwd7myrv49q76e3jqp4a5ktvzpeg,3,100.0257430000000000,0.000000000000000000000000,100.0257430000000000
pool1t9ve93m48au8m4w8x0m2exh55s0tf2jjk5rwj5hsuqegvvgfq4z,1,100.0000000000000000,100.0000000000000000,100.0000000000000000
pool18y056s0echkc44dwnnd0hwanmrlnecxvkluwn339ukhnwnaz5v6,2,100.0000000000000000,0.000000000000000000000000,100.0000000000000000
pool15jlf23neurgga440wxfux2g4pk0pwjm0t9mvvzvs0npvy59mdpn,3,99.5780920000000000,0.000000000000000000000000,97.7552090000000000
pool1cejaj3e490r9ejf854k3pw0kagglczuaqp69g6g5jzyfxjxgn4h,3,99.4429970000000000,0.000000000000000000000000,99.4429970000000000
pool17d6yemu3wsv9t3lf507z6vuu00slpyw3qstavfdtztjjy42qcp7,2,99.2808840000000000,2.6246020000000000,96.6562820000000000
pool16jhjt6nly4s5thsjc0yek6h9prwtkqhq6dff2mkjypweut69zh3,5,98.9038510000000000,0.000000000000000000000000,97.3258750000000000
pool17wdqcn6xjym38wlry6t2ull00fg7ghqejd0xuy4p20djyua800c,1,98.6240300000000000,98.6240300000000000,98.6240300000000000
pool1uda4kkzqn52fuyrwuchjxykdly8vj46yv3rc2h4zp9raunz4sgl,1,97.6247340000000000,97.6247340000000000,97.6247340000000000
pool1wamhqzxcn7psr3rrqvg35wwjwmj8qktnvgyncj2vzyaqx9hkmsz,1,97.6245560000000000,97.6245560000000000,97.6245560000000000
pool1hg9yyezrm6dslw9q767n5tlu0qk2ccvd4k9946vv7ymgvsvnttf,1,97.6238980000000000,97.6238980000000000,97.6238980000000000
pool1svzk9ckds6r83nvg2k7w9hszza2haqd9zu7fuyg37e8gg3dylrf,1,97.6204660000000000,97.6204660000000000,97.6204660000000000
pool1xt0z35f0ms6xt5r8swhtd2xcymqxvk42m8fk5q8fnw8hjhr6yax,5,97.5103090000000000,0.000000000000000000000000,95.9409540000000000
pool10fsg5ykzcjuzq5fzm9vj6d3yd0jjqgg6qnza6u8wtq0677vam2t,1,97.0230270000000000,97.0230270000000000,97.0230270000000000
pool1ctfxzwgqakxujmn95dfvprcm0h3dtzjh408apk0cewl0c4r6gg3,2,96.9155970000000000,4.2330560000000000,92.6825410000000000
pool1w9ksllt0ktnztjdzzlzaqfh7tzspu09xf5l08flz0cadyq0dv3j,4,96.7948490000000000,0.000000000000000000000000,91.7307430000000000
pool1k0d5szkmzsw6035ytsm8dv75d4ewu5gkm7c7dhsjug9uvkaunz3,1,96.6343410000000000,96.6343410000000000,96.6343410000000000
pool1ps3quyamsmn5cvp403tgjzgpfwha5u4dr2zc3wtts5kgqc078se,1,95.4245610000000000,95.4245610000000000,95.4245610000000000
pool17f450fgggph94ectjspqersd3u88cggvf3nu45k3xj2fwdqxjpp,2,94.9121180000000000,0.000000000000000000000000,94.9121180000000000
pool18nx24xhkcewezxvrjgdpt9pgt69pefr85m8qa8fdjd4m6p7egw9,1,93.5054930000000000,93.5054930000000000,93.5054930000000000
pool1g04psph8yjpqrgvtltqxrgh6vtl3uklvl46ng6ttrdhwjuvelna,1,92.6330940000000000,92.6330940000000000,92.6330940000000000
pool1g43yqk4yuflm07faedr9qsgwdvjuw4welxae2vcv7ymyj27q8mg,1,92.0900390000000000,92.0900390000000000,92.0900390000000000
pool1pk6q8vjxu0404jzq0dpt7fceyz9yu57lmx5csne8tmce5nx523m,16,90.4206760000000000,0.000000000000000000000000,66.5927540000000000
pool1tll7ysfwe8cmsh7g336fh2qxf4jsxap5ssmhzrs9jpksg2g86zt,1,87.6390780000000000,87.6390780000000000,87.6390780000000000
pool1n96ql32ct37n8w0l9ddhnc2t8tv0uyd6kuhzua8uxy63xs35wgl,3,80.4662890000000000,1.4265100000000000,77.5213240000000000
pool106jtt06k5wjpqc5r5fkz06pgwhwaljzs624mnfua8fkhq0fl9am,6,79.6105800000000000,3.8439670000000000,52.3174090000000000
pool1qwn9l4vzm4rsrd5kexuafqlsgg4ap877vsunqpm4yq89crm4aqr,4,79.0651990000000000,0.000000000000000000000000,79.0651990000000000
pool1h8625k6vszveym92qandxwjv3wmnekc548yzcepr5w88ys824pg,1,77.8483860000000000,77.8483860000000000,77.8483860000000000
pool1u24fm2el64cd906xn9fjg8m8v6nra5zj5mpl0363un2jsyyuyup,1,76.8372860000000000,76.8372860000000000,76.8372860000000000
pool15tn0nlazaatulwq667qdfs597pqlrgn62at0fqv3lvz5cg9l30m,2,70.4731600000000000,28.0162590000000000,42.4569010000000000
pool172vhywk0n2m7r47a8wq78xzc7nnytu3x78wyftmdedvjyzxjc7s,2,70.4490310000000000,22.8212990000000000,47.6277320000000000
pool1eggah53ghqwlsm2u4upwnm3s9et8m5yd4p56shaqtm7vql6zm4h,4,69.7207670000000000,0.000000000000000000000000,62.5967000000000000
pool193spq4aagtqthqxnwzat2n53ugjkyx8d42wqu6wm8lckj056y0t,2,69.0549610000000000,2.6344920000000000,66.4204690000000000
pool122gfj3ynz5ch8cfkx0tt5dsfpnf36sujcvrvxzqjm28yym8vv8x,3,67.4564660000000000,2.6180020000000000,53.1773770000000000
pool1qd3hwt2hvkt2jn9lktcjqpdk9cz0mk8qdue35x00p7ud5g0268s,4,66.4882960000000000,0.000000000000000000000000,61.5372600000000000
pool17lue2fr93qlstfjwgstpkt22y5lg6h44ry3rz7jxe0mqqnq53wf,1,62.6024700000000000,62.6024700000000000,62.6024700000000000
pool1u7s8etmnm0y0ktls7kkvx2apnep5ercy7wwyljgw407yjzjastq,3,61.9147230000000000,18.7218080000000000,23.6067970000000000
pool15zrj43nldc357nas0g7glm09wqhtyexxs64skq52mtg6sdrsjzd,2,60.7816950000000000,6.7382630000000000,54.0434320000000000
pool194x3sx05hac6fhy37a7umfj55uaac4qf2ysp5fl2gyq2x7n4n98,5,60.3205290000000000,0.000000000000000000000000,32.1597390000000000
pool1hjlkmtquuanfvvumfwsu395gdrmt36kda0x6wwwpz4kqctg5lyy,2,59.7422290000000000,2.1932320000000000,57.5489970000000000
pool19sk7acvpdxszed5hmckt0wmqxljalartue7d7d4a7qhwuw0n0ws,2,59.6036260000000000,0.000000000000000000000000,59.6036260000000000
pool1dx5t3yqhzh3v5ch7add7836tg0ey255tjz87spjvws4j2gjp9yg,9,59.4604000000000000,0.000000000000000000000000,55.8905040000000000
pool1l5jfc3zv4nue29uqh32fvz9khstd24azmxjltus3s90ckzw37p8,2,58.2731140000000000,2.9642810000000000,55.3088330000000000
pool1je5j68dcgm0hynv4fd2t2xsplmad40adneu68vp3h4nlcdaznwc,1,57.6029980000000000,57.6029980000000000,57.6029980000000000
pool1vddluuhcfrrflgmnczgzz472rc3g6h06hzz6hcv565nwcrelvma,1,57.4702770000000000,57.4702770000000000,57.4702770000000000
pool18lwlvq4j8yxgrsuvyqntmyq7wyeql5t9nhmtg0cx0uqa6n5hplm,1,57.4257930000000000,57.4257930000000000,57.4257930000000000
pool1fvuy9r4ndp432yuh059q4fekh42t4d42qjhgz5qxlr8jctrp5l2,3,56.7810850000000000,0.000000000000000000000000,55.7810850000000000
pool1m5chjwkxs3w5l43uf4y9ys2pprqxv86ffdm0fr4n38np2c7mhg6,4,55.6514860000000000,0.000000000000000000000000,46.8257430000000000
pool1ufh42ppqnet625mqql2fkc79p3emuqsnmf6s6ugxygqa75xgc8c,6,55.5195950000000000,0.000000000000000000000000,47.8257430000000000
pool1hut596zjmx2eunuwt8vjnh953ezgtvc3cwv3nat8cepsc2jeaxe,5,55.4567440000000000,0.000000000000000000000000,37.1165300000000000
pool1vru3p8sswq5xkr38ceavad67t6krh6m6q0q42p59e6htkld4yxs,2,53.7061940000000000,0.000000000000000000000000,53.7061940000000000
pool138e249zh9l93azsf2pf7wyhxyayzcxdhsrg3vqpfx665c8xa348,3,53.6947400000000000,0.000000000000000000000000,53.6947400000000000
pool16r36znhvh3h2lk55vu89hsx3ug94sx2etqv9s2006d8awufhaz7,1,52.0374040000000000,52.0374040000000000,52.0374040000000000
pool1fjdsl4zajjt5rv8panvnp89g6pnvt2t3e6za8hcf8yw2zncnl07,2,51.3393320000000000,0.000000000000000000000000,51.3393320000000000
pool12jzydsj2yjjn59zefvgz2q47rvfk950xckm5x4ejcdvucueg5c8,1,51.0067640000000000,51.0067640000000000,51.0067640000000000
pool163aacna7n8tgphz40prapjgkrkpvsfttaqt56yeg2psd2umnxqu,1,50.4257490000000000,50.4257490000000000,50.4257490000000000
pool1waplz6cz4t2uss0qcst8wkqj52rzhy9vfr5jr9se9pjx7ucjcfm,4,49.7827080000000000,0.000000000000000000000000,49.7827080000000000
pool1wc2kuqz7w36j4xc7x8aqekgjhmy4ggknddqqfuw4mr3pu9f8wxn,1,49.0554950000000000,49.0554950000000000,49.0554950000000000
pool14nxj3szga2tgllwenjgajfl3y4t570yghhyk36d2heuqvy63wl3,3,48.8061800000000000,0.000000000000000000000000,45.8161100000000000
pool1klq8yy3rr6k4ez7uwkzz5ku3yuym3eeg6g2ne3p9f4hnzfycfkl,3,47.8681720000000000,1.8165730000000000,43.5577200000000000
pool1aaa4rk9exk0scgjh7a247p4hdgkuq887kau8vnf9c6xqcjwca7e,1,47.8214750000000000,47.8214750000000000,47.8214750000000000
pool18xwr0zysfyyxsva6sta7alezd44nsa5nasewmjxweg9sgqntlxn,2,45.9533970000000000,19.4198900000000000,26.5335070000000000
pool1kxzfswkhgcmyahh6lfjpy5uxh75qzsnlyprh3450av9jghsda89,2,45.3542040000000000,12.6210380000000000,32.7331660000000000
pool1r650ja5y4jy7xd6srjz8ujkumy8xpk8kqgrxu92g3nwyk5jf4zq,6,45.3447210000000000,0.000000000000000000000000,24.1083160000000000
pool1yztpevpmfyyz2eu4dklmgfx8g0q0vme7ppdsnawcpnwxs3vfxy7,1,44.4540850000000000,44.4540850000000000,44.4540850000000000
pool1aga0u8m7rqpdvkqa7qfr8rhyweyqlg3jxt3skfq660vdczwzyca,4,44.3044810000000000,0.000000000000000000000000,36.6556220000000000
pool12tlu3dm864fzxgcjp9jrsykcmcvxskjtqwy07z982avqx3n9dp2,6,41.8257430000000000,0.000000000000000000000000,41.8257430000000000
pool1je8qh9d4nawl9zstsg3vyan3r64lyw9dzruw0ulxvpumxa66l6g,2,40.8059530000000000,8.3231390000000000,32.4828140000000000
pool1xlst0jw9safmz3c8m56zvl4m65y306dcp48hdks8ursmsz2awm2,5,40.6365320000000000,0.000000000000000000000000,13.4753600000000000
pool1ydgmfmxpuateqwz028lpgypsdchs5m0tzes732qdragdg4jp0uf,7,39.9830040000000000,0.000000000000000000000000,26.6316860000000000
pool13xlhhdl2phz8sup0hwcuhp6c4kscrtxs6d05n99hnmuakfkd6ws,3,39.6247030000000000,0.000000000000000000000000,22.0007610000000000
pool10emzedn7jczjrk7x7687mzwpqs2qfk8dnmyuf3ca7ju8cx79z57,2,39.4600400000000000,1.1627690000000000,38.2972710000000000
pool1y046n8u3uz552nmhz9wx7jv2gn9lytyvwlntetkyavvq52nzqzs,4,38.1987190000000000,0.000000000000000000000000,36.3133570000000000
pool14h7cjyklnrf2ylu6g2z89n5zckeyprw36lstw7lw5kvqwc4xw2d,5,37.9877540000000000,0.000000000000000000000000,35.3181360000000000
pool1qkwseukqpnezhh9gjcuhtse7wp7v8m8asgekl34lh3f5xnnl6z2,4,35.2457290000000000,0.000000000000000000000000,19.8097280000000000
pool1675wjgy0ggtt2l23eeaj5ey5l02qj2ra48stvc7fyussslr0kq7,2,35.2453760000000000,17.4339770000000000,17.8113990000000000
pool19tkfl9x2dkk07z43rvamftvnyu5vtcfatdpsag8phzqvgpdklqq,3,33.6920070000000000,0.000000000000000000000000,30.3380620000000000
pool1efj8td645z33mr8h0ww5y5s0lz6jwj7e54cj4mv44s2269r7d4f,8,32.6376190000000000,0.000000000000000000000000,24.6641160000000000
pool1njgax5g706nhknujnntnrx0gyu8zqvrhexwmmp7qrfhjvaumfq4,1,32.6182660000000000,32.6182660000000000,32.6182660000000000
pool1kcrpxr6rqyqu0zlpdflma4565qrxtz4u4whcqhsan6335g5uext,2,32.4791130000000000,1.8990620000000000,30.5800510000000000
pool1p2vgec7gamn3zq0pgevauvu5m7gzhzwal48sutz4hc5tk54vnxn,1,32.0369570000000000,32.0369570000000000,32.0369570000000000
pool140d97glhjr5nws8cdhn70h4nk35vmmmvqe3zwg43t4caxt0m7wn,1,30.3390490000000000,30.3390490000000000,30.3390490000000000
pool1hqlvn3qndgkne52uhe5347nlysmmec73ys9vduk96rs4jzjjyxm,5,29.9620410000000000,0.000000000000000000000000,12.2601160000000000
pool1x9kerklpmyrzx22z944l9n8x9gn8s597vqy4hsllujetue8e5g8,18,29.8878320000000000,0.000000000000000000000000,18.8257430000000000
pool1czlxfj2dyc2lt2gcrhhxyqhgzcpza845yjr6k262e2vqsysrylu,5,29.4453550000000000,0.000000000000000000000000,21.3526270000000000
pool1fmf707pca09wmv6dc7ap4kxf0j648374ruu6ahazhpywcngt780,5,27.8930840000000000,0.000000000000000000000000,26.8320040000000000
pool1z44fjvz77atzgwcwmwtls7skggnczlx8e30pugqn6ugajjrzgc3,1,27.6248220000000000,27.6248220000000000,27.6248220000000000
pool1rg4h4fc9j70w3jx86s3vc8vzd7hxwd4sz4j80d93hk7j7mm5dx2,1,27.6170780000000000,27.6170780000000000,27.6170780000000000
pool1h7nugww5y2q74435nadg6gggsj20nj5v3dq0w2gjwp3qvrpvgzh,1,27.5979820000000000,27.5979820000000000,27.5979820000000000
pool1j5kx7rp08axydqevxhmujs5vthfv5kjzq2h40edpychlxg5twqw,6,27.5955220000000000,0.000000000000000000000000,15.8246430000000000
pool1n7zhzk2zyvqywfj476s4xk9h0xzncsq37469d8cyg37lsngvvqp,2,27.3753510000000000,6.0565460000000000,21.3188050000000000
pool15xdvllxmlzhz0ct3u35wv3gmzxym06zwg3l6ltuqmcsmv9jq527,1,25.8252590000000000,25.8252590000000000,25.8252590000000000
pool1nnfwte5lhr8rxjye4a8m8krt5fsu6fs2g39g6ccq09nqqf8sekw,6,25.3000000000000000,0.000000000000000000000000,15.3000000000000000
pool1h4n266z2xz0v754qf8uu09cda7q68gpymt5dlf4zxcvlg3hq3r7,1,25.0984870000000000,25.0984870000000000,25.0984870000000000
pool1f2pqecfn9x8kzgjeecyjk7cnqj0nyu84uaj2ptr0xdjr5w9qepc,3,24.9238700000000000,0.000000000000000000000000,24.9238700000000000
pool12qj3qpa2ca3jq8nj6p5psjrx7xu7dvjm25xra5s0sxxps4qx7c8,1,24.5170290000000000,24.5170290000000000,24.5170290000000000
pool12rt30v5khmh2y9nap3ffe6envd89lq9qf8f4usr0enwwzzwktsu,7,23.8085760000000000,0.000000000000000000000000,17.6551380000000000
pool1rkknx2m6h3dw6y6t8ux6fx65mxamgk207mdwtcc3yvas2yyrvxp,2,23.6139330000000000,1.6714420000000000,21.9424910000000000
pool1pvg7uqf9a0ms24xcdfq8f48p72csfslgz3gzwlmfee5szuda0du,1,23.4333610000000000,23.4333610000000000,23.4333610000000000
pool1j55hm5wkgcegrpn25nnfl0rgjdje26fhw9uxmgxf8dez2uups3y,6,22.9318480000000000,0.000000000000000000000000,15.3508730000000000
pool196fz9gd7n0jnn2rwpcqqdyf9j5q3na6qwhhy0k6j9ysx5f3u7r4,2,22.4246050000000000,0.000000000000000000000000,22.4246050000000000
pool1v46s6ak79m3mlv65pjh7ypvsp7n6cc62a723dpwmhtn8uy4pld5,2,22.4206010000000000,0.000000000000000000000000,22.4206010000000000
pool1g59d82m8c84f2ds6l50mng863h9cxfm88khxyhna2l9rzgv6030,3,21.8674800000000000,0.000000000000000000000000,16.8207710000000000
pool18sqt4qwprlt6ytg8pu2qpz262j9vhlzmtwn2fwvhpcnzc0u5ynw,5,20.6036910000000000,0.000000000000000000000000,20.6036910000000000
pool1aqslsnawz622pd8367tgsu2atfm3lgk9xcdw5rh3c6rgzca33yq,2,20.0159000000000000,9.8230590000000000,10.1928410000000000
pool1q6ydlweuzytf4wxdnr9h7qxalu7v3kg4c2t6m7uysn0r67jqx62,9,19.7364600000000000,0.000000000000000000000000,17.2549800000000000
pool1l5ktcfhhsx66ms6ugguusytr0nnsy49t2684avev6dak55jc00t,6,19.5595690000000000,0.000000000000000000000000,13.4048230000000000
pool1l54esv8h5xjry9ms3jq4mnf49vwt3yuxl5fdudp7jpdx2swuaah,1,19.4531760000000000,19.4531760000000000,19.4531760000000000
pool1qh4jvncd9chmm5ru3sk3cqxuat83vj8v7rgl4x5lqfepcywvc9g,6,19.4240990000000000,0.000000000000000000000000,12.3000000000000000
pool14hpc9wgnwy0w3jrlcqwftyufm8xs5qena4sax5hx7e5q703uuml,1,18.8161760000000000,18.8161760000000000,18.8161760000000000
pool1h08araxldht60j00vp8lzllmwyevjwqd5zwyprc62536gk4s5ge,6,18.7370330000000000,0.000000000000000000000000,9.8257430000000000
pool1620fkxluaftsvz5lge29tjur3flwa8wydpzqy0zd4cllxx2w3ma,1,18.6212140000000000,18.6212140000000000,18.6212140000000000
pool1cljrz5vyw7jp2mp23nt9ywn2wdg5ulamhalw6d3mng326laxs77,3,18.5994710000000000,1.5153300000000000,14.5530340000000000
pool1fwg2x8pwwxverf0wqtk3pnqtywlah9em3ywyvhskafvm5z3e7kr,1,18.2696640000000000,18.2696640000000000,18.2696640000000000
pool16g4atk6yaj7hxexrlhyf96gtxts3kjs5wszvxmq0paw3xdre68q,6,18.1148110000000000,0.000000000000000000000000,16.8257430000000000
pool1tgt94w0gmhmg5yw2v366fsl39yh90ktxr8uk2xsx3alsyh0tywg,3,17.9880770000000000,0.000000000000000000000000,11.7368490000000000
pool1gprrm7gehg9wlupqsvyf59l52q8wgr3y46p656r66t7zy7j2z66,2,17.4272260000000000,6.7375910000000000,10.6896350000000000
pool1ryyfhgm4rqa9pnykxuhxcmy6rdn0uyltufm9t86c6uskwv3aame,1,17.4252650000000000,17.4252650000000000,17.4252650000000000
pool18pwq8mctjyctx00rl36e7r7m046mg34365amyaluw0n5cd7rv7w,1,17.2364440000000000,17.2364440000000000,17.2364440000000000
pool1spqkpaezku3knl9ug7txrlyzr8kkvdr0h75yyz262cx6gls6zlm,1,17.1158230000000000,17.1158230000000000,17.1158230000000000
pool1dv4yvcrl2kefasd4qxf8pzu695npqqfdzvlyauh2xqfhgf6ng8d,3,16.6141560000000000,0.000000000000000000000000,16.6141560000000000
pool1evun4ps8xa0dfpj2r0cw9p94t2pctcvusccsm458enajuw2mftw,4,16.5152040000000000,0.000000000000000000000000,16.5152040000000000
pool146u0r8qh0jg6rd3th76q6cepwm03nya4pkvfj08juqrz7wxnfv9,2,15.4358060000000000,7.6223580000000000,7.8134480000000000
pool1ga0h4pv0psju8z3j7l852elq92c7xshuspt27jklnx665r4l2q8,1,14.7765770000000000,14.7765770000000000,14.7765770000000000
pool100wj94uzf54vup2hdzk0afng4dhjaqggt7j434mtgm8v2gfvfgp,2,14.1053960000000000,0.000000000000000000000000,14.1053960000000000
pool1hxlu84r3xhce4gcc4rdqzlwdprqjptd2jqky572g35jfsjrnzww,2,13.2769680000000000,2.6227100000000000,10.6542580000000000
pool1zsfyca7vnftr3ywzhwq07whjev9nau2j65mq6kehnpvvccstlzz,5,12.8513690000000000,0.000000000000000000000000,9.0075040000000000
pool1mugxe86p0p6fzeesthdzkuk3h9xtndf4my9cznmxtmpvujzlw4f,6,12.6912330000000000,0.000000000000000000000000,12.6912330000000000
pool17d6xuyhwkvp5g44q5jwukrfldhvcz3equ2tk34yuyrd0jlh4jjy,3,12.6117530000000000,0.000000000000000000000000,9.1339810000000000
pool157sjc5een0ptynrn6ettx6zr2gl8wm8ymjtwuyravqmmcs45d20,1,12.4406210000000000,12.4406210000000000,12.4406210000000000
pool1s54847dyrcpgxjvsjvhjjqjrkz3x6vevy77xaqje5nugxhp6j2g,3,12.1457840000000000,0.000000000000000000000000,10.3957510000000000
pool1xm4nalvh3yd7pzczlr84w4jlzymwqrnshlpv80u8s6zex997kc6,7,11.7000000000000000,0.000000000000000000000000,11.7000000000000000
pool1p98qztq2t77u89vvsratsmsx8hu965w4n7xneg5qu7gtgcdude0,2,11.6331600000000000,1.6331600000000000,10.0000000000000000
pool1d66wvltjn768rm2ywdzpetzx034z7vanrlz8mrpn9us8zjcyjaf,3,11.3460260000000000,0.000000000000000000000000,11.3460260000000000
pool1gcqq0gt4hmgvq942x0s57lf3f4mhtexuuzgjrsmtj0kmsmqz32z,2,11.0000000000000000,0.000000000000000000000000,11.0000000000000000
pool16kja6em4zlu8cmlr5la32yrsx5jqpejdqktadw9nv3cwx2s6ccf,2,10.9849540000000000,0.000000000000000000000000,10.9849540000000000
pool18fw3qgzt4u094hn8kf82n6jye5y96csamj0f20dja8tnq4ad0hy,1,10.8434730000000000,10.8434730000000000,10.8434730000000000
pool1t2mxyjvqsay4yl6vm5gqep5f76nm9wen3452zxa0nu2xugmsm6k,2,10.2772760000000000,2.6230180000000000,7.6542580000000000
pool1lq60ecvs6ake3ntq45sv38v0xq3traf3tvc60vx7263n5c37df7,2,10.2771880000000000,2.6229300000000000,7.6542580000000000
pool1gseulah8qjuemuuh6wf2a2t2k2na7k8xrewdslcljprmcr2fqeq,2,10.2771880000000000,2.6229300000000000,7.6542580000000000
pool15t0vyldspax6eu8mq7f50s4rjk2qn2g7kudl98tjuqzt2a2zpmx,2,10.2769680000000000,2.6227100000000000,7.6542580000000000
pool1pd7x30trlcd86h9x8ya5ch3j4729wudgdh4qrmr6fulh5zm24w9,2,10.2769680000000000,2.6227100000000000,7.6542580000000000
pool1qle9cf4ycvz2ervhjsedsq8kkxdey4a9jxyuhhmj8wanx2xjqgn,2,10.2768800000000000,2.6226220000000000,7.6542580000000000
pool159lt33zgmwm4ehyhr39lw5gv4flncg0lswxrrny8fnc4uun4h74,3,10.1819170000000000,0.000000000000000000000000,6.2892150000000000
pool1tngckke7m227384rvehwdm9t47zmhuy6w6t9cgnetc3ujlsnwj6,2,10.0000000000000000,0.000000000000000000000000,10.0000000000000000
pool1rhew9hdp6wpudh22k7gyjtv98r872hca064n8ug8lk3j65ae59a,1,9.9758340000000000,9.9758340000000000,9.9758340000000000
pool1kllc67fn00yqpffw8e9dqnlcaa733h9u5nwx97vhtjlw2t5e56j,2,9.8920220000000000,0.000000000000000000000000,9.8920220000000000
pool13l9qxpuzd70h7hkjr4ec3pf50w4x6tst5pxc7w33l5lyj4lpmtv,1,9.8296590000000000,9.8296590000000000,9.8296590000000000
pool1yfxhjwwlzr5da82h77jy83nkuryh970ey6zypd89fy6qyuxfppe,2,9.8258750000000000,0.000000000000000000000000,9.8258750000000000
pool18hk4akqtnktgsptxll625lksugwpc4r30nzjgz4pxtufqgw5gdd,1,9.8230590000000000,9.8230590000000000,9.8230590000000000
pool120s8wucgh9dnshf3xkvffq30lcf4kta9uzf35s44eulezc8puwj,1,9.8022910000000000,9.8022910000000000,9.8022910000000000
pool13w9mcp8af4ef8vwsw624ams38w7hs0chvtjknz2t3pcxkm8w9m2,2,9.6300580000000000,0.000000000000000000000000,9.6300580000000000
pool1rk2mshek3ln2uahk9xg2r2yf6z5u00h37g4jc2mkyt6yk0r2xw3,1,9.4903910000000000,9.4903910000000000,9.4903910000000000
pool163q9zuwpt9wr8rruuhw2mz6w6em25mhtrv58f8nz9aywj7vzer7,1,9.4861320000000000,9.4861320000000000,9.4861320000000000
pool1f5ml07llzd2ndk5mrdl0gvtkkaq72v2hxusla795ksnms4tae66,3,9.4718950000000000,2.8212990000000000,3.8253370000000000
pool1ff9rrcn2qdvv754al6d8qx8f3mecyeez3hp2nunm9uj2k7tj4pf,3,8.7550360000000000,0.000000000000000000000000,8.7550360000000000
pool1suy76cpk5lkpsmaqpecygl5j9na5du0xe2lrxd733dlwcus9j2n,1,8.6187500000000000,8.6187500000000000,8.6187500000000000
pool18lc8uxyrnuurer7hr77xqh83cp667jazlghe2qetvzfqvxjtdqc,2,8.6022390000000000,1.9550650000000000,6.6471740000000000
pool17agmzy52u2hh2f8zkuvzrvth94wdr3erlpng50thrlmryqvkz57,2,8.5859870000000000,1.00000000000000000000,7.5859870000000000
pool13ehs4gzc9t6tjr5rpynqtyp8act4jfqth54huymasuslj05fu8z,3,8.3178750000000000,0.000000000000000000000000,8.3178750000000000
pool1vsdsgufhfellves050nf8mh5jzrvwwcq7qlxwkneyp8hv3z4w9w,3,8.2499170000000000,0.000000000000000000000000,8.2499170000000000
pool1mxv85lq4lvuqx8r83lmwlvqhtnu3qjy0lldhsv83rfnj5ed7vyg,1,8.2475610000000000,8.2475610000000000,8.2475610000000000
pool1jrst9acplgqk95469zu68xv5xj802lqxe682jjsd39z26ddj8ur,2,7.9525680000000000,3.9575730000000000,3.9949950000000000
pool1x9tc05u8dqefrdyw9pgxn72szr7p2peyd7xgqs3l28s76f59c0y,1,7.9006020000000000,7.9006020000000000,7.9006020000000000
pool1vrpme37hyyysgl4n8uk87p0njvfejc8kswzn5yxmgf4dyxx8haj,1,7.6245140000000000,7.6245140000000000,7.6245140000000000
pool1xcesfga2h2fh7s4es4v2nsu4npc3ayg5x93m4mvt7whn2pfswma,1,7.6216540000000000,7.6216540000000000,7.6216540000000000
pool1axgtae69sdv7tnqru3enjdln0hff9k7n8awlh9xxzq92cdgmq53,1,7.6200000000000000,7.6200000000000000,7.6200000000000000
pool1wsug8q6kjtje0hzwp68lchwll0046t6huua3f7p35fttx7fcwm8,2,7.5970520000000000,0.000000000000000000000000,7.5970520000000000
pool17xtz3a8ppy9prj4e2e5t5ggk6p68ls305x5pyyxdxc2lut0ltm2,3,7.5053460000000000,0.000000000000000000000000,7.4262330000000000
pool18ml3ex5ra5wkv00vxx0mw876s2xe0058z37mpzv263872nasmv0,1,7.4756890000000000,7.4756890000000000,7.4756890000000000
pool1euzg0c7npjm9dld4f7n5kj7as6n5d8ts8q6qt4rer50p5p9nr6g,2,7.4147490000000000,0.000000000000000000000000,7.4147490000000000
pool1c8glhjlfs7lqww0zg7ghajtyf527zrahyksyawnz7l58kx0utf7,3,7.1104160000000000,1.4674660000000000,2.8214750000000000
pool1k0h45kcsfynjfyplgn6qpaw40n3cvlcrdryez04x40ayq6w9dgh,1,7.0540910000000000,7.0540910000000000,7.0540910000000000
pool1qprj52nh0j32p5vq290rludcfz58kujyszt5ztfvj2ymx43649f,7,7.0331440000000000,0.000000000000000000000000,2.7681720000000000
pool1wpp9pslecqwv4wjr4gfhcsv9hmagz882q6fl6umwup8guxy5whm,3,6.6388140000000000,0.000000000000000000000000,6.6388140000000000
pool17m2zg7dcg54a8gz2jgkwz2s3fzzth2gyf466k7sy4dl7wchp3lv,2,6.5022550000000000,0.000000000000000000000000,6.5022550000000000
pool16dk66d47thmteth783kt2cw9uh0zc4xsdvlqrwadz7vnyaev8cv,2,6.4531170000000000,0.000000000000000000000000,6.4531170000000000
pool1aksxtgqz36vtvnf3rrgrzz9qxrvjv4p2ukqcdyv5q66s5eqhql9,5,6.4445520000000000,0.000000000000000000000000,6.4445520000000000
pool1ajpxqyq3p3aczgaxuc66lwtgzhrapzu6duk90dz0wz5twh9jzyw,1,6.1359540000000000,6.1359540000000000,6.1359540000000000
pool1jz4vmzq5zkedem6wep8c99fxatxgvymlvdzs9qxxn7xsuv4m8um,1,6.0012450000000000,6.0012450000000000,6.0012450000000000
pool1lssudmnyy4vlzrvpmw4539xwklnx0lm2murc9t7n25u9sg2ce3n,2,6.0000000000000000,0.000000000000000000000000,6.0000000000000000
pool17m39tt99rq96gv9s4cp7u93auavams3khrdtzfapngxgjs3tj7s,3,5.8853060000000000,0.000000000000000000000000,5.8853060000000000
pool196tul7axlt0qzqvs7rx4glfdkpsjlsh68tdkl7y87q3uztcvd5k,1,5.8793940000000000,5.8793940000000000,5.8793940000000000
pool1uu5ve3qdv7zxpmger77u0kw7pm8l4apmgr5xy6wspceayl05vsd,1,5.6242500000000000,5.6242500000000000,5.6242500000000000
pool1tuux2sctklrlzsh34w4gquz2wtundky30fvrn0qky5p7qr5n00d,1,5.3986850000000000,5.3986850000000000,5.3986850000000000
pool16a23pum2srw5xmkknvw8dtc8ynqedx3wecmhacez4chrv9huvyg,6,5.2671170000000000,0.000000000000000000000000,2.3799010000000000
pool1zmj5rkpvhdknscjrgul4cxw4xhaqfhfcjqv9kffmhd0zvdx6rvd,2,5.2237720000000000,0.000000000000000000000000,5.2237720000000000
pool1tr33ynaapce33pjc5ctvj7fju596gppsmqwna4smx0f2khnetjf,4,5.1106900000000000,0.000000000000000000000000,5.1106900000000000
pool1umukx8qjyjuatw0zznvhc7ma06wl6pdc2ly50d7uv3svkkefjml,2,5.0510190000000000,0.000000000000000000000000,5.0510190000000000
pool1h5a30zxga37fphw3tjkp8anu3xm69a28kytceppz2prysfzfcjv,2,5.0467090000000000,0.000000000000000000000000,5.0467090000000000
pool1m4awll97kncxpantx2cvswt3yfh0sqkhzzg7m2rstyy36udnt29,2,5.0467090000000000,0.000000000000000000000000,5.0467090000000000
pool17uux76nu89sauwvzuy99lnk50war63uye826sqc20a4ysekegd6,2,5.0467090000000000,0.000000000000000000000000,5.0467090000000000
pool1fc3m8hdjj76n6llxextpc60tt63w5ygwgvf2ekzr3k222kxxdkg,1,5.0000000000000000,5.0000000000000000,5.0000000000000000
pool1ew5543rzgp7vs5qvmc0c42zucz9v6d3vct2zsa74erjfjen2p2d,2,4.9101200000000000,0.29211800000000000000,4.6180020000000000
pool1j4vmgapf520ul8tvwz95xsmne4alpymxpmcnf0zu5v4vz2pej34,2,4.8405980000000000,0.000000000000000000000000,4.8405980000000000
pool1gglca5t7h2tky6jrhp08sxsf3mecvh0xk6sc4v3mcpfzc8jwu2w,5,4.6640040000000000,0.000000000000000000000000,4.6640040000000000
pool1llwfa6erdh7k87j06y2z9999jcc84cnezwhg9e2sulrgwzrsug4,1,4.6138660000000000,4.6138660000000000,4.6138660000000000
pool1yw8qh0jnnl6eumgzt77fulfhgmyzda39zcndgvyc27ffu6jeh5w,1,4.6136460000000000,4.6136460000000000,4.6136460000000000
pool1qw5jc5u4k6ck47kdwtwh8msv6t82x5c6qx38hjaycnha6skrek7,4,4.5936620000000000,0.000000000000000000000000,4.5936620000000000
pool1j8r3q09v0tx48f78u4kxldmakryd384uk6cg9rrlzjhtu93027r,4,4.5812610000000000,0.000000000000000000000000,2.5767780000000000
pool1suuvhhetdpjmenal5j2uyjld26jke57xw2yz7gc4j2s3yhgd7us,4,4.4276410000000000,0.000000000000000000000000,4.4276410000000000
pool1m4r66650ugw2xshz3gtred6wdxcn65v48r0r6p4vy64dy276q8h,4,4.1051890000000000,0.07124900000000000000,2.4114330000000000
pool15zuu7g6030wsfafu6a80pf6z2w6ceu4aumu2d6neykgtcx650u2,2,4.0485910000000000,0.000000000000000000000000,4.0485910000000000
pool17dx6ld5544pngfc4w6ere708zmjga7wmykeelqhqt4tpkjcpup2,1,4.0000000000000000,4.0000000000000000,4.0000000000000000
pool1alukhlxd53jat03vgt5h4dxxqyaapzefhk9yrl40e4r3x5cr5au,5,3.9914960000000000,0.000000000000000000000000,2.8824800000000000
pool1h5uycju7n5puxn2ckfkpza550rf6jk4twr6ef0hsmxft78ajt6q,1,3.9814800000000000,3.9814800000000000,3.9814800000000000
pool1rq4vahleea4yc38cr58klupl6g0w7ca07lc6kyvtcznp6649j5p,2,3.6789350000000000,0.01083000000000000000,3.6681050000000000
pool1w9cz3yyz8glemkwpn8hue6s89jrlhkap3nupzac7kdx77gj9am8,1,3.6253500000000000,3.6253500000000000,3.6253500000000000
pool1a9j9dtdppvfq94w84ns59fnrptz3cj2mkwpmku57e2yf5k6a4ae,2,3.6224020000000000,0.000000000000000000000000,3.6224020000000000
pool1w92z3lxwrycf3kmf075dja2fwem0luyjc4ysv2afh6sg554qjwn,1,3.4558600000000000,3.4558600000000000,3.4558600000000000
pool16nvyyawrxy0rsx99g332y3yasnnz42arrqhrsxq8pv7nwsya9nu,4,3.4019760000000000,0.000000000000000000000000,1.3966930000000000
pool1qfdzhvd4kttdew9klp89jtuts46dnecxdj36lwax9j2eyag0v6t,2,3.2447200000000000,0.86005100000000000000,2.3846690000000000
pool17037mqf5k46e6jpaue46lfy55v827re9cgm3qp8vsp33q8zufvy,3,3.0808750000000000,0.000000000000000000000000,3.0808750000000000
pool1q86d5lfjtyrq8yzkyc55dy5p4yw0qvgkp5nqgr9ld5fv6ustg8h,1,3.0705910000000000,3.0705910000000000,3.0705910000000000
pool1vhusc9c38uqkuspnecq6clcqadx86g8wpxfaadyxfwdrukh0kg0,1,2.9531990000000000,2.9531990000000000,2.9531990000000000
pool12jqfrwhuv2jn0uymwmud2d63gp5drj08fjfart9dxgpu2tmj8a0,1,2.9259230000000000,2.9259230000000000,2.9259230000000000
pool1646vlaras0deljthqtfl9dpdw2xsna799l0kayyu9v44cql4ky0,1,2.9259230000000000,2.9259230000000000,2.9259230000000000
pool10w8gmhnprfmhdlp6npjt8d3ts64ng4qxsu0mr33dhpxpzwn4rgt,1,2.9152100000000000,2.9152100000000000,2.9152100000000000
pool1enve22w67h6nm4y80cl0svc4edlm26h7ce226u5xlxq7ucawt07,2,2.8620700000000000,0.000000000000000000000000,2.8620700000000000
pool1cuufgqx2wymaavuuuuewrcywksqql299ugjxcw5hf8gux3ed3lc,1,2.8234110000000000,2.8234110000000000,2.8234110000000000
pool1w7y659w3ya4x4rd9ljp6rmcx70yj2t0s0nk97d6zgmymq0a2k7w,1,2.7420480000000000,2.7420480000000000,2.7420480000000000
pool1p7x98437an7p6c7jf9zdkd0ekmw077q4a3c3r3lazxr0ccgf5vp,3,2.7358580000000000,0.000000000000000000000000,2.4987420000000000
pool1r48usrtdxqzt6dmd02xgjss8xgqc9pc92cpkm4pykywnv7n33g6,1,2.7290040000000000,2.7290040000000000,2.7290040000000000
pool1gaq7x3ejv47cykw2wrcyt99f3gcy3ayyuxsf6gqvd8j2jf90w4h,2,2.6468220000000000,0.000000000000000000000000,2.6468220000000000
pool1pvxsyzqze90jyyqqewg5spkh6tst0cwyvtvh6qfsn6xx75p2vk9,1,2.6392980000000000,2.6392980000000000,2.6392980000000000
pool1ygrwdlhn46gehyay2duxp8ynh57drxg0lgf9huymxlpvukdv0k6,2,2.6256140000000000,0.000000000000000000000000,2.6256140000000000
pool1z59y9zk6kvyzl9fv7evxpnry8sk6ymxuee0lc6kw2rkvzh6f077,1,2.6232820000000000,2.6232820000000000,2.6232820000000000
pool1l5tmww2aqkhl3lfcrced6xpsd30pzx65p6v4e48v29g4jtlvf3d,2,2.6214340000000000,0.000000000000000000000000,2.6214340000000000
pool1ktg9hvae8kluwnr29khma3mxd7ffjj9k5l0yjdqlmazjclv4j3d,1,2.6183540000000000,2.6183540000000000,2.6183540000000000
pool1u6rml05w6hpl3t3ft8zwng6quksexa97wsxgdpg5kj4f78hhv7h,2,2.5627610000000000,0.000000000000000000000000,2.5627610000000000
pool14ga04y2dec7vmahzstd2c5mjsw7vq0v62mwclqynvy2wsc5g40p,2,2.5000000000000000,0.000000000000000000000000,2.5000000000000000
pool1dmuaa0wmqrwwx467p48fu83y5w7wdkxf8xlgymmfc73kjy3vxg7,3,2.4866790000000000,0.000000000000000000000000,1.4262080000000000
pool1xcy8wtzrmzdhr2sqjjm8qe0hrxr4dc23zsv9mdfegahv5t0jud9,1,2.4506530000000000,2.4506530000000000,2.4506530000000000
pool1stjukmjtgs7rdvy8ucsc543f9y2ct56ss08zed392php7k0teaq,1,2.4437890000000000,2.4437890000000000,2.4437890000000000
pool1vuhc5fl733g3twn856xsfjqusczvk68r6pvs6lqgtadzsf6fue2,1,2.3863190000000000,2.3863190000000000,2.3863190000000000
pool1qsql4xy359qgypnnh3hu3hm7ax4rs37gkas9tnhun03ygglxtth,1,2.2672440000000000,2.2672440000000000,2.2672440000000000
pool1xt0gxs63r5vgjsrzhm7jfuhuqzga9pf8kqvp38qmdzn3wjxudvr,1,2.2289640000000000,2.2289640000000000,2.2289640000000000
pool1pnvthl5hwnsuulx6fch0885aae0l9fkht35rla46dw9r54d5whr,1,2.0621840000000000,2.0621840000000000,2.0621840000000000
pool1pm635fj8skdkh0lvhtcygateyt4nt4gj5rap28zqpe7rv0wgdhf,2,2.0506210000000000,0.000000000000000000000000,2.0506210000000000
pool18n7kk90klq4uf45j6pguqskyrxe9eprgfgrjhr7cpvdxzus3zn8,1,2.0298030000000000,2.0298030000000000,2.0298030000000000
pool1a0wm2emve4y6e3tn8lnhk9vfhk9u7wgjqmrs5zfsn792gjtquu3,2,2.0159990000000000,0.000000000000000000000000,2.0159990000000000
pool1xpptvfwpqau6qg7j8e4qatkzeartxm7ezux95evgv4zm6xxd3px,4,2.0072280000000000,0.000000000000000000000000,2.0072280000000000
pool14t5mu3sc07e92k6etpq2xftwjy2z3y8gxq0wny2crdckq2rpt0r,2,2.0012000000000000,0.47796600000000000000,1.5232340000000000
pool1jcpwtg5ce6xr42v37nk3xahmduwrs87mvd6pkm92v7tj2ux8v5j,2,1.9571140000000000,0.000000000000000000000000,1.9571140000000000
pool1mn0ydnu5tt4w80y3dxdsajddhdz03p6mudk8vlh55r5exqywxhh,5,1.8654900000000000,0.000000000000000000000000,1.8654900000000000
pool1teg62xfrjvgahfukqhgd0q4wrkn7k0ee03tnju3klt63ws48w50,1,1.8542700000000000,1.8542700000000000,1.8542700000000000
pool1d4tuk5ln88x5s9xcck4lfz8u4svdvxzsh2ue9rnmqrxm6a486uv,2,1.8014940000000000,0.000000000000000000000000,1.8014940000000000
pool1vr8tegnnjtvfe7me66qrchaq6ucmmxve6anuuypwn6s3zs6342s,2,1.8005690000000000,0.000000000000000000000000,1.8005690000000000
pool1kcwfpv65agclgu9p6eetn6x4q0zexzgr5v2cl9255qlwjjqr56v,1,1.7738600000000000,1.7738600000000000,1.7738600000000000
pool1la6wjq8uaqctd05zw58dczxp6csf2z66wf726kdfyr9l7hnr6jp,1,1.7639380000000000,1.7639380000000000,1.7639380000000000
pool1r6lp6uumua0kvs069y0k5kh3t7acvv4pz9pfw3zs6rmmcs52z4z,5,1.6881970000000000,0.000000000000000000000000,1.6881970000000000
pool1r96tdg42e7qpxxef2fhzlusl4wtqjk24kznsj4ttar0f6adw0jq,1,1.6657570000000000,1.6657570000000000,1.6657570000000000
pool1ha70qvqwnmnwpa7e575y9tgyx47aw29rvkz73mnf42z5wet5dr3,1,1.4814800000000000,1.4814800000000000,1.4814800000000000
pool12ql6www8aa8usn98azlkz76d2htxtm9swalvyac27rlq6mdkxc7,1,1.4814800000000000,1.4814800000000000,1.4814800000000000
pool18au4xxwcu552tjyxgyfssc95lwcf08g49z0ln5f7l060qh8r3wv,1,1.4308970000000000,1.4308970000000000,1.4308970000000000
pool1wkk7mlwet6pgqk9gd706trlw25vnu9a7ygvrugap0swjcfty7vd,1,1.3228580000000000,1.3228580000000000,1.3228580000000000
pool1js3l2kgut64prz0q0a8px7qtyduclfm3h2kuvrl5gfzmy0waxyt,4,1.2930330000000000,0.000000000000000000000000,1.2930330000000000
pool1k2rhjxppp87k488zfeu9t24hl4jgjrjcqxwfg4q7jcu6wvkfwpn,1,1.2899690000000000,1.2899690000000000,1.2899690000000000
pool166fpvc9lelw8pdvc4n3xeqns5ktkkmzu4plaen999fwy2xytgce,1,1.2584440000000000,1.2584440000000000,1.2584440000000000
pool139l6650n4u0gg9fmnd3aczp62q5xwngp299pwwhe2mj7sm5vqs6,3,1.2312080000000000,0.000000000000000000000000,1.2312080000000000
pool1ek2m5zuydqcgqv3s5mlh55tr8gp76yuxe4hj4s7xtxajyc94rx3,9,1.2219410000000000,0.000000000000000000000000,1.2219410000000000
pool1apts5675m9f6tkp4ed2jeu35azt7a0hxd3dypzjvwr2hxu6lg9a,1,1.2000000000000000,1.2000000000000000,1.2000000000000000
pool1m2tgjxn880a3v6w4v3uf3kz9kduhvtr97slmpwnppd6r63230sm,1,1.0446310000000000,1.0446310000000000,1.0446310000000000
pool1hjz482dskv7vvc3wpmgwy2avx784c26xq8v5pc8dm0ne6shyfzr,1,1.00631800000000000000,1.00631800000000000000,1.00631800000000000000
pool1vw0rqsvfx0ngct7gfmlz5j2e4gap6sd9pwrmemhd488eyxvm88r,2,1.00010000000000000000,0.000000000000000000000000,1.00010000000000000000
pool14mumny7t9l4ydjkqkllylxzzvwf0s5te9vujqet82eszj3d6ccm,1,1.00010000000000000000,1.00010000000000000000,1.00010000000000000000
pool1yqd4ln05uj7qd0fs657yufwa29an8lu49farezn0x6a9xph9h49,1,1.00000000000000000000,1.00000000000000000000,1.00000000000000000000
pool13682rvnneuwl5j7tfh0zfp2t808zujjdrw499qkahuxd6zqxz00,1,1.00000000000000000000,1.00000000000000000000,1.00000000000000000000
pool1k8l84smxjczp2mpqmn7qsd23j7h4vd7rwagdscsrjecvgplkmw8,1,1.00000000000000000000,1.00000000000000000000,1.00000000000000000000
pool10v6uh7yan2dg8utwpgurj6th3u3s3q3m2lcg8z9mxtncvx72dhc,1,1.00000000000000000000,1.00000000000000000000,1.00000000000000000000
pool1vl46tq6mxq3f5c4m2e2x3jlruutweahnv5adkjy2sskyc3lc4ge,1,1.00000000000000000000,1.00000000000000000000,1.00000000000000000000
pool1570hpvwg22nm8uat505mj5hm6p6z26528nuwvrr7r5nh6yavdqt,1,1.00000000000000000000,1.00000000000000000000,1.00000000000000000000
pool1ura3w5x8uy7mgzu0pd4kskap4hynt9zymt30h5macll4kuxpqnv,2,1.00000000000000000000,0.000000000000000000000000,1.00000000000000000000
pool1xxjcu9djguspkrctjgszvzcagy7pzy8vxqfaqtl5xy9824fz2qg,2,0.99400800000000000000,0.000000000000000000000000,0.99400800000000000000
pool190vx20f4ptv93u8em69pl74y6kux0mgl6kpzwmq6xvx8qvza429,7,0.68645000000000000000,0.000000000000000000000000,0.34562900000000000000
pool1jp3wtdhgpeu6qf53upw5rupaqwtl7pzvcuuyyn0f8u3xgx5755y,2,0.06586800000000000000,0.000000000000000000000000,0.06586800000000000000
pool15l8p8v8yzdjvl3vml6qafx0wgy4k6t938jl0qy24wslgw7xlhc2,4,0.04706900000000000000,0.000000000000000000000000,0.04706900000000000000
pool1yydna77k2j8yq4fw08d202z664g3fvavfvqjg5g4lxmwzsa9k9u,3,0.01312700000000000000,0.000000000000000000000000,0.01312700000000000000
pool18tdd78q5vgr9qy2lun7m8srmnuc3h2mg6vqe66gezjh4glujje3,1,0.000000000000000000000000,0.000000000000000000000000,0.000000000000000000000000
pool18s9snlm9kwex29wtgjjpkmwcn8j3fk3r22dpsehtjyqs754l70q,1,0.000000000000000000000000,0.000000000000000000000000,0.000000000000000000000000
pool1ph3u549evvr8626xav25vk3sgcwa9llhvcp65q0m0gvz6q2klz3,1,0.000000000000000000000000,0.000000000000000000000000,0.000000000000000000000000
pool1y90zp3ysrwzttwqhm2gjc7gp4d7tg2n6zsw3sp3lyk7vjxc56d6,2,0.000000000000000000000000,0.000000000000000000000000,0.000000000000000000000000
pool148ajvsw7z9mhgw43tqvgmfrv22azvm638knkqghqv497xvdl2tk,1,0.000000000000000000000000,0.000000000000000000000000,0.000000000000000000000000
pool1y9xftc4cq0svcv0gjdtusnvllrg5v5rn0d24g8r4m7tnsem6ve8,1,0.000000000000000000000000,0.000000000000000000000000,0.000000000000000000000000
pool1pmknsy9yqh06fpmduf8vzcvkzpllygjj8uzkjccgvewtq9uc53k,1,0.000000000000000000000000,0.000000000000000000000000,0.000000000000000000000000
pool1uyqvgumuy8azzs4mal9hp89lkpqjgvy32s9ahq4aqwprs9357ud,1,0.000000000000000000000000,0.000000000000000000000000,0.000000000000000000000000
pool1pnpdsl0cungyn362fgp0lk8wt34xh68fywljnvtq9dtkk2sd8qv,1,0.000000000000000000000000,0.000000000000000000000000,0.000000000000000000000000
pool12cc8t9yr58xureweksj73v87xkm6svcs8j3xnt93zd5zw5q6ugr,2,0.000000000000000000000000,0.000000000000000000000000,0.000000000000000000000000
pool19upjnw6s32kyfrv863nxu08yw6fyvjz7j3p4c3zl95arytp068x,1,0.000000000000000000000000,0.000000000000000000000000,0.000000000000000000000000
pool19xtc9sy9g7zcrrazrkg4s6ayjkkh9aynvfa6gqnawtdauulqxck,1,0.000000000000000000000000,0.000000000000000000000000,0.000000000000000000000000
pool19yzav2l45q4gcwa53mh9ga6pf5c45t75qtqu6usfzup27qk27j0,1,0.000000000000000000000000,0.000000000000000000000000,0.000000000000000000000000
pool1j2lzgkv7lpjd727tq5efty2aqemphw32vx02ldu3jnuxuyvwvyx,1,0.000000000000000000000000,0.000000000000000000000000,0.000000000000000000000000
pool1j2g7nwksj60fszcz6pxsf2hyzny9ch673en08xjlx05jwxeh2uz,1,0.000000000000000000000000,0.000000000000000000000000,0.000000000000000000000000
pool18ecuhr75yr6zt9e707shkj5w9p664syqnkt8gmmlkydg27z39xt,4,0.000000000000000000000000,0.000000000000000000000000,0.000000000000000000000000
pool1j0j39t2dfmkflfnvresds8vlfhwg75qwufa95u55nw376ky29r8,1,0.000000000000000000000000,0.000000000000000000000000,0.000000000000000000000000
pool1esvefse6m77u5nwetxjz82rh77062htxmdcfa4h98cx65gjg8zg,1,0.000000000000000000000000,0.000000000000000000000000,0.000000000000000000000000
pool1hzy8quep7xkajxx8lep59y2erqll3cr440zm90ctej4hchyfedg,1,0.000000000000000000000000,0.000000000000000000000000,0.000000000000000000000000
pool1ygamv2t9lw03khcxpe75rjd4p8lnn36hux3deeg3hrc3jwrx43z,1,0.000000000000000000000000,0.000000000000000000000000,0.000000000000000000000000
pool1py5y4uqukj777aj0ax0dpc7tchcl35dax5rxppuwfj0wkg3km82,1,0.000000000000000000000000,0.000000000000000000000000,0.000000000000000000000000
pool1mv7z7jzats0g3s36rd6sk08ew6wg4pf7ulu9uvd6grpdc0mh7e0,1,0.000000000000000000000000,0.000000000000000000000000,0.000000000000000000000000
pool1w3q90q8cmfv5l0nxettd9pafpfhews2ta57e6xvr6s96swfkrvz,1,0.000000000000000000000000,0.000000000000000000000000,0.000000000000000000000000
pool1x909haq22shn2479qtzkkr9ww2s9nr7v9xzyhxefg50yyt3lzfy,1,0.000000000000000000000000,0.000000000000000000000000,0.000000000000000000000000
pool1q3snnww4ggayr8hd6gd83ypx982yhwlhywlcew7yxq46jzyst2g,1,0.000000000000000000000000,0.000000000000000000000000,0.000000000000000000000000
pool14ym9xrwe8vjl8xfm7xjx3eeg7fdqekkrejhuug732myd66y6qdy,1,0.000000000000000000000000,0.000000000000000000000000,0.000000000000000000000000
pool1uklezq2zz38zldrjrgujqmvrnswfzmupakgfp5wzgln9zx8tcju,1,0.000000000000000000000000,0.000000000000000000000000,0.000000000000000000000000
pool152zrg07tzs7vjcw7q64r85egv6efr59lsyn4v5yqqxy0vspj26f,4,0.000000000000000000000000,0.000000000000000000000000,0.000000000000000000000000
pool1uj0r26e5ymqgre7zxqsapl2stlh36fc8n6mvrcdzjn247u2cf5l,1,0.000000000000000000000000,0.000000000000000000000000,0.000000000000000000000000
pool1ezs46e9nftk46w723zg4e66n2vaytms5slrmywvd7fx5y65zkru,64,0.000000000000000000000000,0.000000000000000000000000,0.000000000000000000000000
pool1867sv2tgcq2cjmyhqgsfveekmsy5zksld69zhgrlkluukfydq29,1,0.000000000000000000000000,0.000000000000000000000000,0.000000000000000000000000
pool18499qzkx0gcsa92ykrv84yr9pycqrje2dndcg2xxq7pxyadvwjj,1,0.000000000000000000000000,0.000000000000000000000000,0.000000000000000000000000
pool1uc4hd4qe0uf9dl9ajjxxyclvn6cxhhctfmzy82lsppwfq6a9hvd,1,0.000000000000000000000000,0.000000000000000000000000,0.000000000000000000000000
pool1qatl6qf2zja8a3hyhn42ar5a54h9k0dn3hd2j4uxvz5mqn25zy5,2,0.000000000000000000000000,0.000000000000000000000000,0.000000000000000000000000
pool1hmgufw0zuwtf5h4nudugkvu9qgk8zefrz70tv4ng4vhq5frzeuf,1,0.000000000000000000000000,0.000000000000000000000000,0.000000000000000000000000
pool1hm55kzfkyll747qqwe5wnlqlu75kt9hm36nj0eruhez7wqyd58p,1,0.000000000000000000000000,0.000000000000000000000000,0.000000000000000000000000
pool157xnzltgv3h4zzege5qh0fx23cr90gve663xddtq4j0u56fu8c9,1,0.000000000000000000000000,0.000000000000000000000000,0.000000000000000000000000
pool159nu5jnr7jc58hqaw880qtpzsq72q9pc9w3r88reeuyh702apfe,1,0.000000000000000000000000,0.000000000000000000000000,0.000000000000000000000000
pool1qdw8vw3tk20e4lgcd9evd9u4hxj8zekdg2qpmnzdk83dcncavpd,1,0.000000000000000000000000,0.000000000000000000000000,0.000000000000000000000000
pool1hfxjswx4wnpfmdad660hvzx4knjhf32uwgg6wgsnqp98x9zz927,1,0.000000000000000000000000,0.000000000000000000000000,0.000000000000000000000000
pool1x5ge78ks6jc0j8nsfwyqqhk2ukxlkvz7zxlm9utgk6405hh490n,1,0.000000000000000000000000,0.000000000000000000000000,0.000000000000000000000000
pool1u6r6439cne2ymaa2sn98c4l8wqkgcsg6pj3wr523j92f6744qcu,3,0.000000000000000000000000,0.000000000000000000000000,0.000000000000000000000000
pool1kp0wl7kxn0zt5xtmld72s98rv6ejpufvl39qk26h99nqshmkmge,1,0.000000000000000000000000,0.000000000000000000000000,0.000000000000000000000000
pool1kqrsr700m267q9tz4pw4rjeg69nkahk5wuy3kkw479y56fqfy9t,1,0.000000000000000000000000,0.000000000000000000000000,0.000000000000000000000000
pool1u5nyr9y7fz4znep9utncyvjrnd57p77yt9lm4fu89fawswz7guj,1,0.000000000000000000000000,0.000000000000000000000000,0.000000000000000000000000
pool1qf0wftuxq20v4c0es83qgfunte4uxepx7jesy8nczxz2wv8yld2,1,0.000000000000000000000000,0.000000000000000000000000,0.000000000000000000000000
pool1w43rswva2e4hulr6ayxv4aaaf0fzvxjj5c8kv55xmm2auey5xvz,4,0.000000000000000000000000,0.000000000000000000000000,0.000000000000000000000000
pool1adllnm43t3nuspvnr5r08jh6gpyvedu76hrhc6xymjzavd5d8f6,1,0.000000000000000000000000,0.000000000000000000000000,0.000000000000000000000000
pool1md2zw92j6ye2m2dl34x6pvp8phdpjcknay72tzrz4vcq523druq,1,0.000000000000000000000000,0.000000000000000000000000,0.000000000000000000000000
pool1mayjfth7yz6mpd4hhtcwl974ut8hld8hls2f07rrdul3ypqt9rm,1,0.000000000000000000000000,0.000000000000000000000000,0.000000000000000000000000
pool1cx8njhvw34weqykla5fz38ngt3dr4d0ltv0srqjqa8ugzap937l,1,0.000000000000000000000000,0.000000000000000000000000,0.000000000000000000000000
pool1ajrl335z92udy65gxlgsrvthf9esfksp6m2yf3y7qcn7jqp0zsc,1,0.000000000000000000000000,0.000000000000000000000000,0.000000000000000000000000
pool17dkgt30q7q53eavtrygh4p549wml9eq2339pfkuec6yf7x7h5rz,1,0.000000000000000000000000,0.000000000000000000000000,0.000000000000000000000000
pool1fn2e64q388nustgn7ca0tangxa29ta5z908cq2c5nztj6sntdsk,1,0.000000000000000000000000,0.000000000000000000000000,0.000000000000000000000000
pool1kxfvv8e8u9crfgy3fp89hlchehutrjq9wv7hax7dxs3lsjuw9kc,1,0.000000000000000000000000,0.000000000000000000000000,0.000000000000000000000000
pool1tseacydhjcj6hext49ehs9zc9lea83azc8t7k9rqqqq0w5xhcky,1,0.000000000000000000000000,0.000000000000000000000000,0.000000000000000000000000
pool1ajy6eslg9ju7mpqzlaeehz02algkfs7fk3qsym7wun7ks6z06tu,1,0.000000000000000000000000,0.000000000000000000000000,0.000000000000000000000000
pool1h5tldkcwftpnnwj4ygtfd8ts6mxkcv0qyes9tum9hxx27zrjzpf,1,0.000000000000000000000000,0.000000000000000000000000,0.000000000000000000000000
pool1trvj5seg8u2r5tz2usenfmz9vs8qnf3nc8aft6vr9uqhszdlrx0,1,0.000000000000000000000000,0.000000000000000000000000,0.000000000000000000000000
pool1fn5fq6r68hsxv5yqa2xjxmrchcwrmylmyluqvsmvfam5jr36nnx,1,0.000000000000000000000000,0.000000000000000000000000,0.000000000000000000000000
pool1l38lxca7tzp0trqedr97usd0zk89q2x74qrez5xcafxechcw452,2,0.000000000000000000000000,0.000000000000000000000000,0.000000000000000000000000
pool1cpqzd83axxlqxkeyuauwsmyqwud4jekjjvfmr0mp0mrrsnz3dng,1,0.000000000000000000000000,0.000000000000000000000000,0.000000000000000000000000
pool1fndvmevsjh5a0hkt5me9mrtlk4ugu4n8yns0dwk4jyhdqcq3ayy,1,0.000000000000000000000000,0.000000000000000000000000,0.000000000000000000000000
pool10tcg3efecc706w98qs7j5jw84nxkcycseksp4mw64pjty26wr7f,3,0.000000000000000000000000,0.000000000000000000000000,0.000000000000000000000000
pool1l5a4689wchd3vrdzck70ysdcn5d390um6ge4x4rzx79vzmgwvf0,2,0.000000000000000000000000,0.000000000000000000000000,0.000000000000000000000000
pool1tq03j8aa5myedlr8xj6tltstdsn5eprxq4cd4qr54mhv25unsyk,1,0.000000000000000000000000,0.000000000000000000000000,0.000000000000000000000000
pool1fqnluegrkns2jj49vgvn8vvn5u8y4m2m3xptx4wngvf4cnwa2fk,1,0.000000000000000000000000,0.000000000000000000000000,0.000000000000000000000000
pool1lyvtenf7325hsrtdgeqsv7yau6hyq7ztpdwwdeqcueh8s83h34l,2,0.000000000000000000000000,0.000000000000000000000000,0.000000000000000000000000
pool1gwyuzpvu9vhe2ge4qmg2qca8y0pzmzmwpu872vwzwse6shlespw,1,0.000000000000000000000000,0.000000000000000000000000,0.000000000000000000000000
pool1tn49xn2jpq62uwff9lt8d25kfzhu3nzjkkytq8pc062n6c7h6tg,1,0.000000000000000000000000,0.000000000000000000000000,0.000000000000000000000000
pool1tk3x77en700tk4w47xm8vzr0p490m29q6dknt77pakdyc4qmw65,1,0.000000000000000000000000,0.000000000000000000000000,0.000000000000000000000000
pool1guzmpktw0h98ezwgekzcvw2wgmf58a3egcjaecx2yv8esrtv8tw,1,0.000000000000000000000000,0.000000000000000000000000,0.000000000000000000000000
pool1gu522f03e6azk25v5n6mur9zyl8ghe2ul8223zp3vfnp77fagfa,1,0.000000000000000000000000,0.000000000000000000000000,0.000000000000000000000000
pool1tjaz8a62743k5tzdd8lyd0sgf2lcvtk09jsz9etvas82zdamc2q,1,0.000000000000000000000000,0.000000000000000000000000,0.000000000000000000000000
pool1r04czz6aq4qnd8a3x2klzd6g20mrxns0ksrac0z0jn7uycgl7l2,1,0.000000000000000000000000,0.000000000000000000000000,0.000000000000000000000000
pool172fsazvg6zrpkj7c8wklsp7lrn5yxjvhru4enddvvfnyx343dyc,1,0.000000000000000000000000,0.000000000000000000000000,0.000000000000000000000000
pool1wunach3tra8tmaqgft9ryg6ndxt4y83z2vuzmaztwzdr5x7ylh5,1,0.000000000000000000000000,0.000000000000000000000000,0.000000000000000000000000
pool10pktmr26fpvrt77j7m5mchqlt0mjmmfvt7ruvdewkcpasp0nzkl,1,0.000000000000000000000000,0.000000000000000000000000,0.000000000000000000000000
pool1lyh8e725vttnkr5eylgfap7pmnmkrk0wznpkfl8qxahyqe2agcu,1,0.000000000000000000000000,0.000000000000000000000000,0.000000000000000000000000
pool16zymwv7r24sgcxg43z4ce0g0mw0yt6zdxehcgwyksj456y0ef4a,1,0.000000000000000000000000,0.000000000000000000000000,0.000000000000000000000000
pool10nug2zc80t6tz64awqr0362kfsh6yvje6xz2a6appzhzwe25nc5,1,0.000000000000000000000000,0.000000000000000000000000,0.000000000000000000000000
pool15m3nrmzhaef66j4sue7p66yshtxfug84zuhfd8skxhh9q6mkgyx,1,0.000000000000000000000000,0.000000000000000000000000,0.000000000000000000000000
pool1gpz97nhqges80ggnefeshg3n4grprrltdvzqr8sz5fvxg3lekqh,2,0.000000000000000000000000,0.000000000000000000000000,0.000000000000000000000000
pool16rq0nmr3pr202a7dcf9507gy5u3sh9j6dw8jjwp3dg4qc6cqj0f,2,0.000000000000000000000000,0.000000000000000000000000,0.000000000000000000000000
pool10h9j9hazmtszyfyty7e6vj3usr6v0jdzvraqcxxs27rtqp7hsgc,2,0.000000000000000000000000,0.000000000000000000000000,0.000000000000000000000000
pool16qsddpnjv5msjp62lxam4erurckks98t2e6k7tuqw5e4u5xcmc5,2,0.000000000000000000000000,0.000000000000000000000000,0.000000000000000000000000
pool1ap6fj6xllhlc3xuuq7uvz0ed2wjws08f7h680xcgq47qk2pvnme,1,0.000000000000000000000000,0.000000000000000000000000,0.000000000000000000000000
pool1t6mnkhwj99hm0ckt8fkf85r84le9p95v2a3l874vfn947g5ajmu,1,0.000000000000000000000000,0.000000000000000000000000,0.000000000000000000000000
pool1gpc08dtula7mpdzy3rnf9zfw8tp2n6c03ukj2kf5shqzca5ulw2,1,0.000000000000000000000000,0.000000000000000000000000,0.000000000000000000000000
pool13hqjq6yxcsk3wpygedcp04crk58qsc00gw4wf77q6kehxxagqme,1,0.000000000000000000000000,0.000000000000000000000000,0.000000000000000000000000
pool1t5zgwakxfmqxgu7l65fk45u33frlqrvgsvzn7demdy0ejgrhq9a,1,0.000000000000000000000000,0.000000000000000000000000,0.000000000000000000000000
pool15xy7ljyr733vtpvh65mpaq0lt5u9jqsr6u8urmjq7rxh6ne904c,2,0.000000000000000000000000,0.000000000000000000000000,0.000000000000000000000000
pool1rryu0ckdfzcrxuef98q78fzw25dh3lck8l0u3lq6zpv7x5a6qyd,1,0.000000000000000000000000,0.000000000000000000000000,0.000000000000000000000000
pool1t3xele4dr85qz797gv9n4gdcwtcmsv9wvn9jyavxhpc3qzu50fx,4,0.000000000000000000000000,0.000000000000000000000000,0.000000000000000000000000
pool1szgruqm2dlhkh5qh7rft28xz9gkxj6rzfncsuquf3vm37k63kqv,1,0.000000000000000000000000,0.000000000000000000000000,0.000000000000000000000000
pool1rw3sdsrge8wa076403lrxey3zw557v3kpaw0kwaxwg02zjfv82k,1,0.000000000000000000000000,0.000000000000000000000000,0.000000000000000000000000
pool1gl90juvqt674dhvr06f6vtth8uarhglx3q6cj3y3q0vdsy5ujsc,1,0.000000000000000000000000,0.000000000000000000000000,0.000000000000000000000000
pool1rzlg6gtquajeyzpn5whh2alqzgdpy5ugha275z2haq79glqze85,1,0.000000000000000000000000,0.000000000000000000000000,0.000000000000000000000000
pool1swywvk87zmgypz45ura8d5af6aw5nrrgalt96raqm6ze2uqkhk0,2,0.000000000000000000000000,0.000000000000000000000000,0.000000000000000000000000
pool1ge06eu8lvdj6jakxw8zuwj3yxtpmeek8j8rgwqfshj7vg390fj0,1,0.000000000000000000000000,0.000000000000000000000000,0.000000000000000000000000
pool1lrd3lza7r2a3uf4z9y52zf792kmmgqpxgl8suaz88g7fg7sdw3g,1,0.000000000000000000000000,0.000000000000000000000000,0.000000000000000000000000
pool1s2qefm0h0449tdwsh7w6gw7mn9n8d3w48zunslxdazlfghtn4wh,2,0.000000000000000000000000,0.000000000000000000000000,0.000000000000000000000000
pool1gctelcfktanxhqfjw88vjp9v0ayumd6lr3re38pjw3kvvc8tanq,1,0.000000000000000000000000,0.000000000000000000000000,0.000000000000000000000000
pool1lr7pglmne4pgl4nynz398cuyjdfwhg0xxad83eqy2s6hv0cx3cc,1,0.000000000000000000000000,0.000000000000000000000000,0.000000000000000000000000
pool1sskadl6p2w0ttfr60y2ssfzcmrnaty4wt68v5glzd3e5vwkh7z5,2,0.000000000000000000000000,0.000000000000000000000000,0.000000000000000000000000
pool1lq78uw50ple5j3ruk6rx3np3u5ya0hcgq2k47yfmpuj46mahwnl,1,0.000000000000000000000000,0.000000000000000000000000,0.000000000000000000000000
pool1sr82s7yvwwsy6q0geveawrglt8ss39jhsfz7d0p4a5y6kk30mdd,1,0.000000000000000000000000,0.000000000000000000000000,0.000000000000000000000000
pool1sqxvayj9w80g42w7chla9x56atj75jwxvkrkrtkcvcyjcak9wx2,1,0.000000000000000000000000,0.000000000000000000000000,0.000000000000000000000000
pool164nml0s3vt20jd8uf0lwf5hjnt4vcan9sjmxr8huq7k2qswd8jq,1,0.000000000000000000000000,0.000000000000000000000000,0.000000000000000000000000
pool1lc4yn2hew7nquk5gfc8k8cs6d7hee4a9hc2hauwj7dv759zzek0,2,0.000000000000000000000000,0.000000000000000000000000,0.000000000000000000000000
pool1lenhysfdw3w6a37mukd4xfvsfssgvzlrnhk6v882j2kns6uyxd6,1,0.000000000000000000000000,0.000000000000000000000000,0.000000000000000000000000
pool1c5ntzp7mm3rgmyxugx96eecycjupu8v3mcq9wylzxjgsujrj98j,1,0.000000000000000000000000,0.000000000000000000000000,0.000000000000000000000000
pool1g90xrq0qrgn7z9xdfpx6xlgxwedf7unrcmh2drj7j70hxr35jxk,1,0.000000000000000000000000,0.000000000000000000000000,0.000000000000000000000000
pool1xk8xt05lck3sm86yzwu2xgrser0t7g4jzrvqhks9u9tg2tca52s,1,0.000000000000000000000000,0.000000000000000000000000,0.000000000000000000000000
pool19gspsgyjq9hdkm9crrr7n00fn5p62udpcujw5mjv86u0xua9yxr,1,0.000000000000000000000000,0.000000000000000000000000,0.000000000000000000000000
pool1vpav6vlznpwzrr82nvq7jenfxk4mwqk9jju9yx03dryqcg9sqnn,1,0.000000000000000000000000,0.000000000000000000000000,0.000000000000000000000000
pool1nmnauud7ghvm3l9tyw9fwhgus6vcymqyksynlwjxxjeyx4rrsvx,2,0.000000000000000000000000,0.000000000000000000000000,0.000000000000000000000000
pool1k0w7n5rfxdzgfxpy8x6t7zfy6pfwrp54se7ezhxxed2x7mfmszy,3,0.000000000000000000000000,0.000000000000000000000000,0.000000000000000000000000
pool12v7aukl49ehf9ysagq960ek26jeywnq3yzv5hgl4ecvhvyax5p6,2,0.000000000000000000000000,0.000000000000000000000000,0.000000000000000000000000
pool1dqq4ugkrkpwhray2z8jvk8nvnpnq3gm3g2stz4wmusap6tkuclw,2,0.000000000000000000000000,0.000000000000000000000000,0.000000000000000000000000
pool19ccud9eawdghzqg8425g8upxqws9r64f35f3cvv3vpxdcl879cn,1,0.000000000000000000000000,0.000000000000000000000000,0.000000000000000000000000
pool19c39hucr2p6ra4v6c5qwqt4zgc6ugchu7cs4yal7ndetsnrmzju,1,0.000000000000000000000000,0.000000000000000000000000,0.000000000000000000000000
pool198wj6nckft025tvkthdpamw6xxwdftactw34fag60d2xxa2qz7y,1,0.000000000000000000000000,0.000000000000000000000000,0.000000000000000000000000
pool1nuhdrn8v7jrqpqtyrjhqqd2jtjff2pks6sz7qfsurp96vqdswz5,1,0.000000000000000000000000,0.000000000000000000000000,0.000000000000000000000000
pool1nad4u2vhlwpjd2f52dpgf5rh36ntvdsm38mxmztndtmcscpy82u,1,0.000000000000000000000000,0.000000000000000000000000,0.000000000000000000000000
pool1vujjarchz7tgec2xazavrsa0r8trf3u6840lgnq2p4kdsg0830y,1,0.000000000000000000000000,0.000000000000000000000000,0.000000000000000000000000
pool1vhsjmemxqg3ktv4hwqc09cxhhg6td86n9p3qwg5t5y6xc4dcddp,2,0.000000000000000000000000,0.000000000000000000000000,0.000000000000000000000000
pool1xnfhm27l9sts2mq85qp2dp0yhw5xw0nt7vxxaa4a89zngykvxu4,2,0.000000000000000000000000,0.000000000000000000000000,0.000000000000000000000000
pool1e0shheqzrlrkzfhz9shnw562tg6ma3qqyytupk2edua56a9r2yd,4,0.000000000000000000000000,0.000000000000000000000000,0.000000000000000000000000
pool196e8g7evuyf84jz4gr6f4xacudmupxs3ad323krx9e4xse6cf8y,1,0.000000000000000000000000,0.000000000000000000000000,0.000000000000000000000000
pool1nwljjun9hsly0vkuq2kuxzleteyl35j9s8ap4x9yh4lpuglxmu3,1,0.000000000000000000000000,0.000000000000000000000000,0.000000000000000000000000
pool1vdly044nj2r3vnghwq4s0z0uragd307wnsnsj4usdh3fu8jx6nt,1,0.000000000000000000000000,0.000000000000000000000000,0.000000000000000000000000
pool1e5dxsm5ckaq0k9fg9hkclcrdj740757w4tqf9sk35wt22swypdu,1,0.000000000000000000000000,0.000000000000000000000000,0.000000000000000000000000
pool12znadsadf2h4v6xhf8jwqc6grjxsrdn6f53h5esrkaj5qjtjnfs,2,0.000000000000000000000000,0.000000000000000000000000,0.000000000000000000000000
pool1nyq3fcx438ydyprzfnpg8y8nkekmjqe2gp3mh04e9hv22ljaavj,2,0.000000000000000000000000,0.000000000000000000000000,0.000000000000000000000000
pool1jssdknzgsg4fm3v70uvhrtfjtakwpr5q6x0dwc0fcff8wtd05f6,1,0.000000000000000000000000,0.000000000000000000000000,0.000000000000000000000000
pool14kddecyyn0vjm07kr7vctnqnn3dt668dna63epdly220z4kgss7,1,0.000000000000000000000000,0.000000000000000000000000,0.000000000000000000000000
pool12pupdkq80hxxcje94kjgc75x9vsqsgaz65upnmx7k7zmvc3rpd5,1,0.000000000000000000000000,0.000000000000000000000000,0.000000000000000000000000
pool1e68hwymvfqxss0v29tgu95j0q8rv79z76l54wm4s0625klfq6y6,2,0.000000000000000000000000,0.000000000000000000000000,0.000000000000000000000000
pool1js763t3yw63ffsxqpume8974z03hdlm4nddnezhfla6dskln37v,3,0.000000000000000000000000,0.000000000000000000000000,0.000000000000000000000000
pool1e827fy8efd7n9zacdknhtr2n5rqmry5up05mqgqsjkmmzjmzrf3,1,0.000000000000000000000000,0.000000000000000000000000,0.000000000000000000000000
pool1jp9plcy9uqq0y832sj90r40sed03ft9pjczwy4zgy25hx9cj79e,2,0.000000000000000000000000,0.000000000000000000000000,0.000000000000000000000000
pool1ecqt8vmkmu2mteqlkcxl4v6hp0ngzmgpx6k6wp2hp8tguq88u4l,1,0.000000000000000000000000,0.000000000000000000000000,0.000000000000000000000000
pool1edm3pa2da0dz2sq9mgfqgf8nr2tjtnplhnvkdwuwd6j0ylmfxpp,1,0.000000000000000000000000,0.000000000000000000000000,0.000000000000000000000000
pool1p4s6gafaqd2w2dft5c5j2zj6grudvmpwsyx9gumzunak688x5tj,1,0.000000000000000000000000,0.000000000000000000000000,0.000000000000000000000000
pool1p6hcxptwdpepslluq44shkzgk72k5gsszhhllykdcvts6xnrwvg,1,0.000000000000000000000000,0.000000000000000000000000,0.000000000000000000000000
pool1vazy9q3064xgmqn7fxwgysyuqfvlxlcn7dfcn79ydcn3kw2xuvm,1,0.000000000000000000000000,0.000000000000000000000000,0.000000000000000000000000
pool19r4ef6n0xkw3pvztuwd44ymrzrkylyralnf5rudnc7hnvvddyqz,1,0.000000000000000000000000,0.000000000000000000000000,0.000000000000000000000000
pool1v9gqa6n4em4aly7ew2trvhgrath4mrsp9tyc290l638nvqs5aej,1,0.000000000000000000000000,0.000000000000000000000000,0.000000000000000000000000
pool1eesa3kdfavq33kd3f3ajwh4mg9sal76fp348en5u37435g4h4ca,1,0.000000000000000000000000,0.000000000000000000000000,0.000000000000000000000000
pool1v8lgn85mfvj0hhslfjz2u0nut43ahkhuzhfcm5aexjkewn8krle,1,0.000000000000000000000000,0.000000000000000000000000,0.000000000000000000000000
pool18w4dzpe8wtkx29scf74qmshrf58xg760mcxu5p7s0azxufwwgec,1,0.000000000000000000000000,0.000000000000000000000000,0.000000000000000000000000
pool1kcw2kqj27qe7ntsz9fhvyvyvpf7prclwc5jq4cw0qydh7cygcek,1,0.000000000000000000000000,0.000000000000000000000000,0.000000000000000000000000
