epoch_no,addr_type,unique_submitters,tx_count,total_fee_ada
208,base_key,26078,28431,5315.4662580000000000
208,enterprise_key,75,365,158.6391380000000000
208,legacy,23882,24912,5196.1068120000000000
209,base_key,21573,24197,4880.2028410000000000
209,enterprise_key,54,136,27.3427310000000000
209,legacy,11128,12583,2758.8008520000000000
210,base_key,17584,19255,3833.6147530000000000
210,enterprise_key,36,52,10.4240550000000000
210,legacy,14254,16960,3926.4934650000000000
211,base_key,12952,14148,2874.9223810000000000
211,enterprise_key,30,47,8.9223890000000000
211,legacy,11995,14888,3634.0414580000000000
212,base_key,10554,11523,2324.2883760000000000
212,enterprise_key,26,44,9.0912650000000000
212,legacy,10168,13124,3244.8386380000000000
213,base_key,12782,14140,3072.6010700000000000
213,enterprise_key,41,67,12.9159790000000000
213,legacy,11911,15141,4015.0762070000000000
214,base_key,14855,16190,3373.2376320000000000
214,enterprise_key,140,249,51.3754000000000000
214,legacy,12706,15935,4077.2207140000000000
215,base_key,13486,14719,3179.7178550000000000
215,enterprise_key,227,578,123.5756350000000000
215,legacy,13264,17241,4806.7557840000000000
216,base_key,9773,10708,2359.4444770000000000
216,enterprise_key,86,220,45.7622530000000000
216,legacy,9614,12446,3530.6016970000000000
217,base_key,8941,9845,2162.5151590000000000
217,enterprise_key,128,244,52.1866580000000000
217,legacy,8116,10290,2860.9942370000000000
218,base_key,7838,8552,1882.8801960000000000
218,enterprise_key,128,287,62.4116980000000000
218,legacy,7510,9600,2601.7765790000000000
219,base_key,8607,9301,2029.1406630000000000
219,enterprise_key,104,291,60.2224010000000000
219,legacy,8095,10647,2880.6574520000000000
220,base_key,7965,8646,2361.7044320000000000
220,enterprise_key,92,215,44.5276380000000000
220,legacy,8070,10673,2729.7027180000000000
221,base_key,7008,7654,1660.0217180000000000
221,enterprise_key,36,82,15.7973250000000000
221,legacy,6817,8629,2237.7028150000000000
222,base_key,8580,9510,2035.7952500000000000
222,enterprise_key,42,93,18.1231100000000000
222,legacy,7529,9695,2445.6217450000000000
223,base_key,8107,9171,2163.2501370000000000
223,enterprise_key,37,66,12.1085310000000000
223,legacy,6893,8861,2248.4726180000000000
224,base_key,7819,8644,1846.8705060000000000
224,enterprise_key,30,50,10.3962570000000000
224,legacy,6839,8833,2267.2422530000000000
225,base_key,8033,8762,1848.5769010000000000
225,enterprise_key,35,54,10.8745730000000000
225,legacy,7150,9040,2343.8607200000000000
226,base_key,8461,9258,1924.6808790000000000
226,enterprise_key,76,268,46.7732880000000000
226,legacy,7418,9596,2422.2667230000000000
227,base_key,8911,9973,2095.0821190000000000
227,enterprise_key,53,198,36.6879180000000000
227,legacy,9565,11932,2830.9489300000000000
228,base_key,12668,14676,3037.9482850000000000
228,enterprise_key,72,371,66.6423580000000000
228,legacy,14030,16056,3673.1442960000000000
229,base_key,11346,12959,2728.1263970000000000
229,enterprise_key,71,312,57.9967310000000000
229,legacy,8888,10441,2530.6955960000000000
230,base_key,14841,17179,3699.7322800000000000
230,enterprise_key,73,293,55.2233580000000000
230,legacy,11687,13960,3413.6995650000000000
231,base_key,20868,24346,5478.1598390000000000
231,enterprise_key,95,350,68.3910870000000000
231,legacy,19166,23651,5563.5907510000000000
232,base_key,23810,27501,6108.2513600000000000
232,enterprise_key,64,346,64.5592240000000000
232,legacy,14388,18093,4508.8297610000000000
233,base_key,18326,21364,4727.9713760000000000
233,enterprise_key,157,446,82.9839170000000000
233,legacy,10654,13831,3362.1226530000000000
234,base_key,18223,21563,4912.2309870000000000
234,enterprise_key,85,305,56.9189590000000000
234,legacy,9327,12085,3036.9194360000000000
235,base_key,20493,23794,5493.9838710000000000
235,enterprise_key,101,290,53.4909740000000000
235,legacy,7894,10086,2568.0459780000000000
236,base_key,17144,20093,4663.2235980000000000
236,enterprise_key,79,308,55.2722670000000000
236,legacy,9760,12336,3119.5797020000000000
237,base_key,17901,21386,4902.7401450000000000
237,enterprise_key,95,370,67.6174230000000000
237,legacy,12700,16347,3996.4340620000000000
238,base_key,24018,28072,6430.1425750000000000
238,enterprise_key,111,551,103.6165710000000000
238,enterprise_script,1,1,0.50000000000000000000
238,legacy,16121,20989,5159.6200510000000000
239,base_key,29018,34330,7818.8027890000000000
239,enterprise_key,178,677,125.1258280000000000
239,legacy,19304,24705,6217.1845080000000000
240,base_key,41636,49445,11059.685211000000
240,enterprise_key,318,817,150.3055410000000000
240,legacy,27928,35668,8859.0701440000000000
241,base_key,31161,36713,8146.3826170000000000
241,enterprise_key,269,869,161.8479170000000000
241,legacy,21091,26652,6382.4505490000000000
242,base_key,37969,44764,9885.3713610000000000
242,enterprise_key,300,902,171.1257560000000000
242,legacy,22331,28391,6848.5633000000000000
243,base_key,30565,36143,7982.8700500000000000
243,enterprise_key,185,607,109.0420330000000000
243,legacy,17239,21932,5276.2812930000000000
244,base_key,31403,36964,8180.9723400000000000
244,enterprise_key,188,512,93.2598790000000000
244,legacy,17676,22115,5242.5607020000000000
245,base_key,46029,54832,12169.540984000000
245,enterprise_key,285,931,166.3492030000000000
245,legacy,25655,32940,7709.0283230000000000
246,base_key,72738,86769,18952.278273000000
246,enterprise_key,262,1409,245.4707920000000000
246,legacy,41769,54189,12331.076512000000
247,base_key,89310,108658,23819.542593000000
247,enterprise_key,387,1743,303.3064870000000000
247,legacy,54143,66089,14445.009607000000
248,base_key,84327,97985,20865.674596000000
248,enterprise_key,515,2007,348.5062320000000000
248,legacy,41782,51474,11472.364450000000
249,base_key,99729,117147,24994.839486000000
249,enterprise_key,908,2536,436.5113570000000000
249,legacy,52761,65696,15073.412300000000
250,base_key,105245,123529,26413.251354000000
250,enterprise_key,1002,3456,593.1782430000000000
250,legacy,52359,65613,14825.126677000000
251,base_key,89220,103571,22134.294722000000
251,enterprise_key,1165,3642,664.4823010000000000
251,legacy,41603,50445,11702.755493000000
252,base_key,76560,90822,20113.570284000000
252,enterprise_key,1290,3673,645.3535130000000000
252,legacy,35796,45098,9999.7177560000000000
253,base_key,79099,93323,20822.312446000000
253,enterprise_key,1580,3812,677.6566170000000000
253,legacy,38161,48739,10980.049149000000
254,base_key,96235,113933,25457.909670000000
254,enterprise_key,7011,18160,3570.3774710000000000
254,legacy,48660,63864,14580.752891000000
255,base_key,78885,105673,22738.329432000000
255,enterprise_key,6278,25543,4848.3603650000000000
255,legacy,28350,37664,8774.2297100000000000
256,base_key,74006,86395,18671.456864000000
256,enterprise_key,6024,24013,4662.2177790000000000
256,legacy,24722,32756,7300.2374410000000000
257,base_key,93682,115217,24655.409647000000
257,enterprise_key,6478,28415,5494.6890280000000000
257,enterprise_script,11,206,80.1407900000000000
257,legacy,31034,39782,8940.3217090000000000
258,base_key,82901,100242,22087.546504000000
258,enterprise_key,6390,28960,5787.7308860000000000
258,enterprise_script,5,80,25.4792520000000000
258,legacy,34109,43147,10078.3497870000000000
259,base_key,100743,119118,26164.486047000000
259,enterprise_key,8187,35758,7025.6499810000000000
259,enterprise_script,10,20,4.7651000000000000
259,legacy,37686,46608,10587.915613000000
260,base_key,97138,118142,26244.724700000000
260,enterprise_key,8484,49241,9481.9393150000000000
260,enterprise_script,4,88,39.2965320000000000
260,legacy,36416,48646,11141.964367000000
261,base_key,85877,104259,22700.786074000000
261,enterprise_key,6668,49479,9546.2921890000000000
261,enterprise_script,2,28,11.3241400000000000
261,legacy,30686,40705,9131.9612140000000000
262,base_key,87839,101915,22044.650841000000
262,enterprise_key,6802,41175,8054.6921880000000000
262,enterprise_script,3,448,114.7348000000000000
262,legacy,26900,35050,7766.7544840000000000
263,base_key,110898,130339,28320.226114000000
263,enterprise_key,7745,61036,12356.762394000000
263,enterprise_script,15,168,43.0279920000000000
263,legacy,28430,35818,8150.3787130000000000
264,base_key,123152,147047,31976.440698000000
264,enterprise_key,10853,69985,13474.724072000000
264,enterprise_script,1,178,34.8973140000000000
264,legacy,39675,52735,12291.532536000000
265,base_key,139081,162618,34865.401467000000
265,enterprise_key,11674,86338,16956.236384000000
265,enterprise_script,5,185,39.4970170000000000
265,legacy,43147,59901,14107.819971000000
266,base_key,140667,167945,36767.851277000000
266,enterprise_key,13807,83985,16275.193874000000
266,enterprise_script,3,24,7.4144020000000000
266,legacy,46298,65066,15367.196717000000
267,base_key,106525,126485,28185.559373000000
267,enterprise_key,8782,65048,12280.359239000000
267,enterprise_script,11,24,6.4433720000000000
267,legacy,36916,52116,12226.516532000000
268,base_key,93649,113219,24535.051711000000
268,enterprise_key,8311,57875,11200.397364000000
268,enterprise_script,2,3,0.59484300000000000000
268,legacy,26671,37067,8423.8682100000000000
269,base_key,102272,117281,25184.242204000000
269,enterprise_key,8378,47724,9419.3783130000000000
269,legacy,23027,32249,7213.5698530000000000
270,base_key,94871,106669,22502.059806000000
270,enterprise_key,7352,39653,7769.2014130000000000
270,enterprise_script,2,9,2.4439130000000000
270,legacy,20697,28003,6215.4727850000000000
271,base_key,74833,85472,18365.322404000000
271,enterprise_key,7139,34383,6788.8974300000000000
271,legacy,18361,25389,5648.2230750000000000
272,base_key,69238,79754,17332.397688000000
272,enterprise_key,6554,33414,7387.2522590000000000
272,legacy,16341,22205,4873.5605570000000000
273,base_key,72917,83599,18210.615407000000
273,enterprise_key,6607,36812,7448.9428090000000000
273,legacy,22368,30341,6910.8026870000000000
274,base_key,66575,76642,16702.149159000000
274,enterprise_key,8024,32586,6552.6470430000000000
274,legacy,17717,23813,5396.1043490000000000
275,base_key,72179,82324,17685.060377000000
275,enterprise_key,6206,32357,6528.6889200000000000
275,enterprise_script,1,321,83.4629850000000000
275,legacy,16171,21337,4791.2584520000000000
276,base_key,76475,85797,18145.468006000000
276,enterprise_key,9221,36013,6862.2911200000000000
276,enterprise_script,1,14,2.7446500000000000
276,legacy,17149,22913,5128.9969090000000000
277,base_key,74378,84696,18117.725257000000
277,enterprise_key,6661,29816,5798.3820650000000000
277,enterprise_script,2,371,74.5971750000000000
277,legacy,15481,20308,4517.4522640000000000
278,base_key,69133,80005,17105.152464000000
278,enterprise_key,8142,32842,6386.0882220000000000
278,enterprise_script,3,71,14.7045110000000000
278,legacy,15802,20649,4618.2852950000000000
279,base_key,64232,73945,15907.006209000000
279,enterprise_key,6227,35026,6740.8788220000000000
279,enterprise_script,1,26,5.1098980000000000
279,legacy,16566,22832,4998.2339350000000000
280,base_key,69827,81689,17749.901922000000
280,enterprise_key,6163,29757,5961.3634800000000000
280,enterprise_script,4,22,4.4954580000000000
280,legacy,19228,25757,7854.9138080000000000
281,base_key,74563,87918,18701.865672000000
281,enterprise_key,4981,31140,6286.2526020000000000
281,enterprise_script,3,68,14.6496800000000000
281,legacy,17164,22587,5195.3359990000000000
282,base_key,83180,99716,20961.700942000000
282,enterprise_key,6542,34927,7638.9893380000000000
282,enterprise_script,16,146,32.6263700000000000
282,legacy,17260,22833,5227.9722760000000000
283,base_key,122852,147757,31368.673122000000
283,enterprise_key,7183,44506,9143.3848680000000000
283,enterprise_script,1,54,10.7952180000000000
283,legacy,24653,32492,7852.7590890000000000
284,base_key,132228,160094,35151.865343000000
284,enterprise_key,14258,50330,10087.4578250000000000
284,enterprise_script,1,62,12.3585860000000000
284,legacy,25702,33505,7862.7076430000000000
285,base_key,175625,218878,47351.254582000000
285,enterprise_key,16718,63756,12277.018263000000
285,enterprise_script,1,20,4.0279680000000000
285,legacy,32644,42351,9851.8094680000000000
286,base_key,184368,244511,54484.057545000000
286,enterprise_key,17023,77799,16041.066369000000
286,enterprise_script,7,13,4.7106410000000000
286,legacy,31718,41398,9586.5804640000000000
287,base_key,199570,275585,57365.374573000000
287,enterprise_key,13575,87258,20483.997586000000
287,enterprise_script,3,26,7.6205720000000000
287,legacy,28999,38474,8679.7891380000000000
288,base_key,228430,331639,69221.669410000000
288,enterprise_key,24317,96749,19683.042005000000
288,enterprise_script,3,5131,1242.8024210000000000
288,legacy,32189,41864,9845.3409420000000000
289,base_key,258013,358162,74076.595329000000
289,enterprise_key,22411,107380,22677.623675000000
289,enterprise_script,3,74,17.0101180000000000
289,legacy,27524,35827,8311.2639750000000000
290,base_key,222030,306118,63296.391940000000
290,enterprise_key,24647,92426,19076.857430000000
290,enterprise_script,19,147,97.0711280000000000
290,legacy,19336,24465,5722.9315990000000000
291,base_key,229536,304253,63158.992860000000
291,enterprise_key,13704,82366,18594.197939000000
291,enterprise_script,21,484,147.6355130000000000
291,legacy,22140,28296,6607.6606780000000000
292,base_key,224547,298625,60550.282104000000
292,enterprise_key,33864,123456,27752.443322000000
292,enterprise_script,29,467,136.8950880000000000
292,legacy,19312,26226,6135.6866050000000000
293,base_key,246093,325346,65608.738533000000
293,enterprise_key,19678,98736,20484.281669000000
293,enterprise_script,26,358,85.1888190000000000
293,legacy,18864,24964,5832.0059200000000000
294,base_key,226641,299959,61567.404104000000
294,enterprise_key,14925,83899,16884.579168000000
294,enterprise_script,41,286,62.9008340000000000
294,legacy,20714,27610,7006.5074660000000000
295,base_key,205286,267002,56501.405365000000
295,enterprise_key,13977,73149,15503.581953000000
295,enterprise_script,25,578,341.8877670000000000
295,legacy,18475,25547,5948.4919390000000000
296,base_key,199754,259031,55085.058168000000
296,enterprise_key,12289,71494,14948.986977000000
296,enterprise_script,27,1151,861.3932690000000000
296,legacy,17901,24256,5684.9340270000000000
297,base_key,189955,246423,52960.015222000000
297,enterprise_key,16286,84734,18858.560848000000
297,enterprise_script,39,1334,978.5149760000000000
297,legacy,17639,23501,5585.6187060000000000
298,base_key,246350,332562,69859.314548000000
298,base_script,2,10,9.7251980000000000
298,enterprise_key,9555,109616,22412.274552000000
298,enterprise_script,35,857,612.2387970000000000
298,legacy,18260,24071,5695.8313700000000000
299,base_key,301447,414166,87242.887651000000
299,base_script,1,219,206.8019310000000000
299,enterprise_key,25627,145827,29592.290191000000
299,enterprise_script,31,801,460.6049720000000000
299,legacy,21060,28626,6839.1829630000000000
300,base_key,211921,277001,60537.980082000000
300,base_script,1,482,456.7448100000000000
300,enterprise_key,26059,86114,20355.363409000000
300,enterprise_script,30,1059,671.0308420000000000
300,legacy,19887,26643,6185.0760970000000000
301,base_key,258965,340151,71948.915959000000
301,base_script,1,307,305.7767330000000000
301,enterprise_key,17220,86259,18563.723918000000
301,enterprise_script,41,1075,670.6167820000000000
301,legacy,16567,23365,5547.9205110000000000
302,base_key,528692,907528,171228.341731000000
302,base_script,1,220,191.2556580000000000
302,enterprise_key,21752,103674,25276.759635000000
302,enterprise_script,41,995,629.7978340000000000
302,legacy,15100,21514,4953.3426660000000000
303,base_key,262854,361335,74995.337758000000
303,base_script,1,247,218.4719330000000000
303,enterprise_key,16239,105472,22620.438026000000
303,enterprise_script,131,1099,817.0466730000000000
303,legacy,14028,20082,4744.5620280000000000
304,base_key,705618,1324566,246730.951656000000
304,base_script,1,251,223.7451920000000000
304,enterprise_key,67213,216905,54399.663677000000
304,enterprise_script,198,1449,1196.7673310000000000
304,legacy,17305,23803,5742.7029660000000000
305,base_key,409007,637033,123793.485131000000
305,base_script,1,240,219.3330400000000000
305,enterprise_key,17188,110126,25500.027241000000
305,enterprise_script,88,2926,2241.9195460000000000
305,legacy,13945,18894,4510.0059310000000000
306,base_key,253637,407102,82707.854026000000
306,base_script,1,139,123.9979440000000000
306,enterprise_key,15856,98828,23408.355249000000
306,enterprise_script,59,3562,2861.1855790000000000
306,legacy,14173,21662,5338.3036440000000000
307,base_key,280939,474321,95202.066401000000
307,base_script,1,272,254.4271220000000000
307,enterprise_key,14275,107320,23986.784770000000
307,enterprise_script,52,4408,3789.9670760000000000
307,legacy,11469,18038,4414.1700860000000000
308,base_key,197119,329231,74332.418183000000
308,base_script,1,202,186.8997470000000000
308,enterprise_key,11734,71579,15730.209820000000
308,enterprise_script,67,10344,9650.1243020000000000
308,legacy,10323,16043,3911.8900370000000000
309,base_key,248001,425134,94405.451786000000
309,base_script,1,157,140.6248820000000000
309,enterprise_key,12448,100325,23820.439213000000
309,enterprise_script,47,15215,13532.993966000000
309,legacy,9277,12557,2885.1659490000000000
310,base_key,219227,372910,83808.380704000000
310,base_script,1,126,114.5514200000000000
310,enterprise_key,12923,77122,18247.665912000000
310,enterprise_script,47,12865,11029.613253000000
310,legacy,9593,12895,3025.2792410000000000
311,base_key,207596,364077,80491.946734000000
311,base_script,1,184,167.9990820000000000
311,enterprise_key,12846,64051,14511.752694000000
311,enterprise_script,69,10325,9044.9106960000000000
311,legacy,10313,14015,3425.6577590000000000
312,base_key,229877,397536,93230.861703000000
312,base_script,1,152,138.3335880000000000
312,enterprise_key,18412,66598,18125.268227000000
312,enterprise_script,43,24178,20991.079248000000
312,legacy,9440,12919,3036.8866120000000000
313,base_key,267846,515772,127444.842472000000
313,base_script,1,193,175.9242530000000000
313,enterprise_key,16183,78263,19558.649955000000
313,enterprise_script,43,34017,31736.503092000000
313,legacy,10379,15517,3661.7212550000000000
314,base_key,253837,490959,126472.068869000000
314,base_script,2,190,172.4743780000000000
314,enterprise_key,14878,97742,24949.751550000000
314,enterprise_script,71,40230,37176.405021000000
314,legacy,9425,14511,3356.9587590000000000
315,base_key,398697,706255,176211.595067000000
315,base_script,1,117,111.4806680000000000
315,enterprise_key,21738,121595,34113.397941000000
315,enterprise_script,85,59001,54880.360638000000
315,legacy,13529,19331,4553.9889820000000000
316,base_key,352227,649916,156880.758897000000
316,base_script,1,174,167.9521500000000000
316,enterprise_key,17903,100644,33422.280426000000
316,enterprise_script,70,75457,58569.718503000000
316,legacy,10011,15203,3722.4521750000000000
317,base_key,290244,557190,150135.554705000000
317,base_script,1,198,182.9938950000000000
317,enterprise_key,30863,116800,34971.320703000000
317,enterprise_script,74,70969,64165.895592000000
317,legacy,7374,11140,2667.7872070000000000
318,base_key,251697,474755,136714.566988000000
318,base_script,1,274,251.7743450000000000
318,enterprise_key,28814,102230,31035.164512000000
318,enterprise_script,262,67045,63298.570195000000
318,legacy,7500,10894,2570.1007690000000000
319,base_key,255993,481151,142094.130162000000
319,base_script,1,173,161.3480500000000000
319,enterprise_key,28264,92541,29779.163029000000
319,enterprise_script,132,64243,67218.884215000000
319,legacy,8673,12426,2904.2228790000000000
320,base_key,242467,454783,134540.088839000000
320,base_script,1,211,196.6925570000000000
320,enterprise_key,16814,74546,28615.759063000000
320,enterprise_script,117,60624,67461.511742000000
320,legacy,7563,11739,2739.4228010000000000
321,base_key,267843,489742,143592.130014000000
321,base_script,2,260,241.1516140000000000
321,enterprise_key,17708,83633,31069.143854000000
321,enterprise_script,146,57633,66083.689457000000
321,legacy,8382,12241,2962.9434100000000000
322,base_key,234667,480466,146386.955115000000
322,base_script,1,106,95.2423390000000000
322,enterprise_key,21997,77849,26443.709797000000
322,enterprise_script,137,55654,65554.045990000000
322,legacy,9258,13612,3174.9847190000000000
323,base_key,221595,422229,135179.358878000000
323,base_script,2,118,104.9419930000000000
323,enterprise_key,13546,73684,24728.839942000000
323,enterprise_script,113,52625,63631.244140000000
323,legacy,7079,10737,2455.4778990000000000
324,base_key,239924,426261,126118.738477000000
324,base_script,3,182,168.7705630000000000
324,enterprise_key,18476,70385,28354.884001000000
324,enterprise_script,111,50717,61233.963104000000
324,legacy,6440,9828,2240.0657850000000000
325,base_key,173986,330247,106332.493533000000
325,base_script,2,2953,2454.4916500000000000
325,enterprise_key,14240,65617,27824.812698000000
325,enterprise_script,184,50645,58020.046693000000
325,legacy,6995,10588,2372.1385400000000000
326,base_key,230597,454805,132401.145083000000
326,base_script,2,3130,2679.1225110000000000
326,enterprise_key,14721,63095,24641.852882000000
326,enterprise_script,163,59817,64224.000768000000
326,legacy,7676,11566,2802.7999200000000000
327,base_key,197754,416361,126639.869541000000
327,base_script,2,4168,3555.7374490000000000
327,enterprise_key,13571,66737,26391.651742000000
327,enterprise_script,164,70849,70217.681295000000
327,legacy,7185,10818,2812.4407940000000000
328,base_key,199725,394065,122455.514176000000
328,base_script,3,1987,1742.0477870000000000
328,enterprise_key,21505,68489,26315.530722000000
328,enterprise_script,209,72372,73230.499332000000
328,legacy,9306,13894,3465.1105700000000000
329,base_key,188977,389621,126011.535450000000
329,base_other,2,5,0.95968400000000000000
329,base_script,4,3671,3224.7005160000000000
329,enterprise_key,17930,60185,25077.064269000000
329,enterprise_script,208,79625,75050.951894000000
329,legacy,8938,13382,3092.3490900000000000
330,base_key,167734,353130,118998.501310000000
330,base_script,6,3133,2733.5425380000000000
330,enterprise_key,14938,55419,21532.411183000000
330,enterprise_script,203,75372,69921.729767000000
330,legacy,8446,12523,2805.2948210000000000
331,base_key,152893,322374,100438.099574000000
331,base_other,6,9,2.4658200000000000
331,base_script,3,2970,2566.7404950000000000
331,enterprise_key,10229,49582,19140.933017000000
331,enterprise_script,183,62689,51428.183834000000
331,legacy,9089,12722,2904.4385650000000000
332,base_key,173309,407574,120784.392805000000
332,base_other,12,17,3.2316520000000000
332,base_script,27,4665,4491.9392420000000000
332,enterprise_key,20153,87333,27743.764186000000
332,enterprise_script,196,74334,56423.416051000000
332,legacy,7453,10782,2369.5444900000000000
333,base_key,170657,418211,125429.448688000000
333,base_script,37,4334,4109.4415440000000000
333,enterprise_key,16614,64200,22109.149954000000
333,enterprise_script,177,77143,55655.991556000000
333,legacy,6493,9408,2072.0462790000000000
334,base_key,149750,370032,116064.006329000000
334,base_other,3,4,0.81301200000000000000
334,base_script,44,3484,3253.6449850000000000
334,enterprise_key,13026,57781,19668.543121000000
334,enterprise_script,198,74669,51834.724816000000
334,legacy,6648,9640,2099.4300930000000000
335,base_key,169587,424201,127072.660156000000
335,base_other,14,23,6.2713480000000000
335,base_script,102,3657,3306.5131860000000000
335,enterprise_key,25374,71383,22260.117220000000
335,enterprise_script,175,75013,50938.950538000000
335,legacy,6770,10069,2243.5419910000000000
336,base_key,153665,375984,114665.509662000000
336,base_other,3,4,0.82836800000000000000
336,base_script,103,3962,3418.4437210000000000
336,enterprise_key,15478,64637,21260.060778000000
336,enterprise_script,172,74413,50444.878399000000
336,legacy,7009,10384,2235.0705740000000000
337,base_key,140941,339765,103658.045044000000
337,base_other,2,3,0.56659500000000000000
337,base_script,63,3793,3333.0254500000000000
337,enterprise_key,10288,57709,19465.865197000000
337,enterprise_script,223,65183,44148.790898000000
337,legacy,8190,12064,2642.5244230000000000
338,base_key,158594,337335,95454.987228000000
338,base_other,5,5,1.0453110000000000
338,base_script,56,3946,3541.3070420000000000
338,enterprise_key,9739,87731,24126.000063000000
338,enterprise_script,183,54313,37151.434721000000
338,legacy,37322,58728,12147.163448000000
339,base_key,138329,340890,101319.240345000000
339,base_other,12,17,5.9591530000000000
339,base_script,47,3611,3138.6610770000000000
339,enterprise_key,22294,71174,20797.255482000000
339,enterprise_script,206,60406,40264.475597000000
339,legacy,8315,12100,2755.7211610000000000
340,base_key,120781,310453,98687.358177000000
340,base_other,5,17,3.2827830000000000
340,base_script,58,3309,2892.7577020000000000
340,enterprise_key,10435,50850,16372.560307000000
340,enterprise_script,197,60435,39792.366560000000
340,legacy,6904,10013,2254.5367270000000000
341,base_key,131521,334397,101126.187409000000
341,base_other,10,12,3.3387220000000000
341,base_script,59,3578,3176.2604940000000000
341,enterprise_key,12980,64021,20060.538437000000
341,enterprise_script,200,64228,41995.132565000000
341,legacy,8164,11606,2646.1402070000000000
342,base_key,131260,343902,99954.533834000000
342,base_other,11,26,7.3211210000000000
342,base_script,58,3615,3244.7985020000000000
342,enterprise_key,8244,49439,17237.180902000000
342,enterprise_script,214,61082,40420.580294000000
342,legacy,8569,12400,2832.3972090000000000
343,base_key,127151,333538,99235.698632000000
343,base_other,14,63,17.4546540000000000
343,base_script,71,3487,3084.2332190000000000
343,enterprise_key,17726,54930,17787.128573000000
343,enterprise_script,218,59941,39591.595672000000
343,legacy,7969,11280,2624.6714300000000000
344,base_key,105882,272524,81930.810656000000
344,base_other,14,21,4.7824970000000000
344,base_script,83,9706,7134.9826090000000000
344,enterprise_key,10196,53679,16537.701351000000
344,enterprise_script,200,44804,30064.801026000000
344,legacy,9803,14037,3246.6839640000000000
345,base_key,97176,229703,69934.258004000000
345,base_other,8,14,3.8794880000000000
345,base_script,88,21857,14893.696262000000
345,enterprise_key,7972,48192,14723.074773000000
345,enterprise_script,194,25779,18228.237395000000
345,legacy,10094,14443,3303.1705840000000000
346,base_key,90443,216232,66864.379230000000
346,base_other,6,8,3.1659290000000000
346,base_script,71,23044,15568.410929000000
346,enterprise_key,7776,46039,14420.812541000000
346,enterprise_script,220,22142,16562.984883000000
346,legacy,8346,12416,2796.5185430000000000
347,base_key,99189,236517,72320.676004000000
347,base_other,5,7,1.4727110000000000
347,base_script,76,26725,17860.039778000000
347,enterprise_key,12688,52732,15434.032344000000
347,enterprise_script,202,19503,14573.243751000000
347,legacy,7585,11286,2531.2180470000000000
348,base_key,98414,227558,69083.447401000000
348,base_other,11,18,4.4384420000000000
348,base_script,77,26098,17808.684014000000
348,enterprise_key,6535,47412,16665.961893000000
348,enterprise_script,205,22720,17561.265655000000
348,legacy,8007,11873,2668.4803450000000000
349,base_key,104393,246615,73220.214790000000
349,base_other,13,22,6.5030300000000000
349,base_script,101,27812,18581.400540000000
349,enterprise_key,8945,54258,16954.755827000000
349,enterprise_script,211,18641,14300.441884000000
349,legacy,7193,10999,2478.3626290000000000
350,base_key,94087,221383,67656.363095000000
350,base_other,16,28,9.4962840000000000
350,base_script,85,27905,18967.730093000000
350,enterprise_key,6085,37622,12424.706326000000
350,enterprise_script,208,17696,13607.263571000000
350,legacy,7195,11114,2469.7462690000000000
351,base_key,104304,271086,82573.336442000000
351,base_other,13,18,4.0550920000000000
351,base_script,92,36010,24655.594291000000
351,enterprise_key,11321,52222,17007.885569000000
351,enterprise_script,199,19982,15105.658965000000
351,legacy,6617,10634,2445.8853730000000000
352,base_key,106026,263416,78134.156116000000
352,base_other,9,11,2.6380340000000000
352,base_script,84,31960,21637.147326000000
352,enterprise_key,10107,56793,18701.936551000000
352,enterprise_script,205,18092,13879.634283000000
352,legacy,6453,10191,2255.9123160000000000
353,base_key,94334,229904,69933.273207000000
353,base_other,11,13,3.8243690000000000
353,base_script,89,28566,19619.909545000000
353,enterprise_key,8855,46727,15011.864638000000
353,enterprise_script,238,18789,14499.153802000000
353,legacy,6428,9920,2245.1493800000000000
354,base_key,106926,279724,84897.957423000000
354,base_other,12,17,5.2939270000000000
354,base_script,504,40644,27071.780008000000
354,enterprise_key,7767,47262,16031.522221000000
354,enterprise_script,221,20998,16205.948257000000
354,legacy,5283,8489,1904.4698400000000000
355,base_key,100186,239722,73969.640957000000
355,base_other,5,6,2.0310490000000000
355,base_script,147,35294,23687.022929000000
355,enterprise_key,7026,38490,13580.282722000000
355,enterprise_script,221,18263,14200.321221000000
355,legacy,5069,8314,1870.0071960000000000
356,base_key,101372,233973,68159.325014000000
356,base_other,10,12,3.1586370000000000
356,base_script,107,28456,19166.694769000000
356,enterprise_key,6263,35034,12704.557568000000
356,enterprise_script,206,17716,13994.570770000000
356,legacy,5415,8676,2009.5564810000000000
357,base_key,100882,246265,72632.440083000000
357,base_other,12,16,4.2442230000000000
357,base_script,80,32068,21475.181254000000
357,enterprise_key,6306,37620,14615.685249000000
357,enterprise_script,212,18252,14467.511611000000
357,legacy,5122,8340,1944.7488800000000000
358,base_key,99460,241259,71315.010053000000
358,base_other,8,11,2.4086150000000000
358,base_script,112,32015,21499.109752000000
358,enterprise_key,8665,42078,14380.040831000000
358,enterprise_script,192,16564,12898.845269000000
358,legacy,5480,9691,2327.1743490000000000
359,base_key,96507,234435,68219.088185000000
359,base_other,11,33,7.8681570000000000
359,base_script,91,29819,20234.669918000000
359,enterprise_key,5402,32632,11823.346368000000
359,enterprise_script,215,15093,11605.927171000000
359,legacy,5157,8488,1953.4822840000000000
360,base_key,99725,224244,66571.454791000000
360,base_other,5,14,5.1604190000000000
360,base_script,101,27967,19067.034715000000
360,enterprise_key,8068,40574,14820.863878000000
360,enterprise_script,238,18177,14221.915929000000
360,legacy,5280,8489,1957.9653080000000000
361,base_key,102696,230839,67044.545633000000
361,base_other,4,9,1.9064090000000000
361,base_script,235,26961,18017.391075000000
361,enterprise_key,9821,41681,15022.071472000000
361,enterprise_script,209,17440,13951.973859000000
361,legacy,5912,9207,2207.3130870000000000
362,base_key,99886,213378,62285.221927000000
362,base_other,10,18,5.6881930000000000
362,base_script,303,25037,16363.218130000000
362,enterprise_key,7006,35888,13043.070813000000
362,enterprise_script,222,15332,12113.488840000000
362,legacy,4527,7481,1821.9868540000000000
363,base_key,91379,190293,55903.567372000000
363,base_other,12,20,5.0809840000000000
363,base_script,306,22625,14462.063836000000
363,enterprise_key,8227,35883,12917.399413000000
363,enterprise_script,228,14844,11356.394950000000
363,legacy,4805,7944,1758.3894320000000000
364,base_key,95778,213953,62178.989177000000
364,base_other,18,33,9.7674530000000000
364,base_script,261,26347,16663.394566000000
364,enterprise_key,15157,48529,16832.640647000000
364,enterprise_script,226,13906,11080.506348000000
364,legacy,4554,7845,1793.6366820000000000
365,base_key,96636,213764,62542.429205000000
365,base_other,23,33,7.0142320000000000
365,base_script,365,25616,16314.616885000000
365,enterprise_key,7661,35250,12630.657767000000
365,enterprise_script,214,14725,11162.709422000000
365,legacy,3702,6404,1493.7786030000000000
366,base_key,102998,252190,73652.836721000000
366,base_other,11,15,3.5691240000000000
366,base_script,473,27065,16609.366705000000
366,enterprise_key,11859,47159,15554.503017000000
366,enterprise_script,223,14463,10652.108957000000
366,legacy,4872,8102,1925.4574430000000000
367,base_key,93977,226520,65592.196601000000
367,base_other,11,16,3.5815870000000000
367,base_script,406,27322,14781.079021000000
367,enterprise_key,8413,38904,13903.027766000000
367,enterprise_script,257,16913,12888.168908000000
367,legacy,4050,6808,1574.5694670000000000
368,base_key,92259,228565,64560.270593000000
368,base_other,6,6,1.4316980000000000
368,base_script,253,28186,13460.976170000000
368,enterprise_key,8112,41684,14073.207829000000
368,enterprise_script,238,17652,13929.493957000000
368,legacy,4606,7917,1858.5522860000000000
369,base_key,98877,272975,77276.546993000000
369,base_other,4,4,0.94483600000000000000
369,base_script,315,36224,16503.131895000000
369,enterprise_key,7030,46941,16410.936332000000
369,enterprise_script,259,19847,15668.212566000000
369,legacy,5621,9479,2210.2574630000000000
370,base_key,107439,328253,94529.565385000000
370,base_other,6,6,1.2649700000000000
370,base_script,664,50912,22159.493128000000
370,enterprise_key,9243,47929,17298.544776000000
370,enterprise_script,222,21169,16730.313036000000
370,legacy,5516,9423,2204.1988660000000000
371,base_key,112033,341796,94788.753132000000
371,base_other,7,13,2.9887010000000000
371,base_script,500,55356,22895.672992000000
371,enterprise_key,11888,55324,20504.966955000000
371,enterprise_script,225,20898,16345.733983000000
371,legacy,5473,9066,2129.8817700000000000
372,base_key,107729,303036,81237.839051000000
372,base_other,8,9,2.0485470000000000
372,base_script,334,45972,18626.742960000000
372,enterprise_key,8489,52458,18711.726304000000
372,enterprise_script,269,18875,14636.839133000000
372,legacy,5000,8286,1967.2885920000000000
373,base_key,108861,302588,83523.532232000000
373,base_other,10,12,2.8377200000000000
373,base_script,309,44587,17842.057273000000
373,enterprise_key,8400,43255,14255.153817000000
373,enterprise_script,226,18307,15157.004807000000
373,legacy,5221,8657,2062.2180610000000000
374,base_key,101136,250189,70083.250131000000
374,base_other,15,23,6.4333540000000000
374,base_script,383,33516,13807.484026000000
374,enterprise_key,8676,51147,14411.051831000000
374,enterprise_script,263,15935,12419.487429000000
374,legacy,7871,13071,3247.2192510000000000
375,base_key,111803,250509,66694.686107000000
375,base_other,10,12,2.5943880000000000
375,base_script,300,28120,11589.496687000000
375,enterprise_key,10213,58203,14896.359444000000
375,enterprise_script,256,15290,11589.369296000000
375,legacy,9357,15124,3704.3097370000000000
376,base_key,107129,270684,69749.877680000000
376,base_other,12,17,7.0375170000000000
376,base_script,363,28994,11774.586023000000
376,enterprise_key,30063,69115,17877.610372000000
376,enterprise_script,360,15021,11244.197394000000
376,legacy,6548,10935,2538.8270850000000000
377,base_key,117915,303825,81321.207920000000
377,base_other,9,12,3.6918040000000000
377,base_script,398,35635,15116.940963000000
377,enterprise_key,18432,55671,15513.962780000000
377,enterprise_script,318,22390,16211.870599000000
377,legacy,6039,9974,2630.8048710000000000
378,base_key,96253,233449,64615.548837000000
378,base_other,12,17,5.8289490000000000
378,base_script,469,31662,12933.490599000000
378,enterprise_key,10266,49632,13669.892106000000
378,enterprise_script,337,17628,13092.649629000000
378,legacy,5265,8880,1999.0766720000000000
379,base_key,95220,235269,65445.316889000000
379,base_other,16,17,4.1372860000000000
379,base_script,485,28920,11971.583433000000
379,enterprise_key,13587,49178,17478.588946000000
379,enterprise_script,312,18388,13408.271533000000
379,legacy,3667,6719,1543.4721470000000000
380,base_key,90737,232772,65986.786008000000
380,base_other,16,21,7.2144050000000000
380,base_script,610,29656,12426.140970000000
380,enterprise_key,12106,42594,11521.540355000000
380,enterprise_script,300,19182,14123.187856000000
380,legacy,4012,7098,1608.8344260000000000
381,base_key,111194,316915,84540.560973000000
381,base_other,13,21,4.9355890000000000
381,base_script,505,34044,14007.841708000000
381,enterprise_key,9776,40410,11223.277997000000
381,enterprise_script,319,18288,13495.562947000000
381,legacy,5066,8790,2051.5553690000000000
382,base_key,96205,256275,69740.697497000000
382,base_other,12,26,5.4013730000000000
382,base_script,624,34891,13923.646367000000
382,enterprise_key,9349,42226,11641.861672000000
382,enterprise_script,294,21000,21323.363942000000
382,legacy,6194,10112,2286.7707780000000000
383,base_key,84572,217246,59638.052102000000
383,base_other,13,14,4.2582300000000000
383,base_script,401,27829,11343.967694000000
383,enterprise_key,7878,40417,11200.537133000000
383,enterprise_script,303,22237,24299.755492000000
383,legacy,4988,8071,1794.8164400000000000
384,base_key,87709,230733,65200.392700000000
384,base_other,13,15,4.3403170000000000
384,base_script,446,31447,12702.201272000000
384,enterprise_key,7333,36060,9953.6341620000000000
384,enterprise_script,295,23469,25199.319855000000
384,legacy,4992,8563,1945.7934600000000000
385,base_key,97738,252945,72699.931091000000
385,base_other,14,25,10.0080660000000000
385,base_script,470,35618,14651.011971000000
385,enterprise_key,8352,37071,10681.831719000000
385,enterprise_script,267,26786,27755.397038000000
385,legacy,4648,7920,1768.1518320000000000
386,base_key,108781,299577,85102.526949000000
386,base_other,16,22,7.0800660000000000
386,base_script,580,40892,16694.907696000000
386,enterprise_key,10481,49578,13386.415465000000
386,enterprise_script,285,27448,26171.659702000000
386,legacy,6151,10992,2664.4215750000000000
387,base_key,109258,278992,79617.250158000000
387,base_other,11,17,5.6759410000000000
387,base_script,468,36363,14922.624652000000
387,enterprise_key,9484,39089,11088.499763000000
387,enterprise_script,300,24419,18817.954789000000
387,legacy,5984,10343,2453.4636190000000000
388,base_key,96232,246162,73892.886082000000
388,base_other,10,12,3.2966970000000000
388,base_script,495,31770,13106.465323000000
388,enterprise_key,9442,34893,9910.2996500000000000
388,enterprise_script,317,25292,18743.677046000000
388,legacy,5040,8656,1999.4148900000000000
389,base_key,96181,241025,73662.259803000000
389,base_other,15,19,5.2410260000000000
389,base_script,452,29895,12398.753783000000
389,enterprise_key,7791,33026,8986.3998690000000000
389,enterprise_script,275,25353,18731.113863000000
389,legacy,5882,9540,2215.1030150000000000
390,base_key,94321,250803,74717.644269000000
390,base_other,13,15,6.0462450000000000
390,base_script,391,35415,14564.855733000000
390,enterprise_key,7986,34175,9554.6063550000000000
390,enterprise_script,290,22932,17472.594155000000
390,legacy,5115,8577,1967.5033940000000000
391,base_key,113730,319175,92650.098891000000
391,base_other,36,966,343.3508850000000000
391,base_script,557,46283,19514.276531000000
391,enterprise_key,9814,36881,10377.844658000000
391,enterprise_script,309,29085,21495.359145000000
391,legacy,5034,8821,2013.9359790000000000
392,base_key,106032,287584,83349.039500000000
392,base_other,33,580,218.1034980000000000
392,base_script,579,38817,16974.644479000000
392,enterprise_key,8977,33063,9960.2387670000000000
392,enterprise_script,261,32427,21623.280259000000
392,legacy,7404,11221,2394.5218670000000000
393,base_key,96840,240697,68776.842829000000
393,base_other,31,459,180.5279650000000000
393,base_script,433,29280,12800.454521000000
393,enterprise_key,7807,35241,9824.7403210000000000
393,enterprise_script,284,26836,16380.539095000000
393,legacy,6261,9540,2241.2595720000000000
394,base_key,90214,212408,59594.167855000000
394,base_other,24,300,117.1208450000000000
394,base_script,351,25216,11441.394876000000
394,enterprise_key,7384,29231,8435.3999510000000000
394,enterprise_script,284,25130,16846.540826000000
394,legacy,4711,8018,1946.5415920000000000
395,base_key,82715,201399,55856.334041000000
395,base_other,48,450,202.1255640000000000
395,base_script,279,26921,12443.278915000000
395,enterprise_key,7590,31189,8908.2456760000000000
395,enterprise_script,286,21599,13501.569899000000
395,legacy,4727,7933,1954.5052300000000000
396,base_key,87012,215680,59557.012455000000
396,base_other,33,280,121.0508540000000000
396,base_script,350,30476,14328.439785000000
396,enterprise_key,7689,35916,9893.0304690000000000
396,enterprise_script,305,18455,10243.410141000000
396,legacy,4561,7550,1792.9904990000000000
397,base_key,83211,201669,58076.038542000000
397,base_other,47,355,149.7761730000000000
397,base_script,389,28687,14089.559890000000
397,enterprise_key,6655,29999,8626.4733620000000000
397,enterprise_script,272,19939,11926.801355000000
397,legacy,4127,7200,1643.4141720000000000
398,base_key,75973,188894,54579.652731000000
398,base_other,58,347,135.1399390000000000
398,base_script,470,28144,13970.936745000000
398,enterprise_key,9312,32861,9021.7536060000000000
398,enterprise_script,288,19358,12094.083324000000
398,legacy,4427,7903,1805.3573810000000000
399,base_key,87898,212847,60945.436419000000
399,base_other,34,389,155.9909060000000000
399,base_script,425,28565,14549.055421000000
399,enterprise_key,9329,36198,10084.3249950000000000
399,enterprise_script,314,20546,12503.887107000000
399,legacy,4371,7941,1818.3742840000000000
400,base_key,97958,240964,68840.479043000000
400,base_other,31,246,97.7432260000000000
400,base_script,368,35045,16557.518671000000
400,enterprise_key,9050,31942,9221.5503220000000000
400,enterprise_script,810,19035,11153.774577000000
400,legacy,4913,8520,1866.8739300000000000
401,base_key,81275,209722,60819.463101000000
401,base_other,30,240,94.0890700000000000
401,base_script,493,35464,15897.697057000000
401,enterprise_key,8380,30375,8699.1670150000000000
401,enterprise_script,279,18091,11111.202693000000
401,legacy,4686,8110,1798.6288580000000000
402,base_key,75647,174100,49590.281371000000
402,base_other,40,245,100.0239200000000000
402,base_script,429,26453,12369.163218000000
402,enterprise_key,7505,28582,8060.4842850000000000
402,enterprise_script,333,16619,9947.3762630000000000
402,legacy,4567,7865,1775.9868170000000000
403,base_key,79145,191587,55010.387009000000
403,base_other,32,337,131.9875480000000000
403,base_script,475,30162,14157.182026000000
403,enterprise_key,8204,30000,8648.2909120000000000
403,enterprise_script,303,17003,9419.8443130000000000
403,legacy,4501,7725,1792.4069390000000000
404,base_key,69499,164597,48214.146818000000
404,base_other,28,546,205.6336730000000000
404,base_script,336,25558,12776.373819000000
404,enterprise_key,7576,27947,8554.3599910000000000
404,enterprise_script,345,17373,10527.861543000000
404,legacy,3954,6830,1562.6049430000000000
405,base_key,87508,198175,56803.573334000000
405,base_other,34,841,303.1716400000000000
405,base_script,476,27647,14448.486418000000
405,enterprise_key,8786,33222,10149.971758000000
405,enterprise_script,348,19069,11786.162748000000
405,legacy,5680,9254,2238.7142290000000000
406,base_key,76455,173052,49806.232413000000
406,base_other,48,511,190.1814840000000000
406,base_script,407,25509,13487.567996000000
406,enterprise_key,7327,29290,9210.2357260000000000
406,enterprise_script,338,17594,10757.617236000000
406,legacy,16567,22080,6111.3231660000000000
407,base_key,69134,168061,49522.764437000000
407,base_other,37,343,127.6236370000000000
407,base_script,351,27005,14548.714592000000
407,enterprise_key,5803,27291,8366.1614430000000000
407,enterprise_script,310,15514,9209.9948590000000000
407,legacy,21114,28295,8127.5665590000000000
408,base_key,69253,159086,46221.761935000000
408,base_other,26,341,128.2935510000000000
408,base_script,313,23294,12377.003949000000
408,enterprise_key,19005,41322,11149.166005000000
408,enterprise_script,280,15303,9603.9416650000000000
408,legacy,4935,7861,2126.4163760000000000
409,base_key,79626,210107,61273.317110000000
409,base_other,37,352,129.9963930000000000
409,base_script,384,32071,18003.808085000000
409,enterprise_key,6631,33494,13516.896175000000
409,enterprise_script,306,25524,18440.888098000000
409,legacy,4168,7170,1605.7358770000000000
410,base_key,90774,267118,77984.875917000000
410,base_other,50,491,191.3400210000000000
410,base_script,435,57530,31736.723109000000
410,enterprise_key,6595,34074,13689.176832000000
410,enterprise_script,295,26138,19092.545095000000
410,legacy,4930,8217,1837.1271600000000000
411,base_key,78659,220171,64791.961949000000
411,base_other,41,299,122.4708890000000000
411,base_script,378,38863,21578.342730000000
411,enterprise_key,6414,32922,11106.568667000000
411,enterprise_script,383,20992,14751.383966000000
411,legacy,4355,7183,1615.2908290000000000
412,base_key,82713,226454,67873.964145000000
412,base_other,31,242,96.9402040000000000
412,base_script,442,40870,24142.472030000000
412,enterprise_key,6472,32663,10831.455832000000
412,enterprise_script,367,21079,13285.599062000000
412,legacy,3927,6641,1514.4061140000000000
413,base_key,95755,282686,87256.443552000000
413,base_other,42,261,110.7432610000000000
413,base_script,447,56268,34171.556741000000
413,enterprise_key,6990,35436,11949.431072000000
413,enterprise_script,351,23461,14935.036814000000
413,legacy,4077,6958,1546.0942740000000000
414,base_key,105584,312924,94786.418107000000
414,base_other,37,249,100.4135780000000000
414,base_script,444,69333,41359.091206000000
414,enterprise_key,6013,29852,10467.645159000000
414,enterprise_script,375,24861,16212.206525000000
414,legacy,4130,7119,1573.2315420000000000
415,base_key,117069,334641,99625.805998000000
415,base_other,36,251,98.5522570000000000
415,base_script,481,70512,41382.532500000000
415,enterprise_key,10881,43428,13900.869142000000
415,enterprise_script,352,27610,20304.455450000000
415,legacy,10175,13831,3379.6944220000000000
416,base_key,106626,307468,92195.976933000000
416,base_other,30,340,137.1475610000000000
416,base_script,784,57933,34837.075407000000
416,enterprise_key,9015,42395,13969.975196000000
416,enterprise_script,361,34847,24566.843646000000
416,legacy,12046,16293,3852.8170330000000000
417,base_key,90222,247987,75226.943268000000
417,base_other,29,372,155.6856480000000000
417,base_script,1024,43843,26289.118633000000
417,enterprise_key,8761,41992,12088.719515000000
417,enterprise_script,370,28015,17393.808649000000
417,legacy,8661,13529,3088.8343570000000000
418,base_key,77314,224371,68656.022820000000
418,base_other,30,177,73.4272360000000000
418,base_script,522,41223,23888.890573000000
418,enterprise_key,6750,31587,9646.7774590000000000
418,enterprise_script,367,23275,16178.913407000000
418,legacy,4986,8056,1824.3414470000000000
419,base_key,82676,246762,74654.242541000000
419,base_other,33,187,72.7714670000000000
419,base_script,542,46795,26427.531291000000
419,enterprise_key,8036,31825,9536.4686360000000000
419,enterprise_script,367,24650,16326.251019000000
419,legacy,4901,8092,1862.7487150000000000
420,base_key,82946,264324,82279.846161000000
420,base_other,33,189,75.0315460000000000
420,base_script,652,51700,29957.618186000000
420,enterprise_key,7817,30053,9699.7174920000000000
420,enterprise_script,375,27130,17562.340360000000
420,legacy,4722,8032,1828.3467370000000000
421,base_key,85735,254413,79385.138661000000
421,base_other,38,224,84.4784870000000000
421,base_script,636,49183,28571.130655000000
421,enterprise_key,7881,31950,10054.5003050000000000
421,enterprise_script,388,26523,15539.347284000000
421,legacy,4630,7706,1970.5424060000000000
422,base_key,85675,271904,84937.380926000000
422,base_other,35,202,78.0335340000000000
422,base_script,621,53499,31124.261033000000
422,enterprise_key,8780,33357,10264.124218000000
422,enterprise_script,376,27207,17568.660587000000
422,legacy,4578,7391,2046.9240420000000000
423,base_key,94723,307076,93624.176854000000
423,base_other,36,253,104.3372160000000000
423,base_script,761,59605,33444.926126000000
423,enterprise_key,9626,33375,10308.843498000000
423,enterprise_script,412,29978,18156.461219000000
423,legacy,6163,9996,2905.2164430000000000
424,base_key,80973,246407,74137.978664000000
424,base_other,35,166,72.7978500000000000
424,base_script,648,47280,26716.047209000000
424,enterprise_key,8436,31524,9489.4495880000000000
424,enterprise_script,394,24190,13921.498246000000
424,legacy,5100,8409,2245.8240370000000000
425,base_key,82032,246716,74461.292706000000
425,base_other,37,342,154.8497140000000000
425,base_script,680,53307,31029.076305000000
425,enterprise_key,7754,30873,10604.099643000000
425,enterprise_script,393,24281,14118.247225000000
425,legacy,4584,7679,2020.4918150000000000
426,base_key,78241,238231,69904.173424000000
426,base_other,38,1039,351.1916030000000000
426,base_script,688,53277,30251.767811000000
426,enterprise_key,6279,30170,10070.0659100000000000
426,enterprise_script,405,24553,14488.954476000000
426,legacy,4080,6878,1842.2239440000000000
427,base_key,70142,218867,62506.547652000000
427,base_other,32,515,209.4037990000000000
427,base_script,633,45831,25197.138155000000
427,enterprise_key,6114,31868,10065.5832620000000000
427,enterprise_script,391,20415,11538.674508000000
427,legacy,4088,6931,1860.4085050000000000
428,base_key,61801,227234,65827.392184000000
428,base_other,40,522,209.5500400000000000
428,base_script,740,55929,31070.235759000000
428,enterprise_key,5794,30469,10052.2570010000000000
428,enterprise_script,388,22891,14487.893917000000
428,legacy,3713,6639,1825.3377590000000000
429,base_key,53960,178471,52091.377485000000
429,base_other,42,536,222.8987500000000000
429,base_script,767,37375,20534.313232000000
429,enterprise_key,5944,27078,8684.6835210000000000
429,enterprise_script,391,19164,12873.509124000000
429,legacy,3440,5750,1504.7199920000000000
430,base_key,58334,176697,50344.704861000000
430,base_other,43,599,238.7750460000000000
430,base_script,840,33905,19017.516220000000
430,enterprise_key,5853,28863,9024.3942220000000000
430,enterprise_script,412,19543,12140.292036000000
430,legacy,5014,8137,2142.7008380000000000
431,base_key,50489,162199,45803.444597000000
431,base_other,30,662,253.5091800000000000
431,base_script,652,31035,16878.709701000000
431,enterprise_key,5203,30018,9845.2484210000000000
431,enterprise_script,377,18717,10667.908432000000
431,legacy,4264,6776,1751.4311070000000000
432,base_key,49104,150013,43088.577818000000
432,base_other,31,656,253.2539500000000000
432,base_script,644,29994,16419.215548000000
432,enterprise_key,4818,25202,8392.3547950000000000
432,enterprise_script,402,18935,11283.737700000000
432,legacy,4296,6553,1659.4614530000000000
433,base_key,55522,189767,53354.524414000000
433,base_other,40,632,271.6221140000000000
433,base_script,655,36105,18558.993156000000
433,enterprise_key,6014,33621,10503.030362000000
433,enterprise_script,417,24653,12703.388713000000
433,legacy,4244,6944,1790.0411120000000000
434,base_key,49310,152213,43333.604909000000
434,base_other,40,525,211.1529120000000000
434,base_script,673,29733,15951.934760000000
434,enterprise_key,5146,25770,8488.8736290000000000
434,enterprise_script,398,21403,11423.992060000000
434,legacy,3400,5859,1441.0817660000000000
435,base_key,51054,159398,44855.511991000000
435,base_other,36,788,297.0302300000000000
435,base_script,713,29738,15416.062217000000
435,enterprise_key,6274,27470,8293.4900980000000000
435,enterprise_script,404,19759,10291.732265000000
435,legacy,3761,6362,1572.7382400000000000
436,base_key,47207,148948,42483.918385000000
436,base_other,33,628,276.8437260000000000
436,base_script,629,28543,14677.719954000000
436,enterprise_key,6213,27035,8123.3181580000000000
436,enterprise_script,399,16549,9844.1849410000000000
436,legacy,2877,5216,1306.0661280000000000
437,base_key,49046,145353,41535.064821000000
437,base_other,36,698,271.4061150000000000
437,base_script,852,27302,14112.662122000000
437,enterprise_key,6534,28018,8553.4805670000000000
437,enterprise_script,426,16999,9955.5847370000000000
437,legacy,3118,5564,1413.1445870000000000
438,base_key,60029,191456,55256.664210000000
438,base_other,44,848,309.0796060000000000
438,base_script,947,36727,19557.407190000000
438,enterprise_key,6112,28046,8523.1702290000000000
438,enterprise_script,423,17425,9480.7325840000000000
438,legacy,3017,5411,1367.2112080000000000
439,base_key,57399,189790,54375.637521000000
439,base_other,47,3869,1215.6357590000000000
439,base_script,846,41809,24071.938116000000
439,enterprise_key,6776,30802,9713.3730510000000000
439,enterprise_script,442,24534,13238.620799000000
439,legacy,3455,6305,1602.2991740000000000
440,base_key,58512,181389,51374.771046000000
440,base_other,51,2878,889.6439710000000000
440,base_script,1096,35260,19965.470107000000
440,enterprise_key,6525,30177,9513.9772660000000000
440,enterprise_script,439,22020,12141.040422000000
440,legacy,3039,5643,1441.8015500000000000
441,base_key,54350,174717,50161.303114000000
441,base_other,38,1956,569.7336680000000000
441,base_script,1018,37490,21395.967344000000
441,enterprise_key,6210,29736,9530.6907210000000000
441,enterprise_script,428,20065,11153.011044000000
441,legacy,2829,5309,1357.3340660000000000
442,base_key,54044,191367,55261.397512000000
442,base_other,44,1875,572.1243870000000000
442,base_script,1104,45508,26436.686441000000
442,enterprise_key,6133,28108,8635.7954140000000000
442,enterprise_script,446,19033,10087.6961360000000000
442,legacy,2939,5557,1422.3267320000000000
443,base_key,50975,159517,46485.129031000000
443,base_other,37,1201,377.4587260000000000
443,base_script,1178,36677,20713.832381000000
443,enterprise_key,6638,28959,9052.6407020000000000
443,enterprise_script,446,21642,11615.310702000000
443,legacy,3102,5482,1431.0625650000000000
444,base_key,66899,194921,54955.473268000000
444,base_other,40,1519,500.1347000000000000
444,base_script,1286,40853,23440.715890000000
444,enterprise_key,9287,34019,10434.408716000000
444,enterprise_script,465,23781,13408.582411000000
444,legacy,4545,8014,2121.3601680000000000
445,base_key,58073,173345,49892.407077000000
445,base_other,42,2628,811.1104080000000000
445,base_script,1174,34517,19746.926065000000
445,enterprise_key,8369,31928,10341.201867000000
445,enterprise_script,437,23731,12713.766924000000
445,legacy,4532,7938,2014.2692000000000000
446,base_key,68353,190529,54544.965549000000
446,base_other,42,2033,652.1697940000000000
446,base_script,1216,36951,21297.710198000000
446,enterprise_key,9196,34336,10529.787936000000
446,enterprise_script,454,24393,14019.647118000000
446,legacy,5175,9135,2332.6942960000000000
447,base_key,70725,193453,55110.934062000000
447,base_other,41,2735,870.6312680000000000
447,base_script,1467,35266,20041.026283000000
447,enterprise_key,10373,36291,11212.597456000000
447,enterprise_script,463,25522,14421.333478000000
447,legacy,5629,9562,2454.8121000000000000
448,base_key,62736,187579,54815.110255000000
448,base_other,24,1712,511.4948990000000000
448,base_script,1208,36334,20248.309062000000
448,enterprise_key,8822,35260,10771.299401000000
448,enterprise_script,456,24300,13435.411208000000
448,legacy,5155,8650,2245.3328860000000000
449,base_key,59626,178070,51834.988915000000
449,base_other,20,2092,624.6821320000000000
449,base_script,1122,33816,19224.214257000000
449,enterprise_key,9870,38404,11478.505628000000
449,enterprise_script,449,23973,12636.815928000000
449,legacy,4821,7702,2011.0833330000000000
450,base_key,60203,164111,46789.063818000000
450,base_other,18,1268,377.3832630000000000
450,base_script,1090,28976,16258.697211000000
450,enterprise_key,9474,35264,10452.794795000000
450,enterprise_script,450,24178,13097.034650000000
450,legacy,5367,8071,2086.4280850000000000
451,base_key,61630,204861,55585.668209000000
451,base_other,32,1248,378.3149310000000000
451,base_script,1030,30906,17731.378905000000
451,enterprise_key,9970,36247,10729.774789000000
451,enterprise_script,496,24581,13724.426932000000
451,legacy,5523,8392,2197.4621170000000000
452,base_key,76537,218663,63340.663544000000
452,base_other,18,2003,593.8766200000000000
452,base_script,1082,43696,26372.997645000000
452,enterprise_key,11622,41830,12556.202798000000
452,enterprise_script,491,29869,16041.541328000000
452,legacy,6067,9502,2520.4613570000000000
453,base_key,103405,302718,86945.739141000000
453,base_other,35,2707,805.1671490000000000
453,base_script,1267,63713,39626.631177000000
453,enterprise_key,15796,52211,15613.156107000000
453,enterprise_script,506,38552,22757.642646000000
453,legacy,8839,13714,3550.7955060000000000
454,base_key,89531,295744,87492.702561000000
454,base_other,44,2541,755.5899810000000000
454,base_script,1238,64808,40046.205590000000
454,enterprise_key,13271,49460,15405.238799000000
454,enterprise_script,506,33560,19355.927482000000
454,legacy,8200,13168,3342.7597880000000000
455,base_key,78606,292558,84982.314448000000
455,base_other,29,2346,693.3802300000000000
455,base_script,1034,72213,44194.801282000000
455,enterprise_key,11010,45661,14157.060168000000
455,enterprise_script,495,29904,17330.108879000000
455,legacy,6731,10772,2790.7265800000000000
456,base_key,77316,272371,78593.842743000000
456,base_other,24,2036,601.9665370000000000
456,base_script,951,61216,37112.985822000000
456,enterprise_key,10803,44953,13806.687029000000
456,enterprise_script,481,24151,13527.604721000000
456,legacy,7313,11295,3000.2608190000000000
457,base_key,79403,300075,85791.304632000000
457,base_other,27,4658,1364.0960720000000000
457,base_script,1020,72428,43849.495623000000
457,enterprise_key,11954,44149,14276.991115000000
457,enterprise_script,476,32244,17094.984645000000
457,legacy,6824,11072,2862.6674960000000000
458,base_key,80002,277639,79644.705124000000
458,base_other,38,5039,1476.2737270000000000
458,base_script,1160,58210,34277.298937000000
458,enterprise_key,12360,43729,15221.795136000000
458,enterprise_script,500,31773,17280.442904000000
458,legacy,6551,10699,2702.7331460000000000
459,base_key,74945,279311,80789.667808000000
459,base_other,25,3252,964.4575990000000000
459,base_script,2577,62917,35991.112003000000
459,enterprise_key,10152,38130,13135.666222000000
459,enterprise_script,457,28277,16140.733919000000
459,legacy,5789,9500,2480.5405930000000000
460,base_key,74384,275823,80304.737110000000
460,base_other,31,4004,1179.6664510000000000
460,base_script,1974,69273,40925.869132000000
460,enterprise_key,10582,35726,10174.161602000000
460,enterprise_script,453,26243,14863.907561000000
460,legacy,5849,9699,2473.4532350000000000
461,base_key,64751,244677,70020.818152000000
461,base_other,27,9939,3027.8053460000000000
461,base_script,1578,51687,31968.328296000000
461,enterprise_key,10219,34360,9557.5811600000000000
461,enterprise_script,441,25516,14213.698814000000
461,legacy,4999,7838,1991.1102930000000000
462,base_key,59245,226509,64947.073477000000
462,base_other,24,13596,4052.6376100000000000
462,base_script,1583,46296,30724.997554000000
462,enterprise_key,9680,33138,9933.7981040000000000
462,enterprise_script,460,25288,13810.488493000000
462,legacy,4690,7335,1861.1045810000000000
463,base_key,60250,205423,60195.773999000000
463,base_other,32,12062,3632.1507190000000000
463,base_script,1442,37041,24597.810468000000
463,enterprise_key,9450,32442,9279.0527240000000000
463,enterprise_script,470,21665,11505.763317000000
463,legacy,4267,6796,1696.6942280000000000
464,base_key,68989,232290,67365.801494000000
464,base_other,49,12308,3742.7074340000000000
464,base_script,1381,34084,22706.338139000000
464,enterprise_key,9560,31005,8348.9504850000000000
464,enterprise_script,475,23325,12935.441588000000
464,legacy,4416,7222,1813.1835630000000000
465,base_key,67311,226443,64625.461282000000
465,base_other,48,13982,4245.9245980000000000
465,base_script,2412,38976,24318.671418000000
465,enterprise_key,9926,31582,8639.3214100000000000
465,enterprise_script,982,24542,14056.254655000000
465,legacy,4559,7389,1926.5141020000000000
466,base_key,68116,221818,64765.589585000000
466,base_other,28,13294,4111.1078140000000000
466,base_script,2014,47611,29883.287360000000
466,enterprise_key,10539,31860,8318.6540910000000000
466,enterprise_script,604,25147,12902.126475000000
466,legacy,4716,7511,1938.6672010000000000
467,base_key,73388,220243,63463.733827000000
467,base_other,40,12906,4099.8187980000000000
467,base_script,1757,37494,24123.612351000000
467,enterprise_key,11961,35733,9344.1859240000000000
467,enterprise_script,558,22425,12818.578819000000
467,legacy,5388,8518,2133.9035180000000000
468,base_key,69470,222194,63976.525845000000
468,base_other,92,13455,4182.9487710000000000
468,base_script,3564,35658,22955.294985000000
468,enterprise_key,11287,35823,9438.3380520000000000
468,enterprise_script,547,24398,13668.865423000000
468,legacy,4658,7708,1979.5229850000000000
469,base_key,87286,238032,67108.551794000000
469,base_other,96,15907,4933.7931570000000000
469,base_script,1710,33528,21886.064285000000
469,enterprise_key,14363,40450,10522.331989000000
469,enterprise_script,539,27490,14524.770553000000
469,legacy,6112,9732,2544.4691400000000000
470,base_key,103559,266136,74409.261023000000
470,base_other,96,13575,4233.1567450000000000
470,base_script,1731,38324,24944.846565000000
470,enterprise_key,17455,47146,11969.812316000000
470,enterprise_script,584,26826,14577.227865000000
470,legacy,7562,11945,3274.2764250000000000
471,base_key,87013,253266,71932.216339000000
471,base_other,78,10784,3378.3933640000000000
471,base_script,1324,44170,29726.500014000000
471,enterprise_key,15612,43863,12403.100719000000
471,enterprise_script,566,25353,15287.739678000000
471,legacy,7457,11527,3278.1369290000000000
472,base_key,85490,242851,68566.024076000000
472,base_other,76,16987,5048.1748210000000000
472,base_script,1345,32143,21211.866469000000
472,enterprise_key,15106,43489,11503.615463000000
472,enterprise_script,579,24142,14011.221634000000
472,legacy,7473,11696,3293.6066140000000000
473,base_key,70373,198511,56276.182413000000
473,base_other,70,9790,2999.3029000000000000
473,base_script,1342,31811,20637.093390000000
473,enterprise_key,12433,38300,10112.866131000000
473,enterprise_script,553,23017,13018.388022000000
473,legacy,6663,10528,2928.2415980000000000
474,base_key,61135,160171,45128.965917000000
474,base_other,66,8362,2599.2097500000000000
474,base_script,1237,23308,14992.270022000000
474,enterprise_key,10179,30720,8071.4973350000000000
474,enterprise_script,561,16575,10051.4850940000000000
474,legacy,4985,8123,2176.1764820000000000
475,base_key,65619,188130,54045.598600000000
475,base_other,61,9178,2779.4392960000000000
475,base_script,1110,29032,19155.787537000000
475,enterprise_key,11794,33294,8590.2370830000000000
475,enterprise_script,539,18011,10925.612947000000
475,legacy,5959,9429,2553.8531790000000000
476,base_key,65299,191357,53786.237342000000
476,base_other,88,8537,2712.1356500000000000
476,base_script,1265,32702,21127.597806000000
476,enterprise_key,10399,34296,9127.5506070000000000
476,enterprise_script,540,20283,12786.256810000000
476,legacy,5770,9272,2541.6830870000000000
477,base_key,60515,180514,50378.112245000000
477,base_other,78,7169,2236.6955250000000000
477,base_script,1143,29523,19709.599077000000
477,enterprise_key,9495,30996,8751.3198180000000000
477,enterprise_script,566,19485,10936.738070000000
477,legacy,5104,8135,2116.2180000000000000
478,base_key,55353,170461,48988.367385000000
478,base_other,70,6678,2152.4310720000000000
478,base_script,1354,30027,19926.998196000000
478,enterprise_key,10140,36359,10048.1913120000000000
478,enterprise_script,584,23297,14785.920319000000
478,legacy,6214,10094,2579.4385160000000000
479,base_key,50512,165881,46384.891904000000
479,base_other,65,11126,3320.3573860000000000
479,base_script,1171,24803,16482.345536000000
479,enterprise_key,11282,32510,8741.0607180000000000
479,enterprise_script,491,19403,11278.727304000000
479,legacy,5848,8937,2323.7390440000000000
480,base_key,48414,147953,41499.986581000000
480,base_other,59,7285,2228.2083390000000000
480,base_script,1672,26883,17678.238285000000
480,enterprise_key,8032,30737,10107.134678000000
480,enterprise_script,519,19522,10034.2921990000000000
480,legacy,5728,8583,2464.3127920000000000
481,base_key,43439,134621,38181.750024000000
481,base_other,65,6633,2125.1019260000000000
481,base_script,1208,25038,16277.078245000000
481,enterprise_key,6851,24326,6897.5784840000000000
481,enterprise_script,498,16005,8988.6346740000000000
481,legacy,8354,10924,3419.6849940000000000
482,base_key,46994,138880,38770.256983000000
482,base_other,79,6832,2131.4784660000000000
482,base_script,1685,22583,14611.463914000000
482,enterprise_key,8482,28486,7885.3036430000000000
482,enterprise_script,501,15790,8949.7156660000000000
482,legacy,8364,10953,3178.0273390000000000
483,base_key,44922,136875,38529.751589000000
483,base_other,81,6896,2220.0224320000000000
483,base_script,1907,24789,15936.546119000000
483,enterprise_key,6764,23311,6564.9393410000000000
483,enterprise_script,528,16601,9552.9774480000000000
483,legacy,5813,8343,2313.7105320000000000
484,base_key,41110,141776,40231.515817000000
484,base_other,61,7489,2432.1039730000000000
484,base_script,1993,30735,19484.151628000000
484,enterprise_key,6134,22110,6590.2662390000000000
484,enterprise_script,507,15940,8361.7082310000000000
484,legacy,3926,6220,1671.1842310000000000
485,base_key,46548,154027,42939.822454000000
485,base_other,74,10356,3323.8216800000000000
485,base_script,2581,29758,18509.630502000000
485,enterprise_key,6525,23637,6706.6400390000000000
485,enterprise_script,537,15421,8917.6485470000000000
485,legacy,9148,11782,2769.5339610000000000
486,base_key,48124,146163,40574.877278000000
486,base_other,68,8600,2745.6326060000000000
486,base_script,2829,29716,18426.360375000000
486,enterprise_key,7791,25690,7092.3005720000000000
486,enterprise_script,517,15574,8683.2521850000000000
486,legacy,15895,18986,4316.3327490000000000
487,base_key,43438,129596,35983.928256000000
487,base_other,57,7288,2391.2505550000000000
487,base_script,2184,24664,15658.399044000000
487,enterprise_key,6399,21831,6142.0404940000000000
487,enterprise_script,532,13146,6730.1369280000000000
487,legacy,3810,6123,1600.7519740000000000
488,base_key,45067,127947,35273.688669000000
488,base_other,71,7093,2331.4813610000000000
488,base_script,2451,23725,14821.830467000000
488,enterprise_key,6497,21152,5711.9964380000000000
488,enterprise_script,476,13643,7309.6177930000000000
488,legacy,15869,18409,4059.2352290000000000
489,base_key,45890,130737,36449.635440000000
489,base_other,67,7937,2545.2878830000000000
489,base_script,2646,28883,17813.488887000000
489,enterprise_key,8288,25262,6550.8957590000000000
489,enterprise_script,484,14133,7500.5220240000000000
489,legacy,31134,34005,8147.9467820000000000
490,base_key,42088,122335,33878.558652000000
490,base_other,75,6330,2060.0460660000000000
490,base_script,2416,25979,15952.300859000000
490,enterprise_key,7467,22778,6410.5476790000000000
490,enterprise_script,523,13791,7429.1599800000000000
490,legacy,17705,20271,4685.5960880000000000
491,base_key,41037,129831,35415.987066000000
491,base_other,55,6075,2023.8021200000000000
491,base_script,2782,29082,17518.463669000000
491,enterprise_key,6575,23785,6441.3590450000000000
491,enterprise_script,511,15404,7631.9064640000000000
491,legacy,10125,12453,3048.1874710000000000
492,base_key,45178,245547,68053.548359000000
492,base_other,79,14265,4822.7911960000000000
492,base_script,6382,88044,49667.444167000000
492,enterprise_key,5514,27808,7873.7123890000000000
492,enterprise_script,518,19481,10295.135538000000
492,legacy,6666,8710,2210.8100670000000000
493,base_key,47591,247687,72289.423653000000
493,base_other,74,14071,4696.7995870000000000
493,base_script,6252,78344,43037.085943000000
493,enterprise_key,6465,30218,8830.7711060000000000
493,enterprise_script,516,21233,10820.138786000000
493,legacy,4327,6673,1763.6016530000000000
494,base_key,45888,182339,49889.380823000000
494,base_other,64,13693,4522.9504390000000000
494,base_script,5238,45598,25095.742018000000
494,enterprise_key,5802,24322,6769.4298140000000000
494,enterprise_script,506,17554,8824.5403640000000000
494,legacy,8001,10250,2562.5573650000000000
495,base_key,40597,146201,40132.276785000000
495,base_other,64,10353,3458.0438490000000000
495,base_script,4408,37312,20955.443014000000
495,enterprise_key,5777,25705,6999.4793470000000000
495,enterprise_script,495,17075,8896.0225310000000000
495,legacy,3715,6292,1583.1790460000000000
496,base_key,41998,166598,45747.276097000000
496,base_other,73,12379,4155.2808080000000000
496,base_script,8604,42697,21896.767827000000
496,enterprise_key,5786,25209,7094.4959160000000000
496,enterprise_script,530,16119,8202.2179150000000000
496,legacy,7163,9482,2394.8536140000000000
497,base_key,43224,148710,39803.558627000000
497,base_other,73,10559,3584.9973240000000000
497,base_script,8383,38516,17808.482310000000
497,enterprise_key,6297,22944,6387.1417980000000000
497,enterprise_script,515,14991,7822.2931660000000000
497,legacy,4437,10453,3056.0290430000000000
498,base_key,41247,135861,35887.570498000000
498,base_other,54,8622,2971.0828170000000000
498,base_script,7012,33652,14574.361367000000
498,enterprise_key,5868,20915,5614.6351730000000000
498,enterprise_script,519,12896,6426.5075690000000000
498,legacy,3214,5832,1538.0387640000000000
499,base_key,39953,124992,32917.715246000000
499,base_other,72,8099,2704.3598280000000000
499,base_script,6217,27604,12068.582401000000
499,enterprise_key,5963,22375,6154.9817350000000000
499,enterprise_script,502,13165,6961.6768500000000000
499,legacy,3334,5434,1408.8416500000000000
500,base_key,40401,130373,34936.569091000000
500,base_other,74,8967,3021.1649400000000000
500,base_script,6109,32510,13841.279809000000
500,enterprise_key,5984,23341,6419.9570830000000000
500,enterprise_script,542,14566,7505.2584820000000000
500,legacy,4877,7129,1803.8243260000000000
501,base_key,39798,127904,34713.394216000000
501,base_other,55,7911,2687.6009200000000000
501,base_script,5682,27259,12389.356218000000
501,enterprise_key,6579,27807,7248.1627110000000000
501,enterprise_script,511,18998,9429.9590040000000000
501,legacy,3878,6641,1754.4947390000000000
502,base_key,36311,110007,29440.661064000000
502,base_other,54,7993,2663.8445190000000000
502,base_script,4966,21349,9618.3749370000000000
502,enterprise_key,5057,20500,5592.1641110000000000
502,enterprise_script,504,13667,6811.2594250000000000
502,legacy,2370,4429,1126.4557240000000000
503,base_key,34026,103209,27140.035748000000
503,base_other,60,7543,2506.1963900000000000
503,base_script,4487,18734,8417.0940440000000000
503,enterprise_key,4446,17621,4890.5179100000000000
503,enterprise_script,499,12749,6456.2424740000000000
503,legacy,2372,4109,1055.1522390000000000
504,base_key,35308,102253,27194.304962000000
504,base_other,58,7215,2339.0793960000000000
504,base_script,4159,19131,8498.7741310000000000
504,enterprise_key,5878,19010,4956.0639100000000000
504,enterprise_script,486,12079,6103.0481590000000000
504,legacy,2351,3865,1044.4145150000000000
505,base_key,38096,113588,30702.149817000000
505,base_other,48,6531,2162.5824030000000000
505,base_script,4373,27129,11353.821000000000
505,enterprise_key,5589,21419,5643.6592340000000000
505,enterprise_script,471,13847,6561.1181480000000000
505,legacy,2900,4693,1277.2752590000000000
506,base_key,36851,115925,31199.512435000000
506,base_other,79,6768,2313.3871870000000000
506,base_script,4894,27865,11075.624637000000
506,enterprise_key,7055,24235,6660.8582450000000000
506,enterprise_script,485,14113,7069.2150640000000000
506,legacy,2702,4467,1173.6059830000000000
507,base_key,51437,220031,58124.904923000000
507,base_other,53,26451,11932.380954000000
507,base_script,12268,56359,28788.526960000000
507,enterprise_key,9699,27791,8331.0708810000000000
507,enterprise_script,507,13250,7519.0544300000000000
507,legacy,3463,5515,1398.3727660000000000
508,base_key,40793,167894,44865.069025000000
508,base_other,55,27702,12261.813261000000
508,base_script,7754,42270,21948.795244000000
508,enterprise_key,6433,21315,6032.9335600000000000
508,enterprise_script,599,12313,7116.9619320000000000
508,legacy,2257,3591,881.9593810000000000
509,base_key,38236,126565,35002.076101000000
509,base_other,59,13454,5703.6495310000000000
509,base_script,5433,27566,15495.837626000000
509,enterprise_key,5388,19584,5565.1700590000000000
509,enterprise_script,581,12112,6879.1668070000000000
509,legacy,2430,4065,1015.2355450000000000
510,base_key,36338,108921,101030.736038000000
510,base_other,49,9750,4208.5907990000000000
510,base_script,4879,22315,13232.050485000000
510,enterprise_key,5572,20684,5661.2303890000000000
510,enterprise_script,541,12358,6885.7819060000000000
510,legacy,2471,4385,1138.2609280000000000
511,base_key,39129,109949,35228.881585000000
511,base_other,65,8543,3592.3161230000000000
511,base_script,4932,19801,12280.687639000000
511,enterprise_key,5950,21517,6163.9422630000000000
511,enterprise_script,582,13315,7520.5239040000000000
511,legacy,2728,4709,1189.6502990000000000
512,base_key,41200,121604,34505.717932000000
512,base_other,84,10083,4274.4069710000000000
512,base_script,5305,22968,14008.753336000000
512,enterprise_key,5868,23054,6609.7310030000000000
512,enterprise_script,644,13680,7610.5302540000000000
512,legacy,2894,5008,1223.2935620000000000
513,base_key,34006,95318,26527.617577000000
513,base_other,70,7509,3101.9271950000000000
513,base_script,4000,16012,9875.4672400000000000
513,enterprise_key,5161,20967,5876.2355340000000000
513,enterprise_script,526,11600,6289.8268980000000000
513,legacy,2277,4120,1026.5358910000000000
514,base_key,38194,107551,29674.340966000000
514,base_other,64,7978,3729.4506470000000000
514,base_script,4837,17689,10730.112149000000
514,enterprise_key,5392,22063,6532.6244090000000000
514,enterprise_script,539,12470,6803.3172840000000000
514,legacy,2407,4357,1097.2263840000000000
515,base_key,39948,109925,30675.399635000000
515,base_other,66,6949,3094.8651380000000000
515,base_script,4524,18617,11468.891760000000
515,enterprise_key,6113,21706,6083.1687000000000000
515,enterprise_script,522,13129,7169.2220240000000000
515,legacy,2651,4571,1147.0794580000000000
516,base_key,44406,126227,34589.062121000000
516,base_other,59,7545,3486.7719560000000000
516,base_script,4588,18634,11393.752103000000
516,enterprise_key,6242,30493,7710.7851190000000000
516,enterprise_script,534,13150,7309.7057160000000000
516,legacy,2663,4737,1217.5354840000000000
517,base_key,36356,115742,33074.877865000000
517,base_other,58,9935,4761.7896980000000000
517,base_script,5420,23558,14213.180978000000
517,enterprise_key,5820,26329,6886.7887970000000000
517,enterprise_script,514,14607,9250.6639350000000000
517,legacy,2761,5208,1278.0782650000000000
518,base_key,39818,127394,36545.642991000000
518,base_other,66,9710,4648.0761670000000000
518,base_script,5698,26600,15847.226127000000
518,enterprise_key,6002,23969,6599.7354680000000000
518,enterprise_script,525,13492,7672.7734670000000000
518,legacy,2875,5086,1279.8714020000000000
519,base_key,37017,130191,36123.627193000000
519,base_other,76,11560,5536.7628480000000000
519,base_script,5310,25879,15116.019746000000
519,enterprise_key,5408,24102,6380.7631680000000000
519,enterprise_script,512,14749,8268.9310130000000000
519,legacy,2781,5047,1275.0290640000000000
520,base_key,77591,221332,61273.363652000000
520,base_other,96,14496,7007.6869140000000000
520,base_script,8314,43532,26092.475054000000
520,enterprise_key,12472,42339,12193.741131000000
520,enterprise_script,668,28469,15893.486667000000
520,legacy,8045,12056,2887.6056120000000000
521,base_key,88325,229112,61488.136450000000
521,base_other,92,17030,8119.4973360000000000
521,base_script,7948,39675,23369.391651000000
521,enterprise_key,15962,49597,15417.248430000000
521,enterprise_script,650,25991,14231.332173000000
521,legacy,10474,14675,3480.7835020000000000
522,base_key,99948,324395,87462.256799000000
522,base_other,86,38195,18062.896053000000
522,base_script,12046,73843,40482.698840000000
522,enterprise_key,17196,51882,15528.207206000000
522,enterprise_script,676,29325,16260.606402000000
522,legacy,6885,11511,2817.0930650000000000
523,base_key,128712,381485,99953.731340000000
523,base_other,95,41949,19597.305565000000
523,base_script,12305,77587,42057.294678000000
523,enterprise_key,23227,62948,18040.221788000000
523,enterprise_script,675,30001,16352.546624000000
523,legacy,10872,19428,4784.9965630000000000
524,base_key,81951,312005,83787.214926000000
524,base_other,92,43691,20158.909680000000
524,base_script,11814,78370,41467.679786000000
524,enterprise_key,13880,45996,13233.668394000000
524,enterprise_script,633,27265,17158.212563000000
524,legacy,7185,11104,2790.9774270000000000
525,base_key,122833,392233,106533.455482000000
525,base_other,81,33791,15147.829390000000
525,base_script,14103,84586,47852.773950000000
525,enterprise_key,20412,62255,17750.443687000000
525,enterprise_script,680,33450,19722.224427000000
525,legacy,11255,17830,4451.9205120000000000
526,base_key,84141,335775,91227.318534000000
526,base_other,68,45464,21468.791320000000
526,base_script,12852,85478,46482.659867000000
526,enterprise_key,14358,49422,14505.864065000000
526,enterprise_script,613,22783,12714.822176000000
526,legacy,8785,14944,3621.6183140000000000
527,base_key,65322,283131,76180.766544000000
527,base_other,157,41309,19417.332677000000
527,base_script,10412,71483,37721.884706000000
527,enterprise_key,10390,40094,11797.604531000000
527,enterprise_script,583,17897,9705.5677820000000000
527,legacy,10701,15600,3587.8765310000000000
528,base_key,63445,232523,62548.216737000000
528,base_other,73,29403,13824.415071000000
528,base_script,8510,53722,29199.204460000000
528,enterprise_key,11463,43443,12244.712149000000
528,enterprise_script,556,19605,10580.997831000000
528,legacy,9890,15536,3689.7626450000000000
529,base_key,48776,304635,67874.849067000000
529,base_other,36,16511,7950.0436560000000000
529,base_script,6291,31267,17597.232989000000
529,enterprise_key,7933,33596,10796.219449000000
529,enterprise_script,545,14186,7720.8838540000000000
529,legacy,3857,7838,1891.3708450000000000
530,base_key,46457,185856,49205.179204000000
530,base_other,48,28659,13618.939842000000
530,base_script,6652,46155,24207.395948000000
530,enterprise_key,7652,30485,8637.6527030000000000
530,enterprise_script,534,11678,6166.3381790000000000
530,legacy,3497,7282,1815.1608000000000000
531,base_key,59747,191874,50943.644196000000
531,base_other,49,21499,10030.0716770000000000
531,base_script,7275,40550,21819.168262000000
531,enterprise_key,9581,34446,9816.7386660000000000
531,enterprise_script,535,17492,12863.885803000000
531,legacy,3737,7730,1913.2556440000000000
532,base_key,53489,160706,43067.817695000000
532,base_other,49,15540,7381.1138140000000000
532,base_script,6385,31500,17799.009405000000
532,enterprise_key,9074,33567,9229.9775180000000000
532,enterprise_script,638,16974,12520.042804000000
532,legacy,4198,8346,2070.2370090000000000
533,base_key,46210,169574,46266.331175000000
533,base_other,42,21966,10877.013581000000
533,base_script,7161,41689,23484.276526000000
533,enterprise_key,8218,30815,8433.4505830000000000
533,enterprise_script,665,13264,6953.3570220000000000
533,legacy,3739,7407,1820.3938110000000000
534,base_key,67157,233104,64150.001370000000
534,base_other,39,29080,14123.384375000000
534,base_script,9025,55407,30762.235163000000
534,enterprise_key,12374,41444,11253.958492000000
534,enterprise_script,645,18732,12142.418338000000
534,legacy,5429,10739,2711.0675800000000000
535,base_key,57952,184270,50451.609488000000
535,base_other,38,17996,8797.6887140000000000
535,base_script,8886,39619,22240.956263000000
535,enterprise_key,10592,37815,10631.041039000000
535,enterprise_script,631,15742,8437.9331620000000000
535,legacy,4534,9542,2382.0761800000000000
536,base_key,51720,168035,45705.243361000000
536,base_other,34,17408,8389.2588620000000000
536,base_script,8569,35857,20212.986010000000
536,enterprise_key,8761,32652,9809.6046100000000000
536,enterprise_script,541,14087,7405.8398660000000000
536,legacy,3567,7662,1861.8175270000000000
537,base_key,53012,207891,58070.548830000000
537,base_other,50,18820,8800.4530630000000000
537,base_script,10014,51425,28369.627515000000
537,enterprise_key,9572,39021,11579.355360000000
537,enterprise_script,588,16655,8759.9885050000000000
537,legacy,5085,9625,2261.4216930000000000
538,base_key,40277,136659,37124.545464000000
538,base_other,41,12703,5806.9749010000000000
538,base_script,5844,28865,15880.212607000000
538,enterprise_key,7396,30029,8918.1504660000000000
538,enterprise_script,529,13445,7062.1998950000000000
538,legacy,3218,6892,1677.2295740000000000
539,base_key,41528,127559,34072.726838000000
539,base_other,39,8556,3883.9684430000000000
539,base_script,5468,23796,13490.979936000000
539,enterprise_key,6544,29542,8558.7257560000000000
539,enterprise_script,552,12061,6291.9981070000000000
539,legacy,3130,6859,1616.8805930000000000
540,base_key,40695,137882,37571.510953000000
540,base_other,35,13547,6635.0403640000000000
540,base_script,6485,30332,17174.490437000000
540,enterprise_key,6329,26921,7881.2366290000000000
540,enterprise_script,543,11305,5801.1634910000000000
540,legacy,2822,6069,1439.6317140000000000
541,base_key,38016,130488,35320.973641000000
541,base_other,33,13341,6444.0780020000000000
541,base_script,6281,28267,15910.040982000000
541,enterprise_key,7281,28511,9236.2154100000000000
541,enterprise_script,481,10660,5565.8496390000000000
541,legacy,3357,7004,1597.0258270000000000
542,base_key,39980,130120,35417.642403000000
542,base_other,48,9384,4363.4318790000000000
542,base_script,5406,26038,14841.607044000000
542,enterprise_key,7575,30821,9410.8605610000000000
542,enterprise_script,549,14913,7811.2493710000000000
542,legacy,3996,8369,1910.5687880000000000
543,base_key,67957,189438,49203.393169000000
543,base_other,55,9879,4602.0446180000000000
543,base_script,6570,31573,18208.991160000000
543,enterprise_key,14303,49869,13786.965327000000
543,enterprise_script,597,20071,10310.940442000000
543,legacy,6246,12758,3001.5400510000000000
544,base_key,41893,123111,32801.927215000000
544,base_other,41,5374,2527.5009990000000000
544,base_script,4504,20449,12406.873622000000
544,enterprise_key,8343,32717,9267.8363490000000000
544,enterprise_script,504,14689,7614.5208720000000000
544,legacy,4612,9826,2325.0938450000000000
545,base_key,34390,97712,26055.929975000000
545,base_other,50,3966,1815.5208360000000000
545,base_script,3694,15697,9541.8335950000000000
545,enterprise_key,6326,24931,17427.923306000000
545,enterprise_script,512,12263,6260.0890930000000000
545,legacy,6362,10514,2316.1704660000000000
546,base_key,30988,83324,21986.722238000000
546,base_other,31,3270,1482.0240200000000000
546,base_script,3052,13148,7977.4986030000000000
546,enterprise_key,5823,22007,14435.839341000000
546,enterprise_script,491,11210,5930.2038510000000000
546,legacy,3100,6437,1565.6492150000000000
547,base_key,33171,91053,23826.978594000000
547,base_other,39,3761,1759.5162040000000000
547,base_script,2965,12271,7443.3289560000000000
547,enterprise_key,5919,22610,14359.935371000000
547,enterprise_script,487,9734,4842.0868870000000000
547,legacy,8621,11930,2641.7059770000000000
548,base_key,31410,83617,22154.875888000000
548,base_other,30,3950,1827.0963950000000000
548,base_script,3082,12431,7440.5249850000000000
548,enterprise_key,5518,22240,14893.987945000000
548,enterprise_script,478,10126,5081.7496980000000000
548,legacy,4462,7261,1738.5376950000000000
549,base_key,32370,88950,23733.919669000000
549,base_other,58,3932,1836.9908510000000000
549,base_script,2966,12766,7761.2207590000000000
549,enterprise_key,6171,24048,15405.003517000000
549,enterprise_script,508,12286,6152.8886680000000000
549,legacy,2739,5868,1434.4225070000000000
550,base_key,33968,103973,28395.573917000000
550,base_other,41,4720,2223.2688880000000000
550,base_script,3569,17004,10334.926583000000
550,enterprise_key,6196,25815,16915.942372000000
550,enterprise_script,474,15160,7757.2492270000000000
550,legacy,4297,7686,1804.5430220000000000
551,base_key,32353,85823,22571.063486000000
551,base_other,48,4649,2026.0579670000000000
551,base_script,2817,12482,7344.7247070000000000
551,enterprise_key,5126,21223,14011.744438000000
551,enterprise_script,448,11301,5789.2491600000000000
551,legacy,2140,5010,1274.6213870000000000
552,base_key,30329,81641,21813.962045000000
552,base_other,57,4477,2063.6844520000000000
552,base_script,3056,12671,7657.0250410000000000
552,enterprise_key,4902,19162,12745.079811000000
552,enterprise_script,446,9866,5466.4215040000000000
552,legacy,2183,4664,1180.8999900000000000
553,base_key,34179,104558,28519.791100000000
553,base_other,35,8560,4046.6595590000000000
553,base_script,3663,18829,10902.178774000000
553,enterprise_key,5472,21389,13520.390064000000
553,enterprise_script,482,11731,6224.8290360000000000
553,legacy,2508,5318,1346.3881740000000000
554,base_key,35319,107860,29422.745619000000
554,base_other,54,9237,4290.3119840000000000
554,base_script,4227,22736,13206.462859000000
554,enterprise_key,5505,20858,13429.342388000000
554,enterprise_script,458,12811,6775.5320510000000000
554,legacy,2417,5133,1316.8032050000000000
555,base_key,32678,95607,25760.356019000000
555,base_other,40,8388,3927.0042330000000000
555,base_script,3537,17665,10222.440255000000
555,enterprise_key,5307,20733,13106.758633000000
555,enterprise_script,432,10400,5313.9815360000000000
555,legacy,3537,6157,1504.5238050000000000
556,base_key,37834,108133,29220.687779000000
556,base_other,50,8037,3757.8456270000000000
556,base_script,4156,18877,10787.748693000000
556,enterprise_key,6544,23959,14720.384499000000
556,enterprise_script,476,13123,6769.3296180000000000
556,legacy,2769,5720,1453.0443230000000000
557,base_key,42859,116109,31197.238987000000
557,base_other,54,8093,3974.8810680000000000
557,base_script,4675,20329,11823.826123000000
557,enterprise_key,17747,37548,16891.358872000000
557,enterprise_script,483,12115,6432.3426620000000000
557,legacy,2952,6004,1529.1764640000000000
558,base_key,34243,104592,28169.784374000000
558,base_other,54,7812,3638.4739390000000000
558,base_script,3715,19174,11155.664210000000
558,enterprise_key,6646,24106,15394.210147000000
558,enterprise_script,482,11273,5883.8392600000000000
558,legacy,3299,5891,1436.3082820000000000
559,base_key,42417,112379,29378.907501000000
559,base_other,55,8225,3796.1802240000000000
559,base_script,3676,18306,10543.918451000000
559,enterprise_key,6452,24199,14766.429171000000
559,enterprise_script,476,10863,5682.0841930000000000
559,legacy,2653,5436,1382.1659540000000000
560,base_key,37894,99960,26381.703366000000
560,base_other,45,7119,3348.6808960000000000
560,base_script,4070,17965,10358.235970000000
560,enterprise_key,5552,20696,12624.089760000000
560,enterprise_script,480,9264,4926.2148400000000000
560,legacy,2199,4520,1146.8874300000000000
561,base_key,33049,99157,26833.845433000000
561,base_other,57,6333,3013.3903430000000000
561,base_script,3993,20352,11627.069293000000
561,enterprise_key,5761,21696,13389.787262000000
561,enterprise_script,457,11819,6302.0767980000000000
561,legacy,2401,5320,1305.0500090000000000
562,base_key,30402,91978,25010.830628000000
562,base_other,64,5618,2741.6690240000000000
562,base_script,4147,18249,10703.360946000000
562,enterprise_key,5505,20869,12442.026533000000
562,enterprise_script,460,10618,5578.7180930000000000
562,legacy,2331,4873,1216.2873610000000000
563,base_key,33971,102780,28380.542264000000
563,base_other,60,5736,2810.7895960000000000
563,base_script,4186,21775,12425.115389000000
563,enterprise_key,6107,22595,13357.966431000000
563,enterprise_script,459,11390,6013.4546320000000000
563,legacy,2823,5442,1371.4576070000000000
564,base_key,30805,85232,23020.096163000000
564,base_other,64,3964,1902.1061280000000000
564,base_script,3222,16030,9267.3394990000000000
564,enterprise_key,5140,21218,12189.460585000000
564,enterprise_script,436,12293,7564.6347790000000000
564,legacy,2329,4671,1146.9533190000000000
565,base_key,29781,89852,24616.294715000000
565,base_other,54,3813,1855.6506550000000000
565,base_script,3338,18265,10691.025984000000
565,enterprise_key,5798,22045,13616.263968000000
565,enterprise_script,440,13136,6971.8171570000000000
565,legacy,2571,4972,1244.8799940000000000
566,base_key,30064,85959,23039.397398000000
566,base_other,59,4571,2171.3639820000000000
566,base_script,3248,17011,9715.4900640000000000
566,enterprise_key,7298,22212,13378.016477000000
566,enterprise_script,433,9719,5149.9961940000000000
566,legacy,3230,5493,1353.8701900000000000
567,base_key,32903,100603,27080.056739000000
567,base_other,60,7494,3563.8307090000000000
567,base_script,3958,22008,12251.501609000000
567,enterprise_key,6575,22522,13350.117572000000
567,enterprise_script,467,10951,6022.1387550000000000
567,legacy,2555,5094,1306.5899250000000000
568,base_key,28846,78270,20912.539337000000
568,base_other,68,5305,2459.4428540000000000
568,base_script,3371,15374,8652.3283650000000000
568,enterprise_key,5254,19101,4594.0559520000000000
568,enterprise_script,422,8277,4308.4258370000000000
568,legacy,2173,4443,1155.7119200000000000
569,base_key,43895,118097,31259.832627000000
569,base_other,46,6148,2934.7086130000000000
569,base_script,4226,24278,13837.742754000000
569,enterprise_key,8429,28952,6836.2055180000000000
569,enterprise_script,471,13379,7185.7100010000000000
569,legacy,3368,6412,1661.9827370000000000
570,base_key,53126,136215,35008.228674000000
570,base_other,83,6972,3291.5646440000000000
570,base_script,4818,23795,13528.061452000000
570,enterprise_key,9248,32087,7453.2586070000000000
570,enterprise_script,495,13435,7035.5170540000000000
570,legacy,4543,8314,2138.2777280000000000
571,base_key,50109,127778,32732.889309000000
571,base_other,85,6600,3151.5042310000000000
571,base_script,4087,20796,11846.472842000000
571,enterprise_key,8745,30007,7152.1787230000000000
571,enterprise_script,497,13042,6658.4610620000000000
571,legacy,3941,7552,1935.7234600000000000
572,base_key,37532,101684,26112.483134000000
572,base_other,78,7086,3555.3472480000000000
572,base_script,4362,18046,10091.4881600000000000
572,enterprise_key,6315,25106,6063.7337280000000000
572,enterprise_script,466,12023,5825.6260550000000000
572,legacy,3215,6086,1580.5390990000000000
573,base_key,38476,115996,30310.031270000000
573,base_other,99,9616,4664.3677460000000000
573,base_script,4213,22403,12645.481780000000
573,enterprise_key,6224,25099,6057.0004780000000000
573,enterprise_script,498,12379,6278.7882500000000000
573,legacy,5192,8310,1981.9735600000000000
574,base_key,42209,123562,31969.978859000000
574,base_other,95,9697,4674.5000360000000000
574,base_script,4428,23517,13467.357201000000
574,enterprise_key,5621,22885,5757.2507100000000000
574,enterprise_script,508,10650,5515.0612460000000000
574,legacy,2996,5762,1418.2246640000000000
575,base_key,47544,132893,33909.527055000000
575,base_other,78,9319,4450.1779580000000000
575,base_script,5190,23658,13529.256992000000
575,enterprise_key,6985,27777,6862.1972970000000000
575,enterprise_script,487,11649,6181.8417550000000000
575,legacy,3337,6391,1599.2467440000000000
576,base_key,61934,151660,38495.308798000000
576,base_other,106,8610,4351.7412330000000000
576,base_script,4811,24110,14197.270555000000
576,enterprise_key,11616,37587,8895.9517200000000000
576,enterprise_script,534,15041,7865.0211620000000000
576,legacy,4381,8309,2110.5989310000000000
577,base_key,39791,106049,27377.731742000000
577,base_other,106,6412,3039.1373070000000000
577,base_script,3887,18684,10630.574143000000
577,enterprise_key,7016,27379,6514.5765100000000000
577,enterprise_script,494,11711,6155.8733280000000000
577,legacy,3246,6428,1610.7085700000000000
578,base_key,38132,93653,23850.159686000000
578,base_other,110,4472,2164.7779290000000000
578,base_script,2909,13756,8053.9018320000000000
578,enterprise_key,6553,25633,6118.1513100000000000
578,enterprise_script,519,10105,5376.3632280000000000
578,legacy,2939,5753,1446.9375870000000000
579,base_key,35665,90707,22900.887724000000
579,base_other,84,5582,2932.8304820000000000
579,base_script,3247,13988,8165.4150280000000000
579,enterprise_key,6262,24813,6030.1443200000000000
579,enterprise_script,486,9393,5053.5305580000000000
579,legacy,2620,5308,1329.6647720000000000
580,base_key,35295,106933,28440.036838000000
580,base_other,94,9733,4943.2469060000000000
580,base_script,4820,21711,12517.931936000000
580,enterprise_key,5942,23347,5876.0345850000000000
580,enterprise_script,502,9840,5180.7117300000000000
580,legacy,3120,5503,1369.7208480000000000
581,base_key,37407,108320,28258.719096000000
581,base_other,111,10192,5160.2550380000000000
581,base_script,4550,21152,12260.609261000000
581,enterprise_key,5956,23407,5773.7440740000000000
581,enterprise_script,530,9242,4750.9610450000000000
581,legacy,2760,5159,1333.5658250000000000
582,base_key,40409,111063,28827.998334000000
582,base_other,84,7968,4071.2800880000000000
582,base_script,4352,19740,11410.788151000000
582,enterprise_key,8504,27176,6618.3125190000000000
582,enterprise_script,542,10248,5344.5480590000000000
582,legacy,3035,5641,1461.4588780000000000
583,base_key,36908,94644,24042.407899000000
583,base_other,78,6128,2972.3855630000000000
583,base_script,3275,14997,8565.3622850000000000
583,enterprise_key,9344,26018,6173.6502240000000000
583,enterprise_script,521,10872,5657.9698490000000000
583,legacy,2826,5269,1311.5848110000000000
584,base_key,35303,98995,25705.621660000000
584,base_other,101,4709,2288.7103000000000000
584,base_script,3441,16238,9770.6159630000000000
584,enterprise_key,6492,24175,6037.7070520000000000
584,enterprise_script,560,12636,6042.2981920000000000
584,legacy,2918,5629,1403.4315300000000000
585,base_key,34926,89862,22761.303934000000
585,base_other,95,4539,2248.2399270000000000
585,base_script,2856,13387,8085.0055260000000000
585,enterprise_key,5786,21242,5253.1454980000000000
585,enterprise_script,537,11184,5090.4984510000000000
585,legacy,2239,4531,1180.3163690000000000
586,base_key,40830,94321,23605.281696000000
586,base_other,90,4340,2085.1811570000000000
586,base_script,2882,13146,7657.0140230000000000
586,enterprise_key,7661,24326,5867.8713650000000000
586,enterprise_script,509,10292,4974.1850020000000000
586,legacy,2893,5401,1365.9588360000000000
587,base_key,37507,97476,25737.198931000000
587,base_other,109,3385,1755.1512950000000000
587,base_script,2853,15602,9325.3667510000000000
587,enterprise_key,7637,29324,7481.4877130000000000
587,enterprise_script,517,15516,8848.2507190000000000
587,legacy,3574,7125,1738.6139560000000000
588,base_key,34861,90724,24162.496405000000
588,base_other,85,2812,1491.1356500000000000
588,base_script,2537,14587,8923.0947350000000000
588,enterprise_key,6421,26262,6427.9566570000000000
588,enterprise_script,508,14427,7184.4231730000000000
588,legacy,3193,6466,1468.7604870000000000
589,base_key,32284,84831,22596.311460000000
589,base_other,91,3719,1931.1524670000000000
589,base_script,2580,15452,9302.8588140000000000
589,enterprise_key,5594,22178,5447.1271540000000000
589,enterprise_script,530,11335,5923.7549460000000000
589,legacy,2742,5563,1251.9143930000000000
590,base_key,33226,87097,22265.601991000000
590,base_other,91,5017,2583.6845600000000000
590,base_script,2974,16236,9632.5347580000000000
590,enterprise_key,5237,20746,5300.0338170000000000
590,enterprise_script,519,10893,5759.5793400000000000
590,legacy,2284,4623,1063.7951480000000000
591,base_key,36992,100196,25277.178698000000
591,base_other,86,4719,2371.0675790000000000
591,base_script,2891,15964,9285.6217100000000000
591,enterprise_key,5868,23917,5973.4133230000000000
591,enterprise_script,533,15790,7114.1474180000000000
591,legacy,2978,5803,1376.0257790000000000
592,base_key,36648,109340,28904.588565000000
592,base_other,95,5904,3113.1032300000000000
592,base_script,3417,20013,11686.397462000000
592,enterprise_key,7063,27833,6959.9062210000000000
592,enterprise_script,531,16914,8585.5607210000000000
592,legacy,4044,7187,1683.2467830000000000
593,base_key,32573,93201,23663.835768000000
593,base_other,75,4970,2419.1231770000000000
593,base_script,2694,14915,8599.4816080000000000
593,enterprise_key,5130,22521,5716.4544480000000000
593,enterprise_script,524,11884,6032.2433710000000000
593,legacy,2621,5222,1222.3790900000000000
594,base_key,31203,84085,21627.925491000000
594,base_other,105,3463,1756.2812780000000000
594,base_script,2390,12609,7363.3989340000000000
594,enterprise_key,5462,23395,5955.0724300000000000
594,enterprise_script,529,13305,6615.1558650000000000
594,legacy,2483,4933,1137.8544460000000000
595,base_key,34099,103661,27621.717785000000
595,base_other,89,4119,2160.5080320000000000
595,base_script,2867,18212,10766.524991000000
595,enterprise_key,5923,26209,6785.7256790000000000
595,enterprise_script,561,17674,9179.3084150000000000
595,legacy,2905,5754,1313.9678180000000000
596,base_key,29818,89271,24908.613076000000
596,base_other,80,4542,2286.5765900000000000
596,base_script,2883,14443,8370.2956000000000000
596,enterprise_key,3613,16902,5054.6608300000000000
596,enterprise_script,471,13266,6674.6380780000000000
596,legacy,2280,4468,993.5704030000000000
597,base_key,30486,83779,20986.809558000000
597,base_other,79,4493,2299.7315040000000000
597,base_script,2453,12622,7149.2509560000000000
597,enterprise_key,4467,20660,5370.2702690000000000
597,enterprise_script,482,10534,5071.2492520000000000
597,legacy,2114,4140,925.6922610000000000
598,base_key,31552,88798,22772.008870000000
598,base_other,84,4213,2110.3454420000000000
598,base_script,2527,14923,8438.1514340000000000
598,enterprise_key,5103,23914,6089.9050690000000000
598,enterprise_script,542,14172,7092.2684850000000000
598,legacy,2762,5351,1171.1559800000000000
599,base_key,34676,115233,30222.224906000000
599,base_other,93,6555,3800.1082450000000000
599,base_script,4150,24149,14255.565740000000
599,enterprise_key,6240,28044,7676.0422740000000000
599,enterprise_script,550,16742,8322.1411630000000000
599,legacy,2455,5695,1246.4641050000000000
600,base_key,34646,131560,35923.125196000000
600,base_other,116,7678,4909.0081620000000000
600,base_script,4202,29331,17461.790616000000
600,enterprise_key,6495,30145,8437.7253240000000000
600,enterprise_script,514,27603,14606.905426000000
600,legacy,3047,6778,1500.2620110000000000
601,base_key,36690,126136,34233.938405000000
601,base_other,109,6187,3830.7810200000000000
601,base_script,3652,26121,15563.635363000000
601,enterprise_key,5421,26852,7220.4234250000000000
601,enterprise_script,519,28622,14024.580373000000
601,legacy,4255,7496,1621.2714830000000000
602,base_key,38704,129607,34625.697459000000
602,base_other,91,6005,3790.1643400000000000
602,base_script,3646,27239,16412.757041000000
602,enterprise_key,4481,25108,6904.8608830000000000
602,enterprise_script,545,28443,14132.611306000000
602,legacy,2386,5386,1205.0930920000000000
603,base_key,33800,94633,24687.729655000000
603,base_other,97,3940,2615.4052920000000000
603,base_script,2757,16620,10097.5366860000000000
603,enterprise_key,4627,23863,6194.7510760000000000
603,enterprise_script,527,19365,9301.6552770000000000
603,legacy,2452,4900,1135.0789240000000000
604,base_key,38295,102276,26134.601268000000
604,base_other,103,3318,1829.9865810000000000
604,base_script,2658,15598,9491.1943300000000000
604,enterprise_key,4604,24975,6160.7851300000000000
604,enterprise_script,517,19286,8922.0301150000000000
604,legacy,2634,5342,1230.9634190000000000
605,base_key,32200,86929,22956.467345000000
605,base_other,71,2962,1569.7014640000000000
605,base_script,2522,16327,9673.8493440000000000
605,enterprise_key,4515,22634,5649.2654590000000000
605,enterprise_script,522,19494,9051.4768580000000000
605,legacy,2478,4861,1129.5463170000000000
606,base_key,27614,68323,17868.303545000000
606,base_other,79,2728,1476.5644510000000000
606,base_script,2140,11453,6930.5490840000000000
606,enterprise_key,4129,19272,4707.8274170000000000
606,enterprise_script,477,12877,6483.3260970000000000
606,legacy,1954,3800,876.9839130000000000
607,base_key,26655,68616,17942.518731000000
607,base_other,75,2998,1560.9617420000000000
607,base_script,2111,11980,7316.5111820000000000
607,enterprise_key,4104,20666,4981.4866830000000000
607,enterprise_script,497,12706,6275.8308940000000000
607,legacy,2054,4187,940.9640370000000000
608,base_key,26984,69722,18275.673678000000
608,base_other,68,3629,1903.9449610000000000
608,base_script,2145,12382,7591.2991480000000000
608,enterprise_key,4359,20413,4884.0047260000000000
608,enterprise_script,478,14385,6498.6004970000000000
608,legacy,2203,4205,944.8989140000000000
609,base_key,27546,71240,18537.246679000000
609,base_other,88,2798,1478.1193630000000000
609,base_script,2003,11839,7289.2763450000000000
609,enterprise_key,4149,20494,4977.8832350000000000
609,enterprise_script,516,13554,6638.9434000000000000
609,legacy,2734,4714,1129.3281130000000000
610,base_key,33264,102244,27856.245067000000
610,base_other,100,3855,2185.8311000000000000
610,base_script,2846,19343,11990.393229000000
610,enterprise_key,5172,28521,7358.2217380000000000
610,enterprise_script,525,25149,13666.164695000000
610,legacy,5586,8616,1791.8866140000000000
611,base_key,32395,101197,27880.061686000000
611,base_other,83,4323,2405.2116270000000000
611,base_script,2957,21299,13085.136786000000
611,enterprise_key,5338,30001,7425.2234910000000000
611,enterprise_script,530,23145,11683.336886000000
611,legacy,6391,9222,1870.9400960000000000
612,base_key,25777,77214,20365.107519000000
612,base_other,100,3962,2008.0059160000000000
612,base_script,2225,12776,7653.8175590000000000
612,enterprise_key,8810,25158,5904.6813270000000000
612,enterprise_script,490,15303,7484.2741770000000000
612,legacy,2685,4725,1023.9589720000000000
613,base_key,24586,67255,17333.067608000000
613,base_other,71,4132,2059.3642520000000000
613,base_script,2114,11299,6547.6001120000000000
613,enterprise_key,3402,19676,4781.3667210000000000
613,enterprise_script,466,12725,5966.4483700000000000
613,legacy,2684,4625,1022.4707330000000000
614,base_key,24730,67480,17818.334164000000
614,base_other,67,3599,1752.2450880000000000
614,base_script,2016,11623,6868.6575830000000000
614,enterprise_key,3346,18933,4635.0316450000000000
614,enterprise_script,479,13658,6467.3879420000000000
614,legacy,2022,3688,832.0548390000000000
615,base_key,28758,77633,19917.762363000000
615,base_other,77,3277,1684.9068600000000000
615,base_script,2203,12616,7151.6877280000000000
615,enterprise_key,3684,20462,5007.3743580000000000
615,enterprise_script,506,15889,7527.9972170000000000
615,legacy,2374,4333,990.0724650000000000
616,base_key,25012,66910,17133.937172000000
616,base_other,83,3239,1652.5049450000000000
616,base_script,1825,10012,5712.7050430000000000
616,enterprise_key,3427,17459,4376.0362530000000000
616,enterprise_script,505,16458,7183.0356430000000000
616,legacy,2085,3980,919.4589890000000000
617,base_key,21684,56922,14719.599531000000
617,base_other,60,2818,1399.1263030000000000
617,base_script,1691,8381,4727.1386130000000000
617,enterprise_key,3283,16514,4535.6706580000000000
617,enterprise_script,455,12220,5451.2929600000000000
617,legacy,1761,3609,828.3787480000000000
618,base_key,24490,73401,19404.414312000000
618,base_other,69,3585,1929.1216140000000000
618,base_script,2559,13387,7499.5683640000000000
618,enterprise_key,2760,15392,4072.6777890000000000
618,enterprise_script,480,16603,7779.6555910000000000
618,legacy,1830,3749,849.2853690000000000
619,base_key,24836,68809,17577.439898000000
619,base_other,78,3376,1761.4667380000000000
619,base_script,2551,10721,5811.0330240000000000
619,enterprise_key,3020,16284,4192.2758610000000000
619,enterprise_script,498,15480,6906.4097400000000000
619,legacy,1870,3869,863.4528520000000000
620,base_key,23181,65704,17045.383264000000
620,base_other,101,3205,1646.7451010000000000
620,base_script,2391,10429,5818.0204550000000000
620,enterprise_key,2967,15586,4113.6593800000000000
620,enterprise_script,497,14381,6559.9967940000000000
620,legacy,1919,3752,859.9229980000000000
621,base_key,24719,69677,18101.563694000000
621,base_other,89,3273,1775.1304040000000000
621,base_script,2755,11339,6429.3754320000000000
621,enterprise_key,4071,17528,4653.4378380000000000
621,enterprise_script,502,14702,7078.6534730000000000
621,legacy,1969,3839,871.0008880000000000
622,base_key,26517,76325,19755.310063000000
622,base_other,97,3049,1624.0282920000000000
622,base_script,2932,13149,7253.6633230000000000
622,enterprise_key,3492,17129,4429.2304040000000000
622,enterprise_script,502,16121,7591.8331390000000000
622,legacy,1995,3835,869.3864420000000000
623,base_key,22397,60352,15517.161002000000
623,base_other,81,2318,1249.7518300000000000
623,base_script,2544,9666,5368.3644130000000000
623,enterprise_key,3027,14767,3783.4285920000000000
623,enterprise_script,529,14945,6111.7937190000000000
623,legacy,1927,3803,861.7473550000000000