pool_id_bech32,pool_class,eff_entity_id,display_name,key_deleg,script_deleg,unknown_deleg,key_stake_ada,script_stake_ada,unknown_stake_ada
pool1krznhwu3h5pu2stuslr53z5rme50t6384macsmylcnljwc7yjky,hollow,pool1krznhwu3h5pu2stuslr53z5rme50t6384macsmylcnljwc7yjky,,862,0,0,49532909.93,0.0,0.0
pool1qzlwlpcsgflr9z3f24fg836tyq45p0kf5cnrp20s8v0psp6tdkx,hollow,WESTBERG,BCSH,825,0,0,21129187.1,0.0,0.0
pool16tcjctesjnks0p8sfrlf8f3d3vrp2fdn2msy80sgg3cdjtayu3z,hollow,pool16tcjctesjnks0p8sfrlf8f3d3vrp2fdn2msy80sgg3cdjtayu3z,,690,0,0,7432829.08,0.0,0.0
pool1e556526sqwugxwnmeumt9lhj5jukklg8vv3ynk75xt9vs7adr5y,balanced,pool1e556526sqwugxwnmeumt9lhj5jukklg8vv3ynk75xt9vs7adr5y,,319,0,0,3610993.28,0.0,0.0
pool1jhzf2mm6zdlhl6w89uhgx8nq8p6ykcc86qq58vjy0ejyxrrksfj,hollow,pool1jhzf2mm6zdlhl6w89uhgx8nq8p6ykcc86qq58vjy0ejyxrrksfj,,655,0,0,22430030.74,0.0,0.0
pool1dmqzwuql5mylffvn7ln3pr9j7kh4gdsssrmma5wgx56f6rtyf42,balanced,pool1dmqzwuql5mylffvn7ln3pr9j7kh4gdsssrmma5wgx56f6rtyf42,,479,3,0,7338264.45,52999.64,0.0
pool1fh4sh2telea0tfdy39h0drx6uq566yt9gf24edpz7335sclx39z,hollow,pool1fh4sh2telea0tfdy39h0drx6uq566yt9gf24edpz7335sclx39z,,971,2,0,3980159.63,52666.07,0.0
pool1pu5jlj4q9w9jlxeu370a3c9myx47md5j5m2str0naunn2q3lkdy,hollow,5BINARIES,,174,1,0,5741269.97,2.01,0.0
pool1gpz25s2aasmqnh9tg8a2rxmyxuvmj5s779htxk295e9ajnzjflc,hollow,pool1gpz25s2aasmqnh9tg8a2rxmyxuvmj5s779htxk295e9ajnzjflc,,134,0,0,1753457.48,0.0,0.0
pool1qzlw7z5mutmd39ldyjnp8n650weqe55z5p8dl3fagac3ge0nx8l,hollow,WESTBERG,BCSH,1083,0,0,20871317.16,0.0,0.0
pool1m83drqwlugdt9jn7jkz8hx3pne53acfkd539d9cj8yr92dr4k9y,hollow,pool1m83drqwlugdt9jn7jkz8hx3pne53acfkd539d9cj8yr92dr4k9y,,122,0,0,1689331.98,0.0,0.0
pool1qqq6qqa0hpzvumv5p87ynczfmdj557xuwlc3289ke42g72z7f74,hollow,pool1qqq6qqa0hpzvumv5p87ynczfmdj557xuwlc3289ke42g72z7f74,,1566,0,0,12870794.69,0.0,0.0
pool1df9rj4n0t3zlpak7xnh4ue6t3yh9zlw7a02w4l8askp77up25rt,hollow,pool1df9rj4n0t3zlpak7xnh4ue6t3yh9zlw7a02w4l8askp77up25rt,,1025,0,0,3202152.05,0.0,0.0
pool1q80jjs53w0fx836n8g38gtdwr8ck5zre3da90peuxn84sj3cu0r,hollow,pool1q80jjs53w0fx836n8g38gtdwr8ck5zre3da90peuxn84sj3cu0r,,1057,0,0,6010400.43,0.0,0.0
pool1wz27a9pvd2jat98s375lxaaj7qxy405km4vzp83wn5vtwp59kvh,hollow,pool1wz27a9pvd2jat98s375lxaaj7qxy405km4vzp83wn5vtwp59kvh,,1916,0,0,5637662.68,0.0,0.0
pool190a9js7lk9lvmrngre7w268z9tz9xs9yz77audvw8ag4jerfdhx,hollow,pool190a9js7lk9lvmrngre7w268z9tz9xs9yz77audvw8ag4jerfdhx,,141,0,0,2022000.06,0.0,0.0
pool1ld9hkah2dkzh73pvh9tf6xr0x28us34msv3zcv2sase5vhvq962,hollow,pool1ld9hkah2dkzh73pvh9tf6xr0x28us34msv3zcv2sase5vhvq962,,1931,1,0,13847369.29,173.99,0.0
pool1vxz0deezj5c2950e7arpzfqxzq8zd9kawsullrzjw5rsq0yhxgr,hollow,YUTA,YUTA,219,0,0,31200182.09,0.0,0.0
pool1qwa8x4u4a2pff0xdv0haxpgk3tyrvl5adl2lpf3ztcftqruhea0,hollow,ELITE,ELITE,2345,0,0,29806457.22,0.0,0.0
pool1smy2r8jdvgna5ykhe8rrch7h4qalyfafyzyh0rmanmq0jxptww7,hollow,YUTA,YUTA,209,0,0,23440592.85,0.0,0.0
pool1jk25l2pejpdzq8vdjlxrr05th49v9tgd78fqrtxvuw3rumpfc6t,hollow,pool1jk25l2pejpdzq8vdjlxrr05th49v9tgd78fqrtxvuw3rumpfc6t,,2815,0,0,12598317.11,0.0,0.0
pool14mm59ntjqzphjr6chrww639cdr3yjce4qcwzc5jkk38y22u7uc6,hollow,YUTA,YUTA,135,0,0,33440877.01,0.0,0.0
pool1mcvq2z34f9cfdmkd97famsh20ekqtndw246ny5e8ug3mxfdf4zq,balanced,pool1mcvq2z34f9cfdmkd97famsh20ekqtndw246ny5e8ug3mxfdf4zq,,84,0,0,1828001.07,0.0,0.0
pool1spus7k8cy5qcs82xhw60dwwk2d4vrfs0m5vr2zst04gtq700gjn,hollow,YUTA,YUTA,111,0,0,10432615.51,0.0,0.0
pool1jx4ss2zjage3cw0wht3450328y82yeprmq4fr3e2qtac2rhezkv,hollow,YUTA,YUTA,305,0,0,21108261.45,0.0,0.0
pool19uynx6nxcdksmaqdcshjg487fap3rs3axyhrdqa7gdqgzgxss4y,hollow,YUTA,YUTA,98,0,0,3530965.51,0.0,0.0
pool1ft4xjlz9uw0r0ewcgtkgeakqrfc5azxmxwsm5pt94dv67mw4rgd,hollow,pool1ft4xjlz9uw0r0ewcgtkgeakqrfc5azxmxwsm5pt94dv67mw4rgd,,1484,1,0,56495445.95,31.31,0.0
pool1xrrrr8gldqz8pjxj6j8c638a9py04xuv66kfgn2dlsx9g52te0t,hollow,YUTA,YUTA,101,0,0,12680180.06,0.0,0.0
pool1x2h98z6e5xvrg5zw3v3dlu8hqdtj6lhp6r3w5ge7rvcqcx3pafq,hollow,YUTA,YUTA,52,0,0,11551676.88,0.0,0.0
pool1hwlghkwnjsjk8370qt3dvp23d7urwm36f95fmxcz3np2kghknj9,hollow,pool1hwlghkwnjsjk8370qt3dvp23d7urwm36f95fmxcz3np2kghknj9,,349,0,0,6420844.73,0.0,0.0
pool1k0xrqp03mn9u3q3sadndd6vu9udl5v38xpzyw0shm8sskuxw2av,hollow,YUTA,YUTA,156,0,0,36842032.71,0.0,0.0
pool1q66d2n39uvln4hazyzv8fyq977mpqus78sjd2369qfn7cptdeyh,hollow,YUTA,YUTA,52,0,0,6417032.21,0.0,0.0
pool1llxh8l0h8g9ghz3nrzh7ndvev4x43vnk72nsemzm795vxqs6dp8,hollow,YUTA,YUTA,61,0,0,10165821.58,0.0,0.0
pool19ejln2jcpg5dphc8m5nh8sya49sycsqj0v2cjxw6nku966cc8nu,hollow,YUTA,YUTA,73,0,0,14531673.25,0.0,0.0
pool1pvu2zdexh8wr4ggmuz90jvqrua6an43qj9m9urs785p8kwjzqwl,hollow,YUTA,YUTA,41,0,0,37689648.92,0.0,0.0
pool1etfar35l4tf6vam3gvqf5dnaq7levz32vgw4p00jzk7q7twg2te,hollow,YUTA,YUTA,170,0,0,22647235.74,0.0,0.0
pool1a600v0jd2z3yajazd80phln3exekumm7g56d9yvlrh6vx8dx2fc,hollow,YUTA,YUTA,68,0,0,4958388.77,0.0,0.0
pool1jyutduy73e5u9877uns3k9rm0tf4r24j8lrn4xtkjpl3q5sn5mw,hollow,pool1jyutduy73e5u9877uns3k9rm0tf4r24j8lrn4xtkjpl3q5sn5mw,,457,0,0,2687986.39,0.0,0.0
pool1gwnu7f7qgaruxph8gn3u28qphvquvnj63elyd3r0nndacj9g9pa,hollow,YUTA,YUTA,133,0,0,23579608.62,0.0,0.0
pool1supp67ypelmgzuzqqvarc6czgmg3ggwpnrnfr90xpfcqqf8h05t,hollow,ONE_PERCENT,1PCT,648,0,0,4085341.14,0.0,0.0
pool1qqqqqdk4zhsjuxxd8jyvwncf5eucfskz0xjjj64fdmlgj735lr9,hollow,ATADA,ATADA,3196,0,0,69224004.18,0.0,0.0
pool1h0524mtazrjnzqh5e4u060jsfk8lpsqqjfpa5gygjwuhqu34wvt,hollow,YUTA,YUTA,155,0,0,25468774.43,0.0,0.0
pool1hsq2jrulgj97tna2femdhsfn2wurkkwt8uk9uvs42h9zs0a783p,hollow,YUTA,YUTA,107,0,0,23836683.22,0.0,0.0
pool1gclysx2h7fndj0jdajlmwvqr8q9tzu3rurjknacu0ff954fsg9a,hollow,ONE_PERCENT,1PCT,1933,0,0,74914575.72,0.0,0.0
pool1xxhs2zw5xa4g54d5p62j46nlqzwp8jklqvuv2agjlapwjx9qkg9,hollow,EMURGO,Emurgo,3131,0,0,14584965.41,0.0,0.0
pool1s3z5qsg75dar26ykyzcz2u8wc2swgq7pyp7f9sdh5n06qh3jhq2,hollow,ONE_PERCENT,1PCT,379,0,0,6034436.87,0.0,0.0
pool1z7n2ruhmxmv77f6cqhd3wsy6774h2wuay77agxuf2y9mj8q55vw,hollow,ONE_PERCENT,1PCT,1088,0,0,49929950.38,0.0,0.0
pool12mmcc4rc2fzfv7gyv8h06nvnsrm3m7erzdv8x6gzvjxlu2lf09n,hollow,ONE_PERCENT,1PCT,426,0,0,15682140.15,0.0,0.0
pool1vnsfv2qpt5gxte9prupjey8kw7ap7t6c8lc02ks4s3gtqplhgd3,hollow,ONE_PERCENT,1PCT,472,0,0,12178706.06,0.0,0.0
pool1rkyc3ss904h066sffergss99r9p2kqa4k6ds0g4u5ud4x7yaajd,hollow,ONE_PERCENT,1PCT,507,0,0,7319853.52,0.0,0.0
pool1py2uxkvuj926h42s40wxl26dh0ggaq882v4m0hkd99m86vzmwnz,hollow,pool1py2uxkvuj926h42s40wxl26dh0ggaq882v4m0hkd99m86vzmwnz,,43,0,0,2453460.61,0.0,0.0
pool1ua0lx5ap5tj9f5l7tyjflp766ca5yu93djh5hqvm4e0kjgw5k7v,hollow,ONE_PERCENT,1PCT,426,0,0,3479917.3,0.0,0.0
pool1uq8l234306m76unyz8kuwnkvmtvazaks6vuvyx3a3khngavvcw0,balanced,pool1uq8l234306m76unyz8kuwnkvmtvazaks6vuvyx3a3khngavvcw0,,896,0,0,5079302.13,0.0,0.0
pool1w8ham64lthvzzxzn5hknq4yrj8xt2nark409s2xmntlwvt4ag3r,hollow,ONE_PERCENT,1PCT,571,1,0,27256970.06,1.71,0.0
pool1qvvn2l690zm3v2p0f3vd66ly6cfs2wjqx34zpqcx5pwsx3eprtp,hollow,VIPER,VIPER,1105,0,0,20066310.86,0.0,0.0
pool1ddgcpgjcyawxw95se9x8qnc8gxgwjr4fqrk4vk6v9x47s0ggpjp,hollow,ONE_PERCENT,1PCT,589,0,0,5074508.04,0.0,0.0
pool13846y7q7tng3endxhet9qdcz5w0fjs09ytcye4dm5g54wmyqeqr,hollow,pool13846y7q7tng3endxhet9qdcz5w0fjs09ytcye4dm5g54wmyqeqr,,950,2,0,22695461.89,7141.77,0.0
pool1kkfkdces5mdcyc9dn2hgg3463jggjvw3h89nejjarkz25uavaqu,hollow,ONE_PERCENT,1PCT,358,0,0,16379013.36,0.0,0.0
pool18v9r8afalh50l4lstct2awdc3zspnvurcs7t45nv29uc2mnxc6c,hollow,pool18v9r8afalh50l4lstct2awdc3zspnvurcs7t45nv29uc2mnxc6c,,1001,0,0,6734148.39,0.0,0.0
pool1cc76kmtcpf6vht32ya5ke9er74dnpy4jh5qpy4klqwp87ygdsu6,hollow,pool1cc76kmtcpf6vht32ya5ke9er74dnpy4jh5qpy4klqwp87ygdsu6,,1445,0,0,7590576.73,0.0,0.0
pool1qqqq4md2rfdt75qvh3x9cgmkrgkl74ctcj3fnxpu3ylcudl22ex,hollow,pool1qqqq4md2rfdt75qvh3x9cgmkrgkl74ctcj3fnxpu3ylcudl22ex,,1166,0,0,5406758.49,0.0,0.0
pool1qqq9tqyj69j9kygpxza3h82ynh8d0xlueucnu2yqum8nse8hj7y,hollow,pool1qqq9tqyj69j9kygpxza3h82ynh8d0xlueucnu2yqum8nse8hj7y,,334,0,0,2207645.47,0.0,0.0
pool166dkk9kx5y6ug9tnvh0dnvxhwt2yca3g5pd5jaqa8t39cgyqqlr,hollow,VIPER,VIPER,3418,0,0,49033350.08,0.0,0.0
pool1we0xjccr3vc4ypnmhzsgwp7sxpsytu8dtv0syeqmtrllvcex68q,hollow,pool1we0xjccr3vc4ypnmhzsgwp7sxpsytu8dtv0syeqmtrllvcex68q,,187,0,0,1490370.82,0.0,0.0
pool1qqqyv9pn9typyqwcxqk5ewpxy5p27g5j2ms58hpp2c2kuzs5z77,hollow,pool1qqqyv9pn9typyqwcxqk5ewpxy5p27g5j2ms58hpp2c2kuzs5z77,,3793,0,0,26268099.92,0.0,0.0
pool1j6zqawj6f58lp4p00t26eqe58gxx4pa3cudlzpkv23y92nlxjzd,hollow,pool1j6zqawj6f58lp4p00t26eqe58gxx4pa3cudlzpkv23y92nlxjzd,,683,0,0,5647465.59,0.0,0.0
pool16kus5xvdysgmtjp0hhlwt72tsm0yn2zcn0a8wg9emc6c75lxvmc,hollow,EDEN,EDEN,5335,0,0,31710776.6,0.0,0.0
pool15ccmgcc4k9t8auxw9v4dfjmrl2kqnuevawn8z6n7xv09utw9hh3,hollow,4ADA,4ADA,1471,0,0,26082506.54,0.0,0.0
pool1z5uqdk7dzdxaae5633fqfcu2eqzy3a3rgtuvy087fdld7yws0xt,hollow,pool1z5uqdk7dzdxaae5633fqfcu2eqzy3a3rgtuvy087fdld7yws0xt,,5038,1,0,63734256.01,23.3,0.0
pool1gtphgrdj8sluxm9e7ca2spcwcq2p0dxj9zf5v0yv3gsagzq704n,hollow,pool1gtphgrdj8sluxm9e7ca2spcwcq2p0dxj9zf5v0yv3gsagzq704n,,5602,1,0,55922494.75,3.41,0.0
pool1dpu6kslgxlg3ccrwxldl8e6r7ylnq0yalafmucp0yc7k6qegtt0,hollow,pool1dpu6kslgxlg3ccrwxldl8e6r7ylnq0yalafmucp0yc7k6qegtt0,,410,2,0,8438501.03,52666.07,0.0
pool1swe9nsv8lzugakjkfv04dn38scmq48wzynmn0lxasupuzmqcgjm,hollow,pool1swe9nsv8lzugakjkfv04dn38scmq48wzynmn0lxasupuzmqcgjm,,1381,0,0,14060963.24,0.0,0.0
pool15mfkj8sl7estcmmd5a07afrx5f4hlz3pcr6p6ay5pfmrjfl2hlf,balanced,pool15mfkj8sl7estcmmd5a07afrx5f4hlz3pcr6p6ay5pfmrjfl2hlf,,69,0,0,1009555.34,0.0,0.0
pool155cu3s06js3llfh07vnzepatfuvt3s5s7uwldt9rzz55wz7pugt,hollow,SPS,SPS,279,0,0,13662716.0,0.0,0.0
pool1c89d4drtwn0048mekkdkzllz559ahnntxelyw2mppxnmc36hjlx,hollow,pool1c89d4drtwn0048mekkdkzllz559ahnntxelyw2mppxnmc36hjlx,,756,0,0,31854166.37,0.0,0.0
pool1qqq0c53vaf5ju0n3fvujmyxwca0yhp65930evw9lngmr5705csz,hollow,pool1qqq0c53vaf5ju0n3fvujmyxwca0yhp65930evw9lngmr5705csz,,1678,1,0,53611849.46,52663.98,0.0
pool1p627hhec2ha6wu6ql377c3hv4mjd26w7ll0xyw2ezgnu6nyl0a4,hollow,pool1p627hhec2ha6wu6ql377c3hv4mjd26w7ll0xyw2ezgnu6nyl0a4,,20,0,0,1383858.79,0.0,0.0
pool1a2nh3ktswllhwf07fjahpdg5mpqyq7j950pyftq9765r6t4cefl,hollow,OCEAN,AdaOcean,2555,0,0,37288236.66,0.0,0.0
pool10quq4wlghwrvmhdzc7geq22pyhzegccwj56ax2g8hx0cjfahufs,hollow,SPS,SPS,434,0,0,33888633.76,0.0,0.0
pool1g5gmej3cj67td4pmvmacnls8nuq0gjld2pwfeg3jwpxujdx6lmu,hollow,WAVE,Wave / Wavepool,1663,0,0,11042704.1,0.0,0.0
pool10zyf32q3w3n9x940j6yqgkwuegzn77p94wcmpku6gvmrqw8a97d,hollow,XSP,XSP,1212,0,0,28669808.67,0.0,0.0
pool1vafsg5t78rnx3qr3fv7ys9h50pnvxqhd4l8tj629l5zk7tc39ch,hollow,WAVE,Wave / Wavepool,689,0,0,3146153.33,0.0,0.0
pool1vc8jhqtwjrjwsfk6a0enx47hd2ufg98c34ta6lvl0zv0uhpech9,hollow,pool1vc8jhqtwjrjwsfk6a0enx47hd2ufg98c34ta6lvl0zv0uhpech9,,170,2,0,1196715.96,359207.09,0.0
pool1jgwu8lq3dqddnnx7prymcgcyrqy0fdlghg33he2hmw9t2gma3zd,balanced,KIWI,KIWI,623,0,0,1985458.67,0.0,0.0
pool14wk2m2af7y4gk5uzlsmsunn7d9ppldvcxxa5an9r5ywek8330fg,hollow,pool14wk2m2af7y4gk5uzlsmsunn7d9ppldvcxxa5an9r5ywek8330fg,,3792,15,0,33255634.53,66152.98,0.0
pool10p3g22454ly7eaurlur5wc9d9ual2fnfwy7a6e7k09z3yf929k9,hollow,pool10p3g22454ly7eaurlur5wc9d9ual2fnfwy7a6e7k09z3yf929k9,,156,3,0,6052237.36,52666.08,0.0
pool173mzegwuu0pjcrt60ekelzj5haqr8r5e4e0n45qh9jdz7xm5kh8,hollow,pool173mzegwuu0pjcrt60ekelzj5haqr8r5e4e0n45qh9jdz7xm5kh8,,8345,0,0,59774613.6,0.0,0.0
pool1vxvdypctdecvc2j7xu9y8h2fdxvkpjy2pp8luwg2h6dx5jlv0nk,hollow,COOL,COOL,1203,0,0,18025499.42,0.0,0.0
pool1pmrgd8snhv0nnj97xcg70nqqhg0v9g3d0e93jl8vn23wxtsxz53,hollow,COOL,COOL,305,0,0,3363104.31,0.0,0.0
pool1myvgx4ef424e6nw2strqq7dxcepav52plyyhxrk0avaw7y098l2,hollow,COOL,COOL,1084,0,0,48813944.65,0.0,0.0
pool1kvd03hq8kp0hnxq9lq598a5amrvauj9m386rwx7ydawvjdskwnh,hollow,pool1kvd03hq8kp0hnxq9lq598a5amrvauj9m386rwx7ydawvjdskwnh,,403,0,0,2408190.7,0.0,0.0
pool1fuzqy5r9x98826zv6wp40tr27uplemmstkd57cuw8jh5v5m90vn,balanced,pool1fuzqy5r9x98826zv6wp40tr27uplemmstkd57cuw8jh5v5m90vn,,562,0,0,5588213.3,0.0,0.0
pool16fyda57p3c8gp5r6gmcq5tvqsp6mnzwvkxswgznkuh8wztrp6vv,hollow,HRMS,HRMS,7371,0,0,43792381.73,0.0,0.0
pool17ahr5ygy48vpdfnatqn2z4wfu2te4quapk2yx3k50ce6kd7feg0,hollow,pool17ahr5ygy48vpdfnatqn2z4wfu2te4quapk2yx3k50ce6kd7feg0,,9880,0,0,59085835.56,0.0,0.0
pool1lvsa8e0dw6z8g2fkw7prnfa7627wuy5jjexaadck6w5sxw5xkvm,hollow,DIGI,DIGI,1416,0,0,34023891.59,0.0,0.0
pool1y53awxsm6cmksp8qht8qfq5f5c69t6mrgrdcresk5y0ecv2yj93,hollow,KIWI,KIWI,1031,0,0,5104868.92,0.0,0.0
pool1ctzja2cdwyeqnvehmrlclc5wrn9w9acwklk3acn73jrx56d66vs,hollow,OCEAN,AdaOcean,1121,0,0,36564983.73,0.0,0.0
pool1nhls8e9swnyshldgjknku4npreax075nw0ltrkmrarh4w3skxt9,hollow,pool1nhls8e9swnyshldgjknku4npreax075nw0ltrkmrarh4w3skxt9,,563,0,0,3802730.38,0.0,0.0
pool1vc8jp7uagxgh8trzx7r260ndcydz89ges8sws05cyv7jj8q8gqs,hollow,OCEAN,AdaOcean,841,0,0,38784375.18,0.0,0.0
pool1djg8jsygtculv3q2qdrxtnpxfq003pdxcvlw2pvfupq7jm5xpgp,hollow,pool1djg8jsygtculv3q2qdrxtnpxfq003pdxcvlw2pvfupq7jm5xpgp,,130,0,0,6349211.25,0.0,0.0
pool195gdnmj6smzuakm4etxsxw3fgh8asqc4awtcskpyfnkpcvh2v8t,hollow,SUNNY,SUNNY,7345,0,0,32819261.12,0.0,0.0
pool1hht4pctn70tqdsd0zwuxv8d8cz6l5scjzaquty7vamyzy78eqvc,hollow,ACL,ACL,1132,0,0,17059902.37,0.0,0.0
pool1ell3xjtspzzz4vtsatscan6rheltf7j3hh2s8qsam2h3jvcxzm9,hollow,OCEAN,AdaOcean,675,0,0,44300286.06,0.0,0.0
pool1s0cfkzheywsftgwp0yz7sq4rt5gyf7t5kfwj5a269kpxvndjn6q,hollow,OCEAN,AdaOcean,981,0,0,23541952.09,0.0,0.0
pool1ty7lh3nvtwxlcpqg2x30fkr3j9ys6nprztr9m4zp3aajxyjk2vz,hollow,pool1ty7lh3nvtwxlcpqg2x30fkr3j9ys6nprztr9m4zp3aajxyjk2vz,,542,0,0,9506804.64,0.0,0.0
pool1tpr44v3pxth9j0ff246dvsryxpanxwx52f024ws3ecvn72sgv55,hollow,pool1tpr44v3pxth9j0ff246dvsryxpanxwx52f024ws3ecvn72sgv55,,314,0,0,46138288.06,0.0,0.0
pool1mwp8ewtzmun0426v9z0h9um2amswgfzn78rckfl2fc3t5sy0m5g,hollow,pool1mwp8ewtzmun0426v9z0h9um2amswgfzn78rckfl2fc3t5sy0m5g,,45,0,0,9248727.37,0.0,0.0
pool1yyv7vx5zhhsd60jp4tl72vpznwvpvjp35m4z7jr42ugkxmndyv5,hollow,pool1yyv7vx5zhhsd60jp4tl72vpznwvpvjp35m4z7jr42ugkxmndyv5,,199,0,0,1302299.47,0.0,0.0
pool1pshqcksxywy68lt04lw6uf35f4yssekh5dx2mxqmyrukke2z5y3,hollow,ACL,ACL,3498,0,0,54912006.91,0.0,0.0
pool1vx9tzlkgafernd9vpjpxkenutx2gncj4yn88fpq69823qlwcqrt,hollow,CRDNS,,12525,0,0,72217545.93,0.0,0.0
pool1whk6lawmfz4zq5fw8zghglp23452gnm9zgs59nqafhpexwcvute,hollow,YUTA,YUTA,107,0,0,20116989.04,0.0,0.0
pool10tqeu6d03p6rnalqlvdshmpsljxaq2c0ww6draq6xm8lgyl2a3p,hollow,pool10tqeu6d03p6rnalqlvdshmpsljxaq2c0ww6draq6xm8lgyl2a3p,,834,0,0,11105907.62,0.0,0.0
pool1p9sjhjx0v3k76wvgdqu7jcks2ra48wqlhc6g0mkewd25k3zcymy,hollow,YUTA,YUTA,218,0,0,23243153.64,0.0,0.0
pool1qqlf3epa7m8780p2jx5689u2ql06tw026l5377tptk2zswrc645,hollow,pool1qqlf3epa7m8780p2jx5689u2ql06tw026l5377tptk2zswrc645,,74,0,0,5061207.56,0.0,0.0
pool1dxkf7k3qwnpgpxqfye8y9jvk7lver3fk8dq7c4dpzezyyx8cf5c,balanced,pool1dxkf7k3qwnpgpxqfye8y9jvk7lver3fk8dq7c4dpzezyyx8cf5c,,286,0,0,2406302.99,0.0,0.0
pool1qqvukkkfr3ux4qylfkrky23f6trl2l6xjluv36z90ax7gfa8yxt,hollow,pool1qqvukkkfr3ux4qylfkrky23f6trl2l6xjluv36z90ax7gfa8yxt,,1026,0,0,23293795.1,0.0,0.0
pool1qqqqrwzy7njvjq9wph7usj5gghm3py9c97688ek8pgc7uem9cfz,hollow,pool1qqqqrwzy7njvjq9wph7usj5gghm3py9c97688ek8pgc7uem9cfz,,1322,0,0,6408979.93,0.0,0.0
pool10jn0wjlh9y3w2ygq84u2llvlnxfz3lc4g0ssqlmpp3w3y2d2lw5,hollow,pool10jn0wjlh9y3w2ygq84u2llvlnxfz3lc4g0ssqlmpp3w3y2d2lw5,,92,0,0,7184153.09,0.0,0.0
pool1qqqqx69ztfvd83rtafs3mk4lwanehrglmp2vwkjpaguecs2t4c2,hollow,pool1qqqqx69ztfvd83rtafs3mk4lwanehrglmp2vwkjpaguecs2t4c2,,1228,0,0,1513042.56,0.0,0.0
pool1qqqqzyqf8mlm70883zht60n4q6uqxg4a8x266sewv8ad2grkztl,hollow,pool1qqqqzyqf8mlm70883zht60n4q6uqxg4a8x266sewv8ad2grkztl,,1848,0,0,5827287.0,0.0,0.0
pool1a3kdettzvvlqvkl9m9hwe63ggeq5fgvz0twqew5c62dzx99vsed,hollow,pool1a3kdettzvvlqvkl9m9hwe63ggeq5fgvz0twqew5c62dzx99vsed,,1090,2,0,7809258.4,52666.05,0.0
pool1jjry6f6q0swaq457ft9eclaxaskvrxnpj0v3w8edsyfryml3vj6,hollow,pool1jjry6f6q0swaq457ft9eclaxaskvrxnpj0v3w8edsyfryml3vj6,,1230,0,0,11956711.24,0.0,0.0
pool1pfprlfz0ywcnewjegazz05ghgcfkvu40v6edsz6yn8w362sdjr8,hollow,pool1pfprlfz0ywcnewjegazz05ghgcfkvu40v6edsz6yn8w362sdjr8,,1738,0,0,28053241.42,0.0,0.0
pool1mn6relcs7dn2fqzfq5yjlwxa49d900p5sdpw62jlx45k2djgwe4,balanced,pool1mn6relcs7dn2fqzfq5yjlwxa49d900p5sdpw62jlx45k2djgwe4,,375,0,0,19531002.39,0.0,0.0
pool1rvng7n968748udkc5rxy4h9zp9hms4s3jsfwuues76ft28uc056,hollow,DIGI,DIGI,3001,0,0,60520262.75,0.0,0.0
pool1pf6yhzdr9vpct5rc3dtwersl4lyuglp80l4jc67kf2qj29xjg2u,hollow,pool1pf6yhzdr9vpct5rc3dtwersl4lyuglp80l4jc67kf2qj29xjg2u,,714,0,0,1442784.42,0.0,0.0
pool15txd36fltfgc63qq0yxtpqt88eu76s0yhugn9a6q7f4zspq6k5f,hollow,pool15txd36fltfgc63qq0yxtpqt88eu76s0yhugn9a6q7f4zspq6k5f,,907,1,0,12034682.09,52663.98,0.0
pool140x77a7cz2j689lmxf836qpjtc3y83rka28v6gpswxdw2mag62e,hollow,pool140x77a7cz2j689lmxf836qpjtc3y83rka28v6gpswxdw2mag62e,,67,0,0,6167983.47,0.0,0.0
pool1q0memmdw4ktr88fkma53tqgkaqeq3wfc476le59rped4cu8tn4h,hollow,pool1q0memmdw4ktr88fkma53tqgkaqeq3wfc476le59rped4cu8tn4h,,381,0,0,2805433.37,0.0,0.0
pool1ktgug7wwf9k4hcsuk68ftkh8xs5n0333fzxyw9sagz8njhlskgm,hollow,pool1ktgug7wwf9k4hcsuk68ftkh8xs5n0333fzxyw9sagz8njhlskgm,,147,1,0,1483750.45,22.46,0.0
pool126mkma8nv5axltmz7mmg8qz9e70nmhnf58hwx5772fhwgkhk6ag,hollow,pool126mkma8nv5axltmz7mmg8qz9e70nmhnf58hwx5772fhwgkhk6ag,,211,0,0,18507261.52,0.0,0.0
pool1xs34q2z06a46nk7hl48d27dj5gzc6hh9trugw2ehs9ajsevqffx,hollow,SNAKEPOOL_LINK,SNAKE,983,0,0,61279267.24,0.0,0.0
pool1w6l6rvhxtym5psec3mvgrjlg28d6hrv8g9jjexadzmxfgndfg2f,hollow,SIPO,SIPO,1127,0,0,48171608.86,0.0,0.0
pool1je2n5smmnyn3lh92xrp8nepjyfp596ypga6pmdecwtcrcj9uvec,hollow,pool1je2n5smmnyn3lh92xrp8nepjyfp596ypga6pmdecwtcrcj9uvec,,272,2,0,1562390.08,52666.02,0.0
pool10qmnswfc22zm0fscg80gkwqz65ujwjkqmctv8g9l9l58wqtelgg,hollow,pool10qmnswfc22zm0fscg80gkwqz65ujwjkqmctv8g9l9l58wqtelgg,,448,0,0,2784675.51,0.0,0.0
pool1hjjj584gq0ynqf06g036a4a0stpm90asrdfskpasqjxf5948ygv,balanced,pool1hjjj584gq0ynqf06g036a4a0stpm90asrdfskpasqjxf5948ygv,,254,0,0,3411955.64,0.0,0.0
pool1fyp482ntshhm9zfz4nv7pmsaeakscf5mnuzcxuvtqf6t56fc7l0,hollow,pool1fyp482ntshhm9zfz4nv7pmsaeakscf5mnuzcxuvtqf6t56fc7l0,,1813,0,0,4109408.42,0.0,0.0
pool108zdflss3ayqlm5c7vr6mtqj2uwl99vk28ur8dv4zswdzt6yauc,hollow,DAPP,DAPP,6345,0,0,47761777.66,0.0,0.0
pool1gm4mcrf8mytfetsj6ykulrmv4j70y7fhceawgdg2h09t5rtt7cf,balanced,pool1gm4mcrf8mytfetsj6ykulrmv4j70y7fhceawgdg2h09t5rtt7cf,,81,0,0,2065658.48,0.0,0.0
pool150hft90uw7tzr9uvj7tqkjp4u98a9hl20llj3n9ew76kkfm768r,hollow,pool150hft90uw7tzr9uvj7tqkjp4u98a9hl20llj3n9ew76kkfm768r,,75,2,0,1781260.81,52666.03,0.0
pool19ae6xhzsscypyha0sszv90xwjsh20hxecxjpcqynshfawvwxqnn,balanced,pool19ae6xhzsscypyha0sszv90xwjsh20hxecxjpcqynshfawvwxqnn,,171,0,0,4574040.97,0.0,0.0
pool1cduc7ut6grhqyavrmm3gzcdf4qfdsjk7vdwcxy9c0r5fyaxh2sq,hollow,CRDNS,,287,0,0,1573614.93,0.0,0.0
pool1lurfk0k0wwx54hlg8a7zp3jtstu57u59aeq7aketl55hknmmtu0,hollow,pool1lurfk0k0wwx54hlg8a7zp3jtstu57u59aeq7aketl55hknmmtu0,,3230,1,0,32480756.14,0.01,0.0
pool1rj6apcqxcvavaxp22f75zs9upphena7ntsnut2efvq98g4404up,hollow,pool1rj6apcqxcvavaxp22f75zs9upphena7ntsnut2efvq98g4404up,,386,0,0,1698427.76,0.0,0.0
pool1gppqnqfguctp6gu0q8l5wjhye0ny28yzfx93hkr384cfsezru0f,hollow,pool1gppqnqfguctp6gu0q8l5wjhye0ny28yzfx93hkr384cfsezru0f,,1253,0,0,3039373.32,0.0,0.0
pool10efuydxjnasr0309lqklmj9xahupdnzqd59r5dqjeh4twz06tr0,hollow,4ADA,4ADA,437,0,0,8007526.39,0.0,0.0
pool17xextu09ghdfcmsq83whq0a45geg83jxe4qt94sevu087tzdzkl,hollow,ONYX,ONYX,1918,0,0,13380956.04,0.0,0.0
pool1g6g2d09le8hd6nv9jhyavewdnw8tu0ndst4lqysd00ru24cav0a,hollow,ONYX,ONYX,373,0,0,4011085.26,0.0,0.0
pool12vs4c3cm0tr49c7alrevfs0xa5g3s4al4fn46h33e69uusat04v,hollow,BLOOM,Bloom,3851,1,0,37443731.11,1.05,0.0
pool19f6guwy97mmnxg9dz65rxyj8hq07qxud886hamyu4fgfz7dj9gl,hollow,pool19f6guwy97mmnxg9dz65rxyj8hq07qxud886hamyu4fgfz7dj9gl,,21542,2,0,32092383.94,9.23,0.0
pool1u6kpt8hgqcm596kukj97ghefmxn8ks2cgwg8qqe0gtgscnufk5p,hollow,ATLAS,ATLAS,3727,0,0,42637993.99,0.0,0.0
pool1vquhv3kh6xkklckaenl8alyuhfsld57ef5573aqauueyqacx4ak,hollow,KIWI,KIWI,6508,0,0,33581625.24,0.0,0.0
pool1ukeqarukv9gxwy9pt8jkr4qvad2yf87758g3xzemmvmtk8lrynp,hollow,CRDNS,,5214,1,0,37502242.69,7.47,0.0
pool1cew2q6pge250exctkq26lyl0w95923xxa54thd79nv8xy9j3xe6,balanced,pool1cew2q6pge250exctkq26lyl0w95923xxa54thd79nv8xy9j3xe6,,76,0,0,2386904.05,0.0,0.0
pool1k0ucs0fau2vhr3p7qh7mnpfgrllwwda7petxjz2gzzaxkyp8f88,hollow,pool1k0ucs0fau2vhr3p7qh7mnpfgrllwwda7petxjz2gzzaxkyp8f88,,3265,1,0,57841585.91,0.43,0.0
pool1r8938r4ts8f4t8nsp9xl9dktzapt7f67jgpsp4wrju39xrdnaye,hollow,pool1r8938r4ts8f4t8nsp9xl9dktzapt7f67jgpsp4wrju39xrdnaye,,191,0,0,2554946.09,0.0,0.0
pool1nudasuv0lljpe0tswcverqvlh0v4226vgnpsuxn0e9nkvnvcvne,hollow,STI,STI,5396,0,0,37205808.64,0.0,0.0
pool1qqqqdktl6pq46td0mwut0qn30g7nlue0sete9wxl0hwsq37wrw8,hollow,pool1qqqqdktl6pq46td0mwut0qn30g7nlue0sete9wxl0hwsq37wrw8,,6296,1,0,56522634.62,52663.98,0.0
pool10eltx2wej46e62ulmwzm35xfu0azu47yvpjper7gwhncqe74vg6,hollow,pool10eltx2wej46e62ulmwzm35xfu0azu47yvpjper7gwhncqe74vg6,,1466,0,0,11778237.55,0.0,0.0
pool1xytvsd9qnvqxpthh9p8k85e823trvn3npxeur8kr9zhkqz5uls9,hollow,ADV,ADV,5098,0,0,76755312.82,0.0,0.0
pool1qnrqc7zpwye2r9wtkayh2dryvfqs7unp99f2039duljrsaffq5c,hollow,NUFI,NuFi,4886,0,0,29678326.3,0.0,0.0
pool1qzlwlyu92fsx94qu6u5nw3sy334f5yat3dv3jgx0grrsv0kp422,balanced,WESTBERG,BCSH,682,0,0,4613125.15,0.0,0.0
pool1qvhss6kxmtl27nr4ugvypayhvt4a4vzll8p9csdg2v8q7d22llu,hollow,pool1qvhss6kxmtl27nr4ugvypayhvt4a4vzll8p9csdg2v8q7d22llu,,911,0,0,6457088.12,0.0,0.0
pool1sf784g6eje8vzq9f5wu583eurhfq2ee9hzyhl46yezkuqqtmw07,hollow,pool1sf784g6eje8vzq9f5wu583eurhfq2ee9hzyhl46yezkuqqtmw07,,305,4,0,1323727.8,52672.83,0.0
pool1ntwurms3f0j4kqe5wfpg9chlasylp0lmuw72m4fn66vnuyrvs8v,balanced,pool1ntwurms3f0j4kqe5wfpg9chlasylp0lmuw72m4fn66vnuyrvs8v,,43,0,0,1706469.97,0.0,0.0
pool1u4sxd6x0qsy7evljt24vtnyhpxd098n609sfcmly6c096mr3jgq,hollow,pool1u4sxd6x0qsy7evljt24vtnyhpxd098n609sfcmly6c096mr3jgq,,580,0,0,9472719.91,0.0,0.0
pool1js570lkcs6t3pwsj3eda0zz43mc5gm922ae5rdxcfn84gu5uyrg,balanced,pool1js570lkcs6t3pwsj3eda0zz43mc5gm922ae5rdxcfn84gu5uyrg,,25,0,0,1604860.28,0.0,0.0
pool1evg78egp8gfqae273kvmmdee2dnt6vty60dpwdespg4hujznh3a,hollow,pool1evg78egp8gfqae273kvmmdee2dnt6vty60dpwdespg4hujznh3a,,781,0,0,13699817.52,0.0,0.0
pool10mf43thtl3keag50mrlvqa78xkwg7harmu4w5yzr3k7jvw0ap43,hollow,pool10mf43thtl3keag50mrlvqa78xkwg7harmu4w5yzr3k7jvw0ap43,,367,0,0,2676680.08,0.0,0.0
pool1t9m69j5thv2ke9jt9hhsgxlag44z7erp2s2ukcpruwhwqarc9np,hollow,pool1t9m69j5thv2ke9jt9hhsgxlag44z7erp2s2ukcpruwhwqarc9np,,52,0,0,4033833.18,0.0,0.0
pool1lkpj6fa4l0sy39qfvyl4pcsnnd22y8np8j98vzwula2kuxgers4,hollow,JOY,HOPE,663,0,0,6577628.12,0.0,0.0
pool1vh4y864hcq2r66ak37w4dsnkhnsfxaaacs0p5s4vj5676m6txwm,hollow,JOY,HOPE,1456,0,0,9227821.94,0.0,0.0
pool12n6lycv28kjtkzecfz2a3uujyxy6ewuwjcmjq84my67psqmgagv,hollow,pool12n6lycv28kjtkzecfz2a3uujyxy6ewuwjcmjq84my67psqmgagv,,15,0,0,1514920.08,0.0,0.0
pool1zc7vxe3ymyej76h8wu8gm79chtt7w9c3adkza4uhrjvagr9w4zp,hollow,KAIZN,KAIZN,789,0,0,6677796.79,0.0,0.0
pool1aqg6fvhcaulvss2ruvpx6ur9vj7pejvdcxv6xp0qlwuwx94evf0,hollow,pool1aqg6fvhcaulvss2ruvpx6ur9vj7pejvdcxv6xp0qlwuwx94evf0,,3859,1,0,17395234.52,5.32,0.0
pool15zrkyr0f80hxlt4scv72tej8l8zwrcphmrega9wutqchjekceal,hollow,ZETIC,ZETE,6777,0,0,39434238.38,0.0,0.0
pool1dkww2vlysa8lsnuf5rca979zdsyr3zvt59hu7e420yxfunkka2z,hollow,pool1dkww2vlysa8lsnuf5rca979zdsyr3zvt59hu7e420yxfunkka2z,,131,0,0,2208068.86,0.0,0.0
pool1w7c2j0px43jmudhf48ezp7dy8j7904c9l3wc7809lhh2z026hch,hollow,pool1w7c2j0px43jmudhf48ezp7dy8j7904c9l3wc7809lhh2z026hch,,5989,0,0,52067228.33,0.0,0.0
pool1a2gt2mvuf5zvtqlvw2xgks2efze3p4r985ft62q64lua7gx7lal,hollow,pool1a2gt2mvuf5zvtqlvw2xgks2efze3p4r985ft62q64lua7gx7lal,,434,0,0,2798786.88,0.0,0.0
pool1jt7d6ak3m8gnjyxtuxfswe258xzwda80ndl0a57vv5m2zv8h6at,hollow,pool1jt7d6ak3m8gnjyxtuxfswe258xzwda80ndl0a57vv5m2zv8h6at,,10467,7,0,12690660.57,7.65,0.0
pool1qqqqpanw9zc0rzh0yp247nzf2s35uvnsm7aaesfl2nnejaev0uc,hollow,TITAN,TITAN,4962,20,0,73441641.53,72.8,0.0
pool136wr0g23dw9daekuyqtgk366vywms6meespgpm3hdguxqczaaug,hollow,pool136wr0g23dw9daekuyqtgk366vywms6meespgpm3hdguxqczaaug,,1067,0,0,3673392.96,0.0,0.0
pool1ksrg8a964464las0ymw88slrwxkychjz9lh09lqltu5m7nw3pq0,hollow,pool1ksrg8a964464las0ymw88slrwxkychjz9lh09lqltu5m7nw3pq0,,2203,35,0,53744683.06,3586798.92,0.0
pool17rns3wjyql9jg9xkzw9h88f0kstd693pm6urwxmvejqgsyjw7ta,hollow,pool17rns3wjyql9jg9xkzw9h88f0kstd693pm6urwxmvejqgsyjw7ta,,256,0,0,2992944.62,0.0,0.0
pool1mxqjlrfskhd5kql9kak06fpdh8xjwc76gec76p3taqy2qmfzs5z,balanced,IOG,IOG,1022,0,0,10060794.06,0.0,0.0
pool1jeu74g86ys4fekhykqcww99kdsq3nlym8a6kfw8s8ff3vskad70,hollow,KAIZN,KAIZN,2835,0,0,24098974.95,0.0,0.0
pool1hkpgddlnya3pgktj3sxdraa8x8400vhaphcudvym9ye22esak43,hollow,WEP,ISP,155,0,0,13166949.65,0.0,0.0
pool1t8gjk7jzvujfv9s8q992e6s7tp8na0q3j62g7s4ppzfmccus4jk,balanced,pool1t8gjk7jzvujfv9s8q992e6s7tp8na0q3j62g7s4ppzfmccus4jk,,397,0,0,2910703.56,0.0,0.0
pool1nhd907krga9dh69kf0jg4tl0764rravepy337gptvsknxyyx94k,hollow,pool1nhd907krga9dh69kf0jg4tl0764rravepy337gptvsknxyyx94k,,813,0,0,1797212.52,0.0,0.0
pool15f9qklmaajysmwx9n3rkgc5s2g3rfffz4x8spnedtzdgq43tpe2,hollow,pool15f9qklmaajysmwx9n3rkgc5s2g3rfffz4x8spnedtzdgq43tpe2,,345,0,0,3602756.54,0.0,0.0
pool1heks0vmxkfka2amg9c8yn8qdsxvgmzelfx6jhpfkj8ht5mn0r2m,hollow,pool1heks0vmxkfka2amg9c8yn8qdsxvgmzelfx6jhpfkj8ht5mn0r2m,,508,2,0,9319951.81,52669.16,0.0
pool1gqvrgg7zycvf65ydkjeph72t0yx0f5ykzd9f477zh4f3smwk997,balanced,pool1gqvrgg7zycvf65ydkjeph72t0yx0f5ykzd9f477zh4f3smwk997,,487,0,0,3233384.02,0.0,0.0
pool10p6wd9k0fwk2zqkqnqr8efyr7gms627ujk9dxgk6majskhawr6r,hollow,pool10p6wd9k0fwk2zqkqnqr8efyr7gms627ujk9dxgk6majskhawr6r,,617,2,0,5597201.67,52666.07,0.0
pool1rvjj8cp3urh7de07pm0ceqha2x4lxws69lhd4429dm6djfjsy4l,hollow,pool1rvjj8cp3urh7de07pm0ceqha2x4lxws69lhd4429dm6djfjsy4l,,1980,1,0,27619585.44,52663.98,0.0
pool1fs2m5rmlx66crcwwrrsf2pcxjhvk7kzdurcqusd3v5gm65cufnj,hollow,pool1fs2m5rmlx66crcwwrrsf2pcxjhvk7kzdurcqusd3v5gm65cufnj,,610,0,0,15599442.05,0.0,0.0
pool1m62sl6rauje9cknrkhwl39tc4hujudkd7gp478dpz7tagmjr8wm,hollow,pool1m62sl6rauje9cknrkhwl39tc4hujudkd7gp478dpz7tagmjr8wm,,4049,0,0,16365070.86,0.0,0.0
pool1hnp560z9e5acwux8tjguxq36j9r255zuf02u7z2d46dvcf5zhns,hollow,pool1hnp560z9e5acwux8tjguxq36j9r255zuf02u7z2d46dvcf5zhns,,1527,3,0,68197797.0,36284.62,0.0
pool1rpjjz68kmmetyxztmrstrwgz8lxf6v0d7vqgw98r5x8rc50jrdf,hollow,pool1rpjjz68kmmetyxztmrstrwgz8lxf6v0d7vqgw98r5x8rc50jrdf,,1410,0,0,4613697.73,0.0,0.0
pool1ljywsch33t7gaf02aeeqkqpuku0ngpwl9fm04t7u5sl5xyunmgp,hollow,AUTOSTAKE,AutoStake,1326,0,0,20630871.67,0.0,0.0
pool1lnk67xp7jsc2e3yyun3fpaqvkx0f3c8q0ml29ge85udeghn2gvn,balanced,pool1lnk67xp7jsc2e3yyun3fpaqvkx0f3c8q0ml29ge85udeghn2gvn,,31,0,0,4134878.22,0.0,0.0
pool1zz7x8ergn02chznayj9fjds2gk5q6prmpdr49faspd65kzqsrjs,hollow,AUTOSTAKE,AutoStake,2896,0,0,71470227.08,0.0,0.0
pool15yyxtkhz64p7a8cnax9l7u82s9t9hdhyxsa3tdm977qhgpnsuhq,hollow,SECUR,SECUR,3214,0,0,64554796.56,0.0,0.0
pool1980svf2cxnfy66s5jgjv7y22xud75z9kfe6n0c3y54s62w56435,hollow,pool1980svf2cxnfy66s5jgjv7y22xud75z9kfe6n0c3y54s62w56435,,380,0,0,1213545.76,0.0,0.0
pool1hntu7agmt8u5j9c20ejen7dvq0jfkvkpnul3mrdd8tppqvwfvt2,hollow,BLOOM,Bloom,3053,0,0,30569000.08,0.0,0.0
pool1uthdnav2zc2hxpg2hyeyy545lnxtl8lqdcdqxjm0j8t5srmyvzj,hollow,ADASTRONG_COM,ADBV,334,0,0,37925983.97,0.0,0.0
pool1druxd2syfrvqvepxh60fz0qhralcesruphh5atujuh0jktjy0ma,hollow,pool1druxd2syfrvqvepxh60fz0qhralcesruphh5atujuh0jktjy0ma,,1000,0,0,3183969.91,0.0,0.0
pool1ecvcst7k9eul4ggnljh0jw2s5nc2tyfmyzsx3xg3kmmz6ptgfwj,hollow,NUFI,NuFi,2656,0,0,12907424.39,0.0,0.0
pool189j5mz6wa0gfrakwvn2tar7qt309qxrmsgde5v6qwm892n6re3v,hollow,JOY,HOPE,52,0,0,3170266.92,0.0,0.0
pool13pclvkwxee4znt7qc55k8ny89zvdkvfrt04dtd99zjm5vs2tws5,hollow,JOY,HOPE,180,0,0,26926771.89,0.0,0.0
pool106p2jjwuwagq2as7cdzx4y6cyc2pdj7a3h3vv5cvkvnskegff3w,hollow,pool106p2jjwuwagq2as7cdzx4y6cyc2pdj7a3h3vv5cvkvnskegff3w,,1593,0,0,4472321.9,0.0,0.0
pool1fg42yz0qpu5jd0gd3g5xty4mm6jdxkje8szag8h798nyyxw6zd3,hollow,JOY,HOPE,154,0,0,18369052.22,0.0,0.0
pool1whmm0hkxunyhxsr6dfjpx2tpvd05qhev820lx9vcmvqa5wjc6nh,hollow,pool1whmm0hkxunyhxsr6dfjpx2tpvd05qhev820lx9vcmvqa5wjc6nh,,878,2,0,64055242.79,52666.07,0.0
pool1qzlw72zfwhhc0ptvzdpld06szu39x9mlm6782efy6sluz932fx6,hollow,WESTBERG,BCSH,781,0,0,3622275.73,0.0,0.0
pool12t3zmafwjqms7cuun86uwc8se4na07r3e5xswe86u37djr5f0lx,hollow,NORTH,NORTH,5259,0,0,68421593.17,0.0,0.0
pool1xwqye6mlftwjg706acz5fjqz7gmf4qdye99zsjl03a4ru68ghee,balanced,pool1xwqye6mlftwjg706acz5fjqz7gmf4qdye99zsjl03a4ru68ghee,,32,0,0,2858724.11,0.0,0.0
pool1dxwgzj66pual956mnv9delkelg873yvgr2dd8s279m0hxqvr475,hollow,pool1dxwgzj66pual956mnv9delkelg873yvgr2dd8s279m0hxqvr475,,3147,0,0,50740579.49,0.0,0.0
pool19ut4284xy9p82dd0cglzxweddfqw73yennkjk6mmp650chnr6lz,hollow,pool19ut4284xy9p82dd0cglzxweddfqw73yennkjk6mmp650chnr6lz,,65,1,0,1396356.23,151.47,0.0
pool1egunxfppwtglyu3t864uq76y0zu05s7pjda3e9g95nwlwc5ye2h,balanced,pool1egunxfppwtglyu3t864uq76y0zu05s7pjda3e9g95nwlwc5ye2h,,128,2,0,2408725.54,52666.07,0.0
pool1arsqn9w87wpqlm0sre66gs79dcs0jmwulytgke3vut7u62lttu7,hollow,pool1arsqn9w87wpqlm0sre66gs79dcs0jmwulytgke3vut7u62lttu7,,464,2,0,2179737.69,291883.8,0.0
pool1pnzwgsgzd6t4788sfr7dxjyusepyq9xaxnpyfcngewqf29t9ayd,hollow,pool1pnzwgsgzd6t4788sfr7dxjyusepyq9xaxnpyfcngewqf29t9ayd,,2573,0,0,5701246.97,0.0,0.0
pool1lskcfz80qg2kr2p6776kl9emjn8ulkqsqse7um7skz4y2lwa0cu,hollow,pool1lskcfz80qg2kr2p6776kl9emjn8ulkqsqse7um7skz4y2lwa0cu,,2487,0,0,21294820.32,0.0,0.0
pool1cn0dqtplwf67fds40hgkf0u5rm4q4azev5qutmgkw5hdyvue2ue,hollow,NEDS,NEDS1,1183,0,0,22115423.73,0.0,0.0
pool1s2rj8t2a5tfv0rpsfak77g03h96uv3rqxp62t6jm3dh45g2e2pj,balanced,pool1s2rj8t2a5tfv0rpsfak77g03h96uv3rqxp62t6jm3dh45g2e2pj,,253,0,0,1264210.26,0.0,0.0
pool1calq8kjzrvp83l80rtvgmulausl99q4tjfkz2lp227vkymd5wgg,balanced,pool1calq8kjzrvp83l80rtvgmulausl99q4tjfkz2lp227vkymd5wgg,,554,0,0,1021676.1,0.0,0.0
pool15m78a3nfcepn8ekyzx6sa8yexg7cqseer2ktu26f7l9jjq0e502,hollow,pool15m78a3nfcepn8ekyzx6sa8yexg7cqseer2ktu26f7l9jjq0e502,,12,0,0,2571426.38,0.0,0.0
pool1uk2f28awascuhrhuwrp7x6y87x8ch33vwx8jtmrysp7l5ngq78j,hollow,pool1uk2f28awascuhrhuwrp7x6y87x8ch33vwx8jtmrysp7l5ngq78j,,6048,0,0,14337903.98,0.0,0.0
pool1yj9xduuwzvdkcwm2mc9x893zq684x7pyah4ja8zmzplgvxz6wgk,hollow,SPIRE,Spire,417,0,0,14915147.9,0.0,0.0
pool1ekcsyzwexl7p2kwxxh34hy28l6772vrmff7jwmuxsa6u6fzty9z,hollow,BMTXS_GITHUB_IO,RETIR,5306,0,0,74780906.04,0.0,0.0
pool1wpmjtfqcwvtcs9znpuulk99yk2zz6pfh0c4k9f2xlcspgqjndk2,hollow,MS,MS4,293,0,0,59446706.14,0.0,0.0
pool1vkc0dvuf8rxrch87umfayacgglrh8f88ef0f64xrdue5u2xjwfm,hollow,BINANCE,Binance,581,0,0,61428947.97,0.0,0.0
pool1q7wrwstqkzhrffdzpw8ftfd4epmxywdjnp8384atjcnezchv242,hollow,pool1q7wrwstqkzhrffdzpw8ftfd4epmxywdjnp8384atjcnezchv242,,299,2,0,1508868.82,52666.05,0.0
pool19lz8nyz0jjpdrdtnjaar4untk4th23gpg5s7aegn7480zff4vgq,hollow,MS,MS4,832,0,0,30773824.98,0.0,0.0
pool1fpu5xurq3jx5rn626ejcx0dzzzk5lmtvdl2qkj9l4kw2sjp50dz,hollow,MS,MS4,230,0,0,47850006.61,0.0,0.0
pool19ht066hngsjfnv3mfsc8u9fgzl4w5qcrmh8l6zppwph6s2t7jn4,balanced,pool19ht066hngsjfnv3mfsc8u9fgzl4w5qcrmh8l6zppwph6s2t7jn4,,133,0,0,3339248.36,0.0,0.0
pool17ynruzy9lvq0x55ks22vtf4lrrdrw2ucydh4tfzhg9kkyeaw8nf,hollow,pool17ynruzy9lvq0x55ks22vtf4lrrdrw2ucydh4tfzhg9kkyeaw8nf,,742,0,0,1496572.76,0.0,0.0
pool1l8myd66tqjk75kh7uk9k8nyl20sd4qs33s4tzzn927ujyl7ahyk,balanced,pool1l8myd66tqjk75kh7uk9k8nyl20sd4qs33s4tzzn927ujyl7ahyk,,106,0,0,1163805.65,0.0,0.0
pool1pp7tn2w6ken4rpfcjwcdup3g4m5gcdhc9lgvrm3mnxz5stmrhq2,hollow,pool1pp7tn2w6ken4rpfcjwcdup3g4m5gcdhc9lgvrm3mnxz5stmrhq2,,2547,1,0,50245025.42,20.34,0.0
pool1lqpymyzg9glc88r7urptuv0d8t2tu9ty7xtshvxmgpu0j4lp8p3,hollow,pool1lqpymyzg9glc88r7urptuv0d8t2tu9ty7xtshvxmgpu0j4lp8p3,,2044,0,0,6561219.76,0.0,0.0
pool1e98xlcgj80c3rdmm27v5hnvrdtut52e65uk0ema7ctfag596vr2,hollow,pool1e98xlcgj80c3rdmm27v5hnvrdtut52e65uk0ema7ctfag596vr2,,148,0,0,13807104.84,0.0,0.0
pool1twd9vvegn3fqq0f4n08p3aml2ud8q87njs49900rycj4sr5hhcy,hollow,OCEAN,AdaOcean,283,0,0,2407118.58,0.0,0.0
pool1du3r4a7xq60hg2x0wcz7lw5ya3qs74rk258c8kanp93rsqdqu45,hollow,pool1du3r4a7xq60hg2x0wcz7lw5ya3qs74rk258c8kanp93rsqdqu45,,3064,0,0,46949251.12,0.0,0.0
pool1jpz5m45ff4r6tnq7n5tw63fkhpmw3cyv8sn569w24x8lj3kl68c,hollow,pool1jpz5m45ff4r6tnq7n5tw63fkhpmw3cyv8sn569w24x8lj3kl68c,,343,0,0,3867526.87,0.0,0.0
pool1hfn7yuwfyhmmqe4qpaxfewuly7cnemc6kqkv5npytj9vcrskh6j,hollow,pool1hfn7yuwfyhmmqe4qpaxfewuly7cnemc6kqkv5npytj9vcrskh6j,,228,0,0,2477201.79,0.0,0.0
pool1fm57fshvdlrgs5pnpk78tnxha0me28equyy96vj0xm85gy5chv0,hollow,pool1fm57fshvdlrgs5pnpk78tnxha0me28equyy96vj0xm85gy5chv0,,2211,0,0,14171418.28,0.0,0.0
pool1k0xa8wlsntmjhtw2shj3tspqd4kjyquw9tuyx5s7zz5jsyw4y2p,balanced,pool1k0xa8wlsntmjhtw2shj3tspqd4kjyquw9tuyx5s7zz5jsyw4y2p,,710,0,0,6291145.03,0.0,0.0
pool1429egqgv60r3nxlp6cvs08qcffv7duddjvyjd0pt6wzhj7akda8,hollow,pool1429egqgv60r3nxlp6cvs08qcffv7duddjvyjd0pt6wzhj7akda8,,202,0,0,3588424.48,0.0,0.0
pool1x0qm7xsyh2za3ltprxsgael544je4hg8tc3q3v5gv232z8jt4wp,hollow,P2P,P2P,3793,0,0,11371229.47,0.0,0.0
pool1qfxukshs4fkcrflzdnxa2fdza5lfvew3y6echg8ckaa4q8m5hyf,hollow,NEDS,NEDS1,4813,0,0,54997011.14,0.0,0.0
pool1a6ysvnx24xsjh2f6ehgmx7yu9q45fd7lsk88v2swxkek7pkxtgp,hollow,pool1a6ysvnx24xsjh2f6ehgmx7yu9q45fd7lsk88v2swxkek7pkxtgp,,61,0,0,9035412.52,0.0,0.0
pool189lsf6c2upyhmrzddyvyfjxxkqnte9pw8aqx7f4cuf85sjxlm02,hollow,CRDNS,,2416,0,0,41758929.95,0.0,0.0
pool1qqenhz258k5k9nyjull6gkzg7s4f3ae8v7qxwpegeef9v0nsy3e,hollow,pool1qqenhz258k5k9nyjull6gkzg7s4f3ae8v7qxwpegeef9v0nsy3e,,233,0,0,1526943.58,0.0,0.0
pool1rcd7qslz3xnpnk9u6tcwegy5r2574uf8suqu24ptg637jha3sr5,hollow,pool1rcd7qslz3xnpnk9u6tcwegy5r2574uf8suqu24ptg637jha3sr5,,140,0,0,8288515.63,0.0,0.0
pool1ddg6t2h9kj6lqlec4ncjs945lzj43m3ggrgdhf5sgzhtygpkznz,hollow,pool1ddg6t2h9kj6lqlec4ncjs945lzj43m3ggrgdhf5sgzhtygpkznz,,4106,1,0,64108132.69,52663.98,0.0
pool18heqrjtge2emf2hes4mdxkr76y99zztkqk4qtjr9dul0vuur0yu,hollow,pool18heqrjtge2emf2hes4mdxkr76y99zztkqk4qtjr9dul0vuur0yu,,26,0,0,1847828.09,0.0,0.0
pool1s6x6kltycpxq82hyqhlqllqj3q5l2m8w499gvtu4xrfv29c0q2q,hollow,pool1s6x6kltycpxq82hyqhlqllqj3q5l2m8w499gvtu4xrfv29c0q2q,,1869,0,0,2831651.49,0.0,0.0
pool1tpy5yawzpetcverves0h6xdycxgrstehfvrkygydt9jcqxwpw3j,hollow,pool1tpy5yawzpetcverves0h6xdycxgrstehfvrkygydt9jcqxwpw3j,,2101,0,0,17581996.76,0.0,0.0
pool150n38x8gquu4yt5s0s6m3ajjqe89y68x96dh32tq8a4es2l6dvp,hollow,ETORO,eToro,5,0,0,4007584.23,0.0,0.0
pool19066qvd5dv6vq7fh5a5l7muzk6nc5fw8zq3w4tclyrhvjvlyeuc,hollow,ETORO,eToro,2,0,0,40720163.47,0.0,0.0
pool1u7mqtde27swkarngjsn5mmw3sy20zavlafgqkmg8qv2n2nwga0l,hollow,pool1u7mqtde27swkarngjsn5mmw3sy20zavlafgqkmg8qv2n2nwga0l,,1635,0,0,17300937.95,0.0,0.0
pool10hex9l4wjgqarvhr94xgyh9frv5lhtajhrj4dah0kl65jtws30k,hollow,pool10hex9l4wjgqarvhr94xgyh9frv5lhtajhrj4dah0kl65jtws30k,,711,0,0,15738249.73,0.0,0.0
pool1xt7mjrtnsew3v33lu8sf93upf20sxhmcrfnpm82ra46yxk7uy45,hollow,ETORO,eToro,1,0,0,57000082.28,0.0,0.0
pool1hw3cgyx7tvxh2fpd46k9sqgruu5pfnzt4nxuyv2w7nlmusutda2,hollow,pool1hw3cgyx7tvxh2fpd46k9sqgruu5pfnzt4nxuyv2w7nlmusutda2,,104,0,0,2537466.41,0.0,0.0
pool1xru6f3fflzwkptgm68pncrsncg9ngllv0jk8jnz40m7wusfhazk,hollow,pool1xru6f3fflzwkptgm68pncrsncg9ngllv0jk8jnz40m7wusfhazk,,1671,0,0,22813824.29,0.0,0.0
pool1lp9wmr8dkcceta5we999nvlfh9um06cd6sggtt5523eawf7mtg4,balanced,pool1lp9wmr8dkcceta5we999nvlfh9um06cd6sggtt5523eawf7mtg4,,688,0,0,16224635.85,0.0,0.0
pool1l5kwfudnqrhw3k4lwzcppu36nun9puvvr7xnanuz8a2zx4jaek5,hollow,pool1l5kwfudnqrhw3k4lwzcppu36nun9puvvr7xnanuz8a2zx4jaek5,,264,0,0,2168175.28,0.0,0.0
pool1qu48wpwwarmkewhlwge9xs87sgt8gdnqq26nnre2v6c8up4fxwr,hollow,pool1qu48wpwwarmkewhlwge9xs87sgt8gdnqq26nnre2v6c8up4fxwr,,218,0,0,5798192.15,0.0,0.0
pool1j6dh3ynys827j38976q0q3s3c9hpzgx40kjcq4472h6m7d3t0hm,hollow,pool1j6dh3ynys827j38976q0q3s3c9hpzgx40kjcq4472h6m7d3t0hm,,478,0,0,3049619.07,0.0,0.0
pool1yc6f3cqsc7jfh07hcns64v5cp8720mve870pgxf2wkr3u8l7tse,hollow,pool1yc6f3cqsc7jfh07hcns64v5cp8720mve870pgxf2wkr3u8l7tse,,3347,2,0,26476168.33,52666.02,0.0
pool127xwsah7jllutuhen8vl7sve5278h7hhxtnys3cl438dyhuwgjg,balanced,pool127xwsah7jllutuhen8vl7sve5278h7hhxtnys3cl438dyhuwgjg,,152,0,0,2711709.52,0.0,0.0
pool19asxjgd6ah9ddzauwede4wpt9vsp6s4ax5nz297wt47evc9sn7z,balanced,HODLA,HODL₳,3276,0,0,30792212.34,0.0,0.0
pool1nhlv5z2lsptzgcp9ype0mppc7zyndm66ypm4sw5hy27ewdchqx0,hollow,P2P,P2P,1959,0,0,4714764.81,0.0,0.0
pool1jezf7dcx26edfpxmpuh05yen64a9cj44xm2ggsapcxrtqewfek2,balanced,pool1jezf7dcx26edfpxmpuh05yen64a9cj44xm2ggsapcxrtqewfek2,,36,0,0,1357277.7,0.0,0.0
pool1hkklrx9ac7w57d79mnv76rxlgq4acg5ecwhyep7k3zn0u5cz2k9,hollow,DAPP,DAPP,2510,0,0,19322330.3,0.0,0.0
pool1grgycym8cf0xmgjjr7gx7udmkpu93hqaygysy5myx6ghx8dvl5r,hollow,pool1grgycym8cf0xmgjjr7gx7udmkpu93hqaygysy5myx6ghx8dvl5r,,4075,0,0,13499334.22,0.0,0.0
pool1ppznyu6qrvlw9uuqa3tslryjd40nh56jyvmaqw6kdf4kzq3y8kh,hollow,DIGI,DIGI,1302,0,0,28034762.34,0.0,0.0
pool1tdsrw0n33gmy0mzh7cgtn9p0jy5xwjxaa2s26gn2ewf8kg4nrzx,hollow,CAFE,CAFE,6495,0,0,67737550.05,0.0,0.0
pool1xlphlhnjvfeh40vcqf9fdewztsj6kyxq6604kaccpv00umjfu0d,hollow,pool1xlphlhnjvfeh40vcqf9fdewztsj6kyxq6604kaccpv00umjfu0d,,5192,0,0,12244292.64,0.0,0.0
pool127gdv243hfcrapslaqq0nnh64u2gts72gtrt4888g6g2z0zsu64,balanced,pool127gdv243hfcrapslaqq0nnh64u2gts72gtrt4888g6g2z0zsu64,,851,0,0,1160535.14,0.0,0.0
pool1yr0cv3dtmhcfgqa6yetvmf769ngk89e6tepecmjrmjl2jzcw2lm,hollow,pool1yr0cv3dtmhcfgqa6yetvmf769ngk89e6tepecmjrmjl2jzcw2lm,,1122,11,0,28113224.09,2688039.77,0.0
pool1jg3fmnmc9n52sgzslhhvhye5e3xeqmrwkekdhh82sma47r47zg0,hollow,NUFI,NuFi,2438,0,0,11520421.5,0.0,0.0
pool1kks6sgxvx7p6fe3hhnne68xzwa9jg8qgy50yt3w3lrelvns7390,hollow,pool1kks6sgxvx7p6fe3hhnne68xzwa9jg8qgy50yt3w3lrelvns7390,,291,2,0,3271869.2,20309.75,0.0
pool1zk6uxgptztrxxamzd0ugrtu84xg8mjymd2xcdvxqazpruqt9r3x,hollow,OCEAN,AdaOcean,617,0,0,4295358.41,0.0,0.0
pool1jj2hvts3ryffy5txm7w0am3zt7s7sehdf8rrwfesjmr7shv0mgl,hollow,FIMI,FIDA,357,0,0,5706912.9,0.0,0.0
pool1ppqdq5yfkkllrcj0u47pakg9e4ha568pz3a9kkrr6w2kyw8gxv7,hollow,COOL,COOL,171,0,0,8414592.46,0.0,0.0
pool1vdcu0y6ujrwmnv4u50j6upxkjug7cx7zsaynjvgkcm2ycmajelc,hollow,COOL,COOL,561,0,0,4191914.61,0.0,0.0
pool1w7pt822hfgw30xnkwpjzz0sr5psejksqdcdw4l0ms33lsgynp2e,hollow,COOL,COOL,227,0,0,3939308.92,0.0,0.0
pool1lqucyxuvjktfmpf7fd28j54cfgamyrxed344vnwlm9wqkwjeqwk,hollow,SPS,SPS,212,0,0,11885580.48,0.0,0.0
pool1lhz4gsk5ezdl5s4mv2kxgrkhzzhad6me2v0xmwuyt845vensdlc,hollow,SECUR,SECUR,2906,0,0,70794102.73,0.0,0.0
pool1mqy259k253xryf4hvdq0n72n2uvadcgp34r0fxwpqzm0z5n0qp6,hollow,SPS,SPS,190,0,0,17120645.38,0.0,0.0
pool1qa6lqyu67ghpa0evxfu9nzqkj3h82qpfku82ec79zdwru4pd25m,hollow,CNODE,CNODE,5191,0,0,44379756.99,0.0,0.0
pool1xftlxx9slpz59thcgtwgdj3k9e0ntn3p4qnmzs3r84dkx0hccjc,hollow,SPS,SPS,310,0,0,23499455.44,0.0,0.0
pool1rqgf6qd0p3wyf9dxf2w7qcddvgg4vu56l35ez2xqemhqun2gn7y,hollow,pool1rqgf6qd0p3wyf9dxf2w7qcddvgg4vu56l35ez2xqemhqun2gn7y,,55,0,0,1318626.26,0.0,0.0
pool12lsfsh2s8yt8dvrt9m8kgrgr6ktntngvn2vad60xlqz7kxz9fxr,hollow,YUTA,YUTA,63,0,0,4993583.4,0.0,0.0
pool1y49e700dnx8lpvznmysgzw203mjq6l7um85ka4ys6x0zcwgs77w,hollow,pool1y49e700dnx8lpvznmysgzw203mjq6l7um85ka4ys6x0zcwgs77w,,32,0,0,5120185.71,0.0,0.0
pool1wyfau3rlkckr3clr4mkyxn9vdlrkup0fj7uyyflfccmms24gm3a,hollow,TERA,TERA,1258,0,0,17859173.74,0.0,0.0
pool147en6w8f9cplnn5x7qt4ese7fpacmmcwuffrtu0yqxpaz4agppr,hollow,STI,STI,2401,0,0,15416317.01,0.0,0.0
pool1uzla0r73fvpnvxr07m98nfzlxcv3q26mkjz00cqjfh7uqsyjkju,hollow,ONE_PERCENT,1PCT,202,0,0,10107344.05,0.0,0.0
pool1g8y2gz4sk7xhyaj469jlj3njyu5dlvqa7t7v9c2gk0yc69879z8,hollow,ONE_PERCENT,1PCT,508,0,0,7791758.08,0.0,0.0
pool17qvfg2g843gw6lurru282kkex6vp3pyj6zwj99j4u6k7zvmva5a,hollow,ONE_PERCENT,1PCT,424,0,0,6168717.38,0.0,0.0
pool1e4tjrl3ve7dcqwa70pexds6f8llk0txx09gm3r4m472ej4p6473,hollow,ONE_PERCENT,1PCT,261,0,0,2393053.48,0.0,0.0
pool1g0nq3m3fnvd245k4favcvutn09vce0yshg535f68d2xa54vy0cc,hollow,ONE_PERCENT,1PCT,312,0,0,10577871.86,0.0,0.0
pool167zl76srpt5a2gthpsq0ye9z4fpray5vsh7xyzcn63hd5mnw7fa,hollow,NUFI,NuFi,558,0,0,9395189.26,0.0,0.0
pool1d9g45764jtjzagrmy5ndtrx4pua7l9sr4nh08l3mqs43xe6wnh9,hollow,pool1d9g45764jtjzagrmy5ndtrx4pua7l9sr4nh08l3mqs43xe6wnh9,,15,0,0,5775705.48,0.0,0.0
pool1n7s5kpymwd0zsld8q23tpf7z5esjaqwmnnzzssee5630zpx5ww0,hollow,pool1n7s5kpymwd0zsld8q23tpf7z5esjaqwmnnzzssee5630zpx5ww0,,212,3,0,1589919.31,52805.23,0.0
pool1up53z2kadt6l5xs359ckx477rpyvyg3favh25qrhqt2ujclpq3h,hollow,CRDNS,,57,0,0,52398165.01,0.0,0.0
pool12z39rkzfylvn9wfe8j6x9ucq6g2l4mw4azj70y0gd8ejczznyj3,hollow,BRAVO,BRAVO,10152,0,0,57612323.21,0.0,0.0
pool17kew7rtakc7g6qzydntann5umw08xq3ll2j7spk7en4kvff69fa,hollow,BLOOM,Bloom,2046,0,0,14727879.2,0.0,0.0
pool1wt0pf4u2xktp0f7apveu242w6nkm4ltk3m8g039lvuhwq4zdtf3,hollow,ECO,ECO,3519,0,0,49954349.39,0.0,0.0
pool1udkx9rmgzf08z7zz4p7ykpdqsdv5nf0w8uf38wrsdn5dzk9nq4g,hollow,JOY,HOPE,138,0,0,6068723.39,0.0,0.0
pool1mfgqn8n658vjdcvg3xgtr3qyet64fht0dzsukqeznxw36z8g2k6,hollow,pool1mfgqn8n658vjdcvg3xgtr3qyet64fht0dzsukqeznxw36z8g2k6,,138,0,0,3726614.4,0.0,0.0
pool19pyfv4xnln8x4l7auw0n0skk3hd97shun707hrw5d4s553ys74x,hollow,TITAN,TITAN,2382,1,0,62649277.5,0.08,0.0
pool18rhzlrv83a7ygj7cp5uv8dx07qkn5drhe8nh6f3qvhv66xcyj2m,hollow,SIPO,SIPO,475,0,0,35605664.8,0.0,0.0
pool1fmcv9p7vv754rwc0p6ud2mgm76vnn0gq0gngrk7rq400vsvhsvs,hollow,YUTA,YUTA,111,0,0,11475994.92,0.0,0.0
pool1larpvn53yyufaf8fh89nrrpgruqcq8mgxrtdxp5y87cqse3yfg2,hollow,YUTA,YUTA,62,0,0,9139254.12,0.0,0.0
pool1pemnlylem2e94xguhd3fytj90848kpv4agvr6rthx2tp58z79ek,hollow,ACL,ACL,329,0,0,17166178.93,0.0,0.0
pool19w5khsnmu27au0kprw0kjm8jr7knneysj7lfkqvnu66hyz0jxsx,hollow,ATADA,ATADA,4250,1,0,61366384.23,0.02,0.0
pool1x89ssjp53eczthatft9w74749558nsz3pq5jn056634pgt5m58s,hollow,JOY,HOPE,33,1,0,3202703.2,0.03,0.0
pool128r8qqgl9zgy3ff4759a2qslyauu5takaec3nxx4a6mvj3ys8da,hollow,pool128r8qqgl9zgy3ff4759a2qslyauu5takaec3nxx4a6mvj3ys8da,,6689,0,0,1513374.29,0.0,0.0
pool1d76p7zfn2ydq577z4wsvmnl2lx4cxa3s5vplfuhvr8qfw8hd05j,hollow,pool1d76p7zfn2ydq577z4wsvmnl2lx4cxa3s5vplfuhvr8qfw8hd05j,,203,0,0,3249674.99,0.0,0.0
pool103455uc7a3477q8pdmzvny884qtlv9vhm2csxvqx2cadwuk36sq,hollow,EDEN,EDEN,2316,0,0,58209355.3,0.0,0.0
pool1zmfpd5r5vfwjmwm4cgy53exe58h7plnecny3t4948yw7zumzp4c,hollow,pool1zmfpd5r5vfwjmwm4cgy53exe58h7plnecny3t4948yw7zumzp4c,,5813,0,0,17495383.82,0.0,0.0
pool1uyvyxt9k9g038h567x8halej4x87j7m4r4zyz9lhv4dcv83husk,balanced,BLOOM,Bloom,2314,0,0,14416288.85,0.0,0.0
pool19r8kcmqpajlm6h5q0lv8jye0q7evdur39wfsgs4z98fcqpz9lct,hollow,BLOOM,Bloom,1320,0,0,15758260.24,0.0,0.0
pool1jdhjfcu34lq88rypdtslzwyf27uh0h3apcr9mjd68zhc69r29fy,hollow,NUFI,NuFi,3205,0,0,18453012.25,0.0,0.0
pool1ev8fwfccn8gr0zcz3uyps0t0mcrefc6s95wjc6aed3ngc86y5rk,hollow,pool1ev8fwfccn8gr0zcz3uyps0t0mcrefc6s95wjc6aed3ngc86y5rk,,462,0,0,6355039.19,0.0,0.0
pool1k6altfangsst2mmxg8a9wvg3dppyszu8ckfzd3uv6azgw3z2txy,balanced,ELITE,ELITE,239,0,0,1108190.4,0.0,0.0
pool1c3ecg6h4m73a2mftmdm9mz3gxklxmnzuwzl9e38lzd4y26qcm8a,hollow,pool1c3ecg6h4m73a2mftmdm9mz3gxklxmnzuwzl9e38lzd4y26qcm8a,,161,0,0,27351246.45,0.0,0.0
pool168t0xlm0dtdgf7d5w2mrm7ulsw4czpw297yvrpke9pmjcc9hz7k,hollow,JOY,HOPE,18,0,0,4442744.9,0.0,0.0
pool1jz5ljsnj4fzmk84j0wcw9ldy866dn07nzqg2ktyuyjvfvr3jgtq,hollow,DIGI,DIGI,1267,0,0,33540483.89,0.0,0.0
pool1s04pdfl3sv5gzuc80322rc4ne0xs7gekux7gtckvvwt7qutjy6w,hollow,MS,MS4,122,1,0,17846225.26,7.37,0.0
pool13crd2ljx87988umk22er6ynwadfwdqupdpcq6prc6v59z62kxse,hollow,BLOOM,Bloom,2625,1,0,40307727.7,17877.54,0.0
pool1p8fhygz7ga9hghhwmkr64p3ftn77lxu9nyddvsqszattcdyajc0,hollow,SUNNY,SUNNY,1099,0,0,8168111.12,0.0,0.0
pool1swuyjknhewtqcmh583jjpvlcl0p9h9hrt5l2f3v2hl6gchqrn40,hollow,ETORO,eToro,1,0,0,49999974.62,0.0,0.0
pool1ea568m9q882n0tx5d4vxff2dmz2n7rq5h62hx5ystq625m4tcfu,hollow,NUFI,NuFi,2668,0,0,12365418.74,0.0,0.0
pool1dzdxps32uqhva9q9urx4lm7m0nhlczjjccwy9kv4t2d3krsn4m7,hollow,ETORO,eToro,5,0,0,50000214.4,0.0,0.0
pool1lhvpgr8lhsf6h03v9zqxm74pa63rdxx4yuvkqfw4tv9fua8t37a,hollow,pool1lhvpgr8lhsf6h03v9zqxm74pa63rdxx4yuvkqfw4tv9fua8t37a,,119,0,0,10989981.22,0.0,0.0
pool1wdujj7tmux5nuwnpeksgncendr3mj8ecsjcddpzx9gewc3flp4r,hollow,ETORO,eToro,3,0,0,50000403.92,0.0,0.0
pool16eua0zalaln7q0s9u7jzlyygqad0pu2l2qdxx8r8ueqrw2jdhqf,hollow,ETORO,eToro,4,0,0,54629274.28,0.0,0.0
pool1helzgcd9sjm9xtyh9mw2wy06gekh6r52s6mx987q0p8lvklwura,hollow,pool1helzgcd9sjm9xtyh9mw2wy06gekh6r52s6mx987q0p8lvklwura,,926,2,0,1910586.0,48.87,0.0
pool1fxmancs3dmc9l0s7u7zrj8334m9nvzam5t5hnuuf4c7cjr6867m,hollow,pool1fxmancs3dmc9l0s7u7zrj8334m9nvzam5t5hnuuf4c7cjr6867m,,1179,0,0,5401068.45,0.0,0.0
pool1efxh54fk0dj5uu2e4eu08klxl5ys3saphv3kec33kw3xv8738sc,hollow,KAIZN,KAIZN,434,0,0,2338751.53,0.0,0.0
pool16agnvfan65ypnswgg6rml52lqtcqe5guxltexkn82sqgj2crqtx,hollow,SPIRE,Spire,9294,2,0,74970345.27,138.34,0.0
pool1c7jrfce3zxkk9s9enzpvwj8fuayvx3pdzc2k2es6mrw6gsfcjep,hollow,EDEN,EDEN,3357,0,0,27793808.92,0.0,0.0
pool1p5ja48uqc7pjnuqvwu7cgmspvx938qpnf4zqm0x2k0ngkh4lkjx,hollow,SIPO,SIPO,569,0,0,30281868.07,0.0,0.0
pool1zn9hjcmfddhcp2aj9xxuvz7z40rasyatkgavr8ryyz72qdfwtrj,hollow,pool1zn9hjcmfddhcp2aj9xxuvz7z40rasyatkgavr8ryyz72qdfwtrj,,2650,0,0,18810762.17,0.0,0.0
pool1s6se64qce5rjjjhh6ufcdnc54p8qg78mlhjm38lymx99sqysvzx,hollow,PAUL,PAUL1,8349,0,0,57964042.84,0.0,0.0
pool1c2wf97p3j9gfvfjshj99ufxerpy3aznm8tzr2fd0ua465s26th4,hollow,P2P,P2P,173,0,0,3087441.81,0.0,0.0
pool14skj6e4rpjanzclx3fc880xnl8xafgg63tmw93t9xspvwx985qu,hollow,EVERSTAKE,Everstake,20109,0,0,51478131.37,0.0,0.0
pool1m4enp55hp80tf6xl7k6f6593wnyu3pr83xfvef9x3ktdw9m0em5,balanced,DAPP,DAPP,3730,0,0,21632211.89,0.0,0.0
pool1fmgus36uc0jf0wlspfvzwfn04mz34kwrensmqgfzkv7t58dejw4,hollow,FIMI,FIDA,109,0,0,4028398.69,0.0,0.0
pool1hqwxta8p0j8ffkyle5mf6yg80tucqzh8q9mszws60xe5ja06nwa,balanced,pool1hqwxta8p0j8ffkyle5mf6yg80tucqzh8q9mszws60xe5ja06nwa,,107,0,0,3744470.94,0.0,0.0
pool1eqa7kxx4xg35cu4rqj4exkvzhenscgh8wxez0gl7hsagygp79kr,hollow,PILOT,PILOT,6972,1,0,73853511.65,4.05,0.0
pool1h3aejp7fln74mwaraqjn65ve3j5zwqr7wk0pasct87wpkv0aspm,balanced,pool1h3aejp7fln74mwaraqjn65ve3j5zwqr7wk0pasct87wpkv0aspm,,144,0,0,3688888.89,0.0,0.0
pool1rjxdqghfjw5rv6lxg8qhedkechvfgnsqhl8rrzwck9g45n43yql,hollow,RAY,XRAY1,2736,0,0,16995462.34,0.0,0.0
pool1xjhzgchsl2ccvc5pj3aqytv9hh0jnaz63wtfnw4th07tjypm46x,hollow,SECUR,SECUR,2690,0,0,58564280.84,0.0,0.0
pool1ea34czsr90yc63fmv4gj4tetp7ds7c4jhpj6vqg4yw40wvygdl3,hollow,pool1ea34czsr90yc63fmv4gj4tetp7ds7c4jhpj6vqg4yw40wvygdl3,,346,1,0,5359002.74,575597.34,0.0
pool1j8grqucdwwcr0cwzxrtw30vqcptg0jdlrmauq5w7ytvqx6nf5np,hollow,pool1j8grqucdwwcr0cwzxrtw30vqcptg0jdlrmauq5w7ytvqx6nf5np,,88,0,0,3364748.33,0.0,0.0
pool1fd0q9h8974y6psejmzczlywy8fgxxy07rn2ynrwu734aqwq540p,hollow,BINANCE,Binance,32,0,0,60070560.79,0.0,0.0
pool1lnr8t7pxvq3vfg8c5lc7yjcq39haws4ntu28xpxzx4zyya9ntny,hollow,BINANCE,Binance,16,0,0,34584181.84,0.0,0.0
pool17rjst78s67lvellg8s586rf076jxa3wnsdz730f4xk2zwuhrtej,hollow,NORTH,NORTH,4519,0,0,69450104.3,0.0,0.0
pool1q0a7a94cfk4ph7gugj636tsuhhd98l2sfjv2adhaff2mvs7kmtl,hollow,NUFI,NuFi,1043,0,0,8187581.39,0.0,0.0
pool1vs689gkmqtrljtmcwd2690nzqm2yyq23wk2zzx5g0v0gs5ug64a,hollow,pool1vs689gkmqtrljtmcwd2690nzqm2yyq23wk2zzx5g0v0gs5ug64a,,38,0,0,15656016.89,0.0,0.0
pool1q9kwa675j2z53jecrs6pn3fqsc9ypxrsypu5dgu6hammqkagy22,hollow,pool1q9kwa675j2z53jecrs6pn3fqsc9ypxrsypu5dgu6hammqkagy22,,104,0,0,7123806.64,0.0,0.0
pool1axzm26vduyuxgw0x9ddh4vkvn7q5hyd558l0t9c08p556lf2zaj,hollow,WAVE,Wave / Wavepool,35,0,0,34429187.28,0.0,0.0
pool1qku2yhky7sv4dfjfv42uyvauhehuqevk25aw952d7ulzqzx3jcu,hollow,pool1qku2yhky7sv4dfjfv42uyvauhehuqevk25aw952d7ulzqzx3jcu,,1435,0,0,18910841.05,0.0,0.0
pool1kmsr376syqkluhxvv8k2axugqw7unjmlkwhfxjxtj7cw7qcn0jn,hollow,CRDNS,,2231,0,0,17316733.79,0.0,0.0
pool16hs0jxw7h6pwg3ru7rcq3yvg4csj7lhmcpj68kqem2sh5nt8mwk,hollow,NUFI,NuFi,5582,0,0,26069135.04,0.0,0.0
pool1ju8f57hyvaa32tp85r468kuedvmjmcy56f8u9968drea57p50l5,hollow,AICHI,AICHI,2274,0,0,66324394.51,0.0,0.0
pool1rct5guwnp6nk9f4ldn5tr3s42j0nm5rxeayv56lxua5ck47ex39,hollow,FIMI,FIDA,2448,0,0,48982140.37,0.0,0.0
pool1g4th3pqfzh4zajzrhlh8y6wpuztrkzxwt5wd7q578894j06gwfc,hollow,pool1g4th3pqfzh4zajzrhlh8y6wpuztrkzxwt5wd7q578894j06gwfc,,271,0,0,3436410.42,0.0,0.0
pool1r55hyfrd3tw6nzpkvf4rfceh2f04yph92fc462phnd0akp2s5r6,hollow,COFFEEPOOL_JP,COFFE,606,0,0,32458851.35,0.0,0.0
pool1030vz0wxheg0dvarr8hmeavelpszmp52qucs68c7wc9uga6n6e4,hollow,pool1030vz0wxheg0dvarr8hmeavelpszmp52qucs68c7wc9uga6n6e4,,1430,0,0,1827356.25,0.0,0.0
pool1wf7wk3802jxtkmek6uprm77cgqx53t4qep9kwkl078w3yw0ff69,hollow,DNEWS,DNEWS,3369,0,0,17986152.42,0.0,0.0
pool1ufp38a9zwlvvrzcyxaxdrvav50nd7az5lyuzh4t0h3qp2gqamsx,hollow,CAFE,CAFE,912,0,0,12765360.76,0.0,0.0
pool18vej0s9gska8c847aj95g9v24duuxg2g63d5cuqngnxew643jw9,hollow,ADV,ADV,4240,0,0,65790935.85,0.0,0.0
pool1hjpax8lf2hmct63xxrspe9zzmmywcrzw89yg3nacu0axzy0latu,hollow,pool1hjpax8lf2hmct63xxrspe9zzmmywcrzw89yg3nacu0axzy0latu,,4,0,0,5446531.32,0.0,0.0
pool1tdvqgy6mq7lx7d345e276xmgmhh3s4zj8dzu6xzq5m7rx4tzkg2,hollow,ONYX,ONYX,433,0,0,51446304.33,0.0,0.0
pool1c2utlagkpht4zj0jetsf245c258geuxnjqp9kf4f2z9rutx9dz4,hollow,pool1c2utlagkpht4zj0jetsf245c258geuxnjqp9kf4f2z9rutx9dz4,,432,0,0,2498968.65,0.0,0.0
pool1q0jmr57udknpq8k5qtgt5vgdjq9pzrzevf68966wxn8zgz7qy3w,balanced,pool1q0jmr57udknpq8k5qtgt5vgdjq9pzrzevf68966wxn8zgz7qy3w,,218,1,0,3270498.73,79.94,0.0
pool1eqj3dzpkcklc2r0v8pt8adrhrshq8m4zsev072ga7a52uj5wv5c,hollow,pool1eqj3dzpkcklc2r0v8pt8adrhrshq8m4zsev072ga7a52uj5wv5c,,815,7,0,10889723.45,52684.76,0.0
pool1g3ssnndd8e7lcmstkjl9ane9mup0eshv3aklg63u5tznwl4ch87,hollow,EVERSTAKE,Everstake,22469,0,0,40438758.62,0.0,0.0
pool1ezh8sewqgzy7267yvy0jssz8q7amce37x3dhmfl22j8lwz6wjrd,hollow,pool1ezh8sewqgzy7267yvy0jssz8q7amce37x3dhmfl22j8lwz6wjrd,,441,0,0,1379667.39,0.0,0.0
pool1caulv7s08g0jnptzdc69qycptacu7fzahny2epzh7sh9vhqz6xz,hollow,NUFI,NuFi,2963,0,0,16396753.27,0.0,0.0
pool1hnnfvsq3xlln6vz7d2xmk6kqekd5z4ctmfpdad8g8kr0yk8kdfd,hollow,pool1hnnfvsq3xlln6vz7d2xmk6kqekd5z4ctmfpdad8g8kr0yk8kdfd,,493,0,0,5351380.05,0.0,0.0
pool1pzqdfptvl5f8vh28az37jag2wkfmqz9x8d6eufl8y0z9q34hlr7,balanced,pool1pzqdfptvl5f8vh28az37jag2wkfmqz9x8d6eufl8y0z9q34hlr7,,38,0,0,1257720.35,0.0,0.0
pool12rs385dd534g8gtdtmnvlhq63whdvc6vnuzxa5cpx843zdy73qy,hollow,TERA,TERA,1322,0,0,12732741.56,0.0,0.0
pool1zj4h7kc6v53q9r8x3fwzfuayf2frwme8u5k86gu0uzeeuvqxgul,hollow,pool1zj4h7kc6v53q9r8x3fwzfuayf2frwme8u5k86gu0uzeeuvqxgul,,1460,0,0,8435921.9,0.0,0.0
pool1fqwnqk3phwa2s5thgym8dw34pv0z67m526uqprnjh93cvzxymef,hollow,NUFI,NuFi,3952,0,0,24857139.52,0.0,0.0
pool13pt7us94nw782t5v4d89sz8zqn8hcn8r8r7hhph5mvxvvp3c76v,hollow,DIGI,DIGI,870,0,0,11731490.64,0.0,0.0
pool1jql92je87mrx5gpjhmwr6a8a766cktcf5p0p8wd0wxq87nu80yf,hollow,DIGI,DIGI,959,0,0,2854481.27,0.0,0.0
pool16v0jqnz2zuqsdrf6z94ec5rx9ds0xeghsvmddauzt6j5w2u7lsm,hollow,IBEX,IBEX,34,0,0,12627112.23,0.0,0.0
pool15r7xg0vrrv2yu8wj3866eap8ftkuxvdk5rjz2lh4xajjq5v3p5d,hollow,NUFI,NuFi,1110,0,0,8262897.72,0.0,0.0
pool1ytszp582dm9u5un6mevt9czgcnuqhflwfr9ly4ukpeqcughryqh,balanced,pool1ytszp582dm9u5un6mevt9czgcnuqhflwfr9ly4ukpeqcughryqh,,81,0,0,5008063.65,0.0,0.0
pool1qzlw76zztkg02rywyypyw6s0gtkg2zpkaxhl6cq7eauqg8h9659,balanced,WESTBERG,BCSH,413,0,0,3103862.7,0.0,0.0
pool1qzlw756y0z6ehg9jkerrfrydr7qlvzl5pgset33h3h2akst593a,hollow,WESTBERG,BCSH,734,0,0,3284266.83,0.0,0.0
pool1qzlw7den2mlj0fmm65g0fnf46vyhzkhmdaf0f8v3s6skuue6rlk,hollow,WESTBERG,BCSH,748,0,0,10797938.05,0.0,0.0
pool137j9xuzycq4jxfpsmjnc75w2wnpz68khlwvsh69kt5negg6ldhg,hollow,pool137j9xuzycq4jxfpsmjnc75w2wnpz68khlwvsh69kt5negg6ldhg,,211,0,0,2260515.73,0.0,0.0
pool1cmaafeyy52ppz62jqmsm20c5p8nua7xx95lkkf96ktmqqj3w5td,hollow,EDEN,EDEN,1003,0,0,31168473.56,0.0,0.0
pool142xwjhpcvtp7tahpmn8tlnek7smefp9wn66z67j8vjpmjxqdg56,hollow,EDEN,EDEN,1277,0,0,15276026.35,0.0,0.0
pool1a4qtpgce7cu6wzc79fx7qrc3938hkl2gf8c2h5jugvm2gnu86l7,balanced,HODLA,HODL₳,3366,0,0,29909473.2,0.0,0.0
pool1qetkrhjs9fll3nthuxk6zp0ssanf3rszg5wh8x79mg67gsg7vjv,hollow,pool1qetkrhjs9fll3nthuxk6zp0ssanf3rszg5wh8x79mg67gsg7vjv,,39,0,0,10556600.69,0.0,0.0
pool15j6hdfel6c6zcr8gu39qgp5xkrs264yn9hm8ynhaydjtxvmznxq,hollow,pool15j6hdfel6c6zcr8gu39qgp5xkrs264yn9hm8ynhaydjtxvmznxq,,133,0,0,3619881.02,0.0,0.0
pool1850xvydng5mkjzkwqw6566y7e6hsrgakc3y87jrnqrkrwdjua2p,hollow,pool1850xvydng5mkjzkwqw6566y7e6hsrgakc3y87jrnqrkrwdjua2p,,692,0,0,14115374.88,0.0,0.0
pool1nwt6mxqus3tpzrshky5h5kykz9rjpxmacrvw0z6yak9uk5p5045,hollow,DNEWS,DNEWS,2907,0,0,21106787.0,0.0,0.0
pool17xh922cr9skc0fqk7sr8at6xx6eluh5qyv9p7ca2x0mtc3st0mz,hollow,pool17xh922cr9skc0fqk7sr8at6xx6eluh5qyv9p7ca2x0mtc3st0mz,,835,2,0,1048049.92,3.28,0.0
pool1lrnyqdlrj97d0ju5j6d9xa8prw0xeyumfd53rz5wk3gf7czqzjz,hollow,pool1lrnyqdlrj97d0ju5j6d9xa8prw0xeyumfd53rz5wk3gf7czqzjz,,570,0,0,2037757.48,0.0,0.0
pool1ue4ngerz28nkpstsr5p53qvl5ulq3jtmllj4my0d0n28yyrn4l4,hollow,pool1ue4ngerz28nkpstsr5p53qvl5ulq3jtmllj4my0d0n28yyrn4l4,,52,0,0,11709049.43,0.0,0.0
pool1jst7rrhucnp93hepezv5yqy6fx982xs2v0udwfc5ea6my3kfak7,hollow,EVERSTAKE,Everstake,20448,0,0,33313099.78,0.0,0.0
pool1j3umdcuxcewcxz98wm3sx5xqwgxx0v7z376xyjfq4jgejpvv8fz,hollow,pool1j3umdcuxcewcxz98wm3sx5xqwgxx0v7z376xyjfq4jgejpvv8fz,,491,0,0,2167061.51,0.0,0.0
pool1uhy50u9y76nd6z2xmzt3mta0yc7g3gdssef8lheyyg7zzymgzm8,hollow,NUFI,NuFi,2183,0,0,13346676.55,0.0,0.0
pool170hmssk80z2ameg7jhj5m8psnkjejcc77vfpd0875yggxhhntd0,hollow,pool170hmssk80z2ameg7jhj5m8psnkjejcc77vfpd0875yggxhhntd0,,5961,0,0,9471872.83,0.0,0.0
pool1d3gckjrphwytzw2uavgkxskwe08msumzsfj4lxnpcnpks3zjml3,hollow,pool1d3gckjrphwytzw2uavgkxskwe08msumzsfj4lxnpcnpks3zjml3,,1348,4,0,25026556.36,53156.77,0.0
pool1ujcu3myfg9wwvdyh2ks653954lamtufy3lefjs73jrr327q53j4,hollow,pool1ujcu3myfg9wwvdyh2ks653954lamtufy3lefjs73jrr327q53j4,,85,0,0,13793450.67,0.0,0.0
pool1pfdd8d8n7jx0xnk4uev3x36se87c747w6l2d5x7fanh5w9evhw2,hollow,BRAVO,BRAVO,387,0,0,10375005.17,0.0,0.0
pool1cspe7naf0mtntwyysqxk6czah3jlh6v4cja8pdfju932yxsehnm,hollow,pool1cspe7naf0mtntwyysqxk6czah3jlh6v4cja8pdfju932yxsehnm,,500,2,0,6736247.17,52666.06,0.0
pool1cpr59c88ps8499gtgegr3muhclr7dln35g9a3rqmv4dkxg9n3h8,hollow,pool1cpr59c88ps8499gtgegr3muhclr7dln35g9a3rqmv4dkxg9n3h8,,226,0,0,1305624.26,0.0,0.0
pool1j099ctc7kcc9fa78dz5qwsy2g0n96lrgletwxvxmyzh4zd7ck0j,hollow,pool1j099ctc7kcc9fa78dz5qwsy2g0n96lrgletwxvxmyzh4zd7ck0j,,1961,1,0,28412353.96,4.02,0.0
pool1r0sxz0hygfc0266lhdclve6j3cwcwlth6dya6uey65yxjnwm7qc,hollow,pool1r0sxz0hygfc0266lhdclve6j3cwcwlth6dya6uey65yxjnwm7qc,,422,0,0,13299738.03,0.0,0.0
pool104v7kzpq86r0wnfsz8r7jeld2raap92qq84trjcqk62zyh9akqt,hollow,pool104v7kzpq86r0wnfsz8r7jeld2raap92qq84trjcqk62zyh9akqt,,174,0,0,1892929.56,0.0,0.0
pool13qdkwy5y88ncr5qpjrh8hgtf94d0zw4wuhgezjg3hvlyyrh37c7,hollow,SECUR,SECUR,997,0,0,40529847.98,0.0,0.0
pool1qgmwcxs8d8qmr0vtvsqd9u8gugrventh5dcqukmu79e2sgfuu8t,hollow,pool1qgmwcxs8d8qmr0vtvsqd9u8gugrventh5dcqukmu79e2sgfuu8t,,5655,3,0,8466165.51,6993.36,0.0
pool1cq25dmlt5974x8tqg3e4dlzvrxefcce2atpnwlfp7ad5ugec9fp,balanced,pool1cq25dmlt5974x8tqg3e4dlzvrxefcce2atpnwlfp7ad5ugec9fp,,123,0,0,15359619.39,0.0,0.0
pool1zfhww5y28t303z6uyq3w47pkhfmxww9dsn89vrxteplg2zjkekl,balanced,pool1zfhww5y28t303z6uyq3w47pkhfmxww9dsn89vrxteplg2zjkekl,,169,0,0,1013597.24,0.0,0.0
pool1utqhj9g53a5cwg7tyd8neky7jvjlgzuf470adc0e69cp5uuquzx,hollow,pool1utqhj9g53a5cwg7tyd8neky7jvjlgzuf470adc0e69cp5uuquzx,,88,0,0,2025479.71,0.0,0.0
pool12l453n0jtxqq88cgwgr67z06ldyhqqvwxgkn0sgungjfvhtp2el,hollow,EVERSTAKE,Everstake,20125,0,0,32923907.12,0.0,0.0
pool12wpfng6cu7dz38yduaul3ngfm44xhv5xmech68m5fwe4wu77udd,hollow,pool12wpfng6cu7dz38yduaul3ngfm44xhv5xmech68m5fwe4wu77udd,,900,0,0,3045929.31,0.0,0.0
pool10ya6hxrssmyhl560gqyalhqxudkgfjdlc0e4krww6wweyaeajs8,hollow,NKR,NKR,465,0,0,33838169.15,0.0,0.0
pool12yscr8j3zs34ewxrwlk0p2w5uvgcnrzywpp78ddjsj8kxd530f9,balanced,pool12yscr8j3zs34ewxrwlk0p2w5uvgcnrzywpp78ddjsj8kxd530f9,,670,0,0,987920.47,0.0,0.0
pool1lfvzgsrghmugvpym868mh29288ez0nncz680mamzjygu2jpuwcd,hollow,NORTH,NORTH,2546,0,0,68753482.75,0.0,0.0
pool1tcmk6at0dmkytxgq5j4u7fgsx9kytvfu7gz22lrs8hp9ztu7arw,balanced,pool1tcmk6at0dmkytxgq5j4u7fgsx9kytvfu7gz22lrs8hp9ztu7arw,,391,0,0,2558707.36,0.0,0.0
pool18ljuhhw27t85zddz0pvsmsjsz5k0mlz03pzsxgh8qarcsw5wycc,hollow,CAFE,CAFE,92,0,0,1400946.78,0.0,0.0
pool17s3mr9c4ejjfq20dz0ls9ggskc770kt267s9xmw93payzdswwgg,hollow,pool17s3mr9c4ejjfq20dz0ls9ggskc770kt267s9xmw93payzdswwgg,,3059,0,0,70937011.19,0.0,0.0
pool14zdcvdec8qmqzsat5wg3a2h9f0u5yzrgjew534z8u3gs5durnjz,hollow,PAUL,PAUL1,6521,0,0,34729699.28,0.0,0.0
pool1vev8z03vh7jwx3mfrgzrt9fltt97nupaxv8ffj4r5r8mgwts5ze,hollow,LINKTR_EE,ADAOZ,6086,2,0,57284226.94,404631.32,0.0
pool1ewrm7y47s9hv6hxku9n5gfnsuspymp0qqpwgvgm9rvm37cek2h6,hollow,pool1ewrm7y47s9hv6hxku9n5gfnsuspymp0qqpwgvgm9rvm37cek2h6,,2921,4,0,34490574.86,52728.98,0.0
pool1zytydvyy3qztrs8l2xyggvkfcjctp23m2hc3aj7sudnzgny79cg,hollow,pool1zytydvyy3qztrs8l2xyggvkfcjctp23m2hc3aj7sudnzgny79cg,,896,2,0,7253893.52,52666.02,0.0
pool1enul577he3e0s500lv8z98m6k936uecz2rpckxxmmk8c7k0n2rd,hollow,pool1enul577he3e0s500lv8z98m6k936uecz2rpckxxmmk8c7k0n2rd,,624,0,0,7283297.9,0.0,0.0
pool1dww6s8stvm7dl2n8740s3v5rnxmsuqcl8jcnu64g7cds5w29pft,hollow,ONE_PERCENT,1PCT,96,0,0,2010623.85,0.0,0.0
pool154hq0j6u6ydz62mtlu7xaj78mhreyp0zsv2kq7f0qmne2fu4t7y,hollow,pool154hq0j6u6ydz62mtlu7xaj78mhreyp0zsv2kq7f0qmne2fu4t7y,,91,0,0,14943421.73,0.0,0.0
pool1vwquf4wt465lhketcy2j7jwpz5l6l0ce6a79ga3y4wg7gc8egp0,hollow,pool1vwquf4wt465lhketcy2j7jwpz5l6l0ce6a79ga3y4wg7gc8egp0,,64,0,0,1188622.32,0.0,0.0
pool1tmt8thfaqeqv499l3s7k5kl64s84nycvnx55ll3ksm9hq50p0ks,hollow,WAFFLEPOOL_ORG,,1099,1,0,31939315.24,52663.98,0.0
pool14enw2643rn9nn6yzv60jyz3hj4kxs0jvap87lkgsqykh508jxm6,hollow,AWP,STSH1,20500,0,0,12231338.66,0.0,0.0
pool1zx909vz9qe73avvpd0y7qqcwz8fffvnup6yuq2e8hql4svk9xr7,hollow,pool1zx909vz9qe73avvpd0y7qqcwz8fffvnup6yuq2e8hql4svk9xr7,,0,0,0,0.0,0.0,0.0
pool1nyf8x2xrlmfqwy9shqrlx2csentnzyjmxr0r3w0ljuaqz5ek7qz,hollow,ONE_PERCENT,1PCT,117,0,0,7519802.89,0.0,0.0
pool19k9grwq9cdswn4k7vxzmwcls24jj3466g4s4xr5vucehcqpslfy,hollow,ADV,ADV,385,0,0,40381207.37,0.0,0.0
pool1ynxx88cq0y8vg8yrq3jrw6epm7rq9a8859v34sq9lzjy7ztg90u,hollow,EVERSTAKE,Everstake,26167,0,0,45058381.87,0.0,0.0
pool19q034g07ka2ltwc3wwjeu79w29nlafc0w2ppne5ppu5wud60rgq,hollow,pool19q034g07ka2ltwc3wwjeu79w29nlafc0w2ppne5ppu5wud60rgq,,165,0,0,3625464.75,0.0,0.0
pool1ahazpr2yz5gljk2m4q8g7wnmq7m2sr9unhdfmr5arhqrjnntwdz,hollow,ADV,ADV,2395,0,0,75638868.97,0.0,0.0
pool12udshcl3ycj4qpxes28n0ugsye23h89rj8z2a5ast4482m08xe7,hollow,YUTA,YUTA,31,0,0,21789474.75,0.0,0.0
pool1j742gcsul7u8c05rsqmkgpkvj5qadj0pew69nctu6crqy9wjjn4,hollow,pool1j742gcsul7u8c05rsqmkgpkvj5qadj0pew69nctu6crqy9wjjn4,,324,0,0,1608652.7,0.0,0.0
pool1vdh6kxcqt9mxavyv80ggnec6jjwms44ms30rhle3lt266aj8jgh,hollow,NEDS,NEDS1,494,0,0,26565309.08,0.0,0.0
pool1gas95lqlch5pj5e4lwg78gxlq7km9xfurfd557x4tgwk5kktd04,hollow,NEDS,NEDS1,622,0,0,10439701.87,0.0,0.0
pool1chtam5czevzk2ttctvltpsc8twlwf6zzyh7kj3jkz72gks975sn,hollow,NUFI,NuFi,21,0,0,5798023.18,0.0,0.0
pool1f8erepj5w5nth5xfxgxnwpz59jzywt6zdwfr50jzjwfwksmg9ek,hollow,NUFI,NuFi,12,0,0,36329948.32,0.0,0.0
pool1u0mc9ywfxl529atxyajuz3pgqnwgnk6w7lejjmjg22ucvn7z9vh,hollow,pool1u0mc9ywfxl529atxyajuz3pgqnwgnk6w7lejjmjg22ucvn7z9vh,,1832,0,0,9463844.87,0.0,0.0
pool15d62znf04qymt6ve536tt5y9ky979ly4um5zmgz9m850vu7wuv7,hollow,NUFI,NuFi,23,0,0,41608049.6,0.0,0.0
pool1l6aeyn35nkqkn9lqqlwqnpraakdzuukjrqprcrj3sctk6hhe32k,hollow,pool1l6aeyn35nkqkn9lqqlwqnpraakdzuukjrqprcrj3sctk6hhe32k,,1619,3,0,25949308.12,763694.9,0.0
pool15wkxegrfflzcyhurrjxsm9ljqtz09xr5rtnqsarnp7hmsz5um3t,hollow,AWP,STSH1,25762,0,0,18252198.66,0.0,0.0
pool1a3ekt9me035qgju0en2w39vjns9ggtewnc9fugsmpgczvgtl6u9,hollow,pool1a3ekt9me035qgju0en2w39vjns9ggtewnc9fugsmpgczvgtl6u9,,50,0,0,7132266.1,0.0,0.0
pool1crts5gmqr34gsrn6wvrhfs9yqp0ynu8t2t4r350xp80s6pc56ue,hollow,pool1crts5gmqr34gsrn6wvrhfs9yqp0ynu8t2t4r350xp80s6pc56ue,,779,0,0,11335891.33,0.0,0.0
pool1n4fq4gw6snzqjep3pylj8dc6aaa4xgn78gl58k360dqdw6a58g8,hollow,pool1n4fq4gw6snzqjep3pylj8dc6aaa4xgn78gl58k360dqdw6a58g8,,45,0,0,2199417.08,0.0,0.0
pool180fejev4xgwe2y53ky0pxvgxr3wcvkweu6feq5mdljfzcsmtg6u,hollow,pool180fejev4xgwe2y53ky0pxvgxr3wcvkweu6feq5mdljfzcsmtg6u,,235,0,0,1145699.08,0.0,0.0
pool1e7mwu80pmsjqdf8lu7rsfdj5sldashslll0hpj7rhx3w6xpwkq7,hollow,pool1e7mwu80pmsjqdf8lu7rsfdj5sldashslll0hpj7rhx3w6xpwkq7,,10,0,0,1246648.34,0.0,0.0
pool14fjmlppz76667ws3jl5luejf2wgztuhpsftulvh3ucc65anqgve,hollow,XSP,XSP,1212,0,0,42078029.79,0.0,0.0
pool1kprt6l4quz03dhqx8jw22spdjvp5dkshdnn567vlexqkj35hd8a,hollow,pool1kprt6l4quz03dhqx8jw22spdjvp5dkshdnn567vlexqkj35hd8a,,324,2,0,3387608.27,52666.05,0.0
pool1efacpnedlfrhe9sa6s4jzq839s5q4qdrl70em0za57xg6t38d3s,hollow,STI,STI,99,0,0,6567712.2,0.0,0.0
pool12eht6dqxpzqj87xuextrpufz2gxmt4reuesuw26r2utzw0kw906,hollow,pool12eht6dqxpzqj87xuextrpufz2gxmt4reuesuw26r2utzw0kw906,,288,0,0,5681207.8,0.0,0.0
pool1gdgjzmp96kk0d0sj482655wqlq8jtc4t9xw8xzfwfx4tjyq73hw,hollow,pool1gdgjzmp96kk0d0sj482655wqlq8jtc4t9xw8xzfwfx4tjyq73hw,,29,0,0,3409359.26,0.0,0.0
pool1jsxk3ymqv2gdc6mhqk52544g2aun4zhq5wgx6n32l5s3jlne70n,hollow,pool1jsxk3ymqv2gdc6mhqk52544g2aun4zhq5wgx6n32l5s3jlne70n,,47,0,0,2434600.3,0.0,0.0
pool1drv9qkh2tgqqucc0jp8cwswpmmkfzdd898ja7ac0uwm9j5d44tq,balanced,pool1drv9qkh2tgqqucc0jp8cwswpmmkfzdd898ja7ac0uwm9j5d44tq,,115,0,0,4129635.23,0.0,0.0
pool1r2g9wv7jyt7haygrmrc2tst2m8m9ssrr3c690ffp49uhywhvmdl,balanced,pool1r2g9wv7jyt7haygrmrc2tst2m8m9ssrr3c690ffp49uhywhvmdl,,121,2,0,2972030.29,7.1,0.0
pool1n2yp66zk6m33sg8k20hsvmk9tw7xeeswzdcfxhnx9hm9jkxv5k4,hollow,pool1n2yp66zk6m33sg8k20hsvmk9tw7xeeswzdcfxhnx9hm9jkxv5k4,,895,0,0,3318352.87,0.0,0.0
pool1cmqpzlsrrjup8zg6qaperz868u64dlt7uvvdszsr658mvzz9qq0,hollow,pool1cmqpzlsrrjup8zg6qaperz868u64dlt7uvvdszsr658mvzz9qq0,,425,1,0,1427799.43,16.27,0.0
pool1q2fh3cl6rx0wv5gry4qx5l4h65qpjf7x99xmq66nqj2fj5g6u9z,hollow,pool1q2fh3cl6rx0wv5gry4qx5l4h65qpjf7x99xmq66nqj2fj5g6u9z,,166,0,0,1860487.58,0.0,0.0
pool1qkd5y9azf2xx0gmrj68lrkcn59ldjmnpzd3y2rq3tvjp2vqljan,hollow,pool1qkd5y9azf2xx0gmrj68lrkcn59ldjmnpzd3y2rq3tvjp2vqljan,,528,0,0,10490488.16,0.0,0.0
pool17taqml487n9t4r9a6ppvf9qv0qlw2lu4zcrzwfdsfcv6xp7uqym,hollow,pool17taqml487n9t4r9a6ppvf9qv0qlw2lu4zcrzwfdsfcv6xp7uqym,,1400,1,0,18912982.33,135.91,0.0
pool19rjjay24ez2ezgqkyqvna6uwc5ur9lt489gwvrv7ve5exlcld3x,hollow,pool19rjjay24ez2ezgqkyqvna6uwc5ur9lt489gwvrv7ve5exlcld3x,,60,0,0,1489558.75,0.0,0.0
pool1x5dfpgp987e4jhxvgczr3wv50nv2pwd873tlx3uthvcasm422q6,hollow,pool1x5dfpgp987e4jhxvgczr3wv50nv2pwd873tlx3uthvcasm422q6,,1098,0,0,11078756.92,0.0,0.0
pool1t847w2hfv33qrra7q33nzq8epvcxv6ydshcq7w7j23c87xv2c2k,hollow,pool1t847w2hfv33qrra7q33nzq8epvcxv6ydshcq7w7j23c87xv2c2k,,1172,0,0,3470780.74,0.0,0.0
pool1dhf4dt395f0c0ujnscazvzvw73ynzgwvtf5k4y9c907hwjdyaq4,hollow,pool1dhf4dt395f0c0ujnscazvzvw73ynzgwvtf5k4y9c907hwjdyaq4,,207,0,0,7325674.42,0.0,0.0
pool16jefdagcsgzyek9jytzfezx5ajvfkytjgghaps64hzz6uzkpc0e,hollow,pool16jefdagcsgzyek9jytzfezx5ajvfkytjgghaps64hzz6uzkpc0e,,34,0,0,5797578.8,0.0,0.0
pool13c9mnvfx4nvwvkszxcprwlv60fh3tteef50hhhv9yxptsua2v70,private,BLOOM,Bloom,9,0,0,71029282.44,0.0,0.0
pool1sjwdmeme5zs042jzwmdvxshhv27kepxke0mr02f2yzacsyd4wtu,hollow,CCV,CCV,5543,0,0,44598994.14,0.0,0.0
pool1m3gg43uhtetn4hmw79u8836dyq8qe4cex8qnn6mks5egza7n6tp,hollow,pool1m3gg43uhtetn4hmw79u8836dyq8qe4cex8qnn6mks5egza7n6tp,,1950,1,0,2160525.0,7.03,0.0
pool1n6z7rf722heq35v2dxvstfwezgdt8cv0mftpv4r9jay3wjk2kkt,hollow,pool1n6z7rf722heq35v2dxvstfwezgdt8cv0mftpv4r9jay3wjk2kkt,,16,0,0,2626317.11,0.0,0.0
pool1cf7mqj0xd8z4jqhr7nf565mxuvepk8euv5t6ehmuwe49kfz9llr,hollow,AICHI,AICHI,341,0,0,53636075.99,0.0,0.0
pool15cy4p3axu0m6sfrmxsp46z5cevx3ruksfwjl48730cgx24j4ydz,hollow,pool15cy4p3axu0m6sfrmxsp46z5cevx3ruksfwjl48730cgx24j4ydz,,905,1,0,71241173.88,52663.98,0.0
pool104avq7309gjm0fxms69yqusxy8zf888k4mamngg5vnc6vculpzq,hollow,NUFI,NuFi,5531,0,0,25476129.88,0.0,0.0
pool10fxpa6wkv0wc6wcmahcnz4wvvfx9m7547sevxrge3nfuv7yh8m0,hollow,pool10fxpa6wkv0wc6wcmahcnz4wvvfx9m7547sevxrge3nfuv7yh8m0,,450,2,0,4428472.79,52507.72,0.0
pool12qtv7kyrx8g0d5890alk6dkc6n6nyfx80synspvqafjrqd3ergz,hollow,pool12qtv7kyrx8g0d5890alk6dkc6n6nyfx80synspvqafjrqd3ergz,,71,0,0,7442937.86,0.0,0.0
pool16ajaae2n5lsyr4f9k9uz5y8tpf0996tw640dzu7chwp2wdrnz6a,hollow,pool16ajaae2n5lsyr4f9k9uz5y8tpf0996tw640dzu7chwp2wdrnz6a,,5444,3,0,74561119.44,12110.64,0.0
pool1h6q8jj55dn6727yydlypu0rz4sflf2enxhs0thqydmddgu3shl5,hollow,pool1h6q8jj55dn6727yydlypu0rz4sflf2enxhs0thqydmddgu3shl5,,584,3,0,4658016.54,589.94,0.0
pool1zwqrrwpr5zx7c3f4ukpu4r4fz5c2hkwx9vwqka5068urgqvpjzr,hollow,pool1zwqrrwpr5zx7c3f4ukpu4r4fz5c2hkwx9vwqka5068urgqvpjzr,,232,0,0,1532931.74,0.0,0.0
pool1zkdaju2rjefa52uh6yh6etsxla0x6aqs6p6wm245y5szk7k3msd,hollow,pool1zkdaju2rjefa52uh6yh6etsxla0x6aqs6p6wm245y5szk7k3msd,,627,0,0,1589678.02,0.0,0.0
pool145ak0czqxe97ef38zjupk0pz5yk7pahcyrdfee2lrnsnwawj6dc,hollow,pool145ak0czqxe97ef38zjupk0pz5yk7pahcyrdfee2lrnsnwawj6dc,,1080,0,0,1131637.32,0.0,0.0
pool15z87p296y3m7eq8pwuu8qs6h2v4d2ctnx3yd2vqpl6txkkdvl5h,hollow,MUEN,MUEN,62,0,0,8937932.11,0.0,0.0
pool12ktz62g9d32nq0cdk9jyyqg6kquj7lnmx776at5h598supql0t2,hollow,pool12ktz62g9d32nq0cdk9jyyqg6kquj7lnmx776at5h598supql0t2,,6,0,0,7644299.4,0.0,0.0
pool1u2lghnv4ae3zy73ysjlgvxwj7tuqpmyfavk74j48g0gnqnyc692,hollow,pool1u2lghnv4ae3zy73ysjlgvxwj7tuqpmyfavk74j48g0gnqnyc692,,74,0,0,1439124.28,0.0,0.0
pool1k99yncea8tq9pfeks3yymyj6fwjf4apx0s490j09m4y66vtyufr,hollow,pool1k99yncea8tq9pfeks3yymyj6fwjf4apx0s490j09m4y66vtyufr,,73,0,0,1813720.29,0.0,0.0
pool193rdch53x9c53rmftlqgzj22vmz6w8z8hhut2ckzd2zej45zpap,hollow,pool193rdch53x9c53rmftlqgzj22vmz6w8z8hhut2ckzd2zej45zpap,,86,0,0,2016750.24,0.0,0.0
pool1t6ek99u2dzj8sr606uqm3uz0tt4ejr4cpvwtqfwen6p2z57rrst,hollow,BLOCKDAEMON,Blockdaemon,95,0,0,47157565.95,0.0,0.0
pool1rmpv0h0pecysach8tj06vxx9wku2pdm74mk9cunx759v58q0hu2,hollow,SASA,SASA,233,0,0,50269688.38,0.0,0.0
pool1urgvu6zk422j4xwtxa45lzpd6dm25msfthpkezr042secrtuwzc,hollow,CCV,CCV,4996,3,0,35119891.49,17.77,0.0
pool1cmdq8atcy8x7lfhh09vdumveuh0ywsx0269ur774nvzkyhma37d,hollow,pool1cmdq8atcy8x7lfhh09vdumveuh0ywsx0269ur774nvzkyhma37d,,189,0,0,20535548.0,0.0,0.0
pool1jufp9k6gmyusvch65ra8yk2s7wu6cx5fsgnltl83p93ejg6h3xg,hollow,CNODE,CNODE,820,0,0,14119348.47,0.0,0.0
pool1asfgkqtmjuusclgx72xpzvpw336gkulchtstsx9lsj9uqzjckv0,hollow,IBEX,IBEX,63,0,0,25657301.57,0.0,0.0
pool1dswpls43u0s6cpt0dh2d6npm0rnxh5qcjm9xax9y6fp3uq880xm,hollow,pool1dswpls43u0s6cpt0dh2d6npm0rnxh5qcjm9xax9y6fp3uq880xm,,272,0,0,2613080.85,0.0,0.0
pool1uj4u73qgtprqre78q75fq2vkcrpfrcdreqcqkvn6u0m2k6nk2yp,hollow,EVERSTAKE,Everstake,26219,0,0,54802288.59,0.0,0.0
pool138m7hevnvp664cmtralju857t5k7e4frpnaevtgpuykggr50kne,hollow,ITC,FREE,8340,0,0,33976837.72,0.0,0.0
pool1ntfxj2jgvhzen8e86ed679ctukar3vj538ywyyq8ryld66jj4sx,hollow,RAY,XRAY1,1750,0,0,11512105.95,0.0,0.0
pool1mh4ng2ldxk4sqfppzu6r4knxrk6e87e9c4wgrred84uy7xauzlh,hollow,CCV,CCV,4544,0,0,36272992.11,0.0,0.0
pool1peayemzlkmcwn64c455mx8sxdaztq0xuv9hdxlp0kcsxz57up3z,hollow,pool1peayemzlkmcwn64c455mx8sxdaztq0xuv9hdxlp0kcsxz57up3z,,41,0,0,3690507.18,0.0,0.0
pool18zf8txwv8lmtpq2src8wrhz0pjut5qft8h5tfxnctwc95r7jvvj,hollow,pool18zf8txwv8lmtpq2src8wrhz0pjut5qft8h5tfxnctwc95r7jvvj,,1988,0,0,18221125.75,0.0,0.0
pool199a44nvtjr0c5xlanz4p5c0nywu8l6k5hz3t2he0hq7wvljnsrt,hollow,pool199a44nvtjr0c5xlanz4p5c0nywu8l6k5hz3t2he0hq7wvljnsrt,,127,0,0,947142.02,0.0,0.0
pool1u99x2rr6trfznwakv0959llmxmtgc2nvanc067uugl3ejuvvnc8,hollow,WAVE,Wave / Wavepool,4256,0,0,9495899.95,0.0,0.0
pool1xlfty06hg6q23qvcaxwv3p9ke7ff9n34qpr8tpxt2zflyq20ceh,hollow,pool1xlfty06hg6q23qvcaxwv3p9ke7ff9n34qpr8tpxt2zflyq20ceh,,709,0,0,35227543.25,0.0,0.0
pool18qddv82sx8p22uxzdrf0qx9lkewxadlr9ef45kpcf7dzz3n56qv,hollow,pool18qddv82sx8p22uxzdrf0qx9lkewxadlr9ef45kpcf7dzz3n56qv,,875,0,0,17961890.37,0.0,0.0
pool1r5srulgd6gpav0sympqrkt9f4ykl06lh9sgk0p20r54v7759kws,hollow,pool1r5srulgd6gpav0sympqrkt9f4ykl06lh9sgk0p20r54v7759kws,,116,0,0,1214616.57,0.0,0.0
pool1jq7r3evstu2c040vlry8tgvpwf0mfvft86cxecwjpwcuvvqfu2r,hollow,CCV,CCV,4426,0,0,32394198.85,0.0,0.0
pool1nwfzutmm6et5yt6mdk6d3ls57qfmwje0hwcepr3dn68mu9wl0pd,hollow,pool1nwfzutmm6et5yt6mdk6d3ls57qfmwje0hwcepr3dn68mu9wl0pd,,47,0,0,700747.14,0.0,0.0
pool1s7ddsvuw09dvk7et6t842vhdfcmq893y88y3ev9attn67mruf5m,hollow,NUFI,NuFi,1843,0,0,11894372.17,0.0,0.0
pool1lfnlxfxxwvjadesxzm4c7grgs3elj70vfdnpjwjmg0ufsqnq52t,hollow,pool1lfnlxfxxwvjadesxzm4c7grgs3elj70vfdnpjwjmg0ufsqnq52t,,86,0,0,25454907.3,0.0,0.0
pool10q2fhzwe4f5k2llny65z5z2fuhrpk3x56fdc0782djdq58p9uee,hollow,pool10q2fhzwe4f5k2llny65z5z2fuhrpk3x56fdc0782djdq58p9uee,,41,0,0,2316366.34,0.0,0.0
pool1mcwcfl96ew79rmj4zxehr33p55e4e62dt4whyr2vqesswp9mmvz,hollow,pool1mcwcfl96ew79rmj4zxehr33p55e4e62dt4whyr2vqesswp9mmvz,,268,0,0,4784451.89,0.0,0.0
pool14n77mmxh6a2d9k05jamzdwsws2ayvkyje8uc7led958p63at3aj,hollow,SECUR,SECUR,153,0,0,7043804.34,0.0,0.0
pool104gtn3hvp9lz5l6wevhjj98e45s7rfaa4zzvk9pex7nn786qncr,hollow,PILOT,PILOT,1909,0,0,17741535.06,0.0,0.0
pool19l206haluae6wyzm7tjpt3gln9paa5m9s4fedec2u09fqz300ht,hollow,ETORO,eToro,1,0,0,50006984.89,0.0,0.0
pool1jzk8rwf2fs5l02dmm6pm5tnw9stmd8jpmvsy54085vu2u2656re,hollow,ETORO,eToro,4,0,0,50000242.23,0.0,0.0
pool1ncg357pkgx29g6jrwunk94pwxe409ktxyrw8s0k66vwkc4qdgnu,hollow,pool1ncg357pkgx29g6jrwunk94pwxe409ktxyrw8s0k66vwkc4qdgnu,,49,0,0,2128120.27,0.0,0.0
pool1les50pm26wpf8gym7cda470xgfswukzhyykvhyfsfl4dcu2ezj4,hollow,pool1les50pm26wpf8gym7cda470xgfswukzhyykvhyfsfl4dcu2ezj4,,8,0,0,7154905.49,0.0,0.0
pool1eaeynp2hs06v4x8q65jfm2xqcd3dc80rv220gmxvwg8m5sd6e7a,hollow,pool1eaeynp2hs06v4x8q65jfm2xqcd3dc80rv220gmxvwg8m5sd6e7a,,416,0,0,20464479.57,0.0,0.0
pool14hhs6ruwnuaf4fzsmx89mvmjl2qhyy5jnzyk2le03886kj6z9yp,hollow,pool14hhs6ruwnuaf4fzsmx89mvmjl2qhyy5jnzyk2le03886kj6z9yp,,16,0,0,3322243.09,0.0,0.0
pool1rw29y8c5md2rm4ynkrqhpm9saatd0a0xzyyc6xudelgkww5junh,hollow,YUTA,YUTA,16,0,0,10050132.72,0.0,0.0
pool18xjkr4xpscwxsatewj9lqc6z74vw90qycjd0wrypeqej673j5u8,hollow,pool18xjkr4xpscwxsatewj9lqc6z74vw90qycjd0wrypeqej673j5u8,,13,0,0,5574779.26,0.0,0.0
pool1h4gwh638485yd0xcw0pkrm935nvm4aecqsxjx2yzzz0u6dfj73q,hollow,pool1h4gwh638485yd0xcw0pkrm935nvm4aecqsxjx2yzzz0u6dfj73q,,69,0,0,2048324.7,0.0,0.0
pool1dl4695wfl79k7gtzt87gsf8gsqeq97yzuvaq0d4zxhz6c0nlf4g,hollow,BLOCKDAEMON,Blockdaemon,44,0,0,59136640.87,0.0,0.0
pool1ff2hr0sukqqd75jr2rh3wrmnesxqgpq42dgd6rm3ungnqp904ue,hollow,BLOCKDAEMON,Blockdaemon,38,0,0,110926304.81,0.0,0.0
pool14cq4fchmmqjygwjw4zexmqqd6a7caxptjnvseyu6wanjuppv4vk,hollow,pool14cq4fchmmqjygwjw4zexmqqd6a7caxptjnvseyu6wanjuppv4vk,,2220,8,0,76665878.76,543.36,0.0
pool16e2x06wk8ufyakgrzq0c9p5tmfhl6w0c80raxr0xtg5g7aakhgh,hollow,pool16e2x06wk8ufyakgrzq0c9p5tmfhl6w0c80raxr0xtg5g7aakhgh,,484,0,0,3089705.54,0.0,0.0
pool1tp7fzx8w3lrwwuwff9x7nlqr4r5n0awpq0krwnahvj387n7y22h,hollow,pool1tp7fzx8w3lrwwuwff9x7nlqr4r5n0awpq0krwnahvj387n7y22h,,24,0,0,7187334.56,0.0,0.0
pool16p8y0pzx8yx7vz6eqksw9xjhh3tzeymvxcstrgtk8ncw75356yw,hollow,pool16p8y0pzx8yx7vz6eqksw9xjhh3tzeymvxcstrgtk8ncw75356yw,,86,0,0,891615.79,0.0,0.0
pool1w728ekz4fs2f33qmqf7047hvwsmarjrv5l575ncnh7hkc0zdhgz,hollow,pool1w728ekz4fs2f33qmqf7047hvwsmarjrv5l575ncnh7hkc0zdhgz,,6,0,0,10379.12,0.0,0.0
pool18j287g2sccele52hhxc0csk2ghfghwndqm9yahdqnhjks840wtq,hollow,pool18j287g2sccele52hhxc0csk2ghfghwndqm9yahdqnhjks840wtq,,1121,0,0,4081349.61,0.0,0.0
pool125kh7e0y9lwya4sz5etmsk7hvga9jtfpuhw00vz9zvk6sh8xh5r,hollow,pool125kh7e0y9lwya4sz5etmsk7hvga9jtfpuhw00vz9zvk6sh8xh5r,,56,2,0,9581676.46,52819.66,0.0
pool189vq6ay0gku9tkqc2t3nfjk3n88mm23grmfas852jruw6fjlkaf,hollow,WEP,ISP,39,0,0,24207965.22,0.0,0.0
pool1zdtqtsu3l3ytatzyvrq48d4mpnll9c5evwfq6taxkmn9vvdz839,hollow,WEP,ISP,107,0,0,15005286.14,0.0,0.0
pool1mg37s4w4uzsmw27nsnz2mwfll8sdawngvy3n657t7nd0yjcd77e,hollow,pool1mg37s4w4uzsmw27nsnz2mwfll8sdawngvy3n657t7nd0yjcd77e,,959,0,0,4143190.4,0.0,0.0
pool1gntlh2yq89tpsd7kgaeuremj3s60rscqahyl52qzv0x87mt22rq,hollow,pool1gntlh2yq89tpsd7kgaeuremj3s60rscqahyl52qzv0x87mt22rq,,225,0,0,3109250.6,0.0,0.0
pool185ev4czpm5hc9xud25xlcz5lhpnl2jztqas6mgxujqke7j5mdzc,hollow,pool185ev4czpm5hc9xud25xlcz5lhpnl2jztqas6mgxujqke7j5mdzc,,1166,0,0,2243559.57,0.0,0.0
pool1yt868wrp9s2x5pehe96del9m3nwasme62yw02vww3kg6zwzspcz,hollow,RAY,XRAY1,3164,0,0,10878019.24,0.0,0.0
pool1fvgmxt3688a5zl6amhvaqk9tmvk3lhxkgdsta6yj3czuy5hjwfy,hollow,ETORO,eToro,1,0,0,50000075.64,0.0,0.0
pool1nyjw0460ww5qjtpukexuywxdz4lzhy6tm7yygn74lnlcc62hnc8,hollow,ETORO,eToro,4,0,0,15507854.58,0.0,0.0
pool19ru9alj7n5anmzs0f9gpzlj8kaq44yhcp45mldjvldxck8f6yg6,hollow,RAY,XRAY1,785,0,0,2166663.57,0.0,0.0
pool1szy2tdjj8a4av365wk3q2fqg9srllmt0383e6v9p664ng076x9e,hollow,RAY,XRAY1,422,0,0,1180787.74,0.0,0.0
pool19rz6ve8nz6uvq97yspwh3fvt7w03dsjsnmft6du83hvtc324dus,hollow,WEP,ISP,10,0,0,2216866.34,0.0,0.0
pool1tj3u8pz6732uy2ut3s90e0j880jyu9j0ve9vtu9zj5xzglhdlqy,hollow,pool1tj3u8pz6732uy2ut3s90e0j880jyu9j0ve9vtu9zj5xzglhdlqy,,24,0,0,5593167.38,0.0,0.0
pool1upa4pa4qmcgaps4uactx9eas44rfwk9h0rxgua3l4xnf6wevfkt,hollow,pool1upa4pa4qmcgaps4uactx9eas44rfwk9h0rxgua3l4xnf6wevfkt,,16,0,0,1473045.67,0.0,0.0
pool1m3h5p82m6v99nda37rmed8vrkqt43e2a8d89k76gw5ets0gdyag,hollow,pool1m3h5p82m6v99nda37rmed8vrkqt43e2a8d89k76gw5ets0gdyag,,1484,0,0,3058257.78,0.0,0.0
pool1tc6cy0cqknsm49cvsz0mksajfvlmh3vvcp8ngtmspycgx932w6g,hollow,pool1tc6cy0cqknsm49cvsz0mksajfvlmh3vvcp8ngtmspycgx932w6g,,10,0,0,1967056.59,0.0,0.0
pool1ddywudgudfaphp8txj9qf7alj3uk6wzyd22u7cd2myhyv3lyxxx,balanced,pool1ddywudgudfaphp8txj9qf7alj3uk6wzyd22u7cd2myhyv3lyxxx,,15,0,0,1242999.74,0.0,0.0
pool1slwxj0t3575lx0rfw2x3z7dqf26jpls566pdwydvlk0jgw96lre,hollow,KTO,,35,0,0,18401163.52,0.0,0.0
pool1ygsyw93csvam58nf63gttknj9dvj3zxh54h4eh0kals7kdf0nx6,hollow,pool1ygsyw93csvam58nf63gttknj9dvj3zxh54h4eh0kals7kdf0nx6,,48,0,0,1159892.15,0.0,0.0
pool16rahfu936wdfq34wf6t8rqxvdjxayra5f7y80xq0udnqglrqel9,hollow,pool16rahfu936wdfq34wf6t8rqxvdjxayra5f7y80xq0udnqglrqel9,,45,0,0,8208313.43,0.0,0.0
pool1cg559cdc25fkvs73umj6w5nxlwy3mpmj02xt7p4v69eqs5ncz9k,hollow,pool1cg559cdc25fkvs73umj6w5nxlwy3mpmj02xt7p4v69eqs5ncz9k,,499,1,0,2254745.5,3.58,0.0
pool1lxqewhueg4hzyad766zhdwsjet5348ww8mzejf6fprxaw8wfq5s,hollow,pool1lxqewhueg4hzyad766zhdwsjet5348ww8mzejf6fprxaw8wfq5s,,62,2,0,8775268.48,52666.05,0.0
pool1psk0c2p7pwactw00nkzjexdw0msn7g8nddc06eyvds6yswr3tjg,hollow,ITC,FREE,5277,0,0,22314970.27,0.0,0.0
pool193uec04jldvah7r52q86wl033g4v42x0aste8jfg9999qepaxfp,hollow,pool193uec04jldvah7r52q86wl033g4v42x0aste8jfg9999qepaxfp,,1263,0,0,45210767.91,0.0,0.0
pool1prc9hna2mgamtspchrygc66s9n4tlkvh39e3t9zccef4kzc3ns2,hollow,pool1prc9hna2mgamtspchrygc66s9n4tlkvh39e3t9zccef4kzc3ns2,,2073,2,0,61774717.54,25235.27,0.0
pool1cyq3v3v43hu7spwlfxdm6vq9djpsjjueerhlu5qr2rvd57vqk84,hollow,WAVE,Wave / Wavepool,901,0,0,28880675.24,0.0,0.0
pool1xn4kqt45xh3udf87kmtkdfz8xh9qn6trlqsf39eusk23ufmxhgr,hollow,WAVE,Wave / Wavepool,1021,0,0,28819259.14,0.0,0.0
pool1nt65pu06tlggjeaer8862fdju98ddrrxa9wnw3k4lhfvgrrgt85,hollow,pool1nt65pu06tlggjeaer8862fdju98ddrrxa9wnw3k4lhfvgrrgt85,,37,0,0,2762902.65,0.0,0.0
pool1fkg3cr9en57ccsmnde20eevkaeu3elp0h4yyqk3udkkxzhl70ju,hollow,pool1fkg3cr9en57ccsmnde20eevkaeu3elp0h4yyqk3udkkxzhl70ju,,7,0,0,2331917.99,0.0,0.0
pool18gysxqfwz4j8rm3vlh6677vs9n23prvfr7gwe88mhn5uudgx9ng,hollow,pool18gysxqfwz4j8rm3vlh6677vs9n23prvfr7gwe88mhn5uudgx9ng,,325,0,0,4959740.13,0.0,0.0
pool1hkr5zcthjvcn3ffncc4jqk5ctxxfrk37h7uddqnvxd4cu872nrt,hollow,pool1hkr5zcthjvcn3ffncc4jqk5ctxxfrk37h7uddqnvxd4cu872nrt,,18,0,0,6175801.85,0.0,0.0
pool1q8a7ym63gurl72wr32je0tv0lp4p2uh8vzzc6rn6un7ryslvqmu,hollow,pool1q8a7ym63gurl72wr32je0tv0lp4p2uh8vzzc6rn6un7ryslvqmu,,389,0,0,5697400.05,0.0,0.0
pool1vtpn0drn5t39frknedmqq2jkhsfstwketsnvdm7cjzz674s30v2,balanced,pool1vtpn0drn5t39frknedmqq2jkhsfstwketsnvdm7cjzz674s30v2,,1586,2,0,23963300.86,53132.41,0.0
pool1k633phcvz2hjhj45evwwau4w576jpq83acg5h84w23jauqu56cw,hollow,NORTH,NORTH,1902,0,0,59607218.24,0.0,0.0
pool1xtrwqwu6jn896szjwsyxxjczl6hc9sq4lh5ax68f7dt3gc0y9rx,hollow,pool1xtrwqwu6jn896szjwsyxxjczl6hc9sq4lh5ax68f7dt3gc0y9rx,,1103,0,0,3212669.4,0.0,0.0
pool1v5u6wzakuc25q3zpx04t8gjz3rgu60wuxkv2mh5nga23xjkc86s,hollow,pool1v5u6wzakuc25q3zpx04t8gjz3rgu60wuxkv2mh5nga23xjkc86s,,1445,0,0,38747563.48,0.0,0.0
pool149d5lzg7m6susau4f4yfdztgkty34qrcdpvd3ygsetmljgxxf8g,hollow,TERA,TERA,1231,0,0,22249159.24,0.0,0.0
pool1853ffwhtuka742fq4av7s3ssdpvzhdkpw53th3es36zkwrllj9g,hollow,ATLAS,ATLAS,1328,0,0,6180075.45,0.0,0.0
pool16j3mvwws7zc9pjluyhddgea0tq647v0dh3y4nkcuckg9znjcun2,hollow,ITC,FREE,4268,0,0,20584444.25,0.0,0.0
pool1a5jd3x2udlvpm9mt4gpau4jlags6qtth6jdsguryh2zy27f5ttj,hollow,CRDNS,,319,0,0,3979597.91,0.0,0.0
pool14qpadfdjzw6jkwxy67uhey6tjpyppsmwgz5awfsxwrtpsecslpc,hollow,pool14qpadfdjzw6jkwxy67uhey6tjpyppsmwgz5awfsxwrtpsecslpc,,183,2,0,1404784.97,52796.99,0.0
pool1vflcm2fde9qyzcr0lkkv4httte3xep6sycasrtaxw6rt2me3vwp,hollow,pool1vflcm2fde9qyzcr0lkkv4httte3xep6sycasrtaxw6rt2me3vwp,,27,0,0,1541829.37,0.0,0.0
pool1ng3vqzrhn3z45yjdscv3q37n26g2pj3vp99rfkgv6225y8lqg8j,hollow,EVERSTAKE,Everstake,28291,0,0,50061833.32,0.0,0.0
pool1xjqjwe0t7uw7wfdygvt99e5wjcuz6ex6rcx2p067aqxp6tsgwgm,hollow,pool1xjqjwe0t7uw7wfdygvt99e5wjcuz6ex6rcx2p067aqxp6tsgwgm,,30,0,0,19646470.19,0.0,0.0
pool1y9rdlv5tksudwrx47afjx47grd4tyh24zccffjtp32u0cfpegvk,hollow,pool1y9rdlv5tksudwrx47afjx47grd4tyh24zccffjtp32u0cfpegvk,,25,0,0,3835066.7,0.0,0.0
pool1n940lfxkd7z73qzj5y554yrletrmgg5x2eya9tpglh3uwcqfnud,hollow,pool1n940lfxkd7z73qzj5y554yrletrmgg5x2eya9tpglh3uwcqfnud,,455,0,0,1361832.34,0.0,0.0
pool1gslrt6mmljsqkzft6nd0q7w7g2fyhxpxx6sj4ff68x22kwx6unm,hollow,pool1gslrt6mmljsqkzft6nd0q7w7g2fyhxpxx6sj4ff68x22kwx6unm,,176,0,0,956738.26,0.0,0.0
pool1jayej3rwf5ynfmmu7583x3w2j73dcedtflgnazdezfn3kl6062x,hollow,pool1jayej3rwf5ynfmmu7583x3w2j73dcedtflgnazdezfn3kl6062x,,19,0,0,1774720.06,0.0,0.0
pool1f6lnuxzw90mmd399nxqjvzyyxgmf4h3cp7j6pp5s7xmps86arct,hollow,pool1f6lnuxzw90mmd399nxqjvzyyxgmf4h3cp7j6pp5s7xmps86arct,,179,1,0,1744835.81,1.33,0.0
pool1gqgyta9sku3crjzfl9kj7kxsgfkt98y98yeu09kx22zscrezuj7,hollow,pool1gqgyta9sku3crjzfl9kj7kxsgfkt98y98yeu09kx22zscrezuj7,,2145,0,0,30462645.68,0.0,0.0
pool1pgmuramw9waw9ckxsvpxmcn9p6fd4xl5jmavu8jje0x5vuc00l0,hollow,pool1pgmuramw9waw9ckxsvpxmcn9p6fd4xl5jmavu8jje0x5vuc00l0,,11,0,0,5160924.34,0.0,0.0
pool1mvl09pgsejrudghjhq79qurugrvqy3pceznp7f9vz63n7ku7jqx,hollow,FIMI,FIDA,194,0,0,14448611.78,0.0,0.0
pool1c3kxs76qj58284f923cx7ed8vw25en3nfghyurv0z9m2g3x9c4j,hollow,pool1c3kxs76qj58284f923cx7ed8vw25en3nfghyurv0z9m2g3x9c4j,,47,0,0,8765384.32,0.0,0.0
pool1e2tl2w0x4puw0f7c04mznq4qz6kxjkwhvuvusgf2fgu7q4d6ghv,hollow,pool1e2tl2w0x4puw0f7c04mznq4qz6kxjkwhvuvusgf2fgu7q4d6ghv,,83,0,0,1035671.55,0.0,0.0
pool1aq2kqdp9xf9w47vttvmqnahwd4scz2qyddsr9l4mfru4qddg3kr,balanced,pool1aq2kqdp9xf9w47vttvmqnahwd4scz2qyddsr9l4mfru4qddg3kr,,594,0,0,2861497.04,0.0,0.0
pool16cerhwlk8nq7rpuerr4g08tpgeq7awnhgxzkyalc8n8xjwzxqm3,hollow,pool16cerhwlk8nq7rpuerr4g08tpgeq7awnhgxzkyalc8n8xjwzxqm3,,15,0,0,4841086.02,0.0,0.0
pool1axngzl8clfn6pnjaf4w5r0q4tgcwktv0zcuxnn32hl995pthddr,hollow,pool1axngzl8clfn6pnjaf4w5r0q4tgcwktv0zcuxnn32hl995pthddr,,13,0,0,7064041.15,0.0,0.0
pool1ar6nsa2uzng70uf8fdrttu5jhgxzgu2f4za8h845zr435nfcruw,hollow,pool1ar6nsa2uzng70uf8fdrttu5jhgxzgu2f4za8h845zr435nfcruw,,286,0,0,5970991.62,0.0,0.0
pool1ck8rqpxp7j8kyzutk856fnvgm8xsqmuh922wkeeg32ekjjrvtc0,hollow,pool1ck8rqpxp7j8kyzutk856fnvgm8xsqmuh922wkeeg32ekjjrvtc0,,29,0,0,2490538.86,0.0,0.0
pool1l3wdq3cec23jadkt2cx384vtgd75ncau33smrptwj87n2wedc0d,hollow,pool1l3wdq3cec23jadkt2cx384vtgd75ncau33smrptwj87n2wedc0d,,12,0,0,4998964.34,0.0,0.0
pool10scv5quxduhrcc26wpurhk743dngspe8dc3zpkkam0svyx6ejx3,hollow,pool10scv5quxduhrcc26wpurhk743dngspe8dc3zpkkam0svyx6ejx3,,24,0,0,8609843.53,0.0,0.0
pool1c86ul4pnqvu7jzag8fjdy6dgrn6pt4ad4vmyq038hyg0wl2kaed,hollow,pool1c86ul4pnqvu7jzag8fjdy6dgrn6pt4ad4vmyq038hyg0wl2kaed,,432,0,0,10881754.07,0.0,0.0
pool19v4jgpxxl72eaq8pefctatvts3gkhtyzd8nwvzskkm3mkdv2tpy,hollow,pool19v4jgpxxl72eaq8pefctatvts3gkhtyzd8nwvzskkm3mkdv2tpy,,90,0,0,1072126.88,0.0,0.0
pool1a23gmvalpdams9d42t7fur8vmknzjv7wd3nsvuvrc7dv66lnau0,hollow,pool1a23gmvalpdams9d42t7fur8vmknzjv7wd3nsvuvrc7dv66lnau0,,2403,0,0,50219142.65,0.0,0.0
pool1f9934hk9awd25mmxl0dd2haqvda9nlquwnh5pv64hs42znl07zj,hollow,BLOCKDAEMON,Blockdaemon,9,0,0,61989576.7,0.0,0.0
pool1qvkdjemewy8phhrkdhscjcnh3947f5ae42rdfjkv6gkgkjtlfsg,hollow,pool1qvkdjemewy8phhrkdhscjcnh3947f5ae42rdfjkv6gkgkjtlfsg,,10,0,0,18576680.99,0.0,0.0
pool1mfyzxyggryp0jhgghvzas7qjdyz2rcfnm5rfq8s9uefvukrlps5,hollow,BLOCKDAEMON,Blockdaemon,8,0,0,75710459.53,0.0,0.0
pool13hxlxd6qa68fmfhrvvmasa0mjg30tj9p5v2lmgmgsmrp2rgzkfp,hollow,pool13hxlxd6qa68fmfhrvvmasa0mjg30tj9p5v2lmgmgsmrp2rgzkfp,,842,0,0,65941763.68,0.0,0.0
pool15s7w4spg5ee7n7rprhs0dq78plw2mhjkpu5v97uvl27gz2way7z,hollow,pool15s7w4spg5ee7n7rprhs0dq78plw2mhjkpu5v97uvl27gz2way7z,,1016,3,0,57909442.22,2376.5,0.0
pool19hrn8me383w9atvmjwukjxqsdvr8udpmyxau956hdc53x669j8p,balanced,WAVE,Wave / Wavepool,10,0,0,41310487.87,0.0,0.0
pool165zu45p489lpuypt4fsuc5g8l9g9ha4dddlls84jlsp3k4vsw9p,hollow,pool165zu45p489lpuypt4fsuc5g8l9g9ha4dddlls84jlsp3k4vsw9p,,9,0,0,4285615.89,0.0,0.0
pool1kcvaxe4q4npwt28qlr3h84htjf4qrqglqk3cr2484ptycr0ldut,hollow,COINBASE_BISON,Coinbase / bison.run,4,0,0,35004877.16,0.0,0.0
pool1nz9h4raywm6mu2v8l7htuaqvmn06l3mepuaxynpzlwljsf8txhy,hollow,NORTH,NORTH,3061,0,0,59551022.38,0.0,0.0
pool19zz6frugmvm82ecgl5hh5vq3093d4kzr4h2r5vfmt6la7trk929,hollow,COINBASE_BISON,Coinbase / bison.run,7,0,0,35011041.94,0.0,0.0
pool15kek228mhvnsncdjn77u8qtrn8hjh5wfzmh6g942xf0353yc77j,hollow,COINBASE_BISON,Coinbase / bison.run,11,0,0,35009744.32,0.0,0.0
pool1yvf4nxph69ztm0tgj73ummxq45kfjhecyad26e3xc2002xgzalg,hollow,CCV,CCV,3240,0,0,28459854.95,0.0,0.0
pool1vcwsfldh4gkzga4mc6p86y0vytkqfm9e2dy44hs00v34yeqnfaf,hollow,COINBASE_BISON,Coinbase / bison.run,11,0,0,70053757.45,0.0,0.0
pool1gk20vlqg7qq868avysckjcjtwyphtjurfwlgra45670ny6r4fww,hollow,COINBASE_BISON,Coinbase / bison.run,11,0,0,36006821.44,0.0,0.0
pool1sdare7xfd6tmak8ghek7kwgpgj6xzu0reppmw4t46rmcs0h6vr2,hollow,COINBASE_BISON,Coinbase / bison.run,10,0,0,70028131.04,0.0,0.0
pool1398lzhvtaa0hgz305d2jz4urfkwkkt66yv476wqe6att2f7dphh,hollow,5BINARIES,,2505,0,0,26275041.03,0.0,0.0
pool1hyqdlnuff3rnvg9lx70ccca2xqxcezzz4998tp6chhxnx2st257,hollow,COINBASE_BISON,Coinbase / bison.run,4,0,0,35038308.05,0.0,0.0
pool1k2qhlrrweu8fecd4hx4hn22lv00nrd3rjdxj6durax7m78q7ynu,hollow,5BINARIES,,3255,0,0,17373217.29,0.0,0.0
pool1njjr0zn7uvydjy8067nprgwlyxqnznp9wgllfnag24nycgkda25,hollow,COINBASE_BISON,Coinbase / bison.run,5,0,0,70004429.12,0.0,0.0
pool1xed948ze4guhrkt9zxjmecjvgkvgf8gd8skkzgtacz6gsyk9m5c,hollow,COINBASE_BISON,Coinbase / bison.run,10,0,0,70320484.59,0.0,0.0
pool1fqas6yd8n3fdpz8e869qjvyensdmzletqjexcut8mxasu2sk72r,hollow,COINBASE_BISON,Coinbase / bison.run,9,0,0,70028019.37,0.0,0.0
pool18gsrasdghtjsnzlf20pht85l4epwag74w9pfx5qvdvcpxw68sl6,hollow,COINBASE_BISON,Coinbase / bison.run,3,0,0,35000022.09,0.0,0.0
pool13annzt9hjfc822f0ejvxjf7fsmxd6cc28whpk5kagec6ggfmm7u,hollow,AWP,STSH1,33875,0,0,16992745.35,0.0,0.0
pool17arsgklktp9sayk5kzaakwvl3jwyczp07guux2yd0upgqh04qjl,hollow,COINBASE_BISON,Coinbase / bison.run,8,0,0,70005160.11,0.0,0.0
pool16e43yxx4djcvnsunwgrm8tnph0ljrt3p9tnezu3qvtcwzh4zwwa,hollow,COINBASE_BISON,Coinbase / bison.run,5,0,0,70001146.3,0.0,0.0
pool13s5faca3kkg6jhqcll8xd9tarur3zkhalyuu92d5g87zyj4wrrc,hollow,COINBASE_BISON,Coinbase / bison.run,4,0,0,70000128.37,0.0,0.0
pool1j276s043qh2knv3ukmap6sra6sk7p5khuetzwx9h43wqydzsx8c,hollow,COINBASE_BISON,Coinbase / bison.run,8,0,0,70317644.39,0.0,0.0
pool1xucruwwxsym3u9v0m4ex3az5d4vpz9xu877vsl9udpt0q237e9m,hollow,COINBASE_BISON,Coinbase / bison.run,4,0,0,70006325.04,0.0,0.0
pool1fl20ddkpvnstlx63fal6e3ku46r76nk2s4mqtk5jnyxn2vt7hg6,hollow,COINBASE_BISON,Coinbase / bison.run,10,0,0,70515647.23,0.0,0.0
pool1lev7ygxcqd4aw5em7wf7y64au4hv04yl5cew27lkjmgngj46vqk,hollow,COINBASE_BISON,Coinbase / bison.run,13,0,0,70018380.72,0.0,0.0
pool1qc05c76autq4235sq20zu4vjwtl5m0xn4mxq9kg6e66uwz95kd4,hollow,COINBASE_BISON,Coinbase / bison.run,18,0,0,40805320.17,0.0,0.0
pool14xq8v9s80ut6vmwp93tzhlydhsdqhxk3e9jerl2kl7hm2dq6pru,hollow,COINBASE_BISON,Coinbase / bison.run,10,0,0,70168697.43,0.0,0.0
pool1edqwpnln3zr9gj9sfsmyl72pen6hdwev07xgqj7uz5mkjrgfj6h,hollow,COINBASE_BISON,Coinbase / bison.run,7,0,0,70178500.01,0.0,0.0
pool1qlps2dwr0qd0a7pjqr47apewf2lq42xv03zgentgwv9mspeh57g,hollow,COINBASE_BISON,Coinbase / bison.run,5,0,0,70000242.37,0.0,0.0
pool1ases3nklh6gyjf74r7dqm89exjfd520z9cefqru959wcccmrdlk,private,pool1ases3nklh6gyjf74r7dqm89exjfd520z9cefqru959wcccmrdlk,,87,1,0,42788964.94,3.5,0.0
pool1lmzhzkdvkh67a8hjcexlhajkk8f7kz2tf35frjut6creqs2kedg,hollow,pool1lmzhzkdvkh67a8hjcexlhajkk8f7kz2tf35frjut6creqs2kedg,,2,0,0,2287928.68,0.0,0.0
pool164xvrnwxg0xwhkcm0fsnlzmtj3ptp5s7hne32k4dyv60x4utfje,hollow,BLOCKDAEMON,Blockdaemon,24,0,0,22073284.76,0.0,0.0
pool15k0zeppza4qzgf6z7wmwsgvl5rz9f6489zxhrxqa8dj6jzju6ct,hollow,pool15k0zeppza4qzgf6z7wmwsgvl5rz9f6489zxhrxqa8dj6jzju6ct,,601,0,0,5681531.93,0.0,0.0
pool1568zhphxsnj5mfszwgta5zlvulu67g8f4jn6d3xs2tvas8ffu76,hollow,WEP,ISP,22,0,0,2739918.87,0.0,0.0
pool143d6z506u6yfufgzrtx8ywcwx3j4s29lxv5tdugcpcwk2l83gck,hollow,COINBASE_BISON,Coinbase / bison.run,5,0,0,70000297.13,0.0,0.0
pool18jqumjfevywycjj54m62g74ghds4mmuyqynpwfkaem0xktazlqw,hollow,pool18jqumjfevywycjj54m62g74ghds4mmuyqynpwfkaem0xktazlqw,,8,0,0,13500789.84,0.0,0.0
pool104z3yr7faqhck6wcsczhmqrrpdeparcr8juw8unxy8tm6xp447d,hollow,COINBASE_BISON,Coinbase / bison.run,9,0,0,70000193.59,0.0,0.0
pool1fpvs8h5q5kwpz4k2yd0vw90dgdxacr3ef508tzzewm0kysdt4eq,hollow,STAKEBOWL,StakeBowl,2,0,0,70000010.91,0.0,0.0
pool18gk8kvd9qf829nldqus92q9y640e6u0jdyfz04mmktwxvglgt06,hollow,STAKEBOWL,StakeBowl,5,0,0,70011725.65,0.0,0.0
pool16pv24th2tzy8k70vk4ms35tff0fjxfm2dd2psk7cvs27wnjvlgh,hollow,pool16pv24th2tzy8k70vk4ms35tff0fjxfm2dd2psk7cvs27wnjvlgh,,257,3,0,30868875.16,9492585.61,0.0
pool155p7g23vdme50kp5lfqylfx5h7ndldyz2mletvr8fqucqzyrk44,balanced,WAVE,Wave / Wavepool,111,0,0,74581944.17,0.0,0.0
pool10rdglgh4pzvkf936p2m669qzarr9dusrhmmz9nultm3uvq4eh5k,hollow,KILN,Kiln,92,0,0,76991281.63,0.0,0.0
pool1svszcjg5xaxt5mq7ue2llm26ndt74dslvev04g6kwdmvyf0t657,hollow,pool1svszcjg5xaxt5mq7ue2llm26ndt74dslvev04g6kwdmvyf0t657,,34,0,0,223207.47,0.0,0.0
pool1hezakp5r240dy4fcsm7mfd3qqahcvyrhj8hl770yxmxxzdwvcre,hollow,pool1hezakp5r240dy4fcsm7mfd3qqahcvyrhj8hl770yxmxxzdwvcre,,10,0,0,3857114.23,0.0,0.0
pool1l6vtae673eltsx86sk4xxr3fnn9tk8e99jkrdvcmjqlc6cca4nk,hollow,MUEN,MUEN,9,0,0,19078097.79,0.0,0.0
pool1vce30junxx06g2ha8ww02cqgy644yj69ehhg2x95qe7323zfznp,hollow,pool1vce30junxx06g2ha8ww02cqgy644yj69ehhg2x95qe7323zfznp,,21,0,0,4252801.77,0.0,0.0
pool1qvudfuw9ar47up5fugs53s2g84q3c4v86z4es6uwsfzzs89rwha,hollow,pool1qvudfuw9ar47up5fugs53s2g84q3c4v86z4es6uwsfzzs89rwha,,44,0,0,41517299.23,0.0,0.0
pool1zgxvcqf0dvh0ze56ev2ayjvuex3zdd3hgxzdrcezkx497mv3l7s,hollow,EVERSTAKE,Everstake,30445,0,0,59405919.18,0.0,0.0
pool165ljt7xrrpceutz5ppe96suuw0jcnrvhg0f5vu60df0r5mt0x0c,hollow,pool165ljt7xrrpceutz5ppe96suuw0jcnrvhg0f5vu60df0r5mt0x0c,,523,0,0,3495017.34,0.0,0.0
pool1fxra32qureulvqrhrdpnrl5yechhqreg2khrghv3tkl4z66t0rm,hollow,COINBASE_BISON,Coinbase / bison.run,5,0,0,35005557.38,0.0,0.0
pool136q98jnwt093qle4ph86vdpuwplg7gyvt20h2nq4m6ksv8xjcuj,hollow,STRIXJPN_GITHUB_IO,PNR39,144,0,0,44455680.9,0.0,0.0
pool1jmx55w5ydjkn4xd58gmr9xgt5t46ngs48aek779t92e7zcqfw97,hollow,pool1jmx55w5ydjkn4xd58gmr9xgt5t46ngs48aek779t92e7zcqfw97,,412,0,0,1562873.46,0.0,0.0
pool1tn7rcvc5lln8frln5n9rfd9cg8kcrj4vlm3ycdquyx5s2mlhmtk,hollow,COINBASE_BISON,Coinbase / bison.run,4,0,0,70002191.54,0.0,0.0
pool1gr7jlqk9kmhwuztdwcwf6nyr2teeq9r8h4y62ev0xrrvyvwly64,hollow,WESTBERG,BCSH,861,0,0,1087631.5,0.0,0.0
pool1s8347yjgmfguf0ynj69euw7r75w7usdrfheckpcrjrk2yfvnpwq,hollow,COINBASE_BISON,Coinbase / bison.run,6,0,0,70022874.66,0.0,0.0
pool1py6q7y3f7jz60mt5jhsrdx6lqtuvc02chqgvwzjzayctqhgzzge,hollow,pool1py6q7y3f7jz60mt5jhsrdx6lqtuvc02chqgvwzjzayctqhgzzge,,18,0,0,5527474.97,0.0,0.0
pool1mq2q0fjekk5lt8j2krryf5rvwx5z4l5l0r6afhhj0mtg23ylyuk,balanced,pool1mq2q0fjekk5lt8j2krryf5rvwx5z4l5l0r6afhhj0mtg23ylyuk,,34,4,0,1153530.28,19344.34,0.0
pool1w7dk7rn0cflzzfr4fqvjpapn0rkz5ksmerx5tgwpm2gtj2gly97,hollow,COINBASE_BISON,Coinbase / bison.run,5,0,0,70000043.41,0.0,0.0
pool1mt8sdg37f2h3rypyuc77k7vxrjshtvjw04zdjlae9vdzyt9uu34,hollow,pool1mt8sdg37f2h3rypyuc77k7vxrjshtvjw04zdjlae9vdzyt9uu34,,585,5,0,51464767.54,363.94,0.0
pool1phc0dedrry2jp2s2tqngcw87vzx3mychvm7qqe3470etzsf3ph7,hollow,pool1phc0dedrry2jp2s2tqngcw87vzx3mychvm7qqe3470etzsf3ph7,,157,1,0,1264261.72,52663.98,0.0
pool12m7z9p7jqymxrvvp6z7vmfdu6j6u6y43p0m6y4xalz43sc8s4t9,hollow,COINBASE_BISON,Coinbase / bison.run,34,0,0,34844314.59,0.0,0.0
pool1u2fuz3fn5dfphf0cu0sewm4rnera445avenggle9sl4hy7rjzgv,hollow,COINBASE_BISON,Coinbase / bison.run,11,0,0,61481961.4,0.0,0.0
pool1vqjyjsp6dawkj8tzmfpu39hvgnkph99qzarw4dll6yq76gpaa4d,hollow,pool1vqjyjsp6dawkj8tzmfpu39hvgnkph99qzarw4dll6yq76gpaa4d,,86,1,0,933080.38,92834.21,0.0
pool147tju4482jtl253lgqq88fkefdugcuhaumf8m0rcj8uzxu846qm,hollow,COINBASE_BISON,Coinbase / bison.run,67,0,0,46828439.71,0.0,0.0
pool1wvaj307ee8jfewv9qjtgk0q3elmpe5lz4n2dec2303062f7dc4c,hollow,COINBASE_BISON,Coinbase / bison.run,26,0,0,53845692.05,0.0,0.0
pool138s0uwydwtrhkaqj4uwkh37yqw098v9v6nf5q08k9nugumlf8mw,hollow,pool138s0uwydwtrhkaqj4uwkh37yqw098v9v6nf5q08k9nugumlf8mw,,26,0,0,10405533.68,0.0,0.0
pool1yh7ksvg54nger73ldnf22cgwyh0dnm4aerahdd0kdukjqeacy32,hollow,COINBASE_BISON,Coinbase / bison.run,29,0,0,67589428.48,0.0,0.0
pool1n75mtv5qwzquyq2cprnu7yqpnyg4ppagpzvcw6gk2un5vadg48a,private,pool1n75mtv5qwzquyq2cprnu7yqpnyg4ppagpzvcw6gk2un5vadg48a,,7,0,0,1133863.92,0.0,0.0
pool1l0m820vyqh5pp2yzpw973qzz23neqqd977u0uczh9fs9zqvg0je,balanced,WAVE,Wave / Wavepool,234,0,0,75351733.45,0.0,0.0
pool13k6tphjfsgqdq7h27p4x86ruchcdg2x073luw8pndh3ajxvwvja,hollow,BIGLAZYCAT,BigLazyCat,2076,0,0,70570963.36,0.0,0.0
pool1kmmahq4upmm5j8fkh3xa9vd7gdffkp8pd4axucfh4w4dw549yqe,private,ADALITE_PLATFORM,Adalite platform cluster,1,0,0,76404433.79,0.0,0.0
pool1r9fpxs4kcn80kylsjxs8tg3p50nk2s66qerfqtw4x70n5740nj9,private,ADALITE_PLATFORM,Adalite platform cluster,2,0,0,76455260.12,0.0,0.0
pool135h773klt7djljmyawkh88e8qc457wxqfhc6j9h6y9n4y3sgh7t,hollow,KTO,,428,2,0,17805277.45,52666.04,0.0
pool1hmmt5a9vyjtkz0tk6ywyyuhumt57hts5m89m9avgyyupveaejfr,hollow,FIMI,FIDA,26,0,0,10910346.22,0.0,0.0
pool1qmsck80ldwm23t4t5elxc857r82ph3urkt7tpyq65ntn2dv2ust,hollow,pool1qmsck80ldwm23t4t5elxc857r82ph3urkt7tpyq65ntn2dv2ust,,118,2,0,9626225.65,52666.04,0.0
pool1apupv5qtfp2aa2xlrzzjzx0uj686g3n695a329nq8j5jvvzumz0,hollow,pool1apupv5qtfp2aa2xlrzzjzx0uj686g3n695a329nq8j5jvvzumz0,,18,0,0,3529898.73,0.0,0.0
pool1xkwnlr34tjrnkz6u4c0p36cju3xuls4dyynsdkf6cv22ksuhz6q,hollow,EMURGO,Emurgo,621,0,0,18676827.04,0.0,0.0
pool1dghwejqptsjtf9k8paspg9rhl8humxx0nh7sk37j0ada2dr9mqh,hollow,EMURGO,Emurgo,375,0,0,10745916.63,0.0,0.0
pool1a8n7f97dmgtgrnl53exccknjdchqxrr9508hlxlgqp6xvjmzhej,hollow,pool1a8n7f97dmgtgrnl53exccknjdchqxrr9508hlxlgqp6xvjmzhej,,1518,1,0,66681545.82,52663.98,0.0
pool1m0drnjxsvnlesq0rwmur2rh6lenuql57jfzd6cf6aegj2cv7ugy,hollow,EMURGO,Emurgo,1847,0,0,61944253.07,0.0,0.0
pool1kx0jm9ycs3t99tnwafw6w72jkdlzhj5ltxe2nrzkd9x2u5x343h,hollow,EMURGO,Emurgo,1168,0,0,12597164.5,0.0,0.0
pool1dmnyhw9uthknzcq4q6pwdc4vtfxz5zzrvd9eg432u60lzl959tw,hollow,pool1dmnyhw9uthknzcq4q6pwdc4vtfxz5zzrvd9eg432u60lzl959tw,,163,0,0,6219197.58,0.0,0.0
pool13mas2wthxs28zftxskcsd8t87jk2w9ntc0u5uflt45sh7lcvs8h,hollow,EMURGO,Emurgo,2196,0,0,45430319.92,0.0,0.0
pool1xzu4pva0k4y6geukd9uvvl3t3s8q8alzwahf575y5fj6cnkd5y2,hollow,pool1xzu4pva0k4y6geukd9uvvl3t3s8q8alzwahf575y5fj6cnkd5y2,,18,0,0,3173588.95,0.0,0.0
pool1pmm654jfx088td54ekkkd0j28x6r5gnjdhnutzggursrxjnpk2y,hollow,EMURGO,Emurgo,2607,0,0,46014608.8,0.0,0.0
pool1fcp4d2pxh0e7q5ju63sjqcdpxpr3pvxg6ykl23t6c97d7dnvjvw,hollow,KILN,Kiln,69,0,0,1254488.42,0.0,0.0
pool1v62c7d92xv6gyh4x9rhfpkwzlpw2ypxk92xvzavakg3xypatklv,hollow,KILN,Kiln,41,0,0,74834175.72,0.0,0.0
pool1mtxmk0skqkr5y0wxnxps4n35j6wn9q8dfr82y423vvlp53vccux,hollow,KILN,Kiln,40,0,0,3464527.5,0.0,0.0
pool1ua5exfeju4jc95yy595cykjh4x46998g8hrrvw2v5h9k7987a44,private,UPBIT,Upbit,2,0,0,35788843.36,0.0,0.0
pool1r9kse9x8ja0ajkyw8w96zw5c2aqeey6j85nmyqxhwt0rs090fu4,private,UPBIT,Upbit,2,0,0,35724119.67,0.0,0.0
pool192pfftt48zc4x5aellvpufk6l6zxllpldw0rx82vrhqrqfhhqs2,hollow,EMURGO,Emurgo,3223,0,0,59215833.96,0.0,0.0
pool1qakys0fxx5p2fxcnsc2tyjpqa88q7qgtdh5t3a32hplv6fg25r9,hollow,DAPP,DAPP,2295,4,0,46809477.91,27060.88,0.0
pool13z9mfsve9w39sl5akgz58yewad9daycxn8ja426ytdxey47yatu,private,UPBIT,Upbit,1,0,0,30074709.83,0.0,0.0
pool1ek9pyk0xwjelrw7uqktvjwqj8wlcqqftjxqeq3t2vffw7qm8efs,private,UPBIT,Upbit,1,0,0,35657004.78,0.0,0.0
pool1hnukelq3ap6pj3wnetj448efj4nalngy756jln9zd2mjsp73etg,private,UPBIT,Upbit,2,0,0,25657755.53,0.0,0.0
pool1457cnl7qu568h98xrw8krfnjkhf05mfhaq2l50epwy36yuln20q,balanced,WAVE,Wave / Wavepool,220,0,0,70320680.62,0.0,0.0
pool1q8x5k5wq6zsshdjcmyzcgzwaqd9mfg9fypaaew8xs597svmeyk4,private,CHUCK_BUX,CHUCK BUX,1,0,0,64013320.18,0.0,0.0
pool1e9wmzv9r2pkvhwddc3ay42axm9aggheae6u4e52tgx6326krg03,hollow,MUEN,MUEN,6,0,0,6380945.9,0.0,0.0
pool1vhz87537anw4u0ruqsyuftyh7zxnrxptr4nnv0m6mjgeu8kp83z,private,CHUCK_BUX,CHUCK BUX,1,0,0,9.62,0.0,0.0
pool1ywpt43nttzjd7883wafg255mh0hmjypwe65ercw6p2sxg5lt7ez,hollow,EVERSTAKE,Everstake,31540,0,0,39211507.84,0.0,0.0
pool1yafxktvszg85t5m20l8q8sufgcae6cxlk8cx96wrt8cdva7aknf,private,CHUCK_BUX,CHUCK BUX,1,0,0,76273193.39,0.0,0.0
pool1zkdc6ve9nndk7vxnjlalhqt4hr5h8auz5qzjk7lrjrqtv23yuy5,hollow,pool1zkdc6ve9nndk7vxnjlalhqt4hr5h8auz5qzjk7lrjrqtv23yuy5,,1445,7,0,63664481.6,55550.17,0.0
pool18ufrgfgmslekdxnk9v9345qvhrr7vfgzkvneqtwm7unnwaht6ww,hollow,pool18ufrgfgmslekdxnk9v9345qvhrr7vfgzkvneqtwm7unnwaht6ww,,321,0,0,71855769.28,0.0,0.0
pool15ftrqf7j80w57leflatx66x00qfhu483a290gmp7q85pjxrf480,hollow,pool15ftrqf7j80w57leflatx66x00qfhu483a290gmp7q85pjxrf480,,6,0,0,3176555.03,0.0,0.0
pool1r99a6puhdv2xzcfw05jjqvks3xhmy2l4wsndx9hmhudvu4yevz5,private,CHUCK_BUX,CHUCK BUX,1,0,0,76329944.26,0.0,0.0
pool1cp4q7w2jvlthul9mlskj6xutx9rdr7n4vruqqe09pfg5ywmzdzq,private,UPBIT,Upbit,1,0,0,35665520.1,0.0,0.0
pool1gxvkc0576e75065p5k0csvwme9y2qrefd5ga66nx0z65xxjt8jk,hollow,pool1gxvkc0576e75065p5k0csvwme9y2qrefd5ga66nx0z65xxjt8jk,,333,1,0,972827.61,3.36,0.0
pool1sjnh0ymk9fhhnusm7uksux5yhpfyhjfmseq5nuupsj6ezskc0pj,private,UPBIT,Upbit,1,0,0,35737909.06,0.0,0.0
pool1k2224hj6uhdgkflj6ncqvmfhqvhlhj0t8crhqux5mphwwumupec,private,UPBIT,Upbit,1,0,0,35621923.16,0.0,0.0
pool1ztk6dcj2nc3plnujf3ek6jqngtx8hcryufz56lyumemlcy2xxn0,hollow,pool1ztk6dcj2nc3plnujf3ek6jqngtx8hcryufz56lyumemlcy2xxn0,,1574,3,0,5438946.68,3.34,0.0
pool13t8yafhx3mfnxs8nnkvgqnm9v5gspk7cdjc5dmpzpt0a6h294yn,private,UPBIT,Upbit,2,0,0,35619925.26,0.0,0.0
pool1859zslu3scj23wxcamw0slkhn80waxwkdl4k8k0asyw7sfa8dv5,private,UPBIT,Upbit,1,0,0,35589987.4,0.0,0.0
pool1z46azf72z9yjlq6rpngwn5syg5xup8jcwguu2t259ngl5cnv2ds,hollow,BINANCE,Binance,13,0,0,32245041.03,0.0,0.0
pool1ewgnsmk42ljf00wytawfcl3dcash9f852u5fr92e37wqxutyksl,hollow,BINANCE,Binance,12,0,0,32071937.59,0.0,0.0
pool19yzqr3meksnvzdxh5xf6aknfhldyqdj7eaquxgcjva4mzt5kg3v,hollow,FIGMENT,Figment,86,0,0,82055401.11,0.0,0.0
pool16vdezg50c80dhs78jhfl0gpqr68trtmqy40xplw39t9mgk6vrkd,hollow,BINANCE,Binance,10,0,0,32197028.06,0.0,0.0
pool1f89cpnym44rfv52jj88f3g20axraw4g9g7aglnqsgjl220lpdd8,hollow,BINANCE,Binance,9,0,0,32027607.65,0.0,0.0
pool1lvgs6gdcgl3lgcc77wxmuyst8x4h9gxcth07pzry0rfsv5ntl3r,hollow,BINANCE,Binance,8,0,0,32143516.92,0.0,0.0
pool17c4u37tjcjaeym0cs5mffvdkyyv74rkhczhnsgplef4sjglkwpj,hollow,BINANCE,Binance,11,0,0,32098639.6,0.0,0.0
pool1l7xwy6sswcpxcepf9m43sez4kwgrgxuw5ekhkavj3k2lv6njvec,hollow,BINANCE,Binance,9,0,0,32031946.08,0.0,0.0
pool1ptzl40tt9a6l2kp6fhjmzsg3t2maqdhwv6cnqu8kj6xgz3vw9us,hollow,BINANCE,Binance,10,0,0,32141552.53,0.0,0.0
pool1jsala5rdc0hjewcvu9dujcz8jpfxp7hadqr3r3hzs63skhhtpqs,hollow,BINANCE,Binance,14,0,0,33207906.03,0.0,0.0
pool1me68mzk9kephj0yqya6xu9jefjvtg0dvmly3m9sy67cezrexalx,hollow,BINANCE,Binance,9,0,0,33348998.41,0.0,0.0
pool1nwv3c3q62lqcdgp7s0jtl4xldgfnjnt0szkdclk4tzjqzv6kv7n,hollow,BINANCE,Binance,11,0,0,33202821.63,0.0,0.0
pool1nll5ghr8cdkl6ppnxpuk6c6vrg9d5kq3tp8d6xjdds5pct6pxj9,hollow,BINANCE,Binance,16,0,0,33405864.17,0.0,0.0
pool1f4n4mdsv5ydxuc3y4tzgumqvfa8xxlyr8jl70qquama0ug2pmhf,hollow,BINANCE,Binance,15,0,0,33253465.68,0.0,0.0
pool10xk8jp4m2cztf69x9gvg3j33x5drkrz2hulsjes29wktcfcxdls,hollow,BINANCE,Binance,4,0,0,14180929.41,0.0,0.0
pool19m547w9wkcqm5hcstz67fly4ucz0zsp3dqv4n956xyusy4dlpue,hollow,pool19m547w9wkcqm5hcstz67fly4ucz0zsp3dqv4n956xyusy4dlpue,,338,0,0,6125974.87,0.0,0.0
pool19zkd9hmkgdjmx2xr0psuat88uuw25wsrktr2qe69v2uzqldfnmj,private,CHUCK_BUX,CHUCK BUX,1,0,0,37610987.04,0.0,0.0
pool1flkcdxj7cq6sfgl4fujx50p20ylqgj02kgwvfj4g5w24s6th8vz,hollow,pool1flkcdxj7cq6sfgl4fujx50p20ylqgj02kgwvfj4g5w24s6th8vz,,11,0,0,16599248.48,0.0,0.0
pool1ch3k0e07dhqwum847sa02cyecrp000a6egdx89fz5rza230jhlp,hollow,pool1ch3k0e07dhqwum847sa02cyecrp000a6egdx89fz5rza230jhlp,,63,0,0,145548.41,0.0,0.0
pool1etfxpqw7456eh337p7x5jsvxxa67fsduvnmucevrqweckex3nhl,hollow,pool1etfxpqw7456eh337p7x5jsvxxa67fsduvnmucevrqweckex3nhl,,8,0,0,4346934.54,0.0,0.0
pool1rxgxstg6t7azlsrk4vuuwp0jgl9e776dg86zqzaa0qt6vz43n9r,hollow,IBEX,IBEX,7,0,0,5812889.26,0.0,0.0
pool1k7zrx5rw6cvef9m5qtp9sy4e53u93kwqx73ykz7md9gmwgf56yk,hollow,pool1k7zrx5rw6cvef9m5qtp9sy4e53u93kwqx73ykz7md9gmwgf56yk,,13,0,0,10592256.43,0.0,0.0
pool13r4e7tttcxp4qfs4gqtv0hz5k48qdhhxrskz8pjrj6fqy5qmee0,hollow,pool13r4e7tttcxp4qfs4gqtv0hz5k48qdhhxrskz8pjrj6fqy5qmee0,,81,0,0,2218794.31,0.0,0.0
pool1nqheyct9a0mxn80cwp9pd5guncfu3rzwqtmru0l94accz7gjcgl,private,pool1nqheyct9a0mxn80cwp9pd5guncfu3rzwqtmru0l94accz7gjcgl,,16,0,0,73066595.75,0.0,0.0
pool1q9049mstrv5czwyylpf3xen08pmvsfsgtru4wf3zvc9uxat2sm0,hollow,pool1q9049mstrv5czwyylpf3xen08pmvsfsgtru4wf3zvc9uxat2sm0,,1712,11,0,6364294.15,3556287.97,0.0
pool1072lq3k32sfxs96s9qhrx3s9la2t68vrqwfsp7h9qnwk56yr2mv,hollow,SPIRE,Spire,24,1,0,128087.22,9523518.28,0.0
pool1z5rt6kn6yvuczj44qla73mfyln9l55lw0jkz6x4kjw00u32zec3,hollow,5BINARIES,,1440,0,0,11807479.05,0.0,0.0
pool1xvaagsvl9prlr20hvg2qv434yss5c88r2ml6n43wcpepxmw85lj,hollow,pool1xvaagsvl9prlr20hvg2qv434yss5c88r2ml6n43wcpepxmw85lj,,63,0,0,3034409.21,0.0,0.0
pool10d6mmw3mn9ku3r7uqqye672dz3sv76lh5kvh5rdpr9l5ug5yknr,hollow,KILN,Kiln,37,0,0,76338671.12,0.0,0.0
pool1h59405hmvnxz2kyjpll3f65lnqhm7we3u96cws9vzzxzzws9gjc,hollow,pool1h59405hmvnxz2kyjpll3f65lnqhm7we3u96cws9vzzxzzws9gjc,,597,0,0,6533818.35,0.0,0.0
pool1g2y0j7rsv7dpu8p6jt2dva3rxfqjl2zu0ag9dd0cfm8guzg0lh0,hollow,pool1g2y0j7rsv7dpu8p6jt2dva3rxfqjl2zu0ag9dd0cfm8guzg0lh0,,22,0,0,6588769.34,0.0,0.0
pool1c30lqt59t8sjn5lg04r5wk5eucxa5h9cj05xs9gzc8lngl4cmta,hollow,pool1c30lqt59t8sjn5lg04r5wk5eucxa5h9cj05xs9gzc8lngl4cmta,,167,3,0,1527678.99,52780.57,0.0
pool1lugxr82p89qm35spzwccle405t5dfdznhrasyrtr2cyv2vyfud6,hollow,COFFEEPOOL_JP,COFFE,11,0,0,976088.62,0.0,0.0
pool1ljqjqskd4f4zekzddw204u5xtzhyz2cllq5v5dmn27zdwf9c70f,private,WAVE,Wave / Wavepool,49,0,0,75210045.85,0.0,0.0
pool16r6g7plyuh4cqs9f3qy97l4rh5edwx3w9xvd205mhj2e58cpp28,private,LIQWID,LQWD,13,0,0,15511491.08,0.0,0.0
pool1522rtve5zlgnlh3zm5a4mcy3u7gpndg3kkac3xyzxmp6x6weca3,hollow,pool1522rtve5zlgnlh3zm5a4mcy3u7gpndg3kkac3xyzxmp6x6weca3,,55,0,0,5358957.99,0.0,0.0
pool1zmhvvzlqp0xrhhqjhxyvfuct83wk4w85jckfkypz4fskcjzze2x,hollow,pool1zmhvvzlqp0xrhhqjhxyvfuct83wk4w85jckfkypz4fskcjzze2x,,4,0,0,6513015.11,0.0,0.0
pool1mkjtce8r8yeku0mmc9vpwl0scuwuwc8lz89ckpj3k0kwgvlunv5,hollow,pool1mkjtce8r8yeku0mmc9vpwl0scuwuwc8lz89ckpj3k0kwgvlunv5,,4110,18,0,12261967.82,2492.29,0.0
pool1chfk2749hyrwqqpj9fapredjsgw3fdauyxw3hn82kavqva6nv3w,hollow,pool1chfk2749hyrwqqpj9fapredjsgw3fdauyxw3hn82kavqva6nv3w,,7,0,0,2584058.18,0.0,0.0
pool1r3ax7pd3cgad5kttench60ttr23kvfpx3vzvd6c3azppgw7q93t,hollow,pool1r3ax7pd3cgad5kttench60ttr23kvfpx3vzvd6c3azppgw7q93t,,971,1,0,4154595.82,3.24,0.0
pool1p70svj9zrg7lgzkdn8udlslry0t27qs8r9tz9lr955v2yfna2rl,hollow,FIGMENT,Figment,8,0,0,46817316.66,0.0,0.0
pool13z5t8wlhtf7ccc0hud8pnvpjeekjdsyn7sq69fcxf3k6kpnlm74,hollow,FIGMENT,Figment,5,0,0,45440577.81,0.0,0.0
pool1cpwymxe2fjr20u34f874e2q6za3razk0rttslrxqhc4tu3zxau8,hollow,FIGMENT,Figment,4,0,0,45197426.25,0.0,0.0
pool1jldj0znj8rltkuj4sumqq5z6p8sdt3yk4qde90q42daru5kgfl6,private,UPBIT,Upbit,1,0,0,35077647.75,0.0,0.0
pool1hnaps49hfe3uljp4cleu4amhes6wvatufyvgt2tjdtj3xjrgknk,private,UPBIT,Upbit,1,0,0,35068443.57,0.0,0.0
pool1fgp4f4afdrq26axqlnm80fz49hdkyq4am3ca3r33w0w8sw2x8ap,private,UPBIT,Upbit,1,0,0,28643961.45,0.0,0.0
pool1wthsvhhxueqfd9eqjdj8pgyprhr4gptn5g63z9rdrtelcfumnvg,private,UPBIT,Upbit,1,0,0,35062423.93,0.0,0.0
pool13mxx49xrq4hp6mca8qrzxxmjhfrts0ayh5n6ff9uyuusq9cx4d8,private,UPBIT,Upbit,3,0,0,25011450.5,0.0,0.0
pool1z9m2kxeat06t30yf6ar7sqpert0cjdgxzcv2dv36dcwcqcqtgk4,hollow,5BINARIES,,2568,0,0,14876060.46,0.0,0.0
pool1pjmqlsyny06w0x60rfd3seul5xc9pluh3t08y55ylhks28jeh7c,hollow,pool1pjmqlsyny06w0x60rfd3seul5xc9pluh3t08y55ylhks28jeh7c,,7,0,0,24952688.16,0.0,0.0
pool1yraracv4ntq9azvjw2nkw8g4xluujalz8fpt2stz8rw6k0zueuv,private,ADALITE_PLATFORM,Adalite platform cluster,1,0,0,5521939.67,0.0,0.0
pool107rsdzswa5s3y8wk5z62tgh5lhm790dsyqjp4lq66fht7qnaq9d,hollow,pool107rsdzswa5s3y8wk5z62tgh5lhm790dsyqjp4lq66fht7qnaq9d,,39,0,0,25018981.85,0.0,0.0
pool167qekemyleju9g7eugaguqxh5telvmmmrs3a7sp897f6za308hg,hollow,pool167qekemyleju9g7eugaguqxh5telvmmmrs3a7sp897f6za308hg,,586,3,0,1572075.0,0.24,0.0
pool1gecx8vya3f8lyre2gn9w53547p0rhkmq0x78zrw956lkcvn8uyp,private,LIQWID,LQWD,4,0,0,15497404.15,0.0,0.0
pool1pqm2cev326p2mrruzw9xru65uvt3r7f0rdf5gtx54zdskxqhmur,hollow,pool1pqm2cev326p2mrruzw9xru65uvt3r7f0rdf5gtx54zdskxqhmur,,520,3,0,3628814.34,4271.39,0.0
pool1pj5jnehwjtt4esfl0325hr338n98v3kcww3sggce59ugyf2f883,hollow,pool1pj5jnehwjtt4esfl0325hr338n98v3kcww3sggce59ugyf2f883,,8,0,0,10321807.76,0.0,0.0
pool16qr7dz5q4vwf3n87t4lmr0d2zlr5knexpdzkuk4trc8dwed7aw3,hollow,pool16qr7dz5q4vwf3n87t4lmr0d2zlr5knexpdzkuk4trc8dwed7aw3,,2,0,0,22340820.36,0.0,0.0
pool1uu65k00dp467qsszmqwl6udwnet3zszgx8n3kmn2aq84sae8ha9,hollow,pool1uu65k00dp467qsszmqwl6udwnet3zszgx8n3kmn2aq84sae8ha9,,536,0,0,2852703.83,0.0,0.0
pool1mtuhuh8hkf8am0qzx45y58kll8q83sjh6pwljrflcmw970d82f3,hollow,KILN,Kiln,21,0,0,70634662.98,0.0,0.0
pool1w4cetqsly2cz9fq2te95tnk2r56mh6ew6dmpyfctv2ldv8xuj9g,private,WAVE,Wave / Wavepool,22,0,0,75089566.74,0.0,0.0
pool13h08lf24fjmxxg0mmuattjv8dvy0r6fc4hrqg4qmj38xsweexrv,hollow,BLOCKDAEMON,Blockdaemon,28,0,0,35468734.77,0.0,0.0
pool1aqg8vxzv75zhjzjjd9s20fu6r0xz70yl8lk3teacwy7qyc2p2j7,hollow,KILN,Kiln,32,0,0,59173189.05,0.0,0.0
pool19kfm6lz5uw7nylq27swr367mqdycmug7tve94l6h3xsz64seqtc,hollow,KILN,Kiln,131,0,0,76170804.55,0.0,0.0
pool1agwy5atgc4ptg3whplaxyz28g4dgvsna8auktszctkq8xmtl7dh,hollow,pool1agwy5atgc4ptg3whplaxyz28g4dgvsna8auktszctkq8xmtl7dh,,22,0,0,3436796.53,0.0,0.0
pool1j3kzujz0m07detlksr26sx7smft8xn280695zgu60zjhge9566f,hollow,pool1j3kzujz0m07detlksr26sx7smft8xn280695zgu60zjhge9566f,,3,0,0,1840340.75,0.0,0.0
pool16f95up5u5lyqne5mnxmlhe0rgdgmya27mph288r6gw0ukegjffa,hollow,pool16f95up5u5lyqne5mnxmlhe0rgdgmya27mph288r6gw0ukegjffa,,649,1,0,56698848.59,356.47,0.0
pool1gnnwyf9vwcgtm3us0w0duuy43r9k7yhnchvyx0xqv9766ysw2a9,hollow,pool1gnnwyf9vwcgtm3us0w0duuy43r9k7yhnchvyx0xqv9766ysw2a9,,23,0,0,5932125.15,0.0,0.0
pool1t6n7rysk6wzm9wqxda6zxpzmm3j6256fs3mp06dc26n6503hhj4,hollow,pool1t6n7rysk6wzm9wqxda6zxpzmm3j6256fs3mp06dc26n6503hhj4,,1380,1,0,44108540.96,144.13,0.0
pool1xsj9s3mfpztls97x7jjql0msmeh5v3wa5vyqhmmmsx8jzsqxrsv,hollow,BLOCKDAEMON,Blockdaemon,4,0,0,74093859.9,0.0,0.0
pool13fpvzhz7p0f4c960k44erfykflr7qdp86t6jnxlfamhqcmfha42,hollow,pool13fpvzhz7p0f4c960k44erfykflr7qdp86t6jnxlfamhqcmfha42,,3,1,0,5198861.12,5597710.56,0.0
pool1zgjk3dzwcwd02juqntuzknr368hvxjxy8l8uzkxvgu4252d7ekf,hollow,BLOCKDAEMON,Blockdaemon,3,0,0,72942398.25,0.0,0.0
pool1w4g7j8u97pvu2q7gsdaupnng0a2vmyllygfewhc29m2j5cehysn,hollow,pool1w4g7j8u97pvu2q7gsdaupnng0a2vmyllygfewhc29m2j5cehysn,,24,0,0,18817126.65,0.0,0.0
pool154xmvhp4jnz7phwcla09uvzqnn3ch54lh2yzrt2znxdgc4trp8x,hollow,pool154xmvhp4jnz7phwcla09uvzqnn3ch54lh2yzrt2znxdgc4trp8x,,76,0,0,3252624.52,0.0,0.0
pool1k8s63hvxl5un403f0lwqm87f7svwn2j7vpeflgupvkhqkjpknut,hollow,BLOCKDAEMON,Blockdaemon,2,0,0,3126982.93,0.0,0.0
pool1jcetszf3sh39hc8nezj5pzj3ukg4fhfjwdqkmwg8ern8u3c4y7v,hollow,BLOCKDAEMON,Blockdaemon,3,0,0,24394046.26,0.0,0.0
pool1kjhpg98jhm08usqg4sh5x9esa595apyw75qczyjp3z24g0cdate,hollow,BLOCKDAEMON,Blockdaemon,4,0,0,12728437.54,0.0,0.0
pool18mnua97ndq302yw2c6aaw6msx5rgf79mfnk4xe5y92tvjl45etl,hollow,pool18mnua97ndq302yw2c6aaw6msx5rgf79mfnk4xe5y92tvjl45etl,,15,0,0,1433805.55,0.0,0.0
pool1jvknf3dwtnqln5hcjrh5m7s979revuj5dlxr0337nwmm6p7250q,hollow,pool1jvknf3dwtnqln5hcjrh5m7s979revuj5dlxr0337nwmm6p7250q,,7,0,0,7258714.97,0.0,0.0
pool1hv59awqky90plv68xun2k3rd7jqfe5y2c4ry8f7p0x9pxhd7wqr,private,CHUCK_BUX,CHUCK BUX,1,0,0,74026222.61,0.0,0.0
pool1yyar66t9fw9dscj8huhredgwplcnf22zq7q7vugur0t5c9nzt97,private,CHUCK_BUX,CHUCK BUX,1,0,0,74034167.64,0.0,0.0
pool153sc4fct34a680nyfj4084w8dpax6c0zt0js8zqvg3sj7wtk486,hollow,SASA,SASA,61,0,0,24181778.83,0.0,0.0
pool130c3kgpkjctag540j7sxqfrlhsmpc6d8u0n7j6crm9ayy75mkpt,hollow,pool130c3kgpkjctag540j7sxqfrlhsmpc6d8u0n7j6crm9ayy75mkpt,,4,0,0,17608799.77,0.0,0.0
pool13xzckaj3srgldr67dksx874jxe3c9xnc245xyr44p7cdxh07hft,hollow,DAPP,DAPP,99,0,0,4675361.7,0.0,0.0
pool1nhhsh9yhlrvj9e3nce0zpx0xm2xlt6tx7gqakhr6hjc8wy84sat,hollow,5BINARIES,,1313,0,0,20074348.97,0.0,0.0
pool10pd44d65586rldtdzuu88e7mn4sxjctvdksmt05nnqfzqu7g7hd,hollow,pool10pd44d65586rldtdzuu88e7mn4sxjctvdksmt05nnqfzqu7g7hd,,28,0,0,3549837.97,0.0,0.0
pool1m06dl8dfcy6d0475fanf0mtnnp2tzhw8rarums042q3jux23q0j,hollow,pool1m06dl8dfcy6d0475fanf0mtnnp2tzhw8rarums042q3jux23q0j,,368,0,0,27287613.85,0.0,0.0
pool14mhf0xtx45a8979mcnad8upas8apwal4nfqd95arv4wlsuk6m9q,balanced,WAVE,Wave / Wavepool,61,0,0,47475687.98,0.0,0.0
pool1xmtmp6cmmmaatkn3jd9dlht8xjyf7xnqmrurs59kj2ygxuz2jkd,hollow,pool1xmtmp6cmmmaatkn3jd9dlht8xjyf7xnqmrurs59kj2ygxuz2jkd,,5,0,0,1020568.21,0.0,0.0
pool1nffpy6r7l4ueeedzvvzsta2vty9g6mtet6huuhfzyvndkwd35dl,hollow,pool1nffpy6r7l4ueeedzvvzsta2vty9g6mtet6huuhfzyvndkwd35dl,,32,0,0,3585330.26,0.0,0.0
pool1ntlyr9hrrdg3gpdkmr267hq46ys2rlj5y25dzx3reuecgd7p5sh,private,CHUCK_BUX,CHUCK BUX,1,0,0,74022249.37,0.0,0.0
pool1fuu0vcmzc28lqm09m4j3llg64ghf9j36tcsp9vcy3kpnz9pg9hn,hollow,pool1fuu0vcmzc28lqm09m4j3llg64ghf9j36tcsp9vcy3kpnz9pg9hn,,2,0,0,8.22,0.0,0.0
pool1xmsdhync6k6grkkj7tuycskjpseykpr24luhlazl5nsngsy87gm,hollow,EVERSTAKE,Everstake,26911,0,0,34913419.49,0.0,0.0
pool1kphkk90f2mculhcndpdd3a7ukvptzqrgyr9jtuvw6c5z2dptuph,private,CHUCK_BUX,CHUCK BUX,1,0,0,74029400.9,0.0,0.0
pool1hx4wc45qhhychdvquhem0q3madcs2mp4r0wllk70zkpxz7jhyf4,private,CHUCK_BUX,CHUCK BUX,1,0,0,21188552.51,0.0,0.0
pool1qeqylk3pnenvt3j4mah2dafcnd3h8uc3fqhvfzrxlxf3xuvdvvp,hollow,pool1qeqylk3pnenvt3j4mah2dafcnd3h8uc3fqhvfzrxlxf3xuvdvvp,,3,0,0,1535161.73,0.0,0.0
pool1a5ld0eulnjxwpg6qyjs6hxzqwj0esft7k0qsf6nj8pkfxy5lml3,private,CHUCK_BUX,CHUCK BUX,1,0,0,74032182.47,0.0,0.0
pool1cxjqg6nn588ura2rx4uptwprgzw82j89j2gjguwhtun4ypw2sh4,private,CHUCK_BUX,CHUCK BUX,1,0,0,74027017.29,0.0,0.0
pool189lfh7azuvxu0hyskwahnp35rtez0mzhsmule3742p3jkza00cq,hollow,pool189lfh7azuvxu0hyskwahnp35rtez0mzhsmule3742p3jkza00cq,,141,0,0,2303888.26,0.0,0.0
pool1c60f68y8406zjmacluvcu8c0krgngp6h2qkkqhdz4mtl62ns0dq,hollow,pool1c60f68y8406zjmacluvcu8c0krgngp6h2qkkqhdz4mtl62ns0dq,,14,0,0,12105305.62,0.0,0.0
pool1xlra52x2es7dmsvpmcp2922h89h346awe7yuu664e50yvrzaaqe,hollow,WEP,ISP,11,0,0,26506589.2,0.0,0.0
pool1w3xys99a8xmwcwse4tqpqmyqqzykryfc4w7cvvjusej0vnxdlrf,hollow,pool1w3xys99a8xmwcwse4tqpqmyqqzykryfc4w7cvvjusej0vnxdlrf,,42,0,0,2721484.81,0.0,0.0
pool1a6wdglfp93m2z4nhptx9xhjazgyqusjpu387gdrp899cj98yuqq,hollow,pool1a6wdglfp93m2z4nhptx9xhjazgyqusjpu387gdrp899cj98yuqq,,5,0,0,1155919.93,0.0,0.0
pool1lx7hdfz430vmrwhkrdgxu8c0xclffltavmkejpqzzz4ax0lnfvd,hollow,IOG,IOG,105,0,0,1489853.58,0.0,0.0
pool1wr79nyuty7wjgkey5vlfx9rn0x5ecxgge5mq45fpftqhye2shc0,hollow,FIGMENT,Figment,5,0,0,15507499.99,0.0,0.0
pool1c3fjkls7d2aujud8y5xy5e0azu0ueatwn34u7jy3ql85ze3xya8,hollow,CRDNS,,32,0,0,1671837.27,0.0,0.0
pool1a0kp4vl4fh0p0rs8s08rm7qq3vkj3epwraayk3sdgm8sz0zwt7t,hollow,BIGLAZYCAT,BigLazyCat,1301,0,0,49494420.46,0.0,0.0
pool1q8fqknvzyj9p4ezhxqdghlc7rnmwvwuku9eevgvl25cpjy385gg,hollow,pool1q8fqknvzyj9p4ezhxqdghlc7rnmwvwuku9eevgvl25cpjy385gg,,253,0,0,1476293.9,0.0,0.0
pool1095d0cr8yp0selmnrst5hnuf8jcl6vlkxlr2j6kq4x6qs4yxuwt,hollow,COINBASE_BISON,Coinbase / bison.run,2,0,0,58864990.22,0.0,0.0
pool1m4njkh73pdj90xxkgaz9dnh7gffweeupft8nfurlntg6cgqfmy8,hollow,pool1m4njkh73pdj90xxkgaz9dnh7gffweeupft8nfurlntg6cgqfmy8,,4,0,0,13038934.14,0.0,0.0
pool1y6gnk7t3n6rvpr67f68mehxgqs5x24n0esz9l5j7m4aqzn4e0qw,hollow,COINBASE_BISON,Coinbase / bison.run,2,0,0,62089182.18,0.0,0.0
pool1q5q3rld4nll02w8sqhf9582jcf22t99yt27z0pqksvpnv4rdra9,hollow,COINBASE_BISON,Coinbase / bison.run,2,0,0,52765484.72,0.0,0.0
pool1j6xfryctrxm4aplw3vnrtgfsvqdr35exenxqse5kzxmfue7qqmr,hollow,COINBASE_BISON,Coinbase / bison.run,2,0,0,61053951.4,0.0,0.0
pool197na7w0h8hjc8wdvwys7nsalhtpctefa3m23udeqxpfk6nzq8l9,hollow,COINBASE_BISON,Coinbase / bison.run,4,0,0,71114211.26,0.0,0.0
pool1f776th42gqa5ammpj738evvnlga5jk4ll0gr4uupkrqnqpjsfyt,hollow,pool1f776th42gqa5ammpj738evvnlga5jk4ll0gr4uupkrqnqpjsfyt,,2,0,0,12249748.0,0.0,0.0
pool1kl2vuauwfc5k0avf874ym5tcm04ywa22frleszhujeccj4va3lt,hollow,COINBASE_BISON,Coinbase / bison.run,4,0,0,70043591.52,0.0,0.0
pool1qtscx3ge0rgmpffgqen5uup8r8tnav7a2veduweskqx7gf8gjec,hollow,COINBASE_BISON,Coinbase / bison.run,3,0,0,39371120.31,0.0,0.0
pool1k3nkfa5ugavrpd9nwd3s6yyx454qxnquxwmux4rzfunl7q0z38t,hollow,KILN,Kiln,6,0,0,81098469.9,0.0,0.0
pool19qgfp80d2sv3p2azmygfq87g7va4s3ewd6aaulas6eqsyz4r2yl,hollow,P2P,P2P,7,0,0,7822806.5,0.0,0.0
pool1mdzxt5rl2sgnehedgnl0jwk8vumsglequrap26qgg0uwg4cuq52,hollow,FIGMENT,Figment,6,0,0,10047505.51,0.0,0.0
pool1wun8t7nt4daw2zgv0vj7cmwru97vsw0fccucjzuvs7y0qlc8xyv,hollow,pool1wun8t7nt4daw2zgv0vj7cmwru97vsw0fccucjzuvs7y0qlc8xyv,,4,0,0,5062668.62,0.0,0.0
pool1mvtxupzcgdtslv2sw0l3f4zlhd3a69fue6gu0vhqz47w7j5zryx,hollow,FIGMENT,Figment,4,0,0,10056262.69,0.0,0.0
pool1wm5pnu72efdcvjm34r7ykkxx2h549swddjrn6r2aqy3tvjc4l57,hollow,FIGMENT,Figment,5,0,0,50444307.46,0.0,0.0
pool1rqgmaq82p2l3j2jknc2syky2xtgylevss39c7ffgpp5x56s5pt5,hollow,COINBASE_BISON,Coinbase / bison.run,3,0,0,17183310.15,0.0,0.0
pool1u8f87frd3k6cy9lp4uk5faj53wfzh8smxjdpt8ua45f0x8s5v58,hollow,FIGMENT,Figment,3,0,0,13956949.92,0.0,0.0
pool1uy07qyf0gzzua2glqspyvyevwpe8tamajnqj6c7mjzy4v3m4kne,private,pool1uy07qyf0gzzua2glqspyvyevwpe8tamajnqj6c7mjzy4v3m4kne,,1,0,0,76337472.45,0.0,0.0
pool13l9qxpuzd70h7hkjr4ec3pf50w4x6tst5pxc7w33l5lyj4lpmtv,private,pool13l9qxpuzd70h7hkjr4ec3pf50w4x6tst5pxc7w33l5lyj4lpmtv,,1,0,0,9.83,0.0,0.0
pool1v96277f457qtwhuq3ma9yjlacq4mjw9h4j3jfy5rjgjru5lyxea,hollow,FIGMENT,Figment,3,0,0,44787287.05,0.0,0.0
pool159s558a4ffhp9nqjp9dx048lphdlxjc8xmy5pcmfe4jhuxe4a2u,hollow,FIGMENT,Figment,6,0,0,31664671.53,0.0,0.0
pool1lu2luhmkyayq9njh848kfknn6evwzmn3gzsxar7z3sttg7grxcm,hollow,P2P,P2P,3683,0,0,68395482.61,0.0,0.0
pool1da9msyhpfmt58vrdkk7lpzgwldvc0t7q46kvpcyvvpff7347lsp,hollow,FIGMENT,Figment,3,0,0,1770067.81,0.0,0.0
pool106sjgd9m4shsvtc9ruk7femgndknefmct6eedskww37pzv8hz9n,hollow,pool106sjgd9m4shsvtc9ruk7femgndknefmct6eedskww37pzv8hz9n,,4,0,0,63206120.92,0.0,0.0
pool1kf0c6a38vy9t7muc2jpfefdc0y6ey8386ujtn6rtly25y5yxwqf,hollow,FIGMENT,Figment,3,0,0,1308665.07,0.0,0.0
pool12582dmkl7xanxlmfnwd4fepmx4tt5kkw327mmklcjdxngwaxvh2,hollow,FIGMENT,Figment,3,0,0,1055032.61,0.0,0.0
pool1sysgx87cwxnqy0pqn8g97gdhd0dmre9rw3jvpn2k7apuwa7cgkn,hollow,EVERSTAKE,Everstake,2965,0,0,62830156.39,0.0,0.0
pool1w9u6rtvuzke9cq5q4x2r7g8xlt6lqmcd2tugzpjpj5w5xv0eyws,hollow,FIGMENT,Figment,3,0,0,1006145.95,0.0,0.0
pool1dzdglfergm9km74055n6c9xsp8n78ec8ztsklgxg5c5gyrfz9zc,hollow,FIGMENT,Figment,3,0,0,12465518.61,0.0,0.0
pool1lu0gwsvugl2cgx6gzk9zqdjwutd5szp293wpvwj4fvq4jleg8ww,hollow,STRIXJPN_GITHUB_IO,PNR39,5,0,0,20743235.8,0.0,0.0
pool18rjrygm3knlt67n3r3prlhnzcjxun7wa8d3l8w9nmlpasquv4au,private,CARDANO_FOUNDATION,Cardano Foundation,7,0,0,76313015.86,0.0,0.0
pool1xmlq3sgssww6kwu8dupgxukzhlk77j40p9c4r3qux3j5z2ysk2c,private,CARDANO_FOUNDATION,Cardano Foundation,4,0,0,76301499.88,0.0,0.0
pool1l0erdjregched3dj828q93rfa2f4w4p62nr248xshj5huq6zuvp,private,CARDANO_FOUNDATION,Cardano Foundation,4,0,0,76301499.73,0.0,0.0
pool1n6erydn8x79sa3fmrqmj7mcyqa9em5fppr447j6d9k0xwfl7sc5,private,CARDANO_FOUNDATION,Cardano Foundation,4,0,0,76301500.32,0.0,0.0
pool1r2fph82mjhgu955cesn4yejjva4sk7uuh06yhwf8e9ln5djy5h7,private,CARDANO_FOUNDATION,Cardano Foundation,1,0,0,14750001.53,0.0,0.0
pool1luhm55xxqp0cv7a43rcfrr8m6m74kfe7wdvqdgfzt483x29lr0t,private,CARDANO_FOUNDATION,Cardano Foundation,5,0,0,75500025.79,0.0,0.0
pool139gdv4lxw53enk4rms0ryr4ey07k56jufmfrclqqehjdzglheu6,hollow,BIGLAZYCAT,BigLazyCat,310,0,0,12027084.42,0.0,0.0
pool1rkm8rplkafvllxjuddrkqc3u3lgd9uf327tvmvfdyygsv7lkhm8,private,pool1rkm8rplkafvllxjuddrkqc3u3lgd9uf327tvmvfdyygsv7lkhm8,,1,0,0,75530962.21,0.0,0.0
pool1n0uxgs5qfk5n9xl7qvq9jt8zuu02cntrsjnjayjlqtejyffnemj,hollow,EVERSTAKE,Everstake,3455,0,0,61543135.71,0.0,0.0
pool15v22rpfg6qx9l0gx0m955gfv7tes0jpa9sy0gjs3a04lv6x9jdr,hollow,FIGMENT,Figment,6627,0,0,41153489.99,0.0,0.0
