pool_bech32,delegation_count,total_ada,median_ada,mean_ada,max_ada
pool100wj94uzf54vup2hdzk0afng4dhjaqggt7j434mtgm8v2gfvfgp,2,14.11,7.05,7.05,14.11
pool102s2nqtea2hf5q0s4amj0evysmfnhrn4apyyhd4azcmsclzm96m,4,6570.05,792.29,1642.51,4984.22
pool1030as3pp5684ghgf4kzcpv4p2jnmkmme7j363t95690zwxp7wa0,151,1331948.08,299.46,8820.85,307583.42
pool1030vz0wxheg0dvarr8hmeavelpszmp52qucs68c7wc9uga6n6e4,1533,1887358.43,13.21,1231.15,346269.11
pool103455uc7a3477q8pdmzvny884qtlv9vhm2csxvqx2cadwuk36sq,2364,58196942.83,35.59,24618.00,10740577.91
pool1043kkcc2uwmdf76wg6jy80tkgwztzprep2rakyypmwc4637c2xe,5,18781.07,598.78,3756.21,17117.54
pool104avq7309gjm0fxms69yqusxy8zf888k4mamngg5vnc6vculpzq,5621,25529389.04,38.26,4541.79,5282681.22
pool104gtn3hvp9lz5l6wevhjj98e45s7rfaa4zzvk9pex7nn786qncr,1923,17781749.97,219.11,9246.88,1000978.72
pool104hlwrk98e6h07e05ywee3thn379ddmmfveje8d6cuvp54zcah6,17,1501897.84,5077.15,88346.93,768739.79
pool104v7kzpq86r0wnfsz8r7jeld2raap92qq84trjcqk62zyh9akqt,177,1892180.11,46.37,10690.28,1135580.94
pool104ylwjrxvrp87r7769d6g6agu0ydxsn6hgmqjdsrf47e6j2ek46,7,149347.01,10277.91,21335.29,67034.14
pool104z3yr7faqhck6wcsczhmqrrpdeparcr8juw8unxy8tm6xp447d,9,70025249.01,6.41,7780583.22,35012529.54
pool106jtt06k5wjpqc5r5fkz06pgwhwaljzs624mnfua8fkhq0fl9am,6,79.61,6.01,13.27,52.32
pool106l8sgu50wpw3nmqkmhlgzl5cctw428ruem2rpwjklg46nprex0,2,502.37,251.18,251.18,502.37
pool106p2jjwuwagq2as7cdzx4y6cyc2pdj7a3h3vv5cvkvnskegff3w,1627,6480188.39,33.74,3982.91,2000572.70
pool106sjgd9m4shsvtc9ruk7femgndknefmct6eedskww37pzv8hz9n,4,62494579.80,12489162.54,15623644.95,37516178.20
pool1072lq3k32sfxs96s9qhrx3s9la2t68vrqwfsp7h9qnwk56yr2mv,25,6999752.86,44.07,279990.11,6872601.90
pool107attaqquuq5ne2ch0hx0qcnlkzzr2683s4gml4ywnqvgj6pak9,8,218828.15,193.40,27353.52,166314.03
pool107qfdeg9wlpt9yntg7650kzval6ahl696jr2ca20763ukzr0tzw,6,345405.34,127.81,57567.56,256174.21
pool107rsdzswa5s3y8wk5z62tgh5lhm790dsyqjp4lq66fht7qnaq9d,31,6071670.79,1583.56,195860.35,4195606.93
pool1085up093vl7qgwnqsuset7kdt3yflscdp6h8eeakuhyzwlhmq68,52,3556172.50,1237.37,68387.93,2796173.04
pool108zdflss3ayqlm5c7vr6mtqj2uwl99vk28ur8dv4zswdzt6yauc,6537,47522277.41,25.44,7269.74,5935920.34
pool1095d0cr8yp0selmnrst5hnuf8jcl6vlkxlr2j6kq4x6qs4yxuwt,2,58844704.60,29422352.30,29422352.30,58800894.24
pool109k0t72eh8txza4ptnagnfyqkjnmfe60afmtm4dvj9lz7dy78lh,725,397092.71,56.48,547.71,20016.16
pool10c9l3k0z50ytt4krkfet7w3gwpv9d9nq47kk9ecy2c5f2uyvkgk,294,277425.31,1.40,943.62,206160.08
pool10cpz0zepq23hm6lrk8vgnsdwl772lasq9caaemvw9kh9ktxqygk,3,2210.92,67.98,736.97,2142.94
pool10d303wup90j39mmvysf0lhr2xmr3mf38y5vs577nmlq6yy8n666,7,4247.42,7.96,606.77,2087.14
pool10d6mmw3mn9ku3r7uqqye672dz3sv76lh5kvh5rdpr9l5ug5yknr,38,75860613.92,723.79,1996331.95,47644442.94
pool10dzswwk8ycrxfv04nv44fjpqdx4j5euj406df0xsq7xyy0r0ta5,5,100.80,0.00,20.16,98.16
pool10efuydxjnasr0309lqklmj9xahupdnzqd59r5dqjeh4twz06tr0,439,7613132.21,90.35,17341.99,2982675.33
pool10eltx2wej46e62ulmwzm35xfu0azu47yvpjper7gwhncqe74vg6,1482,11628529.61,89.84,7846.51,1217594.77
pool10emzedn7jczjrk7x7687mzwpqs2qfk8dnmyuf3ca7ju8cx79z57,2,39.46,19.73,19.73,38.30
pool10ez5uusmzx7ep6pee6hmqr79z5ee0lhgzdelzgptexh9xq3ar4e,3,291.47,101.01,97.16,190.46
pool10f5k6djk7m95dls80f5n2temjlkacsqd47758z2xal8g79kg9ct,9,3072.47,6.97,341.39,1889.44
pool10fsg5ykzcjuzq5fzm9vj6d3yd0jjqgg6qnza6u8wtq0677vam2t,1,97.02,97.02,97.02,97.02
pool10fxpa6wkv0wc6wcmahcnz4wvvfx9m7547sevxrge3nfuv7yh8m0,457,4628771.82,107.70,10128.60,1301771.99
pool10gtnlhevam52ynwuzua7dqgv7vje4q87q25dzzfrjgw3wwjk2xw,7,101500.86,130.81,14500.12,99675.87
pool10h9j9hazmtszyfyty7e6vj3usr6v0jdzvraqcxxs27rtqp7hsgc,2,0.00,0.00,0.00,0.00
pool10hex9l4wjgqarvhr94xgyh9frv5lhtajhrj4dah0kl65jtws30k,725,15751577.58,44.92,21726.31,3107073.11
pool10hua8csg69l59hv4v48fpzcap726l48g77kckdg27zm5v349p69,4,7832.64,1451.72,1958.16,4840.81
pool10jd7mphm0mmrnfvyytzs3tfrmjmtkvalfx8nql7tae06v0rkjk3,20,23097.64,43.74,1154.88,13057.47
pool10jn0wjlh9y3w2ygq84u2llvlnxfz3lc4g0ssqlmpp3w3y2d2lw5,94,7182279.86,46.41,76407.23,3924173.18
pool10jqlkjfn2rtlc6hp95p8k4h04h3dfmdcgnga6umwp2rpukpg20l,10,504281.65,926.92,50428.16,447159.98
pool10kjjh9zfs77vzxpp4qpdxwvnh3x8zdf8qcv7pckvdhw02fu6unz,941,3070185.25,95.80,3262.68,234205.82
pool10ldeq0mccp8t4gfmvfkwmfcvh2pvz44hj2hmewfpk9udjxug58y,14,229032.61,329.61,16359.47,149741.79
pool10le7rwlfg3t9646gm09jp05qg5kqvq3gvut4q2yaeu2ujncnh7w,47,2854.26,4.72,60.73,1198.71
pool10ljdn3zwsh7vjkxf6t250423l5qy487x83st7m8a53jxznrkw5g,65,127062.60,3.13,1954.81,23718.72
pool10mf43thtl3keag50mrlvqa78xkwg7harmu4w5yzr3k7jvw0ap43,374,2706384.54,18.40,7236.32,972313.98
pool10n23qyec2zcetv0e3x7fdjydscsrlet5sph2hgtfc7x5ze56jqn,319,789580.30,3.82,2475.17,544536.17
pool10nug2zc80t6tz64awqr0362kfsh6yvje6xz2a6appzhzwe25nc5,1,0.00,0.00,0.00,0.00
pool10nwac5phcc4vkjvux5mw6gvdzlxurkd944e5yx9yyfa8sqs35t7,120,41179.78,4.94,343.16,12604.89
pool10p3g22454ly7eaurlur5wc9d9ual2fnfwy7a6e7k09z3yf929k9,165,6090359.96,20.69,36911.27,3231176.49
pool10p6wd9k0fwk2zqkqnqr8efyr7gms627ujk9dxgk6majskhawr6r,623,5637644.79,32.39,9049.19,1015072.19
pool10p7hdyghmkfuuxep4slslvjs2fk0hechqwadc2348e6g2x8hta6,3,360.52,42.09,120.17,312.54
pool10pd44d65586rldtdzuu88e7mn4sxjctvdksmt05nnqfzqu7g7hd,29,3584806.68,17103.38,123614.02,889485.11
pool10pktmr26fpvrt77j7m5mchqlt0mjmmfvt7ruvdewkcpasp0nzkl,1,0.00,0.00,0.00,0.00
pool10pmpya78vv23pngluf7hwpg9lerepmqdmdu47huf5vsskt56wzq,3,247.21,0.00,82.40,247.21
pool10pvwz69qz468m79ysw8qjcav5z830sv4zmeprru2n4anyuxwj9l,6,124124.41,0.00,20687.40,124123.39
pool10pxym4rs92lj853juzku38z58d9n59ra55qd2mnm820ljx4c6h9,1,139.82,139.82,139.82,139.82
pool10q2fhzwe4f5k2llny65z5z2fuhrpk3x56fdc0782djdq58p9uee,41,2315767.98,324.20,56482.15,885165.11
pool10q33p4hx4wqum6thmglw7z5l2vaay4w6m5cdq8fnurw7vjdppcf,26,331018.08,19.12,12731.46,293408.52
pool10qmnswfc22zm0fscg80gkwqz65ujwjkqmctv8g9l9l58wqtelgg,453,2833869.68,41.31,6255.78,707760.84
pool10qrz84cvz95zg8saf43ruhs5ulczuuqm2d3jn6d8xkkkzgzfje7,11,112074.81,9.62,10188.62,88771.87
pool10quq4wlghwrvmhdzc7geq22pyhzegccwj56ax2g8hx0cjfahufs,442,33907427.02,237.55,76713.64,4198134.18
pool10rdglgh4pzvkf936p2m669qzarr9dusrhmmz9nultm3uvq4eh5k,95,77156106.64,31.52,812169.54,32189642.84
pool10retvgthe4vymhaq8vr2734zladmeeuwy07rq8r5f690ydmz3vc,3,971.58,44.43,323.86,925.44
pool10s8x49tu6wcne63rqv6gmnhwpcg4kg8r4s3ncv6q7uxx76jvlwg,1,5097.62,5097.62,5097.62,5097.62
pool10scv5quxduhrcc26wpurhk743dngspe8dc3zpkkam0svyx6ejx3,24,8608200.23,834.45,358675.01,8260940.32
pool10tcg3efecc706w98qs7j5jw84nxkcycseksp4mw64pjty26wr7f,3,0.00,0.00,0.00,0.00
pool10tqeu6d03p6rnalqlvdshmpsljxaq2c0ww6draq6xm8lgyl2a3p,837,11123724.38,503.99,13289.99,1774278.31
pool10u90lv7ayyfdulnt004h2wg42yff22c8vjlnqjxv7pytypuaykv,11,6192.92,0.00,562.99,6184.12
pool10usr6ag036ujwhmm85km8w0skjn3fp3dwnktt8sje4lfvwhu40u,3,2136.95,2.08,712.32,2134.87
pool10v6uh7yan2dg8utwpgurj6th3u3s3q3m2lcg8z9mxtncvx72dhc,1,1.00,1.00,1.00,1.00
pool10vgnav004xgw03qkqfy6864zq53lzjkcf0syeu4g3uj8xaytlm8,3,1475.99,247.64,492.00,1200.94
pool10w8gmhnprfmhdlp6npjt8d3ts64ng4qxsu0mr33dhpxpzwn4rgt,1,2.92,2.92,2.92,2.92
pool10wcmpvjmmv7ph7cz2263f52yckvnnwu5kdppwqgu74s2qhe7l7m,23,1211588.74,1044.93,52677.77,502574.58
pool10wugf8sxugp74y0dafvc83jmcg2z9v7u5yfs79zy67rxc5lqhd6,3,4678.36,700.01,1559.45,3879.52
pool10ww24pk8znf747x6d0wcueajegrjwzpv8x9a4aar4t05s7uzf76,1,2453.00,2453.00,2453.00,2453.00
pool10x7rsal3ldumkycuc7f7rslx3vc5axhz5jzwngfcg7hd6t2p7sc,9,61563.33,52.17,6840.37,30793.02
pool10xk8jp4m2cztf69x9gvg3j33x5drkrz2hulsjes29wktcfcxdls,4,14178744.81,12860.80,3544686.20,14152869.19
pool10xmmn972gyza7nj8q4cyy0vrpn6kqzmdz2ut7ynnc8d0ycxlvw3,16,340669.76,6046.26,21291.86,134523.81
pool10ya6hxrssmyhl560gqyalhqxudkgfjdlc0e4krww6wweyaeajs8,467,34255530.98,1452.07,73352.31,5052918.50
pool10zyf32q3w3n9x940j6yqgkwuegzn77p94wcmpku6gvmrqw8a97d,1220,28769689.87,92.13,23581.71,4137578.09
pool120s8wucgh9dnshf3xkvffq30lcf4kta9uzf35s44eulezc8puwj,1,9.80,9.80,9.80,9.80
pool122gfj3ynz5ch8cfkx0tt5dsfpnf36sujcvrvxzqjm28yym8vv8x,3,67.46,11.66,22.49,53.18
pool122gklgk6gep3dm5grag0kavzzxcwk4kxxrqegfygghjpgch6pns,3,26415.60,299.48,8805.20,26061.87
pool122pmneflla304ptc7s5ws948u28zaek08k6hk3fmw8rgkzmgect,5,3222.29,28.38,644.46,3150.65
pool1233gq8vt6nzytuw60sr9gy2jmehc88fpglrjrzsd8kys5gqelgg,3,4079.36,1887.30,1359.79,2149.22
pool123gn9my6u32zea8l3uk889rjj2qf2tfagcz67q4v4r9ccjjtge7,10,1654.50,39.95,165.45,697.10
pool124hy9qgc0nhqsve268kj5r53pvz7ppg295q6r2d0sjxswchljf0,11,32054423.73,116.61,2914038.52,32007639.03
pool124lm97s6f4satl7xz0ulzgg6tv30tskry3zcntwrz68n60v5yne,52,12845.15,24.47,247.02,1786.27
pool12582dmkl7xanxlmfnwd4fepmx4tt5kkw327mmklcjdxngwaxvh2,3,1072073.00,400.60,357357.67,1071662.58
pool12584mjtgz3fhgpx823qht56gycnfnezg6aqqthazv4qdxkd5c46,96,833720.32,33.83,8684.59,294856.50
pool1258yqnsegc3k7raqcdkxu4893aqexxljflmg9g96yfha2qytayv,138,669736.55,32.32,4853.16,324786.99
pool125kh7e0y9lwya4sz5etmsk7hvga9jtfpuhw00vz9zvk6sh8xh5r,59,10331896.92,940.71,175116.90,2505607.72
pool1263z8symvqmmsg876y2lzluv29am2v9fpzka9sf3nrhz7uwlzap,56,112046.80,32.62,2000.84,20022.62
pool126f65lklaqw39jgx9wl8klqtx99evewxk0x5yc2jzzp5wfs8fde,31,514633.18,50.81,16601.07,202488.58
pool126kcx3ve6xedpdk8gm9gtgs5x2h77tuwe5hjjcrp2nshu2xv8l3,6,3826.27,145.99,637.71,2647.04
pool126mkma8nv5axltmz7mmg8qz9e70nmhnf58hwx5772fhwgkhk6ag,213,18776409.64,2517.15,88152.16,3613113.10
pool126ugnr0nxjxz72jrlzrqetqx0exn43t5w67u9vuq23xex4ym7dv,1,109.61,109.61,109.61,109.61
pool126ut5j5qz5wg09sjxrjugmjhqyslgam9cyj7a275y99l6n3gql0,9,5516.81,1.21,612.98,3876.00
pool127cp6le6v4hs453tkwnjd6ua9fcmmh7y5zc44zx752yzklgcrcq,2,1442.48,721.24,721.24,1174.91
pool127gdv243hfcrapslaqq0nnh64u2gts72gtrt4888g6g2z0zsu64,871,1169491.28,5.39,1342.70,270781.23
pool127jufnlxk4n6he84qjf8ppzmxs9sjnqlhulnuzsk0uc0whtl9sn,29,30802.71,57.54,1062.16,12454.02
pool127xwsah7jllutuhen8vl7sve5278h7hhxtnys3cl438dyhuwgjg,159,2710770.72,97.34,17048.87,1380119.02
pool127xz8pls3lr6nct6w274ph2g4u83vqajgykf3l9ll772gvmju8z,3,2162.17,135.35,720.72,2026.82
pool128r8qqgl9zgy3ff4759a2qslyauu5takaec3nxx4a6mvj3ys8da,6880,1512438.40,2.47,219.83,61158.49
pool128sj7hpet8874ycvxml85wlv9eyd8pehjhnj3clcvhrr5g5s9qj,3,25021.37,11564.44,8340.46,13456.93
pool12a4mx8ztxg7dwatm6lmfm36q7eyygkt3y3h29tklvcp6vyxp0nt,18,14785.01,81.73,821.39,6227.02
pool12ahcpgfgzkm29zajw8fgfqjma6ngsks7zdk4tr7q280pwfvtlek,16,32106127.86,642.53,2006632.99,32011162.41
pool12ame5t8hdltyl30npznvhn23kxnvthk82j9p7dr4uew3y92uqes,95,81647.04,15.22,859.44,36480.52
pool12cc8t9yr58xureweksj73v87xkm6svcs8j3xnt93zd5zw5q6ugr,2,0.00,0.00,0.00,0.00
pool12cmz6vtm43tztqck4xnayhpmeml4ljxutvuexhwgsvrpwllnscv,9,8898.96,600.76,988.77,3842.73
pool12d3th585ga2w593eu5zqnkahsnlczjpqxemjc0qhku7awnhvn8a,10,146097.53,621.80,14609.75,124064.78
pool12dcwy586prq83qggtfvaxwdpys9dw4sl2yahrdjyjxsqzcq84rk,30,1849137.08,1389.46,61637.90,901732.85
pool12e8xz54gjtcz6dzkhua9uq9dp23cqcmf6xc4929t4ep4ketccsm,35,32790.49,119.53,936.87,12620.06
pool12eht6dqxpzqj87xuextrpufz2gxmt4reuesuw26r2utzw0kw906,291,5662607.89,343.42,19459.13,3002452.79
pool12f2r9xf4wvht030xwjhpjvy5yptr275qr2qcydnx57jkxyfzz2w,28,505675.89,584.93,18059.85,359672.98
pool12f68ksfmsthe4r9xx2up9x4zx43tstu3psmjvk57papsv8vu9re,1,1093.09,1093.09,1093.09,1093.09
pool12fzerww0hmk0fyvaujz5t2kg6hl4n8daz85rqy5jk8qk58r59y6,89,72298.27,52.98,812.34,10937.23
pool12g6gfm5c4q7rzwwxdmh0xdxk07tyvujp6d9tke2m46k7q7cz7p0,10,114243.91,6.98,11424.39,108363.28
pool12h408zlkavwxw4wkw96mt8unjs8sn27k0yk4yhz4pzvsx0wvmq5,6,579.88,108.62,96.65,228.53
pool12hhrd4azpps5jxppcqs2pgtylatg7xkhaqmnetgv2988k3t4drf,22,282711.96,207.46,12850.54,263096.49
pool12jqfrwhuv2jn0uymwmud2d63gp5drj08fjfart9dxgpu2tmj8a0,1,2.93,2.93,2.93,2.93
pool12jzydsj2yjjn59zefvgz2q47rvfk950xckm5x4ejcdvucueg5c8,1,51.01,51.01,51.01,51.01
pool12kdg7dmdfh0t9hmy43pvl38ftu5dvppyn86wgkc4jq8557xkyz7,27,153210.77,160.81,5674.47,48882.89
pool12ktz62g9d32nq0cdk9jyyqg6kquj7lnmx776at5h598supql0t2,7,7650296.89,1772.10,1092899.56,5301803.87
pool12l453n0jtxqq88cgwgr67z06ldyhqqvwxgkn0sgungjfvhtp2el,20434,32647457.56,17.32,1597.70,609650.51
pool12lsfsh2s8yt8dvrt9m8kgrgr6ktntngvn2vad60xlqz7kxz9fxr,63,4992023.03,656.71,79238.46,1443021.19
pool12m0v0myprg2nfvlymzaghvjrzhnlzkh2psn3sur2nhkj5wpkdmh,93,324924.25,97.56,3493.81,105249.81
pool12m7z9p7jqymxrvvp6z7vmfdu6j6u6y43p0m6y4xalz43sc8s4t9,31,32831311.50,25143.23,1059074.56,7864763.40
pool12mca6l778v2e5wq5a4kc08h6grcv9j6f7yykt9wyjttckfxksvg,1,1014.27,1014.27,1014.27,1014.27
pool12mmcc4rc2fzfv7gyv8h06nvnsrm3m7erzdv8x6gzvjxlu2lf09n,434,15666601.96,52.35,36098.16,2326631.07
pool12mvua605f7w2gs90d580ywzyyf96je0y5q6zwcz2l76tcdqa8y9,1,507.42,507.42,507.42,507.42
pool12n6lycv28kjtkzecfz2a3uujyxy6ewuwjcmjq84my67psqmgagv,15,1514920.08,2792.13,100994.67,1107764.86
pool12ndf7w5f4fdn746s5zlay4aexvcsjncnnmjwfp8falascjqav3y,40,521665.12,350.32,13041.63,229361.36
pool12nhydvz643puda5jjc7hxyphk9685n8tlsgeenfvtttckd803e5,5,581.19,1.43,116.24,337.77
pool12p0qtp89dfzr6spqq4xl6ha2s9m8lqydnvfafyd0h38fy0hfv3f,9,44530.22,281.14,4947.80,42999.77
pool12pk63q22re4up2dg86tyjwthuauqu0ryq3jlxs9v29zk68cpugl,60,212807.10,756.08,3546.79,72042.73
pool12plmfgtqk4nj0wse5wnr49xth22fjacxm0gxg3wc88ewzztpwf5,4,3707.80,160.97,926.95,3385.85
pool12pupdkq80hxxcje94kjgc75x9vsqsgaz65upnmx7k7zmvc3rpd5,1,0.00,0.00,0.00,0.00
pool12pvaxxcv3sgad5jqgfnggn337y76kp02uauptkufjjjes7nxwfm,72,683282.35,393.71,9490.03,142670.45
pool12pwp8hln0cjsxv0h2a0463qsakkhwetfhyqw7vzmpwd2jdj86n6,12,820067.93,1530.50,68338.99,299900.99
pool12qj3qpa2ca3jq8nj6p5psjrx7xu7dvjm25xra5s0sxxps4qx7c8,1,24.52,24.52,24.52,24.52
pool12ql6www8aa8usn98azlkz76d2htxtm9swalvyac27rlq6mdkxc7,1,1.48,1.48,1.48,1.48
pool12qrgswlflndwp3met59zmuclqp4wryn4e9428gm7n8vwymnhvng,7,15586.23,1.05,2226.60,10404.05
pool12qtv7kyrx8g0d5890alk6dkc6n6nyfx80synspvqafjrqd3ergz,72,7641378.03,110.32,106130.25,4976394.07
pool12r08n33avu33ncstukwxyr440mgaazmuclay38v0yt34xytu2dq,66,289609.07,39.82,4388.02,169935.74
pool12rruj0mjqzaf8ryg7ny0x77y80lpdxd7zh4kgg5zyy0r2rzue0q,4,5753.59,76.74,1438.40,5600.12
pool12rs385dd534g8gtdtmnvlhq63whdvc6vnuzxa5cpx843zdy73qy,1364,12600110.91,20.68,9237.62,1050411.11
pool12rt30v5khmh2y9nap3ffe6envd89lq9qf8f4usr0enwwzzwktsu,7,23.81,1.70,3.40,17.66
pool12rv575nj9cfvy0r4th7jtz5x3nt6waht0qe5fdr58ucx77tk7pu,2,6160.72,3080.36,3080.36,5647.63
pool12t3wyzzmg5ms5tzz7w6evedrf7mh07m875r6dfk8xpmgzjc3d9g,2,347.89,173.94,173.94,347.89
pool12t3zmafwjqms7cuun86uwc8se4na07r3e5xswe86u37djr5f0lx,5306,68348226.30,181.68,12881.31,7100934.65
pool12te7g032e9dqjqe5xsr05mrk7xs9ve4w6t275cda7e9quafr3zq,4,134.52,8.31,33.63,117.91
pool12tlu3dm864fzxgcjp9jrsykcmcvxskjtqwy07z982avqx3n9dp2,6,41.83,0.00,6.97,41.83
pool12tvj2j05hh6gtsvw349vuesyn0zphh75u7vadh5rkjs566s2ty5,4,1145.96,5.60,286.49,1134.75
pool12u28yewx8ycf6dj77lzpj6vvhjwp6veh6kxpc63h8fqnqqtlwmu,353,404254.01,10.68,1145.20,108807.12
pool12udshcl3ycj4qpxes28n0ugsye23h89rj8z2a5ast4482m08xe7,34,24582609.37,395160.88,723017.92,4585003.20
pool12v7aukl49ehf9ysagq960ek26jeywnq3yzv5hgl4ecvhvyax5p6,2,0.00,0.00,0.00,0.00
pool12vs4c3cm0tr49c7alrevfs0xa5g3s4al4fn46h33e69uusat04v,3899,36823132.85,47.09,9444.25,1868705.12
pool12vv4c6z7yf8j4m2amzej4j8tn2d4dxklqk5nqztz7wl02gratjp,131,60580.35,6.19,462.45,19887.16
pool12vx0utf438rpxskmvwm870vpz6qnur39jzl7gs3hhhldqekzjea,2,1497.61,748.81,748.81,1497.61
pool12wpfng6cu7dz38yduaul3ngfm44xhv5xmech68m5fwe4wu77udd,929,3513053.51,21.83,3781.54,1137369.42
pool12x6z2am9fxpw7s8wfjpsdd4jm2v5wdj62fshv00ztpxr6jy3ztp,3,593.80,97.62,197.93,496.18
pool12xxugucen5pql0ay70uakgqjaxpwfj6c9py8euyu4q3p23s0fyg,16,58546.78,18.96,3659.17,29158.96
pool12xyhj4ktuhy0gage20p3e6z6r3s0tun7lmsk89lxv4y5wh93t0g,7,568.16,1.43,81.17,382.03
pool12yfqjghmn47qajajqduf2rd83qxtdhva8j0qdctmla4v5w3mhq4,15,2816.79,2.24,187.79,2507.59
pool12yscr8j3zs34ewxrwlk0p2w5uvgcnrzywpp78ddjsj8kxd530f9,685,981863.91,110.26,1433.38,119085.89
pool12z39rkzfylvn9wfe8j6x9ucq6g2l4mw4azj70y0gd8ejczznyj3,10413,57483825.56,35.80,5520.39,2751769.45
pool12zcqkql458zh0pxvpw9qad8mceccdatk2lm0cpxfql557lhve8y,3,923.69,23.02,307.90,887.06
pool12zgtcv0cu5caet8y2tna9l0jhthr46zpwh49dh0g4ew05st2t2w,3,218.62,0.00,72.87,218.62
pool12znadsadf2h4v6xhf8jwqc6grjxsrdn6f53h5esrkaj5qjtjnfs,2,0.00,0.00,0.00,0.00
pool130c3kgpkjctag540j7sxqfrlhsmpc6d8u0n7j6crm9ayy75mkpt,4,17603806.38,86492.20,4400951.59,17418355.84
pool130hx49xrg3cjtdqnqegmn03z8fgu6juenyctws0feh6ekdy0fam,12,17780.56,0.50,1481.71,14485.32
pool130sxcuaxh2yc4chs68c4jsep4v7zfhgdqutm60ngdvt9sa2ga06,37,3074.97,3.27,83.11,970.82
pool130u9tm5kzsjkzlt4zq989s33fne5n9qahkdcmamh688wzrk78g6,1,697.44,697.44,697.44,697.44
pool1329xugchyesx3zzm96nylqlpz78cauzhgvlxawtll0pt7gnyul7,4,627.12,12.18,156.78,602.76
pool133p3wvahj3gzh6cv9ac0ka9pgmltrzs6lt269aumqlkpzhkd9re,9,532873.10,45.02,59208.12,462198.21
pool134d4ndkh0q43mykqh922k0khrrkm7rlpkj834ju6kwja6dmu2f6,10,130330.21,645.01,13033.02,101924.26
pool135h773klt7djljmyawkh88e8qc457wxqfhc6j9h6y9n4y3sgh7t,434,19463973.71,145.99,44847.87,2313476.08
pool135y07cyqvw5tk55y336jtm28rae5rsgrsr6e4cwrzlvqz305cng,5,978.14,125.19,195.63,504.95
pool13682rvnneuwl5j7tfh0zfp2t808zujjdrw499qkahuxd6zqxz00,1,1.00,1.00,1.00,1.00
pool136903m0kag2amlga2ypcz8wnf7d552qgy5t6vz2pqlzuq2kyshy,60,109854.74,66.39,1830.91,23479.48
pool136ahugdvaenv8ed0d3m9af4dxxtzu7u3vpfq4mxk7qq6xuvd0ca,16,4781.24,3.65,298.83,4668.68
pool136mu955m4fl6stzq9rjrsww92xftwnjr85997zykeqylc9h3k8u,3,126.68,3.09,42.23,123.58
pool136q98jnwt093qle4ph86vdpuwplg7gyvt20h2nq4m6ksv8xjcuj,146,44565388.99,17994.00,305242.39,5301893.03
pool136wr0g23dw9daekuyqtgk366vywms6meespgpm3hdguxqczaaug,1099,3657839.89,13.92,3328.33,445851.07
pool137cuaqqktk0rhh3a9zj4rchr75qm07pgzgekprle5qyq2xk2nzq,16,249191.01,1315.27,15574.44,96009.84
pool137j9xuzycq4jxfpsmjnc75w2wnpz68khlwvsh69kt5negg6ldhg,212,2275923.03,73.46,10735.49,812812.88
pool13846y7q7tng3endxhet9qdcz5w0fjs09ytcye4dm5g54wmyqeqr,967,22750816.70,130.42,23527.21,6096142.21
pool138e249zh9l93azsf2pf7wyhxyayzcxdhsrg3vqpfx665c8xa348,3,53.69,0.00,17.90,53.69
pool138m7hevnvp664cmtralju857t5k7e4frpnaevtgpuykggr50kne,8442,34055684.70,46.97,4034.08,3246302.79
pool138s0uwydwtrhkaqj4uwkh37yqw098v9v6nf5q08k9nugumlf8mw,26,10403349.07,958.07,400128.81,10336219.49
pool1398lzhvtaa0hgz305d2jz4urfkwkkt66yv476wqe6att2f7dphh,2597,27434198.59,164.97,10563.80,5745277.20
pool139ffqrvyqu9sgsekk3pu9t7jxx872w655vses7d4q4sxxyd257a,224,64782.65,1.90,289.21,11848.89
pool139gdv4lxw53enk4rms0ryr4ey07k56jufmfrclqqehjdzglheu6,312,11579300.67,12316.50,37113.14,593785.02
pool139l6650n4u0gg9fmnd3aczp62q5xwngp299pwwhe2mj7sm5vqs6,3,1.23,0.00,0.41,1.23
pool13am73gpq93hrngwpnlz34cwcytuykpytxtkz9srmrq3x6x8qlsu,4,465.41,89.98,116.35,275.31
pool13annzt9hjfc822f0ejvxjf7fsmxd6cc28whpk5kagec6ggfmm7u,35623,17017543.08,3.69,477.71,466861.89
pool13c9mnvfx4nvwvkszxcprwlv60fh3tteef50hhhv9yxptsua2v70,8,71097269.60,21923.02,8887158.70,70610246.81
pool13crd2ljx87988umk22er6ynwadfwdqupdpcq6prc6v59z62kxse,2654,39659932.93,84.41,14943.46,13052090.74
pool13daql23lkcwwj0gsz0dnu9tu20pugpswfped3kp05ekxkgmcumt,44,929830.98,363.18,21132.52,663455.22
pool13ds97sp5wtfpu7x720pj843ax2chfrcj25d88a39l8czjmg4gkf,2,103.00,51.50,51.50,100.00
pool13ehs4gzc9t6tjr5rpynqtyp8act4jfqth54huymasuslj05fu8z,3,8.32,0.00,2.77,8.32
pool13ew2l5glvzj6l8r0qkjqchxjyg7tzmv604zh4y68kvhf5x5skgu,15,95012.40,11.65,6334.16,84803.20
pool13fpvzhz7p0f4c960k44erfykflr7qdp86t6jnxlfamhqcmfha42,4,10795011.25,2598918.63,2698752.81,5597159.17
pool13ft2syyqvrd0x89hcyskvz3dymqz6xavq646x2gy79lq6lrthrx,4,4259.44,162.29,1064.86,3904.69
pool13gyxktxqh8umjn3dh2uk9nucacnegl0ppcsfg236hkfhcg8asxf,7,686.32,0.00,98.05,561.49
pool13h08lf24fjmxxg0mmuattjv8dvy0r6fc4hrqg4qmj38xsweexrv,28,32519061.40,423.31,1161395.05,21207513.61
pool13hqjq6yxcsk3wpygedcp04crk58qsc00gw4wf77q6kehxxagqme,1,0.00,0.00,0.00,0.00
pool13hxlxd6qa68fmfhrvvmasa0mjg30tj9p5v2lmgmgsmrp2rgzkfp,844,68354521.40,962.47,80988.77,16933260.34
pool13k6tphjfsgqdq7h27p4x86ruchcdg2x073luw8pndh3ajxvwvja,2086,69248063.25,4129.06,33196.58,8490944.68
pool13l9hxj5dke9yd8xrxtfdkxgppj4wdyy52k99jded9f4kv5ce7al,677,773598.70,60.50,1142.69,125501.25
pool13l9qxpuzd70h7hkjr4ec3pf50w4x6tst5pxc7w33l5lyj4lpmtv,1,9.83,9.83,9.83,9.83
pool13lswc5y4zycu9u63ktssp6rnczt97fy54cqk4s2ehwjawg5tlh6,1,250.00,250.00,250.00,250.00
pool13lz5g3f0kef09j5jvlw4t0dq7ejugl5q8sh0r8yyaxhdu04z560,6,5433.94,434.87,905.66,3100.65
pool13mas2wthxs28zftxskcsd8t87jk2w9ntc0u5uflt45sh7lcvs8h,2208,45561251.96,352.77,20634.62,2421945.64
pool13mjxg33urh0xquvw33kjn85yw7j42uwqw0pvh8s6c67rszr7ssz,13,598974.88,2112.80,46074.99,422020.37
pool13mxx49xrq4hp6mca8qrzxxmjhfrts0ayh5n6ff9uyuusq9cx4d8,3,25001456.00,726.42,8333818.67,25000684.85
pool13nn6lk6dx5ww95h5qqeeazyp074j7en8e6qszq62rtj9wcx522z,14,886818.48,868.21,63344.18,860467.49
pool13p725l7vqedxvkrstaq7myguewcktjglapwls3re7wakxdv90fw,4,101932.99,1.14,25483.25,101930.71
pool13p8rkc9nv8umw98qdvjqv0tmwgjmzlmyedrd3m50pjpp58ek53a,1,116.33,116.33,116.33,116.33
pool13pclvkwxee4znt7qc55k8ny89zvdkvfrt04dtd99zjm5vs2tws5,180,26916839.48,3217.23,149538.00,4551322.17
pool13pt7us94nw782t5v4d89sz8zqn8hcn8r8r7hhph5mvxvvp3c76v,880,11741024.00,43.30,13342.07,5089604.62
pool13q8kl9s0kufpl0vjmnrk2f2nz9nle3k9l3pnzh4negaf7kmd80p,3,1034.09,17.62,344.70,1016.46
pool13q9w8c2namcec725euu7pfjnzz2fj9h5k2wjtafysnwnqdcrwg7,8,194794.72,11654.49,24349.34,52839.15
pool13qdkwy5y88ncr5qpjrh8hgtf94d0zw4wuhgezjg3hvlyyrh37c7,1005,41603718.16,229.78,41396.73,10672107.82
pool13qe6ycacqjg3gpvjewg8734d6hs6rhduuenjtnnkwh327hmtyz5,27,426678.78,164.76,15802.92,229091.06
pool13qppafmw3vq5rl4ewmxv7zy84x3rshx9sdczs0zq40cxu0dqkrg,6,10711.30,81.56,1785.22,10255.68
pool13r4e7tttcxp4qfs4gqtv0hz5k48qdhhxrskz8pjrj6fqy5qmee0,86,2218555.38,355.06,25797.16,423220.37
pool13rcsycq8h085yfu7m3s48gqf9gsxg26fp89q27e3l788k8xa4ea,3,7222.36,246.64,2407.45,6975.73
pool13rt3ngkek4l876980ect869cu978d36dcyh22ts4nwuf7ncq02u,290,5149368.77,1408.64,17756.44,1576958.69
pool13s5faca3kkg6jhqcll8xd9tarur3zkhalyuu92d5g87zyj4wrrc,4,70024286.98,17506081.66,17506071.74,35012079.32
pool13s6u5zjngelr5uddhqygqqf5tcup0g3ajenma6amy9zuu7e97gm,24,286232.93,70.26,11926.37,213929.35
pool13ss25l908k5vqfw0aq2t66xr3hrvlqlsf4tfsmp59kyfxhfmah3,1,10573.03,10573.03,10573.03,10573.03
pool13t8yafhx3mfnxs8nnkvgqnm9v5gspk7cdjc5dmpzpt0a6h294yn,2,35604933.48,17802466.74,17802466.74,35604931.83
pool13u45a953lme8y835e5upndqp50r887dha7gt26v6hcaeup4aavx,3,14613.99,1729.42,4871.33,12884.57
pool13ucz6778ywff5pmcag4pcknq9gm6j04qtgh65cu9c5mt73t5ulv,7,2761.95,50.01,394.56,2232.06
pool13vc4ekwpky5vtnl8pyj60phkmwtv7gsthn4g525udt7mjycs85v,14,21198.92,32.08,1514.21,12960.63
pool13w9mcp8af4ef8vwsw624ams38w7hs0chvtjknz2t3pcxkm8w9m2,2,9.63,4.82,4.82,9.63
pool13ws3wf9skw0ngg3aze482tdxqsnfmvf4vgy46cux599mxm8n27g,46,1194711.20,222.93,25971.98,901210.00
pool13wtywenpwvg5snncx5zvxevvry85cp3c9nq0xlxlck9l7qh2spx,9,332041.97,524.61,36893.55,319376.49
pool13wzpwavanfpkr4r4j30plrlc6dn6p822lkt22zdllmy7q8y7s90,81,39136.24,4.79,483.16,13342.93
pool13xh3tgwzhr3hn25v5m2dnvqnfcmnzghcfah5t7kzufkywuy7w7v,175,66805.10,7.84,381.74,21289.44
pool13xlhhdl2phz8sup0hwcuhp6c4kscrtxs6d05n99hnmuakfkd6ws,3,39.62,17.62,13.21,22.00
pool13xzckaj3srgldr67dksx874jxe3c9xnc245xyr44p7cdxh07hft,100,4673683.21,992.71,46736.83,1140134.14
pool13y37atzdckzr0gvj8mtnma49602jjtcw2dhr9zmpy4rase88j6p,1,2848.84,2848.84,2848.84,2848.84
pool13z5t8wlhtf7ccc0hud8pnvpjeekjdsyn7sq69fcxf3k6kpnlm74,5,45426823.19,2332.92,9085364.64,45418567.80
pool13z9mfsve9w39sl5akgz58yewad9daycxn8ja426ytdxey47yatu,1,34863465.99,34863465.99,34863465.99,34863465.99
pool13zagy9a4nnhgme5wcnl0w3xzt523yn76jxh52360rryexc9f9dc,1,101.00,101.00,101.00,101.00
pool13zdrhek6m4n947grhrm0772zt09lrm2vzkffsla25e7yq6xqjkg,40,127455.46,9.91,3186.39,50501.27
pool13zh79cqv3y36cgknzagwegp8y0kuzel2j046jmup97hhjwk5myw,37,3567.25,5.35,96.41,1215.46
pool13zkcgp7se22046p9gczt98au93dw85q2g7m3zany4kzf66y46x0,31,11530.05,8.04,371.94,6290.34
pool13zq5jktx7xmngfer82nkrs8aqjklmydntxdqzttas328yuttgx6,40,714247.79,2249.66,17856.19,347896.76
pool140d97glhjr5nws8cdhn70h4nk35vmmmvqe3zwg43t4caxt0m7wn,1,30.34,30.34,30.34,30.34
pool140x77a7cz2j689lmxf836qpjtc3y83rka28v6gpswxdw2mag62e,71,6165846.22,92.26,86842.90,4369918.81
pool140xj040w37pcufxdhpjne03sn2rd0fxys4m2c0sgjw5pqjnlx8f,20,9610.22,31.16,480.51,2652.62
pool1429egqgv60r3nxlp6cvs08qcffv7duddjvyjd0pt6wzhj7akda8,204,3586865.67,84.57,17582.67,783252.38
pool142cpn2gm89q72srv9pt7jtt7p7yg43a8ltfqhz3jp3t3xuh7x48,4,10332.50,252.75,2583.13,9826.75
pool142xwjhpcvtp7tahpmn8tlnek7smefp9wn66z67j8vjpmjxqdg56,1286,15437375.89,122.07,12004.18,3264870.86
pool143d6z506u6yfufgzrtx8ywcwx3j4s29lxv5tdugcpcwk2l83gck,5,70023261.58,289.78,14004652.32,35011482.23
pool143nv3macakarny2hvg67gg00q5j2kdg6yfvcmefqmea3vnj0nex,11,118058.48,1.10,10732.59,79868.37
pool143x8nhnr3j9mpzvhayuaen0y8l350guj6yd8mhmhhuupvuah3hh,27,287241.81,13.42,10638.59,121290.03
pool1442wwr8zzdpcu8uwnglackzr3u5ggrmfxsjja0s7aef66hk2fuc,54,216506.48,120.38,4009.38,89416.10
pool144cfav5vd6vwaej6cspzea3pjfvdcjg86uzv9phxegz87ynw2zz,6,160.73,0.22,26.79,94.87
pool144m894gswuy3se407ma5870nkaw5ylykrak73gf4kpepj50ulfa,219,614753.39,10.42,2807.09,221198.83
pool1456lrrp0a3gsgkmyx0rm8wkdmdku75tfdlu9xvpffvxmqmjkwee,18,143402.14,13.32,7966.79,82373.60
pool1457cnl7qu568h98xrw8krfnjkhf05mfhaq2l50epwy36yuln20q,221,70385925.00,651.24,318488.35,36711842.52
pool145ak0czqxe97ef38zjupk0pz5yk7pahcyrdfee2lrnsnwawj6dc,1110,1131916.75,11.06,1019.74,125853.89
pool146u0r8qh0jg6rd3th76q6cepwm03nya4pkvfj08juqrz7wxnfv9,2,15.44,7.72,7.72,7.81
pool147en6w8f9cplnn5x7qt4ese7fpacmmcwuffrtu0yqxpaz4agppr,2420,15419136.92,184.97,6371.54,535212.29
pool147t2chee9vcyjxtafwd8emkjj88f9dra0xa2clgwlr6m7tzdzvz,11,809.14,0.94,73.56,509.98
pool147tju4482jtl253lgqq88fkefdugcuhaumf8m0rcj8uzxu846qm,67,46623419.37,25248.16,695871.93,12151956.22
pool1484zq40k4xg69t55z4fqz78zz6j3t9pvlw4jd635w692xhfzkka,3,31812.12,1156.86,10604.04,30471.56
pool1488f5rzus7kpu3zr6zwyw8mdy0rj4m3knssv58enurgsx40msjf,4,1087.46,248.92,271.87,589.62
pool148ajvsw7z9mhgw43tqvgmfrv22azvm638knkqghqv497xvdl2tk,1,0.00,0.00,0.00,0.00
pool149d5lzg7m6susau4f4yfdztgkty34qrcdpvd3ygsetmljgxxf8g,1248,22198991.88,35.02,17787.65,2311057.48
pool14ajz2t680q2c7tekek3eqazhnapfl3l4w3cep9tnh9ym6jhph8m,23,1676510.76,29.57,72891.77,1088409.16
pool14atewgzlv6nl2e8k3ndrzwt9y07sepuplj9vuxk3trzzj5lmg64,4,1232.79,332.48,308.20,567.84
pool14cautfm2e8jxv79tv59grnryjxs8f2wewz66wup695xgu7wjnvr,54,69421.58,14.22,1285.58,29564.96
pool14cq4fchmmqjygwjw4zexmqqd6a7caxptjnvseyu6wanjuppv4vk,2235,76640732.95,682.72,34291.16,3428498.02
pool14dswwngc8j92uek927jced2lfc7c4pa4ss9gry9nu9rhkc7a055,35,806933.17,7292.46,23055.23,283567.71
pool14dz6syalxmtlykaudkk50t9xtve0ne2rvtsgqmyvfeg5cxx68n4,5,36903.30,0.00,7380.66,35898.19
pool14e7g4xmj77s7sy5uajwvdmvejmjcvhkf449tasq3tz80gv098t8,3,872.09,0.00,290.70,872.09
pool14enw2643rn9nn6yzv60jyz3hj4kxs0jvap87lkgsqykh508jxm6,21483,12310424.56,3.50,573.03,1108182.94
pool14exgv53wem2jwutrqpsdxtrl4hweefymltq02xt72z60x8ge4qf,3,449.96,0.00,149.99,449.96
pool14f0uj8vghxzs09p3rzvhlur0dnfwylxc67whaz087srtjjrcjgd,14,60797.08,624.38,4342.65,36348.72
pool14f58kf59ec7ymk7mm5w07advfgs6a2guur3g5zyf45uvyvl80t4,23,105931.43,15.34,4605.71,72835.41
pool14fjmlppz76667ws3jl5luejf2wgztuhpsftulvh3ucc65anqgve,1216,42187591.01,124.08,34693.74,9681089.98
pool14fka0t3prjrldjkavqc6vs0zyngq7jw9edek57js94g9v4r25rg,19,4628.73,10.36,243.62,3671.07
pool14g73qj0qz05ymqg7dp9kxdu8jr7uuzm6z6n3jwxpvqskghhmhng,25,8271.24,31.13,330.85,2674.55
pool14g7yxpecpp2vt25nc7mjtf8q5g8n362wxksvpxz5fht35khqs0t,4,8105.65,770.13,2026.41,6565.40
pool14ga04y2dec7vmahzstd2c5mjsw7vq0v62mwclqynvy2wsc5g40p,2,2.50,1.25,1.25,2.50
pool14glhqr7989jz4yu0hnytpw62xlq0666sy075ztufdya2yw4d6fe,10,2266.75,3.77,226.67,1747.47
pool14gw9d5yhxf5t6k68tqvpa95hragu78yuyr7lm9gz9d9dx2yz9s4,25,12697.48,66.71,507.90,3728.72
pool14gzj8a99u43j2gu3z0wcyedvdca27m2lx7msqxywl3lrcyrvmys,1,313.29,313.29,313.29,313.29
pool14h7cjyklnrf2ylu6g2z89n5zckeyprw36lstw7lw5kvqwc4xw2d,5,37.99,0.00,7.60,35.32
pool14hhs6ruwnuaf4fzsmx89mvmjl2qhyy5jnzyk2le03886kj6z9yp,17,3321831.81,11681.28,195401.87,2248175.49
pool14hk8kx2c8ukxcq7z3tqdedly9599f9sfhy5lfd3mp98txkdeevk,3,39180.01,10428.76,13060.00,26856.93
pool14hp04q89xy58gh9jjvfra5x8lfzd7jes3jljwcjrh0rcjqkss7y,4,55893.24,1595.10,13973.31,52703.03
pool14hpc9wgnwy0w3jrlcqwftyufm8xs5qena4sax5hx7e5q703uuml,1,18.82,18.82,18.82,18.82
pool14hsxa2zfwzvy9ncdjwnx0xkcltjmdydeayxfju7suuuewv0dnke,28,275936.17,1027.63,9854.86,74073.49
pool14kd9lt3gsdhv48j9w4vgcufw0txdvz932xwh9dapkpv2c0j4ytd,11,26046.38,125.12,2367.85,17732.66
pool14kddecyyn0vjm07kr7vctnqnn3dt668dna63epdly220z4kgss7,1,0.00,0.00,0.00,0.00
pool14klr0hf5chszxhqt72nqxl57q4eemz0ys83pcpnc8nmy68fx5vc,4,632.64,91.75,158.16,449.14
pool14lr9ef5a22ng5xcu2rhpkkc86u5fp24r5gnj6hvnjxmsv8t8rtj,82,19662.59,4.83,239.79,9283.30
pool14mfq8s3gspe8sdka6cgkm6jzgd644dvw2av5kqa8w4havs9e57u,3,25260.93,0.00,8420.31,25260.93
pool14mhf0xtx45a8979mcnad8upas8apwal4nfqd95arv4wlsuk6m9q,58,46551848.78,12109.16,802618.08,24465489.74
pool14mm59ntjqzphjr6chrww639cdr3yjce4qcwzc5jkk38y22u7uc6,137,34938450.90,2805.14,255025.19,9430234.43
pool14mumny7t9l4ydjkqkllylxzzvwf0s5te9vujqet82eszj3d6ccm,1,1.00,1.00,1.00,1.00
pool14n6nrj7rdrcxhwlzx5kytt60pqwnzjm97nuczrpa0ucwzyx2ule,4,135461.02,1765.23,33865.26,131922.31
pool14n77mmxh6a2d9k05jamzdwsws2ayvkyje8uc7led958p63at3aj,156,7050461.18,1942.73,45195.26,1524121.83
pool14nxj3szga2tgllwenjgajfl3y4t570yghhyk36d2heuqvy63wl3,3,48.81,2.99,16.27,45.82
pool14nzt6708j4jgu5f5ajxgp0pdfp42jqraum585dy2r7vt5zulyd8,12,16221.98,12.76,1351.83,9998.74
pool14p4ksk3ddqtax905sys7ujakpxwvfsntjnvlu8p9d3wxycy7pv3,8,5122.52,8.91,640.32,3316.19
pool14p6lu0454w4wq6gsxxftqdz43x3tuv3teunp8kgu08tacgf43gd,3,594.56,96.94,198.19,497.63
pool14pm8aq4eu6ms4r5egy6j4g0ny76cpqgy40qgyxa8c4f02kj98wg,24,75059.28,20.18,3127.47,68319.07
pool14prutdqlndelj94pdz6h03yjh8c2qrmvgzrh4f46nryn2024u90,12,10252.71,492.67,854.39,2787.83
pool14pwff25hl70dusazjckjqvzft35ew67t33x49hwjm5j7y675ere,1,117.62,117.62,117.62,117.62
pool14pxhk34wlpu2azrnwy9ah8hrzxgffhqthcxcp620209eupfjfcn,5,4365.21,100.00,873.04,2922.89
pool14qpadfdjzw6jkwxy67uhey6tjpyppsmwgz5awfsxwrtpsecslpc,191,1456093.18,957.68,7623.52,118100.82
pool14rf039l9kskejp4g7synrefujghemdwkenx544gywgp9cttert6,4,195.45,48.81,48.86,97.83
pool14rs7ky0p867k0fe9mk3uug9c6w0mwlz3sllh7rpwxcqacr70s8t,2,110503.35,55251.68,55251.68,110497.62
pool14skj6e4rpjanzclx3fc880xnl8xafgg63tmw93t9xspvwx985qu,20469,51904555.62,28.49,2535.76,3460805.05
pool14sy0qjv6fl5jcv0gfn6zl8w9tqnm67drxum6tdmazcjvypy848w,4,5025.75,4.77,1256.44,5016.21
pool14t5mu3sc07e92k6etpq2xftwjy2z3y8gxq0wny2crdckq2rpt0r,2,2.00,1.00,1.00,1.52
pool14tj8njl3ggzj4dzcsrm5yjekrahytp4zkh3s78gsxz4c55jfuzv,3,760.83,107.62,253.61,653.20
pool14ts4y6fpvxnc3e2aqwxqh5xskjyzlpzk6rexgyt3syh2vdgrv7a,1,500.00,500.00,500.00,500.00
pool14ujg8l2x6fm5jm07jd6jftktt35dzsnefl2jmx9d8vr4cxxkt5d,119,65752.08,23.13,552.54,16995.19
pool14w9tn4w30dwd2lfv4cwjg2a2e3ukfd0nqrydx37fjzf7z5f5jnk,70,573841.99,19.79,8197.74,500240.13
pool14wfydr6sewgx0qw39ccv53dysgg9m4u2763ngcyuyuxrxdfhq3e,3,2894.30,185.43,964.77,2702.22
pool14wk2m2af7y4gk5uzlsmsunn7d9ppldvcxxa5an9r5ywek8330fg,3825,33711766.91,52.07,8813.53,2000414.82
pool14wn0gvhwme9lxx9l7j85k0dr2twyrgf9j0k3gx0f5d5ckzeln2l,3,896.39,441.20,298.80,455.20
pool14xq8v9s80ut6vmwp93tzhlydhsdqhxk3e9jerl2kl7hm2dq6pru,10,70191252.75,401.64,7019125.27,35011308.15
pool14y3wr9lkqyeg8z8pwuprmjwahr0ydu0pjs8usy2g93mugtpx622,3,190.79,28.67,63.60,162.11
pool14yezww4csqq4ny9xwl45e3vckvrd7rkw2j4f350wl2mqqw6shcf,6,776.67,72.82,129.44,503.42
pool14ym9xrwe8vjl8xfm7xjx3eeg7fdqekkrejhuug732myd66y6qdy,1,0.00,0.00,0.00,0.00
pool14z3hap9tf6gt4gk8u84kcwm3s0etcgha26sn8t8wmvcruk0kvgj,5,618385.23,98843.18,123677.05,298280.14
pool14z5zuqy98d956cktyjuztaj7u4a4wje88c8ewznqdh6uxwlpnj4,5,107.15,0.00,21.43,100.06
pool14zdcvdec8qmqzsat5wg3a2h9f0u5yzrgjew534z8u3gs5durnjz,6579,34756391.07,30.67,5282.93,3958891.88
pool14zkvjsd7ny9dgc2d5faqwttzh2me0tzuk9xmf8vydxxcvqaaaya,3,621.05,1.15,207.02,619.90
pool1509aw97y38yl6cpamvpzv58hh9c6lxrggxssya9twj9f6xxd394,9,2154.23,3.49,239.36,1793.86
pool150hft90uw7tzr9uvj7tqkjp4u98a9hl20llj3n9ew76kkfm768r,81,1826896.90,41.23,22554.28,673263.03
pool150n38x8gquu4yt5s0s6m3ajjqe89y68x96dh32tq8a4es2l6dvp,6,4007584.23,542.64,667930.70,4003280.66
pool1522rtve5zlgnlh3zm5a4mcy3u7gpndg3kkac3xyzxmp6x6weca3,56,6421300.52,385.04,114666.08,2734151.77
pool152zrg07tzs7vjcw7q64r85egv6efr59lsyn4v5yqqxy0vspj26f,4,0.00,0.00,0.00,0.00
pool1533ly347ggl6je42ta7l7dv262hg07n8p4y8v32npgvajl6rxqz,6,49315.19,7417.13,8219.20,24395.98
pool153sc4fct34a680nyfj4084w8dpax6c0zt0js8zqvg3sj7wtk486,61,24182517.72,9420.35,396434.72,14797580.57
pool154hq0j6u6ydz62mtlu7xaj78mhreyp0zsv2kq7f0qmne2fu4t7y,90,14889235.57,2115.78,165435.95,3301272.34
pool154sjkrwdu80wp6mnjvkwk55aj53l4v37z4zwulfak74vcxg60x0,66,235983.84,25.54,3575.51,85340.44
pool154xmvhp4jnz7phwcla09uvzqnn3ch54lh2yzrt2znxdgc4trp8x,76,3282943.99,48.29,43196.63,3111392.73
pool155cu3s06js3llfh07vnzepatfuvt3s5s7uwldt9rzz55wz7pugt,284,13674465.36,120.22,48149.53,2593857.42
pool155p7g23vdme50kp5lfqylfx5h7ndldyz2mletvr8fqucqzyrk44,112,74649823.95,1978.49,666516.29,55996481.22
pool155x3l57d4xu52t93f9r55cqaysej4pc2dl3jkc9d6w5ckyu6u7n,107,497423.59,23.79,4648.82,319579.63
pool15676jwlm6gancffzs2jg9vf5xwzmspyktw75dl4kaucyst4qt8q,23,81410.79,25.88,3539.60,43721.48
pool1568zhphxsnj5mfszwgta5zlvulu67g8f4jn6d3xs2tvas8ffu76,27,2719942.67,310.85,100738.62,1613966.90
pool156wg3relgtlhwu55z3wpqurtaprguefe9tzrakhuqyyc60553au,29,1119438.00,398.36,38601.31,501163.62
pool1570hpvwg22nm8uat505mj5hm6p6z26528nuwvrr7r5nh6yavdqt,1,1.00,1.00,1.00,1.00
pool1570nv2jeglcq92gg0qmkyl5dwg92mj4374j4c7eagx47kdm0r4l,78,12752.26,3.54,163.49,11080.20
pool15730lwmu7vrffkl40wtjrnctsfd840fl5jmuw230r0d65a74k5e,2,942.82,471.41,471.41,942.82
pool157dwm0l9jf2h59me75slfww8dylcnumdgjvhpsyhfmlry4cn44a,39,802068.11,246.30,20565.85,400712.39
pool157e2zadjusu6esf9mmx37nf63ep2gazdeln5mh04ylpcvz59g5c,111,564497.21,15.38,5085.56,265014.42
pool157sjc5een0ptynrn6ettx6zr2gl8wm8ymjtwuyravqmmcs45d20,1,12.44,12.44,12.44,12.44
pool157xnzltgv3h4zzege5qh0fx23cr90gve663xddtq4j0u56fu8c9,1,0.00,0.00,0.00,0.00
pool158ag8p06qm4apd750ekep6een9cdldqsq434ll2mp0ykgunmguy,22,268089.02,54.44,12185.86,231740.01
pool158je65d93ghx2sedvazczpxjvnx0k6mwxwup8vv6uxnz2x0xal4,2,1123.41,561.70,561.70,1121.42
pool159lt33zgmwm4ehyhr39lw5gv4flncg0lswxrrny8fnc4uun4h74,3,10.18,3.89,3.39,6.29
pool159nu5jnr7jc58hqaw880qtpzsq72q9pc9w3r88reeuyh702apfe,1,0.00,0.00,0.00,0.00
pool159s558a4ffhp9nqjp9dx048lphdlxjc8xmy5pcmfe4jhuxe4a2u,6,31544145.29,1733539.51,5257357.55,20543197.53
pool15a04yc72q4tfkwaweu86l0764urswee8c3zxperyrdq4kx8nvua,39,82085.77,40.71,2104.76,50014.83
pool15amxxauxh409wcuc87e0tusfzuka0wfvxhxmpt6vugqgsw6j4d6,5,1312.85,9.34,262.57,1200.43
pool15ccmgcc4k9t8auxw9v4dfjmrl2kqnuevawn8z6n7xv09utw9hh3,1488,30230830.77,171.81,20316.42,4126511.83
pool15cy4p3axu0m6sfrmxsp46z5cevx3ruksfwjl48730cgx24j4ydz,906,71225369.20,2434.60,78615.20,10457217.44
pool15d62znf04qymt6ve536tt5y9ky979ly4um5zmgz9m850vu7wuv7,22,41596831.30,2499.57,1890765.06,41431451.14
pool15dp6dchtfwml32ls8xuzu4u3xx6kjekc3kvn0enexefxj90hw3c,12,81754.13,840.33,6812.84,28421.47
pool15em5uvfe8ujs3ny6ydcnynazvxhnk7dq9hu8zp4qf5jmknx32jn,46,485.50,0.00,10.55,347.83
pool15f9qklmaajysmwx9n3rkgc5s2g3rfffz4x8spnedtzdgq43tpe2,349,3598484.81,60.41,10310.84,660491.83
pool15ftrqf7j80w57leflatx66x00qfhu483a290gmp7q85pjxrf480,6,3174994.60,829.45,529165.77,3009522.72
pool15fxktqvd92sq8plh3rjdrksumt9p8rzsayfk4akv2hng5r8ukha,77,974029.15,271.88,12649.73,226312.07
pool15hx9hze8ulcsw6e7ceelz2pem2g3u9c29wqe4eszkhspj3wcdlx,1181,277827.02,8.37,235.25,31293.64
pool15j6hdfel6c6zcr8gu39qgp5xkrs264yn9hm8ynhaydjtxvmznxq,134,3618915.86,305.87,27006.83,1801624.88
pool15jc92k3rhksa3uf92sluqhhnnetx04l49xttslx67kuxz5e36e4,6,6705.42,768.50,1117.57,2652.53
pool15jdufl3ahh3gn0p4nf92pxjqhs2qm2kwf626hdaxktn9yh8m3p6,5,595.59,0.00,119.12,547.05
pool15jghwj2w3ag0yxh45w0a8d2aexlrhp3ce3gefm4ap07ssehz8qj,2,377.00,188.50,188.50,197.62
pool15jglqzc80vp83806wpa3rae699q32sxwycjmztkpy6h92p43t4h,3,532.79,21.02,177.60,502.25
pool15jh849vks9mctm28xe6kgz682vnlu0pzawvftl7ltjtvwpwp59s,2,28213.26,14106.63,14106.63,23096.52
pool15jkpn2jewgensrnulsm0kqtj58nauvgng0qvy2ux47jdwncsw9s,9,12664.53,1009.20,1407.17,7068.37
pool15jlf23neurgga440wxfux2g4pk0pwjm0t9mvvzvs0npvy59mdpn,3,99.58,1.82,33.19,97.76
pool15ju4ktqmtha9vry4mf44hr2psf807n4achj76z8uhawgw9462kx,43,695654.10,86.24,16178.00,218305.06
pool15jzfzmh3s4vnhm2qm3p5e0632kv8nuw2luxarqrzpa8a6cgnthk,4,101.25,0.72,25.31,99.81
pool15k0zeppza4qzgf6z7wmwsgvl5rz9f6489zxhrxqa8dj6jzju6ct,607,5672584.75,50.01,9345.28,845171.37
pool15kek228mhvnsncdjn77u8qtrn8hjh5wfzmh6g942xf0353yc77j,12,35020466.89,174.97,2918372.24,35010720.63
pool15kh3h3d77hdcv4ld82cm7mxh7uuqm6d568drqaky9ftlczl6hfh,5,3743.56,496.30,748.71,2739.11
pool15krrlqfd3uc8nea2tw8z3wl2v0fny4enhu3q892988zv7dhv0vk,10,25196.73,311.91,2519.67,12244.18
pool15l4plz3r2lm5x48lz78ph7qh8w89zd7ewrg62gvwv7u7kw6tmns,1,25539.16,25539.16,25539.16,25539.16
pool15l7f5vd5sqchjqys6x5ygmdgs88q4y6ndwc7xy9a05y2jfced93,2,103.00,51.50,51.50,100.00
pool15l8p8v8yzdjvl3vml6qafx0wgy4k6t938jl0qy24wslgw7xlhc2,4,0.05,0.00,0.01,0.05
pool15lp37f7da0guj662jcxy0eyc49s5gxudcd93j8qz4nfcvuhrsf9,99,51169.30,3.11,516.86,39369.35
pool15m3nrmzhaef66j4sue7p66yshtxfug84zuhfd8skxhh9q6mkgyx,1,0.00,0.00,0.00,0.00
pool15m78a3nfcepn8ekyzx6sa8yexg7cqseer2ktu26f7l9jjq0e502,12,2570802.20,19.23,214233.52,2554660.86
pool15mfkj8sl7estcmmd5a07afrx5f4hlz3pcr6p6ay5pfmrjfl2hlf,69,1009555.34,22.99,14631.24,466714.00
pool15mkly3gw008dmxfrh9eycl5aguyfm0rhdlup2hzukjkrsfdxqew,8,112.60,0.00,14.07,110.22
pool15mv5w2vvfv2kplkrt40ylylyvdudv5axq5nyw6ln3v0gkd2auew,317,432130.57,8.81,1363.19,51706.54
pool15nww4436eq733eypdq7vnllsnqyrwftw434xkvpm2mc2kfue2ux,686,414937.72,11.09,604.87,23243.99
pool15pggy59smh8465ldedcc5ks0nlr6xxlna73wmpkfp5jn7sh23pv,4,710.80,170.46,177.70,369.87
pool15pmdr6nw3g6mmt7regefp2lrx3njah0gpwsnqm794c4wsr23062,962,932798.55,8.84,969.65,122967.72
pool15r7xg0vrrv2yu8wj3866eap8ftkuxvdk5rjz2lh4xajjq5v3p5d,1138,8278384.28,40.56,7274.50,1293352.10
pool15s7w4spg5ee7n7rprhs0dq78plw2mhjkpu5v97uvl27gz2way7z,1026,63357979.15,1059.03,61752.42,5934857.12
pool15t0vyldspax6eu8mq7f50s4rjk2qn2g7kudl98tjuqzt2a2zpmx,2,10.28,5.14,5.14,7.65
pool15tn0nlazaatulwq667qdfs597pqlrgn62at0fqv3lvz5cg9l30m,2,70.47,35.24,35.24,42.46
pool15ttu2vykfdfdxv7vve93l3dvk6tlrcegz7r6749syys4us2k3tu,3,836.64,331.04,278.88,404.57
pool15txd36fltfgc63qq0yxtpqt88eu76s0yhugn9a6q7f4zspq6k5f,915,12837415.76,53.90,14029.96,1009745.59
pool15uuf0sz5w0kp50wmflxml8ffnz880402nvj54e40e7l8x06y5e6,32,42864.87,7.48,1339.53,24124.75
pool15v22rpfg6qx9l0gx0m955gfv7tes0jpa9sy0gjs3a04lv6x9jdr,6586,40369515.51,291.74,6129.60,1779295.10
pool15wfu7td5r4k27erk5q5wt06x59skxxyqj206tdnfmfmk7pd3rp3,16,34697.00,10.25,2168.56,23119.03
pool15wj590e6gsmpmttrxjd0emck09a0h9tazd2ww77q6duyvg8lyum,1033,2532283.86,22.83,2451.39,319481.70
pool15wk0wjrau5pv6rp6w34g3mjxqejkfj3yak0xa9m63upcxx63myh,8,68739.04,263.42,8592.38,53053.66
pool15wkxegrfflzcyhurrjxsm9ljqtz09xr5rtnqsarnp7hmsz5um3t,26696,18188518.11,3.96,681.32,519349.04
pool15wppycnx4mgq5nmwg4eyzj4pg5wazhyml48wsy0jskunsqq69gh,2,554733.82,277366.91,277366.91,554036.52
pool15wwz2tj30xjerxstwjezhlp8nqqu8jyvxp0h6dj4kzdq6cgv3gv,33,14437.05,14.65,437.49,4041.93
pool15xdvllxmlzhz0ct3u35wv3gmzxym06zwg3l6ltuqmcsmv9jq527,1,25.83,25.83,25.83,25.83
pool15xfeh7v3kr5j4unyeszxnfvy349d4h8s92h4xdwl2hct6n0wgah,1,939.08,939.08,939.08,939.08
pool15xgej4c7ns20y5pt7dc5vq6yj87ss5sl2ffucmh5j766j90ppur,101,220442.91,11.52,2182.60,92185.73
pool15xy7ljyr733vtpvh65mpaq0lt5u9jqsr6u8urmjq7rxh6ne904c,2,0.00,0.00,0.00,0.00
pool15yyxtkhz64p7a8cnax9l7u82s9t9hdhyxsa3tdm977qhgpnsuhq,3265,64675441.51,43.48,19808.71,40115594.24
pool15z7890uxn6nwl2yufxgrdsvjrpd0kzngvudfm2z2yafsjgkfndg,3,832.49,377.89,277.50,446.99
pool15z87p296y3m7eq8pwuu8qs6h2v4d2ctnx3yd2vqpl6txkkdvl5h,62,8936230.43,10102.11,144132.75,2135572.49
pool15zn2lqq4849ujttuthaycpamnyr8ae9k2pn2fkrlfzzsx4ek0tc,933,1725732.45,7.03,1849.66,893603.88
pool15zrj43nldc357nas0g7glm09wqhtyexxs64skq52mtg6sdrsjzd,2,60.78,30.39,30.39,54.04
pool15zrkyr0f80hxlt4scv72tej8l8zwrcphmrega9wutqchjekceal,6960,38826663.32,30.61,5578.54,2106739.42
pool15zuu7g6030wsfafu6a80pf6z2w6ceu4aumu2d6neykgtcx650u2,2,4.05,2.02,2.02,4.05
pool15zvek3jke3z2uml5xeztl6wt56zuye5ne9caadz8mjn9ykyuu8n,7,25426.74,107.63,3632.39,23563.98
pool1620fkxluaftsvz5lge29tjur3flwa8wydpzqy0zd4cllxx2w3ma,1,18.62,18.62,18.62,18.62
pool162343gl83jtrskacz2cex7szf4yd5t77f5nd0e65fg78ztppuj9,177,184273.90,105.44,1041.10,39675.80
pool162szyrlrwes7qwy0za4ekufgyljfz0lac9t8h8svzale67n8vl4,1,496.72,496.72,496.72,496.72
pool163aacna7n8tgphz40prapjgkrkpvsfttaqt56yeg2psd2umnxqu,1,50.43,50.43,50.43,50.43
pool163q9zuwpt9wr8rruuhw2mz6w6em25mhtrv58f8nz9aywj7vzer7,1,9.49,9.49,9.49,9.49
pool1646vlaras0deljthqtfl9dpdw2xsna799l0kayyu9v44cql4ky0,1,2.93,2.93,2.93,2.93
pool164nml0s3vt20jd8uf0lwf5hjnt4vcan9sjmxr8huq7k2qswd8jq,1,0.00,0.00,0.00,0.00
pool164xvrnwxg0xwhkcm0fsnlzmtj3ptp5s7hne32k4dyv60x4utfje,24,42091072.49,8.88,1753794.69,37457719.97
pool1659knc82juzdqycvvwz0uzjsj5scxwewguhuzae93ed36xanxmz,6,1439705.92,176665.72,239950.99,690725.82
pool165cyssah9wcnkuqq339c9fam5wga3x7zl6kw4ktltq5x68tlu4w,3,1075.44,73.46,358.48,1000.00
pool165ljt7xrrpceutz5ppe96suuw0jcnrvhg0f5vu60df0r5mt0x0c,532,3642292.41,39.83,6846.41,1296998.02
pool165zu45p489lpuypt4fsuc5g8l9g9ha4dddlls84jlsp3k4vsw9p,9,4285303.80,7806.66,476144.87,1072109.11
pool166dkk9kx5y6ug9tnvh0dnvxhwt2yca3g5pd5jaqa8t39cgyqqlr,3468,48898866.86,138.63,14100.02,2108727.20
pool166fpvc9lelw8pdvc4n3xeqns5ktkkmzu4plaen999fwy2xytgce,1,1.26,1.26,1.26,1.26
pool1673d663ml4p0mtreukyfx5jt7ekk9pajsyyv6utzlakzj0y9v0w,10,28188.78,111.12,2818.88,23066.34
pool1675wjgy0ggtt2l23eeaj5ey5l02qj2ra48stvc7fyussslr0kq7,2,35.25,17.62,17.62,17.81
pool167n02n48l5hfgfu6e46xq8n3yefccm9dcnmefkmxuymhc8ncrjm,2,2689.50,1344.75,1344.75,2656.31
pool167qekemyleju9g7eugaguqxh5telvmmmrs3a7sp897f6za308hg,583,1505671.18,63.61,2582.63,307680.40
pool167zl76srpt5a2gthpsq0ye9z4fpray5vsh7xyzcn63hd5mnw7fa,569,9403770.03,73.69,16526.84,6191359.28
pool168235cjpsrvwnvddmhc7dmtcqr7c40j2mlrph3qvuxk3jqls0wy,6,6930.19,28.24,1155.03,6368.33
pool1687dfgyljnhamx05h6r04zdllv68exatshhd0jny4q56skc0926,4,68355.71,1680.36,17088.93,64995.00
pool168t0xlm0dtdgf7d5w2mrm7ulsw4czpw297yvrpke9pmjcc9hz7k,18,4440727.92,4449.64,246707.11,2561829.70
pool1692dxqqcsavymwz28w44t2jhyjnakvj4l3gwz2dqrarmc2k6dkh,213,209741.68,0.04,984.70,88366.21
pool1693h5jn424n7kazynt4h9r6fe8u8wtsp7us2me60msq5kpv390n,6,626.69,0.52,104.45,547.83
pool169mewaur9ma6ffw6x90xhjj0sk9j8yu3ynqz20jh03dj20syqwc,3,3572.52,553.69,1190.84,3018.83
pool16a23pum2srw5xmkknvw8dtc8ynqedx3wecmhacez4chrv9huvyg,6,5.27,0.54,0.88,2.38
pool16agnvfan65ypnswgg6rml52lqtcqe5guxltexkn82sqgj2crqtx,9460,74897482.61,23.49,7917.28,7185334.08
pool16ajaae2n5lsyr4f9k9uz5y8tpf0996tw640dzu7chwp2wdrnz6a,5479,74937961.34,51.38,13677.31,2634928.74
pool16az8esp0qgrt3vwnpqmn2n2z3h7nexrhm4qn8xrr4sds6tj0dxa,2,243.76,121.88,121.88,243.76
pool16c989ahn582z53azjfmregygfuc9k44u3q97wqgyn0zxuzp3dn4,8,56746.75,1002.22,7093.34,33331.77
pool16cdtqyk0fvxzfkhjg3esjcuty4tnlpds5lj0lkmqmwdjyzaj7p8,86,851532.09,78.33,9901.54,164129.24
pool16cerhwlk8nq7rpuerr4g08tpgeq7awnhgxzkyalc8n8xjwzxqm3,16,4843213.66,30306.98,302700.85,1333091.85
pool16cy45uggzv3ah3s5m960v9vuxlx47sfnezpszuhcwl99z7nq8kq,312,254080.94,1.38,814.36,154690.50
pool16d004c5q7k7wyf223kgct26zjcpjqql04rvnx8vtc0t5ckmnzaa,3,1298.52,7.50,432.84,1290.83
pool16dk66d47thmteth783kt2cw9uh0zc4xsdvlqrwadz7vnyaev8cv,2,6.45,3.23,3.23,6.45
pool16e0qmln8gvtnjcpcvgvjdlhcnsz6z95uw90c58t50qfkc6rqek6,1,10000.03,10000.03,10000.03,10000.03
pool16e2x06wk8ufyakgrzq0c9p5tmfhl6w0c80raxr0xtg5g7aakhgh,500,3087537.92,20.72,6175.08,1050984.18
pool16e43yxx4djcvnsunwgrm8tnph0ljrt3p9tnezu3qvtcwzh4zwwa,5,70020825.90,756.73,14004165.18,35009840.00
pool16erldmmx5nvrwncujtp6lxs9tmvgxcpthd600pe6axm5z3p6522,3,150580.00,12.94,50193.33,150564.58
pool16eua0zalaln7q0s9u7jzlyygqad0pu2l2qdxx8r8ueqrw2jdhqf,5,54629253.94,1.21,10925850.79,54629225.78
pool16f95up5u5lyqne5mnxmlhe0rgdgmya27mph288r6gw0ukegjffa,650,56819494.05,2074.52,87414.61,30233654.98
pool16fa03u6u85ek2q8lryqprngpahglssj5qqh66pfaxf34vgu5rhl,888,339749.95,6.98,382.60,23186.28
pool16fyda57p3c8gp5r6gmcq5tvqsp6mnzwvkxswgznkuh8wztrp6vv,7570,43769732.11,21.24,5782.00,10154490.47
pool16g4atk6yaj7hxexrlhyf96gtxts3kjs5wszvxmq0paw3xdre68q,6,18.11,0.00,3.02,16.83
pool16ga833sw8tzuvv83gq2gp6zyuwhj3lka4nevnauj5grpuq8y2al,3,233.45,34.83,77.82,198.62
pool16gkhcchdyqr7a9vtupchcdaq4nu77tq9t0ny0k9m877u7zv03v2,40,2158.54,0.00,53.96,1182.87
pool16hs0jxw7h6pwg3ru7rcq3yvg4csj7lhmcpj68kqem2sh5nt8mwk,5689,26106456.38,31.39,4588.94,4300360.27
pool16j3mvwws7zc9pjluyhddgea0tq647v0dh3y4nkcuckg9znjcun2,4298,20571623.42,90.19,4786.32,961489.97
pool16j549cl7ftj9ejw9sx5v50zjyuh8l49stmakrfrea4rxy0e7us5,2,138.44,69.22,69.22,103.66
pool16jczz0dlv557vgywgftd4m3vwnwjnl38wpn7wu5gqryz7aedahd,2,109.06,54.53,54.53,107.99
pool16jefdagcsgzyek9jytzfezx5ajvfkytjgghaps64hzz6uzkpc0e,34,5909529.46,1410.46,173809.69,5164270.10
pool16jhjt6nly4s5thsjc0yek6h9prwtkqhq6dff2mkjypweut69zh3,5,98.90,0.00,19.78,97.33
pool16kja6em4zlu8cmlr5la32yrsx5jqpejdqktadw9nv3cwx2s6ccf,2,10.98,5.49,5.49,10.98
pool16knnvtezwzmgpnu8v03wht6y4u7mwfc7qz6y2yk62w4as4qymat,472,852084.02,8.70,1805.26,165307.08
pool16kus5xvdysgmtjp0hhlwt72tsm0yn2zcn0a8wg9emc6c75lxvmc,5444,31649697.95,20.70,5813.68,1659656.90
pool16l00309tdqza9606rltqtrqejx7tcr2swa86jrmz459txfnkgq7,5,5038.27,97.97,1007.65,4225.93
pool16l9ph0cm42qk4h8wqlka3fw7ws7rvnj5n59xzy8ky4l8gnudugk,18,160682.81,170.11,8926.82,112326.70
pool16lsx9mj2s2wr337hv9402enw0886d09grx5c0d4pk97w63kjn2a,5,2273.93,188.54,454.79,1362.83
pool16m6c5rcpm63k2606lkqadg3x5pykjwr4pthhj9h4ancquafwhjl,4,112.68,1.41,28.17,109.85
pool16m8xz3av9e3lwnxgu0jfnuwckgayev63zpzcu56hsxx7vy4eqzn,4,6688.90,50.30,1672.22,6588.29
pool16nnl8ymck6c20x86lfd5p9q3yp9w749cam26y985459ww6kjtz8,6,64401.86,63.23,10733.64,50105.88
pool16nvyyawrxy0rsx99g332y3yasnnz42arrqhrsxq8pv7nwsya9nu,4,3.40,1.00,0.85,1.40
pool16p8y0pzx8yx7vz6eqksw9xjhh3tzeymvxcstrgtk8ncw75356yw,86,891322.20,937.32,10364.21,245164.94
pool16pv24th2tzy8k70vk4ms35tff0fjxfm2dd2psk7cvs27wnjvlgh,262,39746979.79,717.09,151706.03,7808132.33
pool16q8rhnyj65mtfz8rvf38ernr0jlcr5gcdpjzv0wgtqvcc5yw7g7,2,501.13,250.57,250.57,482.15
pool16qhf24jz4pdru0gqrh9rwnvv9v05a6fq73g4md6mawavz2fg5v7,3,2250.46,164.25,750.15,2086.21
pool16qr7dz5q4vwf3n87t4lmr0d2zlr5knexpdzkuk4trc8dwed7aw3,2,19008822.31,9504411.16,9504411.16,19007709.02
pool16qsddpnjv5msjp62lxam4erurckks98t2e6k7tuqw5e4u5xcmc5,2,0.00,0.00,0.00,0.00
pool16r36znhvh3h2lk55vu89hsx3ug94sx2etqv9s2006d8awufhaz7,1,52.04,52.04,52.04,52.04
pool16r6g7plyuh4cqs9f3qy97l4rh5edwx3w9xvd205mhj2e58cpp28,13,14726259.47,36.93,1132789.19,14701197.97
pool16rahfu936wdfq34wf6t8rqxvdjxayra5f7y80xq0udnqglrqel9,45,7997507.53,2937.08,177722.39,3664492.48
pool16rcqtg9gywenzkp6t5qg8um5tuul6d4dzwauppz7z3ufyaj0ky3,5,4008.70,151.05,801.74,3489.55
pool16rq0nmr3pr202a7dcf9507gy5u3sh9j6dw8jjwp3dg4qc6cqj0f,2,0.00,0.00,0.00,0.00
pool16rru46dcyk2h5qjwq6gnxwumdj8zkjjnhxdtvpclyq8h6q9apua,22,709.84,2.66,32.27,453.67
pool16sm29hg3qrk5lyp74qcljt38l86v5zvg95395h9gqrn6qe97d9z,14,49200.74,11.07,3514.34,42875.76
pool16tcjctesjnks0p8sfrlf8f3d3vrp2fdn2msy80sgg3cdjtayu3z,718,7427382.21,22.36,10344.54,1720240.00
pool16uf3j299ndwd3xmv6fvh648pc3s4c3y80g2t0y2rwew3xz6c3aa,4,6522.45,1228.52,1630.61,4065.41
pool16uja2pt05ddq9mzcsw9xkv40qdl7sm00nvpj0h4arn0fgl2xrae,1,2532.54,2532.54,2532.54,2532.54
pool16utp8esfwwpwf4fzlvtulugtdj9mapt42gdwza962pk8q2f45yt,222,553447.59,32.80,2493.01,92118.37
pool16v0jqnz2zuqsdrf6z94ec5rx9ds0xeghsvmddauzt6j5w2u7lsm,34,12623055.11,68539.02,371266.33,5042247.32
pool16vdezg50c80dhs78jhfl0gpqr68trtmqy40xplw39t9mgk6vrkd,10,32187977.55,5745.26,3218797.75,32006442.74
pool16vxqq0ttyvfkt84f6ksncskgdk0r9w8ulaum0af8cmmfgsf5hua,2,113.07,56.53,56.53,101.62
pool16w2mssm03rrk5jzkcvxyma77zcxx4vsjhwz77hka33gnsk9j47n,10,2115.67,1.63,211.57,1776.80
pool16wt6mzvytu9key68efv7cx6zfkqn0d9kzlnt746cyuv0zj3nxh8,8,299763.42,13006.26,37470.43,190469.50
pool16x5fslqfvgmsyra4vmpvuzq7p5fzeln240envdwfm2jps0j3rw2,51,89085.06,10.95,1746.77,25680.07
pool16y2dn9e7cw07wtergytxr36qlydfe7aj92xhv59e6pzezgwxtv8,16,9913.17,8.91,619.57,7166.06
pool16ypn6g8sm5um7mkxyhdu7j9eq9zl35wywq5n9x8g0aujc060qzp,6,15811.88,361.92,2635.31,14020.59
pool16zjsdvuxa39w9k48c9ds7sne4c9lhclmmcly53cdat4nu7l36f6,3,116.95,12.18,38.98,100.00
pool16zx2pradv3pdv6tkp2dnll3d7u8sdwld884f228xl62vy2msdt0,24,10754.66,1.90,448.11,5513.75
pool16zymwv7r24sgcxg43z4ce0g0mw0yt6zdxehcgwyksj456y0ef4a,1,0.00,0.00,0.00,0.00
pool170028ak8q37qf4e5lf7z8eyuscgcrqgzn9lh58a4g9ngzd83a0h,68,1141175.46,121.71,16781.99,1006006.20
pool17037mqf5k46e6jpaue46lfy55v827re9cgm3qp8vsp33q8zufvy,3,3.08,0.00,1.03,3.08
pool170hmssk80z2ameg7jhj5m8psnkjejcc77vfpd0875yggxhhntd0,6108,9702337.87,9.06,1588.46,480169.18
pool170jjhp3s7gw23clx6yvfdfvv9t6egwazjhk3gy5y0xnq6y8mjjt,6,596.79,43.91,99.46,394.83
pool172fsazvg6zrpkj7c8wklsp7lrn5yxjvhru4enddvvfnyx343dyc,1,0.00,0.00,0.00,0.00
pool172gxn08m64vyfvpn926t3q8md5qf0q9k3y6kqz6krj8ry0tntmz,1,552.42,552.42,552.42,552.42
pool172vhywk0n2m7r47a8wq78xzc7nnytu3x78wyftmdedvjyzxjc7s,2,70.45,35.22,35.22,47.63
pool173f5kzeuz485kshvga3t7un8u699w2rgn77apjx078xd73kzj6y,1,347.62,347.62,347.62,347.62
pool173mzegwuu0pjcrt60ekelzj5haqr8r5e4e0n45qh9jdz7xm5kh8,8537,60251068.13,87.60,7057.64,6046027.69
pool173qemdqfjnkrjzykmc0j4nqmxuuhvvv42pawt4xka3k2vwmd4mr,8,28755.84,2344.62,3594.48,10243.81
pool173trwz74lv2ncl0dn5fqvgnhqtmqu3yvnf6dpx7k6psuwhzn2fc,4,160.32,27.80,40.08,104.73
pool173ul998qx9wnukxsz4hs47fv3slu7zcympa7gkv4m9qp5fheyex,13,12735.99,82.81,979.69,11608.18
pool1749t2act40esvfj0w0g0ear7l3hrnjfc8l5rl8eznuh8vunjl86,20,11989.64,97.23,599.48,10442.53
pool174s9fj3073jx2t8zlm5x8rvyqt52uult4jn7slyrtg8gx8ay9jy,2,5585.61,2792.81,2792.81,5027.52
pool175gxtzacpcm90adjpvlhjmfpj4ft2a3zuqsgm558hf3q7ra2vf9,6,3999.88,22.43,666.65,3876.55
pool175jklkquzts0u05axap90uqpym5knnjxky396mz95hhauwyzswe,6,3609.79,172.39,601.63,2899.31
pool175p7tqqgmduq6r5ad7jca2c4jz6tp3rslz7jffx7zru3cakdmt2,2,464.08,232.04,232.04,454.02
pool1777xvdg0vydjp78cdcfrmpuqj28w3nuasf7h9a2f6cd4z990777,43,166200.44,25.46,3865.13,78018.22
pool177q3zxxyqzp5kffeh5jxssnxk7rwnpkf04628kcsf0cyj6jaklw,48,334875.37,6.42,6976.57,227218.74
pool177ukluyy3tq6mphkp7kfpe6ku48rs8x48le7y23quee0xqmal06,7,136190.18,389.99,19455.74,101928.40
pool177xu75tv2wqnz2cg879yekswm3wqqvwfgzhulkglrfksslsyj9r,5,13932.55,2463.22,2786.51,6758.23
pool178jmsy6t03udg2urvckseyync6y2jkq26haj7vxtwszc7ycq5ws,9,3102.85,171.45,344.76,1135.53
pool1796kveuwxrquwhwnne5g99er50q6alcaf7yjf3kd6xr5vemfaqc,9,52377.01,6.93,5819.67,48597.63
pool179dpweul0jsfv9ls67ner4n286fh6hqtskaw6nux97t52dt5gxa,3,1654.50,606.85,551.50,1047.64
pool179mnckg6xz4w5x6k9056yl7r2ej8fd8uu68fc2vlsmulg7lzwhy,10,57436.27,434.61,5743.63,52957.11
pool179u2dtcn92xv7n05dldlevt6hcu5v3p7g4aaqva2fm8qjzu7lpc,8,3734.72,36.49,466.84,1802.63
pool17agmzy52u2hh2f8zkuvzrvth94wdr3erlpng50thrlmryqvkz57,2,8.59,4.29,4.29,7.59
pool17ahr5ygy48vpdfnatqn2z4wfu2te4quapk2yx3k50ce6kd7feg0,10070,59298415.13,37.60,5888.62,3915273.48
pool17ajuw0arwq8klfe4xy8tcqj4yetp8kerl4amzn5dsnne20wlnsa,339,35284.62,0.52,104.08,4296.77
pool17am8pt0vu7zp8du7edlnz7x9sq4pln22rsn802gkr062vtp6fdp,27,182854.80,1475.73,6772.40,54728.70
pool17arsgklktp9sayk5kzaakwvl3jwyczp07guux2yd0upgqh04qjl,8,70026927.21,1157.64,8753365.90,35010884.31
pool17c4u37tjcjaeym0cs5mffvdkyyv74rkhczhnsgplef4sjglkwpj,11,32087092.40,1360.23,2917008.40,32006452.14
pool17cacd3k230r83pw5xny6d493t9wn5ww730m6wayuqsrhqwzyecv,4,1923.41,369.35,480.85,1184.49
pool17d6xuyhwkvp5g44q5jwukrfldhvcz3equ2tk34yuyrd0jlh4jjy,3,12.61,3.48,4.20,9.13
pool17d6yemu3wsv9t3lf507z6vuu00slpyw3qstavfdtztjjy42qcp7,2,99.28,49.64,49.64,96.66
pool17dkgt30q7q53eavtrygh4p549wml9eq2339pfkuec6yf7x7h5rz,1,0.00,0.00,0.00,0.00
pool17dqwaa26crnkecs7lydfr8826k3evkv5ypdf7wx8fu5mzexxa2x,2,156.28,78.14,78.14,155.02
pool17dx6ld5544pngfc4w6ere708zmjga7wmykeelqhqt4tpkjcpup2,1,4.00,4.00,4.00,4.00
pool17e4rdh59t4fmn4g3p02xvs853katrjzge830tsmd3sfdc645yvt,213,593280.65,37.89,2785.36,222761.58
pool17edtg9kt83mpguyh87u6ju2fkgjta4jjmmyzj9n8tsf4uwalg7h,4,146.69,15.68,36.67,112.54
pool17etnr2ngwpnqwuvdzszzd36u67kzcsrs8scuxf0a63hezy9zvpv,15,6585.88,8.97,439.06,6070.34
pool17f450fgggph94ectjspqersd3u88cggvf3nu45k3xj2fwdqxjpp,2,94.91,47.46,47.46,94.91
pool17fge0jukcp0vqwu0chh3jh4g0emt4rat8vxucrx5n8s5qz6fegp,15,73980.19,1611.94,4932.01,25576.48
pool17g46wmt95mmn78pkcr2mgdd5n9q8glpg2j034udccrg974mtndm,12,54563.37,3350.44,4546.95,13148.07
pool17gfj5t240hqaqr7vtrlrlhmyazw3lcyqvfd06v4kpxv7qxpdzau,16,1031383.29,214.25,64461.46,784006.58
pool17gvd032slmxg267lp8rwcykkfa52txm8ylefhmdsdkytzugrtaw,34,855888.50,53.04,25173.19,771382.78
pool17h6slydr6rd9vquqa38p5cf9xqnpc24w6a99rhllcjzljgugx6x,1426,1435111.73,9.68,1006.39,694578.21
pool17j4er5hpzkzyzpqzc98hxc7srvt5pvuye9q86mcrxluhjjj2aaj,10,17993.31,14.18,1799.33,12824.53
pool17k2dpgvx8spkdhgf5j7x5u7pqjpvlwa76sugwen8l3xtk7kq3c4,8,27220.68,478.16,3402.58,17862.24
pool17k4f0mdwyulkqhyu2mudavu2qqqd7hfc9xtxmxtk8dudvznma8k,3,8226.18,201.00,2742.06,8011.56
pool17k568pj9x6qwmvutn97p5wgzvgmjf7m46sz3vzudq62swqdfh4a,4,1753.91,233.29,438.48,1287.32
pool17kew7rtakc7g6qzydntann5umw08xq3ll2j7spk7en4kvff69fa,2067,14685841.61,43.49,7104.91,1224496.64
pool17lue2fr93qlstfjwgstpkt22y5lg6h44ry3rz7jxe0mqqnq53wf,1,62.60,62.60,62.60,62.60
pool17m2zg7dcg54a8gz2jgkwz2s3fzzth2gyf466k7sy4dl7wchp3lv,2,6.50,3.25,3.25,6.50
pool17m39tt99rq96gv9s4cp7u93auavams3khrdtzfapngxgjs3tj7s,3,5.89,0.00,1.96,5.89
pool17mr554wv653z4ttr3rydt5dsxg6r28ysu5mlz9cc5ax32gsleh9,39,494944.47,198.64,12690.88,292104.26
pool17n47upcpnzsdks0yd409nf79sg6hqy73twg87eddwh24uj745rt,49,1072942.32,710.20,21896.78,313526.06
pool17p4syst04f92ylfzlcn8qwq8w5muxkwqn0a5fl98ksxhwj6y7g7,1,197.23,197.23,197.23,197.23
pool17p8a9e5ljeucdvmsl62a667y7lwwx9xzwzjulwu7df2q7854mh4,260,62487.15,6.78,240.34,36474.26
pool17pappd4r69ag7ud695he8rhygzh80qvtdtv8k25hjyggzz8gc53,1,1053.24,1053.24,1053.24,1053.24
pool17pv7m8h5dxsyt55upay8n8ake2cgcz4mcr737um2tl8d2wthzqr,485,580052.07,9.05,1195.98,70437.70
pool17qvfg2g843gw6lurru282kkex6vp3pyj6zwj99j4u6k7zvmva5a,429,6165096.02,60.21,14370.85,1098154.52
pool17qyahrvutlsyq7c6ceynac8ay4qkmxkd2sh43w4va5yr255x437,1,103.61,103.61,103.61,103.61
pool17r3u34ywld6sehe9dd5t40ygq7rmc6yfw2k0h0hpllznwlmwsnn,118,304288.21,10.85,2578.71,150728.93
pool17rjst78s67lvellg8s586rf076jxa3wnsdz730f4xk2zwuhrtej,4571,68548564.24,123.88,14996.40,3361102.79
pool17rns3wjyql9jg9xkzw9h88f0kstd693pm6urwxmvejqgsyjw7ta,275,2996184.86,7.87,10895.22,2298127.12
pool17s3mr9c4ejjfq20dz0ls9ggskc770kt267s9xmw93payzdswwgg,3114,71560625.19,304.45,22980.29,3103483.43
pool17taqml487n9t4r9a6ppvf9qv0qlw2lu4zcrzwfdsfcv6xp7uqym,1412,19052352.87,69.49,13493.17,4449096.06
pool17uux76nu89sauwvzuy99lnk50war63uye826sqc20a4ysekegd6,2,5.05,2.52,2.52,5.05
pool17wdqcn6xjym38wlry6t2ull00fg7ghqejd0xuy4p20djyua800c,1,98.62,98.62,98.62,98.62
pool17we8ycehylszd2n3haxut8gll239m9m9q5a8ytsc9pg9g3uuga6,3,524.78,7.12,174.93,517.62
pool17wph2uu643wykezxmm3ef3a8shg3hwyq2z0sgpu6r9sc7um83d9,4,47335.22,1144.37,11833.81,45046.29
pool17wsk3ww9asev7kfk9ktfw2cxcq865jq2l796aue66xldwx6cy82,8,340856.52,16.06,42607.07,334956.22
pool17xextu09ghdfcmsq83whq0a45geg83jxe4qt94sevu087tzdzkl,1958,13391777.41,23.65,6839.52,1006825.60
pool17xh922cr9skc0fqk7sr8at6xx6eluh5qyv9p7ca2x0mtc3st0mz,848,1040038.69,14.49,1226.46,118194.66
pool17xtz3a8ppy9prj4e2e5t5ggk6p68ls305x5pyyxdxc2lut0ltm2,3,7.51,0.08,2.50,7.43
pool17y0uw9jraxxtqk4mhgkhkye2v6jqzn84u8hl68l9xwq3cvm2vqw,31,385046.48,80.20,12420.85,100154.55
pool17y4pg5j8z8zklmplel2l3l705zx706w3mrac2etns0uccehx3nr,3,1452.41,414.92,484.14,1035.66
pool17yme8t7ehfy6wamdtxyg6srz2vlk73q5vucp6jhtf4yuuuelc5z,2,19882.55,9941.28,9941.28,11316.58
pool17ynruzy9lvq0x55ks22vtf4lrrdrw2ucydh4tfzhg9kkyeaw8nf,760,1509393.81,21.25,1986.04,201040.86
pool17ywx7vha7t8snj3xzwm9863lvnpke0ufqjtx94mh49sf28srg9m,5,4109.52,205.11,821.90,2858.04
pool17z4hzv0544uxx8q7yhedvsrtdavtz46nzwqyp2rgtku4x6d0zcn,1,197.24,197.24,197.24,197.24
pool180fejev4xgwe2y53ky0pxvgxr3wcvkweu6feq5mdljfzcsmtg6u,237,1162052.61,134.86,4903.18,126023.49
pool18243r3ncukrk54jrx3mnr2k6lvu30dy7y6uj252cyldhqze7qe3,2,391.09,195.54,195.54,391.09
pool183usq53j55v86q3eguw37xaqy67au9n5terk474sevuu6jy7266,55,1002.94,0.73,18.24,277.83
pool18499qzkx0gcsa92ykrv84yr9pycqrje2dndcg2xxq7pxyadvwjj,1,0.00,0.00,0.00,0.00
pool1850xvydng5mkjzkwqw6566y7e6hsrgakc3y87jrnqrkrwdjua2p,723,14121679.00,10.52,19532.06,12964549.64
pool1853ffwhtuka742fq4av7s3ssdpvzhdkpw53th3es36zkwrllj9g,1334,6684512.54,69.27,5010.88,1220337.05
pool1856hr68ypjteu686stdagfpv2sxjzguwzjxu946v8wdqzn0f67s,3,101.08,0.00,33.69,101.08
pool1859zslu3scj23wxcamw0slkhn80waxwkdl4k8k0asyw7sfa8dv5,1,35579368.23,35579368.23,35579368.23,35579368.23
pool185ev4czpm5hc9xud25xlcz5lhpnl2jztqas6mgxujqke7j5mdzc,1180,2242343.79,73.99,1900.29,293066.34
pool1867sv2tgcq2cjmyhqgsfveekmsy5zksld69zhgrlkluukfydq29,1,0.00,0.00,0.00,0.00
pool186wnrzw2zq20wt6p9aer6z33vqgv4xaxm6445fa4g4wr559e0j8,2,474.32,237.16,237.16,251.00
pool187k9uqvh2dacad2qyfyex7ct8q0jxepk45026s9h7mkxx9pn7at,6,2338.72,261.31,389.79,1047.05
pool18872nzahx0h2f7j58pxrn5rjektn8na8p4amv08x2xj8qkht30g,245,695441.28,28.68,2838.54,243064.97
pool188837cdkhad7w2dwk2arsldyre3tcva8aardadf4ekc0j56267t,12,3218.74,13.71,268.23,2370.91
pool1892ry20mvu6tvrmuua5gdmk7unw30w7tf8scpllpyq8w2sdwvc7,43,73876.59,108.92,1718.06,20013.21
pool189elcklfyhaczaasjdyrrxmhaeepg6avn9gxjte78ntny5fqdl7,11,13268.32,315.37,1206.21,5022.82
pool189j5mz6wa0gfrakwvn2tar7qt309qxrmsgde5v6qwm892n6re3v,52,3189432.63,393.41,61335.24,1441829.55
pool189lfh7azuvxu0hyskwahnp35rtez0mzhsmule3742p3jkza00cq,145,2419329.24,504.64,16685.03,515492.11
pool189lsf6c2upyhmrzddyvyfjxxkqnte9pw8aqx7f4cuf85sjxlm02,2435,41592213.49,207.15,17080.99,5929669.08
pool189vq6ay0gku9tkqc2t3nfjk3n88mm23grmfas852jruw6fjlkaf,39,24199138.83,1003.52,620490.74,10970514.09
pool189ysyxejgdu0d5u323cajq40ec6wsacq3yav3ul7fdxs6mhdhr0,11,3790.38,5.21,344.58,3561.17
pool18a8vhtlcz7t0mahmfdlgtpsspvae62egz936j3dt7f9ykr4j2av,1,525.04,525.04,525.04,525.04
pool18aklqwussc7j6y9nap8vxst4ht8s6sv76ge9799rzv3lcrau7yg,5,472.98,42.03,94.60,356.62
pool18au4xxwcu552tjyxgyfssc95lwcf08g49z0ln5f7l060qh8r3wv,1,1.43,1.43,1.43,1.43
pool18c2qgn5fv5vfhsvqjvn20j943qjaegs0dylgpsmmwz2lx03n76k,50,143448.36,122.22,2868.97,64343.39
pool18cr7st8wvagllpgq23y70ncnejux2dmxrsdc45hyalk67e63jg6,7,20809.41,27.65,2972.77,18601.19
pool18cx6qhjeynrsd7pvcrv7e3y65ksyzguaep2427zumc8t2qzxvsk,209,38626.54,20.03,184.82,4002.15
pool18dmncsu0wwzfnje42udk3eeld3z0zwjpjxname3lp8a9kpah28w,10,3311.71,8.85,331.17,2316.84
pool18dqp26atwr6rd7z6suxjmguqy8zym5a3tgtveuazqsjwyeafrz6,1,266.67,266.67,266.67,266.67
pool18e0uhtm4pspfrnktwguypytjfgwz6dw6zzn3gulpdjfx7qd0439,12,56864.51,83.18,4738.71,48264.56
pool18e48wynvkevefs0c5yuh705u6tpy0m4xflg506kp0r6vga9gkmr,1,497.63,497.63,497.63,497.63
pool18e545ehldchd8qr8qx7q7m5dljzaky2twxrynx2z29ru2mt6pv4,13,26457.30,114.65,2035.18,11775.95
pool18ecuhr75yr6zt9e707shkj5w9p664syqnkt8gmmlkydg27z39xt,4,0.00,0.00,0.00,0.00
pool18en4vtxkjt3u5x6ctu9l3nqmr6pm3r7akxgu84450xdvkr4j827,2,5114.92,2557.46,2557.46,3500.43
pool18fldcktken22hfd3tyx8qwes46lv6jhv43jhns8gg24k2rta4al,2,2355.19,1177.59,1177.59,1212.62
pool18fw3qgzt4u094hn8kf82n6jye5y96csamj0f20dja8tnq4ad0hy,1,10.84,10.84,10.84,10.84
pool18gk8kvd9qf829nldqus92q9y640e6u0jdyfz04mmktwxvglgt06,6,70054612.19,10027298.00,11675768.70,30000003.28
pool18gsrasdghtjsnzlf20pht85l4epwag74w9pfx5qvdvcpxw68sl6,3,35008058.68,13.85,11669352.89,35008036.60
pool18gysxqfwz4j8rm3vlh6677vs9n23prvfr7gwe88mhn5uudgx9ng,325,4957241.00,943.91,15253.05,1242213.95
pool18heqrjtge2emf2hes4mdxkr76y99zztkqk4qtjr9dul0vuur0yu,26,1846267.59,976.49,71010.29,1160745.25
pool18hk4akqtnktgsptxll625lksugwpc4r30nzjgz4pxtufqgw5gdd,1,9.82,9.82,9.82,9.82
pool18hpttrmc7v6nhjcywhdpymwzxv3y9kujzc5ne53jjdlf6hxa7cv,31,746548.69,5124.19,24082.22,202048.24
pool18j287g2sccele52hhxc0csk2ghfghwndqm9yahdqnhjks840wtq,1124,4081497.54,16.36,3631.23,1097471.00
pool18jqumjfevywycjj54m62g74ghds4mmuyqynpwfkaem0xktazlqw,9,13498614.41,3067.67,1499846.05,11154206.35
pool18jrsaddmrwtrdycydmk3zv0fxawnv0q8xh7f6fyp2r247zz9tc5,65,1410556.60,750.31,21700.87,444211.74
pool18kv6jmmtks4jwyt8tpvfc2kakh6wkcggjtehyj78yk9r7t2t2ex,3,680.27,97.23,226.76,581.29
pool18l6lvx95vl5p88zfh7xjkx073s9gufpz4sa5q43fu7auqunjhg3,11,523573.73,1054.85,47597.61,372866.51
pool18lc5x7fma0zsdwl56fa9rw97ayzc4kdue37sncrtdz2e7xfa8y6,2,126315.08,63157.54,63157.54,126313.27
pool18lc8uxyrnuurer7hr77xqh83cp667jazlghe2qetvzfqvxjtdqc,2,8.60,4.30,4.30,6.65
pool18ljuhhw27t85zddz0pvsmsjsz5k0mlz03pzsxgh8qarcsw5wycc,98,1400650.29,48.99,14292.35,511756.99
pool18lwlvq4j8yxgrsuvyqntmyq7wyeql5t9nhmtg0cx0uqa6n5hplm,1,57.43,57.43,57.43,57.43
pool18mege8wvzzdvh8cxx6ncnqyvacl4lxukw495c87xmz8qcdl6lj8,347,711582.20,11.73,2050.67,156257.77
pool18mgmqghey8az6duffc6e9tpzwxsquf00wpkl0jr8gvqxumkg4m0,22,296430.24,369.55,13474.10,131685.82
pool18mgvt3k5sm5vns4tqu74qt036tw0yterxuz2zjczlqr9saeas9f,23,7695.89,2.75,334.60,4858.73
pool18ml3ex5ra5wkv00vxx0mw876s2xe0058z37mpzv263872nasmv0,1,7.48,7.48,7.48,7.48
pool18mnua97ndq302yw2c6aaw6msx5rgf79mfnk4xe5y92tvjl45etl,15,1432869.28,43.26,95524.62,1168334.91
pool18n7kk90klq4uf45j6pguqskyrxe9eprgfgrjhr7cpvdxzus3zn8,1,2.03,2.03,2.03,2.03
pool18nx24xhkcewezxvrjgdpt9pgt69pefr85m8qa8fdjd4m6p7egw9,1,93.51,93.51,93.51,93.51
pool18p7p752cjnf9z8g70ygkre5cstwmgfatzuqm0tm3n2xf739j8k8,170,1815716.41,30.52,10680.68,212813.81
pool18pnja3z8vfkw3sj578xetj3ujhyp2vmljezjg5es290awqmzq7g,4,22570.11,3448.60,5642.53,15643.27
pool18pwq8mctjyctx00rl36e7r7m046mg34365amyaluw0n5cd7rv7w,1,17.24,17.24,17.24,17.24
pool18q7axjzcrs7pd2vpmcgh33p0r5cng2q0v6ldw5vtwuhl6ctgmeg,17,644259.30,812.88,37897.61,274098.88
pool18q92uyx3973u3qt64nxf8p7us58gwkytrn0c3ed2a99s5uc9usc,7,101747.26,2.65,14535.32,101675.06
pool18qahj5ggudguk69g9aaztf5dvapmazql4hdvd7v0947j7gy4wqf,168,1139232.48,38.61,6781.15,315758.11
pool18qamc87vnl2sjd888f3gv4ssh4qjww859z9v6mr622fvjhemunh,1,197.23,197.23,197.23,197.23
pool18qddv82sx8p22uxzdrf0qx9lkewxadlr9ef45kpcf7dzz3n56qv,885,18000917.46,517.71,20340.02,2203912.94
pool18qzks8vdf0yu0u5ccf8aaj35q6zfutdcfgrssuvdjmgtyykr922,98,135804.15,11.13,1385.76,48872.69
pool18r2y72aue5nmv489xtnfxl36vzusq95qst6urd87yd5hgzms04c,171,186796.79,35.99,1092.38,40120.77
pool18rhzlrv83a7ygj7cp5uv8dx07qkn5drhe8nh6f3qvhv66xcyj2m,479,35631305.22,169.53,74386.86,11042439.39
pool18rjrygm3knlt67n3r3prlhnzcjxun7wa8d3l8w9nmlpasquv4au,7,76313015.86,15551510.85,10901859.41,20249999.73
pool18rpw5dwfywfrzjuy7uzn2cetrw9v85aan8a80p3fdvtqcxykkqu,147,446949.94,23.62,3040.48,73118.62
pool18s9snlm9kwex29wtgjjpkmwcn8j3fk3r22dpsehtjyqs754l70q,1,0.00,0.00,0.00,0.00
pool18sk7mn0r0cyujft352lwkzg5pz7e67ve3ps2sryrwacd2r5zhp6,1,76020299.75,76020299.75,76020299.75,76020299.75
pool18sqt4qwprlt6ytg8pu2qpz262j9vhlzmtwn2fwvhpcnzc0u5ynw,5,20.60,0.00,4.12,20.60
pool18t0u9vf408ftjf9xdpj47gdwkeq3jz3jqyshumm7fvtfkcq7ul7,42,1802918.44,48.21,42926.63,1700249.35
pool18tdd78q5vgr9qy2lun7m8srmnuc3h2mg6vqe66gezjh4glujje3,1,0.00,0.00,0.00,0.00
pool18te4aqp0umd6xunyps0mlg9tzk4dcjh30wgntqu8kf2n7k3y88f,4,33100.54,1104.15,8275.14,30864.59
pool18ufrgfgmslekdxnk9v9345qvhrr7vfgzkvneqtwm7unnwaht6ww,321,71741181.11,1478.62,223492.78,58733139.26
pool18v6rlcg506atlkkhy8sdgtnm5efzjjjshk9axyvp8fa35txspr8,1,101.23,101.23,101.23,101.23
pool18v9r8afalh50l4lstct2awdc3zspnvurcs7t45nv29uc2mnxc6c,1017,6728906.14,24.04,6616.43,1000461.50
pool18vej0s9gska8c847aj95g9v24duuxg2g63d5cuqngnxew643jw9,4300,66784819.88,78.49,15531.35,4198014.10
pool18vj02k4taarxxsdr36jxftcc5x270vsysp078j0n3v0njh0dt9x,9,2453993.65,13083.41,272665.96,1397546.20
pool18vyjg6jlyt2jywae7ndzv0f7xkrsexxgyhunxrlgm3zaku0327k,2,140793.12,70396.56,70396.56,140718.67
pool18w4dzpe8wtkx29scf74qmshrf58xg760mcxu5p7s0azxufwwgec,1,0.00,0.00,0.00,0.00
pool18xjkr4xpscwxsatewj9lqc6z74vw90qycjd0wrypeqej673j5u8,13,5571658.37,28510.99,428589.11,1738527.97
pool18xmqj9h97tx245mzkz0fqlvas5zse0fzh9xmn9p6z77aj5jegsx,11,58775.28,563.38,5343.21,30226.94
pool18xu4fh88v4naq5u3x9ya5aevfkrfd7a8a4gw6sejdvjnsrpud2a,1,73990457.37,73990457.37,73990457.37,73990457.37
pool18xwr0zysfyyxsva6sta7alezd44nsa5nasewmjxweg9sgqntlxn,2,45.95,22.98,22.98,26.53
pool18xykgvvvxej2e5ap04ks72d8fdke4qsqeh30satznyrtj88634d,57,88261.48,96.32,1548.45,16788.50
pool18y056s0echkc44dwnnd0hwanmrlnecxvkluwn339ukhnwnaz5v6,2,100.00,50.00,50.00,100.00
pool18yp9wal36lzzw34ujcds8vtfpsndkzq484zcm360evp5khex0l5,20,8710.55,6.94,435.53,4153.81
pool18ytpk5m7fun45j9julxq0x06dcwzmfdads3ha5rmp3qqqd5lreq,2,1031.99,515.99,515.99,1000.00
pool18zf8txwv8lmtpq2src8wrhz0pjut5qft8h5tfxnctwc95r7jvvj,1992,18196804.85,95.88,9134.94,1609229.03
pool18zn7wa345uytjgds9hypn3jugnzqtfm4cny7anskkcmgwwxtwca,137,353802.57,11.49,2582.50,110485.79
pool19042p8xye9udlgxgxn6n358hx0u0mjuegcwpxradk3vpkqgf54t,1,2920.62,2920.62,2920.62,2920.62
pool19066qvd5dv6vq7fh5a5l7muzk6nc5fw8zq3w4tclyrhvjvlyeuc,3,40720163.47,6.76,13573387.82,40720156.71
pool190a9js7lk9lvmrngre7w268z9tz9xs9yz77audvw8ag4jerfdhx,144,2022665.62,67.88,14046.29,1113995.48
pool190fke89hjqyyvsc0snhnzrgg3wjjchf0y7n79jlal0yuj8060xt,3,12030.58,5503.91,4010.19,6014.05
pool190gglea2zvf8vch44jnmpkzljyzvk3u84gpaj4l4ypwc2lpf27m,4,653.01,12.04,163.25,628.93
pool190vx20f4ptv93u8em69pl74y6kux0mgl6kpzwmq6xvx8qvza429,7,0.69,0.00,0.10,0.35
pool192ez0m2xn67tz4kx9casumhdkq9fz96rc6ja4ndl49v8ycnuwe3,4,2832.23,753.14,708.06,1214.95
pool192pfftt48zc4x5aellvpufk6l6zxllpldw0rx82vrhqrqfhhqs2,3247,59270120.32,681.57,18253.81,7323750.02
pool192ve6p5958dam7hr3e656cuq5cucz5gnpfazlqr9kpc962gj07z,3,862.98,2.57,287.66,860.40
pool192xshj2cu50qfy2pm5cck8lnm9lxv2tjquznqjdkkzw6y5hnzl6,2,11625.85,5812.92,5812.92,10017.02
pool1935erruagz8y3lkq5fycd7jk7ye9ldp86638nntmmwp9558jmhf,6,12003.17,901.07,2000.53,9144.53
pool193cdhdpaedcev7x6qps3eps7s4sh2v8k6v9yr4tc2ulujq4982d,2,507.45,253.72,253.72,507.45
pool193eeqrm9vfx5y7d7u7766zskcr0ss0pnypy8sn30mlar29s49zv,16,19335.41,4.68,1208.46,12336.23
pool193rdch53x9c53rmftlqgzj22vmz6w8z8hhut2ckzd2zej45zpap,86,2016127.90,607.84,23443.35,1655575.29
pool193spq4aagtqthqxnwzat2n53ugjkyx8d42wqu6wm8lckj056y0t,2,69.05,34.53,34.53,66.42
pool193uec04jldvah7r52q86wl033g4v42x0aste8jfg9999qepaxfp,1269,45911517.43,270.53,36179.29,16685399.91
pool194lhpd5e6a8n8n0zce5hg9f5279pqecd86yl0ytf8nztk2x9unv,52,418333.61,318.93,8044.88,298292.22
pool194rde70lnsrdu692j6hzrth2ka08l2t4g9mj0xl8tyfmuny7faj,2,3529.21,1764.60,1764.60,3519.59
pool194usk2h8vcq6yw89xs5asrvw22g08kcfy72xyfrnnkg6qrhtlfw,143,202845.86,11.91,1418.50,46230.83
pool194x3sx05hac6fhy37a7umfj55uaac4qf2ysp5fl2gyq2x7n4n98,5,60.32,0.54,12.06,32.16
pool195gdnmj6smzuakm4etxsxw3fgh8asqc4awtcskpyfnkpcvh2v8t,7499,34771241.36,32.83,4636.78,7014290.42
pool196e8g7evuyf84jz4gr6f4xacudmupxs3ad323krx9e4xse6cf8y,1,0.00,0.00,0.00,0.00
pool196fz9gd7n0jnn2rwpcqqdyf9j5q3na6qwhhy0k6j9ysx5f3u7r4,2,22.42,11.21,11.21,22.42
pool196tul7axlt0qzqvs7rx4glfdkpsjlsh68tdkl7y87q3uztcvd5k,1,5.88,5.88,5.88,5.88
pool197na7w0h8hjc8wdvwys7nsalhtpctefa3m23udeqxpfk6nzq8l9,4,71087995.99,16218796.30,17771999.00,38650360.19
pool197rexraxmzk5mv36h2yfy8p4lwxzlqyenjk50r0q8dchz4gp26j,30,44600.31,8.82,1486.68,11287.87
pool1980svf2cxnfy66s5jgjv7y22xud75z9kfe6n0c3y54s62w56435,390,1212846.32,16.50,3109.86,368251.45
pool198wj6nckft025tvkthdpamw6xxwdftactw34fag60d2xxa2qz7y,1,0.00,0.00,0.00,0.00
pool199a44nvtjr0c5xlanz4p5c0nywu8l6k5hz3t2he0hq7wvljnsrt,130,946066.00,304.95,7277.43,178515.52
pool19ae6xhzsscypyha0sszv90xwjsh20hxecxjpcqynshfawvwxqnn,172,4579864.70,11.64,26627.12,2545717.13
pool19asxjgd6ah9ddzauwede4wpt9vsp6s4ax5nz297wt47evc9sn7z,3328,30790593.26,25.24,9251.98,8000705.60
pool19at4pzt6ghethuls7ehr0v5x65cg7mj0zun79eenefa074yfcz8,30,100007.46,16.89,3333.58,40721.49
pool19c39hucr2p6ra4v6c5qwqt4zgc6ugchu7cs4yal7ndetsnrmzju,1,0.00,0.00,0.00,0.00
pool19ccud9eawdghzqg8425g8upxqws9r64f35f3cvv3vpxdcl879cn,1,0.00,0.00,0.00,0.00
pool19clgr0yxjs8pqmlsmfzu6hg5muy5ws2rze5hlesg0v7tvyhcgxh,18,57013.37,1.62,3167.41,27823.52
pool19d5anp46tkzvf8xmqmxrtedr6lvw55snk65zfep2srsd2qe2wcc,3,115.76,36.92,38.59,78.84
pool19ddv2pe786q8zqjzvw50u60y2aau7wl76sg3pnkc4j92wcx2kp2,28,3631.71,6.34,129.70,1342.82
pool19dn4vmk5ayatdjshpnyvxy6w4fef0zfl585sfpls6l2wvn0xxjn,4,38760.99,331.02,9690.25,38098.96
pool19egsg4esywdpq8lk5e0r4c8se3mx6k68de2pt2d0fnrs7jntp6m,1,14008505.38,14008505.38,14008505.38,14008505.38
pool19ejln2jcpg5dphc8m5nh8sya49sycsqj0v2cjxw6nku966cc8nu,74,14527615.34,1060.01,196319.13,8091899.76
pool19f6742plmyxw4w4tzhew003q67cf2w7c66v28mtk6f7fxf80ak7,1,516.46,516.46,516.46,516.46
pool19f6guwy97mmnxg9dz65rxyj8hq07qxud886hamyu4fgfz7dj9gl,22053,32898865.55,15.85,1491.81,2232524.10
pool19frt3kaxxk4vr4x3wnaapntu0ul0dsesu77wfqaawc5h5ffgfgt,77,857079.18,31.94,11130.90,768767.97
pool19gspsgyjq9hdkm9crrr7n00fn5p62udpcujw5mjv86u0xua9yxr,1,0.00,0.00,0.00,0.00
pool19gz6ffzagyh9daymscvyc64maq2xf4s05w5upthferlnwd7vgr8,2,10137.95,5068.98,5068.98,5567.95
pool19gzu2dyp0g9e0nsvtg34fdhrtgr8c5jq37nscalqkh3hsjmas69,30,1662.78,15.87,55.43,826.50
pool19hrn8me383w9atvmjwukjxqsdvr8udpmyxau956hdc53x669j8p,10,41296684.06,76.81,4129668.41,36580987.18
pool19ht066hngsjfnv3mfsc8u9fgzl4w5qcrmh8l6zppwph6s2t7jn4,138,3328330.12,26.95,24118.33,1026495.01
pool19k4azhj8tye5wwy5pfj7q6m938m8fg5nglds5dkhtfwnvcg3s0k,77,352127.90,22.33,4573.09,172106.66
pool19k9grwq9cdswn4k7vxzmwcls24jj3466g4s4xr5vucehcqpslfy,387,41366238.60,1727.29,106889.51,18931893.21
pool19kfm6lz5uw7nylq27swr367mqdycmug7tve94l6h3xsz64seqtc,132,75862893.52,346.75,574718.89,24215812.28
pool19klg32x4wrwh8yfdra6u52qa37meves4r68pxajxwllvzazd37c,5,3045.81,20.65,609.16,1897.30
pool19l206haluae6wyzm7tjpt3gln9paa5m9s4fedec2u09fqz300ht,2,50006984.89,25003492.45,25003492.45,50006984.89
pool19l2vz7pdk09k49lezr9zcmc4j98zc30htuw2rnqk3cceckuce96,1,1257.55,1257.55,1257.55,1257.55
pool19lz8nyz0jjpdrdtnjaar4untk4th23gpg5s7aegn7480zff4vgq,886,30766380.99,4.13,34725.03,22182212.97
pool19m3xzv58uymw76tg4th6q5fwkg9zktc8alvyysr37u04yw86axc,2,2015.43,1007.72,1007.72,2007.61
pool19m547w9wkcqm5hcstz67fly4ucz0zsp3dqv4n956xyusy4dlpue,390,5839097.61,8.28,14972.05,2241352.75
pool19m98gdj84d4kxem5h6ch8fvj92pvauhg0y4ktmzr3mln6c45yly,10,30420.71,62.57,3042.07,26230.77
pool19mc6suzenqdvmq3ssf3nfzv4xva3wgl83z6syumccdppyar0vga,6,9943.86,435.28,1657.31,7455.40
pool19n2rjlddd0afs02cgd86mehptwaajv5kndtfcuqzdmgzq06lq0n,6,3374.64,452.63,562.44,1443.75
pool19n5ml38q5uedy8kgwwwtlsa3p9tmfcef0lfjp42k7j9d5mpgs2m,622,209459.41,13.47,336.75,35321.01
pool19nfs9chtv37vfawvpyf0x2shfhns9hpwy3qfckvpm4dmq0nrl8m,10,2624.22,7.71,262.42,1340.52
pool19nhmxfd2tts089nx742g8jtc2ynwstkhp2594y0wwp6d5we25f6,75,7588.52,21.91,101.18,1761.35
pool19peeq2czwunkwe3s70yuvwpsrqcyndlqnxvt67usz98px57z7fk,227,747940.21,196.34,3294.89,149924.21
pool19pyfv4xnln8x4l7auw0n0skk3hd97shun707hrw5d4s553ys74x,2404,62245584.26,65.86,25892.51,30757552.57
pool19q034g07ka2ltwc3wwjeu79w29nlafc0w2ppne5ppu5wud60rgq,166,3688444.91,165.19,22219.55,1130395.61
pool19qa8uctj5ql4e2uwslpruak6655h02l8fkmwjlanq8qnqyap357,2,42228.55,21114.28,21114.28,41484.93
pool19qgfp80d2sv3p2azmygfq87g7va4s3ewd6aaulas6eqsyz4r2yl,6,7818123.34,16884.49,1303020.56,7636107.66
pool19r33az023gn3n8p2x35hq00j2dxc8vwln0nanpcfuvc8759cvkz,11,5564.41,0.10,505.86,5542.92
pool19r4ef6n0xkw3pvztuwd44ymrzrkylyralnf5rudnc7hnvvddyqz,1,0.00,0.00,0.00,0.00
pool19r8kcmqpajlm6h5q0lv8jye0q7evdur39wfsgs4z98fcqpz9lct,1335,15690387.24,50.59,11753.10,4478530.55
pool19rjjay24ez2ezgqkyqvna6uwc5ur9lt489gwvrv7ve5exlcld3x,62,1489558.75,291.79,24025.14,755715.43
pool19ru9alj7n5anmzs0f9gpzlj8kaq44yhcp45mldjvldxck8f6yg6,791,2166976.21,25.99,2739.54,342491.23
pool19rz6ve8nz6uvq97yspwh3fvt7w03dsjsnmft6du83hvtc324dus,10,2216654.85,15829.10,221665.49,2003061.87
pool19sk7acvpdxszed5hmckt0wmqxljalartue7d7d4a7qhwuw0n0ws,2,59.60,29.80,29.80,59.60
pool19sydze39a8dccylczqe2m4nnslpreytxlj5fu400nqxkg8wvgx8,8,43202.80,507.10,5400.35,35904.41
pool19t833uyjq92aajf5f7qd9w3jcnyq78p4hsx0fn63aejfjtyn99j,4,1084.59,41.89,271.15,1000.80
pool19tkfl9x2dkk07z43rvamftvnyu5vtcfatdpsag8phzqvgpdklqq,3,33.69,3.35,11.23,30.34
pool19u2lzwnmkz3gqqmx9sahhys8nqvwzkl8dqu7m474m0zsj3acjfj,1,532.62,532.62,532.62,532.62
pool19upjnw6s32kyfrv863nxu08yw6fyvjz7j3p4c3zl95arytp068x,1,0.00,0.00,0.00,0.00
pool19ut4284xy9p82dd0cglzxweddfqw73yennkjk6mmp650chnr6lz,69,1395994.71,20.66,20231.81,705196.95
pool19uynx6nxcdksmaqdcshjg487fap3rs3axyhrdqa7gdqgzgxss4y,100,3530029.39,14.61,35300.29,1002687.08
pool19v4jgpxxl72eaq8pefctatvts3gkhtyzd8nwvzskkm3mkdv2tpy,97,1218490.41,48.99,12561.76,944537.78
pool19w5khsnmu27au0kprw0kjm8jr7knneysj7lfkqvnu66hyz0jxsx,4321,61332445.76,61.61,14194.04,4223340.35
pool19x60wat4eu8sh42s05th8l4p6e9rmmnc6g2a64lj4npag7zj5cx,2,2000.00,1000.00,1000.00,2000.00
pool19xhza3f7nye6j5p6stsnkpvadejztnqvck0ge3l2uy9gvsvy05f,3,174.97,0.00,58.32,174.97
pool19xtc9sy9g7zcrrazrkg4s6ayjkkh9aynvfa6gqnawtdauulqxck,1,0.00,0.00,0.00,0.00
pool19xyfanyp28j6j07dxgwdjp0wur6seqmyyu64qgzstzl7s47pvpj,162,201829.72,22.66,1245.86,48141.97
pool19yf67fkanhu30qqdcug4gwfy7gpzy8jhq56llg5ua3g3kufg3s5,1,35490.00,35490.00,35490.00,35490.00
pool19ygh8apuc2qz0u9kr4wj9qj33xhw70n7z286xll0g6ltgccuq42,22,905376.92,19.82,41153.50,809259.75
pool19yzav2l45q4gcwa53mh9ga6pf5c45t75qtqu6usfzup27qk27j0,1,0.00,0.00,0.00,0.00
pool19yzqr3meksnvzdxh5xf6aknfhldyqdj7eaquxgcjva4mzt5kg3v,86,80713290.24,45.46,938526.63,27929123.98
pool19z9ac79g48kekg2xghx3afj6qp5skr9ar590w0huhc8nxn9s5j9,5,1040.65,4.66,208.13,1027.77
pool19zhl50qqzpfvvhdytqg6qx0cthummjyunfyvkfqx9uxrsp7k8ek,53,501949.06,27.85,9470.74,364997.63
pool19zkd9hmkgdjmx2xr0psuat88uuw25wsrktr2qe69v2uzqldfnmj,1,37614195.45,37614195.45,37614195.45,37614195.45
pool19zz6frugmvm82ecgl5hh5vq3093d4kzr4h2r5vfmt6la7trk929,7,35020564.41,380.25,5002937.77,35009526.39
pool1a0kp4vl4fh0p0rs8s08rm7qq3vkj3epwraayk3sdgm8sz0zwt7t,1308,49458476.84,7721.60,37812.29,2207776.76
pool1a0wm2emve4y6e3tn8lnhk9vfhk9u7wgjqmrs5zfsn792gjtquu3,2,2.02,1.01,1.01,2.02
pool1a23gmvalpdams9d42t7fur8vmknzjv7wd3nsvuvrc7dv66lnau0,2418,50084445.64,275.90,20713.17,1511416.40
pool1a26gnntcj3j5v7ng599qncn7uuav2sp560xwlkvp3pqlj822jtl,3,1685.27,462.80,561.76,1024.24
pool1a2ffl2d20yransp2p4hqys5vy6hys8kmtchdvlfqale7ywxssjh,21,696762.49,1110.77,33179.17,503997.72
pool1a2gt2mvuf5zvtqlvw2xgks2efze3p4r985ft62q64lua7gx7lal,441,2837370.05,53.71,6433.95,308373.87
pool1a2nh3ktswllhwf07fjahpdg5mpqyq7j950pyftq9765r6t4cefl,2612,35445862.26,23.99,13570.39,10077828.40
pool1a3ekt9me035qgju0en2w39vjns9ggtewnc9fugsmpgczvgtl6u9,50,7130081.50,296.05,142601.63,3750570.39
pool1a3kdettzvvlqvkl9m9hwe63ggeq5fgvz0twqew5c62dzx99vsed,1113,7859373.94,28.95,7061.43,1038468.53
pool1a40qpxlsqwjk4a9yk636dcawly4dcrd6l26tghjxlr37cmlrwv4,4,4306.19,1068.31,1076.55,2169.56
pool1a44j6jas4sjhh3qc96r8rmhsdjxjuntuzxr3440jzwjjcysl9ca,707,184938.98,3.17,261.58,29916.71
pool1a44zldps27avv82mamm2lj33mrrkqdzt39nyrgn5dkk3jtm0wrp,36,785617.22,498.90,21822.70,377080.59
pool1a4qtpgce7cu6wzc79fx7qrc3938hkl2gf8c2h5jugvm2gnu86l7,3424,29954651.20,20.43,8748.44,8560584.59
pool1a58fg4u3mcr2zwyqlc4dqd6mnwqjmcussmpmcml9lrmszwedmfy,4,4988.63,235.27,1247.16,4518.10
pool1a5jd3x2udlvpm9mt4gpau4jlags6qtth6jdsguryh2zy27f5ttj,321,3944861.25,56.22,12289.29,2193435.65
pool1a5ld0eulnjxwpg6qyjs6hxzqwj0esft7k0qsf6nj8pkfxy5lml3,1,74030810.72,74030810.72,74030810.72,74030810.72
pool1a600v0jd2z3yajazd80phln3exekumm7g56d9yvlrh6vx8dx2fc,69,4956203.74,1445.93,71829.04,1808437.95
pool1a6wdglfp93m2z4nhptx9xhjazgyqusjpu387gdrp899cj98yuqq,5,1155919.93,349972.77,231183.99,400543.85
pool1a6ysvnx24xsjh2f6ehgmx7yu9q45fd7lsk88v2swxkek7pkxtgp,63,9029856.32,23.89,143331.05,5190877.72
pool1a8902n5s5z8cgehphzj8ujwv6wf7dycnrdx4ekfz9cwmwj2fenu,5,799.91,0.00,159.98,799.03
pool1a8n7f97dmgtgrnl53exccknjdchqxrr9508hlxlgqp6xvjmzhej,1526,66885352.35,326.71,43830.51,14432730.04
pool1a9fmzl8m8ql8kk5s8cgxf0ny4c06v2540977gps5mjunwvk5zc0,4,419.61,89.98,104.90,222.70
pool1a9j9dtdppvfq94w84ns59fnrptz3cj2mkwpmku57e2yf5k6a4ae,2,3.62,1.81,1.81,3.62
pool1a9xyvnnfjnujzy0n2mpf4rztdwrssraw5p5f06mqlgn4s06z0nw,13,147819.05,25.08,11370.70,98756.25
pool1aaa4rk9exk0scgjh7a247p4hdgkuq887kau8vnf9c6xqcjwca7e,1,47.82,47.82,47.82,47.82
pool1aasrxs9vpr97rjlqqwpp5gnju9tp9dgtsmqqvmsy8hryuuepvra,4,1299.99,3.05,325.00,1293.89
pool1aavk93lvhqfhskga397sadl0w30tul9sp587gh7r8mt625zxze8,6,3487.59,1.09,581.26,3476.05
pool1aawkmkg7vg0x0vxaqh4gr0lwp4fekwsqrjduylx0et3tuz9hfn4,9,573394.48,15.17,63710.50,381366.41
pool1aczlsvfl50xtyfuff4vk3d0v2h9r78hr269ycxwgx00dcng4u9d,1,197.62,197.62,197.62,197.62
pool1adllnm43t3nuspvnr5r08jh6gpyvedu76hrhc6xymjzavd5d8f6,1,0.00,0.00,0.00,0.00
pool1adryduxm4puhn67tuxys7rhvdleee6gw5pc9ufnwwzp8k2wjc2z,2,9308.80,4654.40,4654.40,9306.85
pool1af7dmzgcyp9kc5lyrtrtpsce58l6j5cjvc8wavkwmzlr53ym50v,109,1869616.49,44.53,17152.44,915038.67
pool1afv4cmmjdkujtd5r9t63090a3frwwqy8f3e46gz003vyzjcj63r,488,553721.32,7.21,1134.67,113507.53
pool1ag6ae29hrcjhcjaqp56hwhwj9geszjerwqrkjz6xndmcq3u9k80,2,1967.31,983.66,983.66,1949.43
pool1aga0u8m7rqpdvkqa7qfr8rhyweyqlg3jxt3skfq660vdczwzyca,4,44.30,3.82,11.08,36.66
pool1agk62kg0s9606v78exurl53mqsdu44d6qeuzypur5e7ku6gpgzp,19,7524.33,10.84,396.02,2912.40
pool1agwy5atgc4ptg3whplaxyz28g4dgvsna8auktszctkq8xmtl7dh,23,3521350.75,1138.04,153102.21,1413783.86
pool1ah5jv4mrq0z7g4wuhjjnc24kfwqekwcap0wqmsr57thfg8mpr4n,2,1544.34,772.17,772.17,1010.72
pool1ah6f5h5xss3qcc5wv5smvkwsqrqz2v2v4u0pvmrrttzs6z52kx8,4,1628704.95,12586.18,407176.24,1603522.77
pool1ah9fqr5pwdtjtw82nkkcskak4vtc2xjz70mkyselzvalgzd3jlt,5,225014.81,8.20,45002.96,201027.56
pool1ahazpr2yz5gljk2m4q8g7wnmq7m2sr9unhdfmr5arhqrjnntwdz,2411,74939876.74,220.01,31082.49,28554798.73
pool1aj697twgk5kt7c6kjtkpwejqqhljvf3hzsmsamswzy42v24cw5h,4,37932.83,7964.48,9483.21,22003.86
pool1ajjz83zx620n7fyr0gvfaz0k0udc6x09rdnkqrgaxu9qwcz97qe,1,205.62,205.62,205.62,205.62
pool1ajpxqyq3p3aczgaxuc66lwtgzhrapzu6duk90dz0wz5twh9jzyw,1,6.14,6.14,6.14,6.14
pool1ajrl335z92udy65gxlgsrvthf9esfksp6m2yf3y7qcn7jqp0zsc,1,0.00,0.00,0.00,0.00
pool1ajy6eslg9ju7mpqzlaeehz02algkfs7fk3qsym7wun7ks6z06tu,1,0.00,0.00,0.00,0.00
pool1ak3vhtv7alve9wfj5kx5xswrtfvy5a23txuupgy6nqpduq350w5,5,1102.57,52.06,220.51,646.59
pool1aksxtgqz36vtvnf3rrgrzz9qxrvjv4p2ukqcdyv5q66s5eqhql9,5,6.44,0.00,1.29,6.44
pool1akt37u42nfegyf3atv6c3c64da7dwa9grt9kjxa8zwj9qr4y8u2,24,26835.04,10.18,1118.13,23584.81
pool1al5vg7cqtfs5mqgd5uyyx09z9hvsxqnh26lr42t920y5qnvq7aq,4,1252.32,307.73,313.08,587.75
pool1al783um2muyhrpcj779y46z0qtnd0nteu0y5jt7252nl26dt0h0,29,107271.66,1528.51,3699.02,23316.24
pool1alukhlxd53jat03vgt5h4dxxqyaapzefhk9yrl40e4r3x5cr5au,5,3.99,0.00,0.80,2.88
pool1am69d5jfzgjepwhseryw59j0lspn0c0307shw3v2cvfq77gvnrh,3,165334.44,38410.84,55111.48,126821.37
pool1anxttanf5g4cjgagns6cf084wq6x9k2pfygjdjyk3swf77wj2ax,4,2835094.64,105962.26,708773.66,2623165.09
pool1ap0mx7frdu2mhk6f8rp3psy6wkd8t560dgh0cwnlxxfswtqjg9v,1,244.65,244.65,244.65,244.65
pool1ap29p59japhsunqkknkrdm4wh4f8krrvhft66zhns43evawjd03,9,6304.62,47.63,700.51,5086.43
pool1ap4k28jflxcyekms0rjp39ruuydrvwrek2ca267w8mwyvknpx87,4,128053.13,1777.75,32013.28,124497.62
pool1ap5sw2p7erpvegveucua66gy50cadjvq72apar0hvzrdv8s27nl,6,6737.30,241.21,1122.88,3366.20
pool1ap6fj6xllhlc3xuuq7uvz0ed2wjws08f7h680xcgq47qk2pvnme,1,0.00,0.00,0.00,0.00
pool1apts5675m9f6tkp4ed2jeu35azt7a0hxd3dypzjvwr2hxu6lg9a,1,1.20,1.20,1.20,1.20
pool1apupv5qtfp2aa2xlrzzjzx0uj686g3n695a329nq8j5jvvzumz0,18,3529046.38,1936.33,196058.13,1025398.56
pool1aq2kqdp9xf9w47vttvmqnahwd4scz2qyddsr9l4mfru4qddg3kr,597,2859761.84,27.92,4790.22,1291770.71
pool1aq6sd3kr3cnjk995tfthhyf0suth3rm547kp6pv35z7wgqu6twn,5,11670.86,11.98,2334.17,10926.59
pool1aqg6fvhcaulvss2ruvpx6ur9vj7pejvdcxv6xp0qlwuwx94evf0,3896,17367540.38,62.33,4457.79,1259145.36
pool1aqg8vxzv75zhjzjjd9s20fu6r0xz70yl8lk3teacwy7qyc2p2j7,33,58997895.05,343.09,1787815.00,27403950.32
pool1aqr4843pgkyaq6p2557vgnxsxwnj5s5em2xusf5k4ya4uzk3w5l,12,3811.65,39.05,317.64,2023.60
pool1aqslsnawz622pd8367tgsu2atfm3lgk9xcdw5rh3c6rgzca33yq,2,20.02,10.01,10.01,10.19
pool1ar6nsa2uzng70uf8fdrttu5jhgxzgu2f4za8h845zr435nfcruw,289,5967846.32,370.30,20649.99,1188105.30
pool1arsqn9w87wpqlm0sre66gs79dcs0jmwulytgke3vut7u62lttu7,468,2487772.49,110.07,5315.75,245976.83
pool1arx4x8ecnxu46xrpfj88hwm25j9gcy8080szvf62a0avke556v5,77,97818.81,16.91,1270.37,14113.55
pool1ases3nklh6gyjf74r7dqm89exjfd520z9cefqru959wcccmrdlk,94,43217950.39,265.23,459765.43,42418664.63
pool1asfgkqtmjuusclgx72xpzvpw336gkulchtstsx9lsj9uqzjckv0,63,25901772.63,10233.40,411139.25,4431115.18
pool1ast5kjj9zer9sp02f5w44nyqsc54589l2glyp5fhsg3awqs5axk,12,67679.83,37.20,5639.99,54986.31
pool1aum2mx8ds554pfm45el2wn3lr7lsnphlggxzhk3qlpl56qnffm2,9,1384.52,18.11,153.84,814.15
pool1auwfzangu7s9uagapchhmac87jy3k87a3dxhp23vadtw5m5dswl,3,3324.71,512.07,1108.24,2812.64
pool1av640ert5ktadalakrc5lkgrf988tu0t0j58d9hptd06u57qlms,54,24706.88,36.89,457.53,10599.84
pool1avrc505uzld32hjr78pxra8jtmxvwaxdttxq2zxsjearwsy0quc,7,112751.46,0.00,16107.35,112476.91
pool1ax6nusmcp8h8alsqmueqvxu46h37fmvfyr2y6w9l6486cy2rq06,1,321.62,321.62,321.62,321.62
pool1ax7rlt56kgfpn0ystuwk5jawjh5r6qfw6xhwa8ckaqe47va4y39,6,734.32,23.64,122.39,487.23
pool1ax8znp3yeeh0udrr2vvtm4wkxjldwv4mywycn573km7fu20y5xa,13,827545.84,61.04,63657.37,750653.77
pool1axeed9wqmyvm8ttgdkpazx5dr0e6ezhucnzarpua0zpdg8ycqwl,5,150990.90,97.83,30198.18,100496.84
pool1axgtae69sdv7tnqru3enjdln0hff9k7n8awlh9xxzq92cdgmq53,1,7.62,7.62,7.62,7.62
pool1axngzl8clfn6pnjaf4w5r0q4tgcwktv0zcuxnn32hl995pthddr,13,7075350.76,12740.08,544257.75,5000019.96
pool1axzm26vduyuxgw0x9ddh4vkvn7q5hyd558l0t9c08p556lf2zaj,36,34610455.64,106.56,961401.55,33461796.17
pool1ayfjmnrv5vg6tfducvysn360re6qfwuv2rhc4ph6jk33ztuxlhq,246,535726.60,10.38,2177.75,128483.25
pool1azwa3mcez0mr7520jznl0kamr3wdun5ygzscwtjulhdy5s58vvu,5,82776.60,5316.65,16555.32,70040.59
pool1azwytj96wpa7hqmj5adks6tpw7rhnwdqpf9hkgyy0mwdxxzxz9w,3,738072.33,100497.79,246024.11,637574.54
pool1c0p84nykx0m4yqs9pkvlgagh3nlnrn77d5zed9kv9ktljh2cjcy,222,137891.85,12.61,621.13,33002.84
pool1c0qt93ydpjdndag5v9fsmzjv0hm87ehstqn6ttvrr60rw9d6uaq,3,1808.52,0.00,602.84,1808.52
pool1c0t0xzlpu7nhprxhnlepnapek47waww3m54ek6gaufnpjrl5j0m,3,37852.39,96.54,12617.46,37755.85
pool1c0xj2fa97zuz4phld87atg6yphz3hju409fm5xgnwuuvqww25qj,775,1348268.30,19.91,1739.70,64892.75
pool1c2utlagkpht4zj0jetsf245c258geuxnjqp9kf4f2z9rutx9dz4,438,2506934.21,37.19,5723.59,1243132.59
pool1c2wf97p3j9gfvfjshj99ufxerpy3aznm8tzr2fd0ua465s26th4,175,3088751.96,20.42,17650.01,1635496.45
pool1c30lqt59t8sjn5lg04r5wk5eucxa5h9cj05xs9gzc8lngl4cmta,170,1579545.30,60.18,9291.44,402418.50
pool1c38rf777lz0lweuz856xtetz2p2tfq04xfles089839tclt4dp3,13,24314.76,8.83,1870.37,10513.53
pool1c39qg80pu8596huf5kh6cmfuxp8yzxz4kfqc4csfz7xdcwfwcnc,4,314.31,7.58,78.58,299.14
pool1c3ecg6h4m73a2mftmdm9mz3gxklxmnzuwzl9e38lzd4y26qcm8a,162,27305997.80,240.71,168555.54,7135828.47
pool1c3fjkls7d2aujud8y5xy5e0azu0ueatwn34u7jy3ql85ze3xya8,31,573987.93,150.30,18515.74,103298.16
pool1c3kxs76qj58284f923cx7ed8vw25en3nfghyurv0z9m2g3x9c4j,47,8762887.62,22771.08,186444.42,3140591.71
pool1c45udwv2kdjcth5fvnhlklsz2tutw8spl9tcwnfw7m8cxl8eanm,2,74597.37,37298.68,37298.68,73448.82
pool1c465ftax734tzx0kr36nudtmjy66zzwqgmct7ktpff46u8hrl0e,1,2007.22,2007.22,2007.22,2007.22
pool1c5ntzp7mm3rgmyxugx96eecycjupu8v3mcq9wylzxjgsujrj98j,1,0.00,0.00,0.00,0.00
pool1c60f68y8406zjmacluvcu8c0krgngp6h2qkkqhdz4mtl62ns0dq,14,12101560.57,801006.45,864397.18,2503372.62
pool1c6ezumxqayxzfwec8q8nz40zpf58n3sr22nstpxf2pg3gggx0ce,1,1501.20,1501.20,1501.20,1501.20
pool1c7jrfce3zxkk9s9enzpvwj8fuayvx3pdzc2k2es6mrw6gsfcjep,3387,27831382.63,30.42,8217.12,5333140.28
pool1c86ul4pnqvu7jzag8fjdy6dgrn6pt4ad4vmyq038hyg0wl2kaed,436,11035971.47,20.07,25311.86,2265506.15
pool1c89d4drtwn0048mekkdkzllz559ahnntxelyw2mppxnmc36hjlx,781,32566605.44,49.57,41698.60,9712264.31
pool1c8enfyd0rt39p4wr9h840y3d2xtqylxq5rsu3ku8gld45swgtne,3,28155.73,13775.05,9385.24,14371.45
pool1c8glhjlfs7lqww0zg7ghajtyf527zrahyksyawnz7l58kx0utf7,3,7.11,2.82,2.37,2.82
pool1ca862gvy5r06k5l3hulsphtp20tvuxqef0arzcyejdf365c5nrs,11,7083.43,43.83,643.95,2503.83
pool1calq8kjzrvp83l80rtvgmulausl99q4tjfkz2lp227vkymd5wgg,593,1021676.89,8.40,1722.90,213123.55
pool1cauj94scz5wp58defdxqqgnujaalvxe388peyv2gx79y6suzl55,4,33486842.93,2776.60,8371710.73,33481279.91
pool1caulv7s08g0jnptzdc69qycptacu7fzahny2epzh7sh9vhqz6xz,3023,16346708.93,39.22,5407.45,1239489.19
pool1cc76kmtcpf6vht32ya5ke9er74dnpy4jh5qpy4klqwp87ygdsu6,1466,7603900.16,55.52,5186.84,2295344.65
pool1cd7u9yenr0vkzh9kj7nhhy28ye289muhcdgnhyvz7r3z7jwcxl9,6,41226.88,685.74,6871.15,25426.08
pool1cdkv8070twtzhpeznc42wql8fre2edkc48watnuf2pmqcp93qjy,7,109410.88,11474.07,15630.13,50006.87
pool1cduc7ut6grhqyavrmm3gzcdf4qfdsjk7vdwcxy9c0r5fyaxh2sq,294,1558280.73,19.68,5300.27,309947.81
pool1cejaj3e490r9ejf854k3pw0kagglczuaqp69g6g5jzyfxjxgn4h,3,99.44,0.00,33.15,99.44
pool1cew2q6pge250exctkq26lyl0w95923xxa54thd79nv8xy9j3xe6,81,2392833.09,140.54,29541.15,1272076.80
pool1cf7mqj0xd8z4jqhr7nf565mxuvepk8euv5t6ehmuwe49kfz9llr,342,53740918.57,2725.30,157137.19,6336721.20
pool1cg559cdc25fkvs73umj6w5nxlwy3mpmj02xt7p4v69eqs5ncz9k,502,2251570.88,22.10,4485.20,686714.68
pool1ch3k0e07dhqwum847sa02cyecrp000a6egdx89fz5rza230jhlp,63,145545.81,558.86,2310.25,20250.85
pool1chdvqec5lwsxuedrdhcdcxg2295tqrce9lcz3luru5fruzjf3wr,4,128.72,8.34,32.18,112.05
pool1chfk2749hyrwqqpj9fapredjsgw3fdauyxw3hn82kavqva6nv3w,7,2583746.09,4678.85,369106.58,2539545.67
pool1chtam5czevzk2ttctvltpsc8twlwf6zzyh7kj3jkz72gks975sn,21,5793119.13,1068.78,275862.82,5382242.69
pool1chxjq4stjq2q635q8lv3vpszu0jqntxh3ltl97s5de4rz0rkdn3,6,2376.37,17.31,396.06,2296.89
pool1chxnn5gurqm83728aafjm7thv8yla9tz85yejtstqsc658mrpm7,9,12620.73,21.83,1402.30,11743.55
pool1chzrvd7wzmw8ufsehctn8fmf7ca27xf7d6f5tpreat7kxx6hwf9,21,634602.65,1014.59,30219.17,352772.79
pool1cj2uh0ylps28czcjslnz85v2zyf8mld0w5tuqp3amxk4jjwfkgd,41,36761.61,5.18,896.62,31279.34
pool1cj6js4ae570qqgssp5qr83zla0775u35fyxytk8j240uy2aca2q,5,305.49,2.25,61.10,198.80
pool1cj8dxjjlyn9xmjavr98ytmvlpd4vwgqp36kq8rl6jjyt6k2adfh,1702,354285.07,2.16,208.16,101026.93
pool1cjjtz6enkc76yytlf2zd86ngdu60e705vq7wq940ncu6506s6n2,10,19639.64,3.53,1963.96,18032.37
pool1cjz6kg9a8ug9uk0nc59q60a67c2628ms58rd98gq587jwa2x5qt,1710,2209544.00,16.16,1292.13,593058.91
pool1ck8rqpxp7j8kyzutk856fnvgm8xsqmuh922wkeeg32ekjjrvtc0,29,2489290.51,4754.18,85837.60,574154.62
pool1cl3fhy6me0nf5jnxahk997r0529aumt967kw4yml5vraq94mdk4,6,35249.29,0.67,5874.88,33501.48
pool1cljrz5vyw7jp2mp23nt9ywn2wdg5ulamhalw6d3mng326laxs77,3,18.60,2.53,6.20,14.55
pool1clkt34hufs3k4gfnd2rl8gy9zlzzdgr9838y0k2hwfuhy0mh2t9,2,103.92,51.96,51.96,103.92
pool1cmaafeyy52ppz62jqmsm20c5p8nua7xx95lkkf96ktmqqj3w5td,1010,31175524.55,119.05,30866.86,11151086.43
pool1cmdq8atcy8x7lfhh09vdumveuh0ywsx0269ur774nvzkyhma37d,189,33722245.53,2463.03,178424.58,13286846.70
pool1cmqpzlsrrjup8zg6qaperz868u64dlt7uvvdszsr658mvzz9qq0,433,1426897.18,71.98,3295.37,444178.31
pool1cn0dqtplwf67fds40hgkf0u5rm4q4azev5qutmgkw5hdyvue2ue,1191,22096768.88,167.99,18553.12,4039276.97
pool1cn0ku4zvg266h3rznm7kzsytg3smeu9wma785g25yr89xdgw3kj,32,75627.83,444.43,2363.37,13981.53
pool1cp4q7w2jvlthul9mlskj6xutx9rdr7n4vruqqe09pfg5ywmzdzq,1,35650528.32,35650528.32,35650528.32,35650528.32
pool1cpqpw923842ple6gnkjl0k2z238uwm4s8xh53ryzxcavu89rp9p,25,577228.58,13.95,23089.14,341597.47
pool1cpqzd83axxlqxkeyuauwsmyqwud4jekjjvfmr0mp0mrrsnz3dng,1,0.00,0.00,0.00,0.00
pool1cpr59c88ps8499gtgegr3muhclr7dln35g9a3rqmv4dkxg9n3h8,228,1590372.77,102.53,6975.32,285125.99
pool1cpwymxe2fjr20u34f874e2q6za3razk0rttslrxqhc4tu3zxau8,4,45187372.57,1473.34,11296843.14,45184416.07
pool1cpzz6aqljgk97ks728xa76wqg96kj79ndc3gasx7kdnr74wrk70,2,729.28,364.64,364.64,720.58
pool1cq25dmlt5974x8tqg3e4dlzvrxefcce2atpnwlfp7ad5ugec9fp,123,15353981.35,132.95,124829.12,10098723.22
pool1crprz3rdcwvfxmc0s4gxquh3qeqmscww2qfvpl93q52yyn7agsc,52,1344564.43,87.01,25857.01,817259.32
pool1crts5gmqr34gsrn6wvrhfs9yqp0ynu8t2t4r350xp80s6pc56ue,786,11337602.51,28.76,14424.43,6780290.45
pool1cshuf0jy40a83glgwakert9czfnqrpyq6zwqly2705mrwkajuhu,2,6108.81,3054.41,3054.41,6096.74
pool1cspe7naf0mtntwyysqxk6czah3jlh6v4cja8pdfju932yxsehnm,508,6787102.27,49.72,13360.44,794534.57
pool1csrtagrya4hc5pectc20s8s7am3e6vpdjj6antqzvn2lgmm5afs,29,899427.42,299.97,31014.74,514596.44
pool1ct4ag0j73mxzy4325zwwxhgswemlgmepdnqxj6f7edz4zmlfeve,9,32916.91,102.45,3657.43,17800.40
pool1ct59zfxfvtv74k3mmukq5faq7kc48wuxrstyxtd02pxluwf6mkh,168,207918.49,9.21,1237.61,103003.33
pool1ctfxzwgqakxujmn95dfvprcm0h3dtzjh408apk0cewl0c4r6gg3,2,96.92,48.46,48.46,92.68
pool1ctzja2cdwyeqnvehmrlclc5wrn9w9acwklk3acn73jrx56d66vs,1132,36929366.20,136.74,32623.12,9747318.43
pool1cuccvs6vdlrxw67kwvzdx3gcl3ha0402mkhhseqmre7u7vdkwev,4,7564.82,1158.23,1891.20,5248.35
pool1cuhcw4dhj577rzz847q5swfvrnthj2vn62hry6ljzp6g6v3ag77,166,92026.91,40.33,554.38,42312.46
pool1cunvnkjkzh2lna593sjmkylcr3r5rmxdpr8r9u6pfuer72p24x4,8833,54603376.78,443.45,6181.75,2327298.15
pool1cuufgqx2wymaavuuuuewrcywksqql299ugjxcw5hf8gux3ed3lc,1,2.82,2.82,2.82,2.82
pool1cuzhrcpp676p4u9yk2vrtj7utmq2dy4ey56uw6znml2f5hrpgpw,4,6705.74,934.37,1676.43,4816.55
pool1cvekct2pwhypvwrfw5e936vkk2kqhwsjxzkpf63xsc87klnsxqv,10,7812.96,6.73,781.30,6977.22
pool1cvmk7ftz7v5u2pd944e0xvalgchtxgsnnhryzqmqfavgxwgxmcy,5,1392.21,19.88,278.44,1273.34
pool1cwc8jnc89xnd0qlyl4tp9gu2uf6jxhc2xay9xqdwt88s66a5yzx,8,297.09,0.00,37.14,287.83
pool1cx8njhvw34weqykla5fz38ngt3dr4d0ltv0srqjqa8ugzap937l,1,0.00,0.00,0.00,0.00
pool1cxduaaaqpk8g3xr5yksg8urfemexxyjf42evekrmmg9a2f7gmn7,2,517.70,258.85,258.85,359.48
pool1cxjqg6nn588ura2rx4uptwprgzw82j89j2gjguwhtun4ypw2sh4,1,74033611.75,74033611.75,74033611.75,74033611.75
pool1cy77h3wzf5z9ea0z66wr8luczcp2u4wchhkejkndjvyrvyvqauj,17,466.08,0.00,27.42,466.08
pool1cyha5jsy6g06w699tw4awy2jw7gxj0azm38yzetr7zls7rkl0t0,10,27419.52,808.17,2741.95,9251.05
pool1cyq3v3v43hu7spwlfxdm6vq9djpsjjueerhlu5qr2rvd57vqk84,907,28921046.25,16.69,31886.49,17925917.15
pool1czlxfj2dyc2lt2gcrhhxyqhgzcpza845yjr6k262e2vqsysrylu,5,29.45,3.34,5.89,21.35
pool1d0329t36ac7udkqe9k5w4g4jpn8xrqfjh2u5jrrm4h4d50wkz2c,1,1686.69,1686.69,1686.69,1686.69
pool1d04sakv5um2c8yrp3lm9ncncupgl7f7zw0lz2yuz3jrzsxvf42n,35,15473.27,5.00,442.09,13152.45
pool1d0ld90s42dnypxxp08923d7pezh4xnzht2gfl5c6xm2pg6lyyyq,3,4767.92,2006.49,1589.31,2472.94
pool1d0vm9y545l3y2g9pamx45k4e498nllhd8wy4289vw8mt70am2r8,67,178193.79,244.88,2659.61,42915.06
pool1d0ze7l6t8gjng564zsfyd7uw7snenpsjh9dacawdpr9g27djq8f,57,48894.03,10.00,857.79,36292.07
pool1d25d0c06al8geglarw7yd4nqh65nws82d7v04yrv2eec7rwcjlk,1,515.62,515.62,515.62,515.62
pool1d2cl6yayuxp0wv0v7dtvu0s52vglg0x4z2lz27d6x4ewj72nk2a,40,13574.73,1.63,339.37,8639.29
pool1d3gckjrphwytzw2uavgkxskwe08msumzsfj4lxnpcnpks3zjml3,1364,26997280.71,69.88,19792.73,2802162.36
pool1d42r0zln3kvvc54w4945735gnrm635as8hj8zy38tjprw2l49rd,134,225190.12,45.43,1680.52,29279.95
pool1d4387s7mszjkeg5w0xppzxdtzsj7aahfqdgeef24emyh70mccmw,1,46096.65,46096.65,46096.65,46096.65
pool1d4tuk5ln88x5s9xcck4lfz8u4svdvxzsh2ue9rnmqrxm6a486uv,2,1.80,0.90,0.90,1.80
pool1d5lk27jlkaj6dx7ndexjzmdqtt5hnnpx5224awz83ye0v28ve42,4,3734.60,809.91,933.65,2113.54
pool1d5zrmzgskqzse485j7p5cly2290xyffr2tyq9d8ngkzyxjjxwtm,5,2132.84,2.94,426.57,1128.97
pool1d63tmq02tgtk7yd6g62p9h44w4xqdgz9y8jkmcrztfmmqga540m,10,89710.79,1147.39,8971.08,30060.35
pool1d66wvltjn768rm2ywdzpetzx034z7vanrlz8mrpn9us8zjcyjaf,3,11.35,0.00,3.78,11.35
pool1d70vllztcsgx3ku8h5vnukzz2a7lpzjxfjmuqqvxtj9kq27hygs,88,430364.36,21.21,4890.50,282603.01
pool1d76p7zfn2ydq577z4wsvmnl2lx4cxa3s5vplfuhvr8qfw8hd05j,203,3247609.05,64.08,15998.07,948499.74
pool1d85unpsumsxmq4kfvy0prju3n983vp3ajuavmt2r5tyzw2jtpcw,5,15138.49,1634.33,3027.70,9909.70
pool1d9g45764jtjzagrmy5ndtrx4pua7l9sr4nh08l3mqs43xe6wnh9,15,5775081.29,668.60,385005.42,5583642.07
pool1da9msyhpfmt58vrdkk7lpzgwldvc0t7q46kvpcyvvpff7347lsp,3,1770828.26,400.57,590276.09,1770417.87
pool1dadfsnjauzhgcvz5hkrulwevpe9mk2a9rsxt24pawcy7zndhll3,8,195.63,7.16,24.45,148.25
pool1dadzh387unlwu37ek693hy9a7w49r22mrmrl9y0fjfhhqe4qtpe,2,1216.34,608.17,608.17,708.72
pool1dcjycc5mvj9svh9ys482078mnqutu48k3zj7uqzswj7m54a7hzr,74,512842.49,19.51,6930.30,187798.63
pool1dde9jvej6nr4yqfnnlx5ydn036zv7yr098y4p2qs7cvn2l3kuj8,6,13547.85,1695.86,2257.97,7094.32
pool1ddg6t2h9kj6lqlec4ncjs945lzj43m3ggrgdhf5sgzhtygpkznz,4152,64122575.90,189.71,15443.78,3402219.49
pool1ddgcpgjcyawxw95se9x8qnc8gxgwjr4fqrk4vk6v9x47s0ggpjp,601,5075223.75,18.70,8444.63,3065918.30
pool1ddghnthymd3duklvx5pfunymqg29xe4vlmy89u2efyjdktn33kz,32,222617.85,44.67,6956.81,87617.72
pool1ddheaqwfuxwqe89lyd9wla222uhzvp8zstmvc30mrzy4zc5yevs,16,524819.31,404.21,32801.21,237167.21
pool1ddskftmsscw92d7vnj89pldwx5feegkgcmamgt5t0e4lkd7mdp8,13,2671.11,1.12,205.47,2262.65
pool1ddywudgudfaphp8txj9qf7alj3uk6wzyd22u7cd2myhyv3lyxxx,15,1243018.69,536.81,82867.91,610155.44
pool1devkrwcez409eqm07mr224qqm4a5t3efx3x7u046kct7yk4fxa9,5,7259.99,176.96,1452.00,5007.09
pool1df9rj4n0t3zlpak7xnh4ue6t3yh9zlw7a02w4l8askp77up25rt,1034,3206929.23,13.62,3101.48,444935.23
pool1dg80xj5qfgu2caursxwk67cm34esh03kzmu63qu89vdv2vk3x4u,5,964.60,199.94,192.92,526.62
pool1dghwejqptsjtf9k8paspg9rhl8humxx0nh7sk37j0ada2dr9mqh,370,10777577.93,456.50,29128.59,2315734.27
pool1dgmuwu0txducah4pes4e2avlcv98wedml33kdz7ujtrrxk8xv9y,20,429042.75,336.12,21452.14,146005.80
pool1dhf4dt395f0c0ujnscazvzvw73ynzgwvtf5k4y9c907hwjdyaq4,208,7332738.48,570.37,35253.55,1415983.78
pool1dhfz7yak8wqmpvm5luf8ey44aewa9hcrldz0ea3rhh97jmrru5j,6,3486.17,492.91,581.03,1333.11
pool1dhugawja82wkmrq0lhd24uyrhm02v7grdhnren9r2qgujsh5kml,1,10013.79,10013.79,10013.79,10013.79
pool1dhzv896pw40c4tw23w4h2ux5yzm47r59h8qaqhu89shwkugqygj,10,1001.06,55.72,100.11,505.84
pool1dj4l8qma9zzqqzhsawdkvxrs7qyqyv70kn56ywdqqazscvcqvva,70,455868.91,219.87,6512.41,92062.78
pool1djg8jsygtculv3q2qdrxtnpxfq003pdxcvlw2pvfupq7jm5xpgp,133,6348587.05,394.84,47733.74,1567527.47
pool1dkt4rqtjs6j6d8snna60s2g002ddcj5h62nee59mvsznk20q300,62,401435.83,21.25,6474.77,331837.04
pool1dkww2vlysa8lsnuf5rca979zdsyr3zvt59hu7e420yxfunkka2z,135,2207766.16,28.67,16353.82,1022290.85
pool1dl4695wfl79k7gtzt87gsf8gsqeq97yzuvaq0d4zxhz6c0nlf4g,45,58914111.00,271.12,1309202.47,31515878.77
pool1dlzpcfmnn727lfsav0x8jmdwjz70sy429xfxjwnzk7r9wm6stws,6,7212.60,60.40,1202.10,4466.74
pool1dmnyhw9uthknzcq4q6pwdc4vtfxz5zzrvd9eg432u60lzl959tw,208,6300740.11,25.93,30292.02,3484289.71
pool1dmqzwuql5mylffvn7ln3pr9j7kh4gdsssrmma5wgx56f6rtyf42,496,7386936.09,56.08,14893.02,1233495.67
pool1dmuaa0wmqrwwx467p48fu83y5w7wdkxf8xlgymmfc73kjy3vxg7,3,2.49,1.06,0.83,1.43
pool1dmugaarr3nq0679fa02kqunlfmcyxdxfy3quc9x9s69zquty478,7,3147.38,68.64,449.63,1899.02
pool1dpu6kslgxlg3ccrwxldl8e6r7ylnq0yalafmucp0yc7k6qegtt0,416,8486792.68,12.28,20400.94,7030873.28
pool1dqhaw0h2f4ehpdhh57quszcj22qhkglhg6yvaf39w3clxdl2kpy,544,1349103.87,31.51,2479.97,469049.90
pool1dqlgn7smehsnj5ztz8almy2036lfhrdjv79nmg9tmje0zzt620h,396,1926898.14,33.49,4865.90,724740.60
pool1dqq4ugkrkpwhray2z8jvk8nvnpnq3gm3g2stz4wmusap6tkuclw,2,0.00,0.00,0.00,0.00
pool1dqzprrl8305mlysnh85znqpe22lg0q2d9zest7jjhugajuf46kv,73,223967.15,82.76,3068.04,62651.80
pool1druxd2syfrvqvepxh60fz0qhralcesruphh5atujuh0jktjy0ma,1054,3295258.61,12.16,3126.43,614130.89
pool1drv9qkh2tgqqucc0jp8cwswpmmkfzdd898ja7ac0uwm9j5d44tq,117,4127091.85,820.77,35274.29,1281162.01
pool1ds25hy480zcnzjwzr4eef28j85lvpm4mq9qm55vr4mqr5h3l68y,2,13806659.39,6903329.70,6903329.70,13806614.66
pool1dsqxx4ehzudlaygj5p75eptkdz3kzwcck9qrft4aq02a5vf8agf,2,115591.78,57795.89,57795.89,115590.78
pool1dsvkdd2t3wnn3mrm27q0572zl2z36lkw3cl2cf4z0c24vad28v2,3,450.68,49.85,150.23,373.76
pool1dswpls43u0s6cpt0dh2d6npm0rnxh5qcjm9xax9y6fp3uq880xm,275,2618018.28,1237.44,9520.07,282460.72
pool1dts0h87pntgmsffp6mjtnahfht2dz5zjjeeujhzmtn6wgctcuzd,30,406798.15,59.96,13559.94,290603.37
pool1du3r4a7xq60hg2x0wcz7lw5ya3qs74rk258c8kanp93rsqdqu45,3121,42850471.62,54.19,13729.72,20362810.34
pool1dv4yvcrl2kefasd4qxf8pzu695npqqfdzvlyauh2xqfhgf6ng8d,3,16.61,0.00,5.54,16.61
pool1dv7s5fn4m9dee8ncvx5hktfmsnx6agydhn798rfdqjazuwr84gc,127,756055.62,28.38,5953.19,566452.98
pool1dvp46zdtmzwkt6x74g6dzq7cyygp5armhrzh2t5hm8scwtxvsnt,3,197.30,0.00,65.77,197.30
pool1dwlkpwakps05gelgwdml2d44al2xfsv8k9jgrkwsevlxxpcelqa,5,37124.56,2821.27,7424.91,26781.39
pool1dwthjmzrkm5q42yqa3x50jaye6pg57n7t569c44an6hzsg8qake,220,50588.68,3.11,229.95,12456.82
pool1dwvtdk76v5vg99d8h2a28h5f94hy2zwcxnj576g6w90ezapqjyn,5,15212.66,157.62,3042.53,9313.88
pool1dww6s8stvm7dl2n8740s3v5rnxmsuqcl8jcnu64g7cds5w29pft,96,2009063.13,58.37,20927.74,1316788.87
pool1dx5t3yqhzh3v5ch7add7836tg0ey255tjz87spjvws4j2gjp9yg,9,59.46,0.01,6.61,55.89
pool1dxkf7k3qwnpgpxqfye8y9jvk7lver3fk8dq7c4dpzezyyx8cf5c,293,3392820.62,18.41,11579.59,1012802.00
pool1dxwgzj66pual956mnv9delkelg873yvgr2dd8s279m0hxqvr475,3191,49749570.84,91.01,15590.59,2948713.80
pool1dxyj26fptj4muj6r2xp8h6lsp3s9ycgup6ssc0e62arxw6gc2xz,94,2409.87,3.46,25.64,999.35
pool1dy7tz7eyf2qal2jcns4qwm4xqn34gc4rj9dz34kfs6zuju477k7,243,1638619.58,51.29,6743.29,211388.90
pool1dye0sw6hv4jee7wemgc6dnxhaquuz7sxkktz2tpm2ekcsqyyj9l,18,9642.33,7.83,535.69,5782.71
pool1dzdglfergm9km74055n6c9xsp8n78ec8ztsklgxg5c5gyrfz9zc,3,12243400.23,1250.66,4081133.41,12242139.75
pool1dzdxps32uqhva9q9urx4lm7m0nhlczjjccwy9kv4t2d3krsn4m7,5,50000194.06,7.00,10000038.81,49999965.61
pool1dzk2hrh2vtfcc6wk5n69ml6a08jc8d8s3lpg7jsaydcdwrerlq2,1,1000.82,1000.82,1000.82,1000.82
pool1dzkrcxlqgamf3dwgyh89nrx2xkwm7cfju9mp54eyqwulku73jxs,9,4521.99,2.85,502.44,2392.50
pool1dzq7728vsl8alh46l7vdz7wa5pxt2kx58glwnteymaz7c6jmv4t,2,607.72,303.86,303.86,597.70
pool1e0jyj79d3ady680wajgcd4vgndqjdlf65777pz5939ehseqaem3,4,63907.38,5.56,15976.85,63896.25
pool1e0shheqzrlrkzfhz9shnw562tg6ma3qqyytupk2edua56a9r2yd,4,0.00,0.00,0.00,0.00
pool1e2a7hrepdkn0anf65djlmz8jpycujcg4nmfzs8w2ftvcvlnrw0g,9,372674.27,818.69,41408.25,340124.94
pool1e2tl2w0x4puw0f7c04mznq4qz6kxjkwhvuvusgf2fgu7q4d6ghv,86,1039333.84,394.29,12085.28,164201.67
pool1e3y7u0rtq2zskc7ansvtrd4p3vtv9hglyztzcvsvlk22w9t40v0,36,73978.05,30.53,2054.95,31352.01
pool1e4tjrl3ve7dcqwa70pexds6f8llk0txx09gm3r4m472ej4p6473,271,2393053.48,22.95,8830.46,654297.06
pool1e556526sqwugxwnmeumt9lhj5jukklg8vv3ynk75xt9vs7adr5y,328,3621252.85,33.57,11040.41,538149.73
pool1e59h5m5vyggszyafel7zvcnsayt2de7wyxyezlrsmm4a679q3zr,377,840081.25,46.35,2228.33,100069.04
pool1e5dxsm5ckaq0k9fg9hkclcrdj740757w4tqf9sk35wt22swypdu,1,0.00,0.00,0.00,0.00
pool1e5efe78z67djz6juekzw2hqpu3tn9eaqmekdnqn2am6j25kmrt8,1,3502.42,3502.42,3502.42,3502.42
pool1e603j2p4q346w8knqt2a8c96n8t9l5u4qdrv4kk50qvpgvh8hax,7,3140.66,5.80,448.67,3083.42
pool1e68hwymvfqxss0v29tgu95j0q8rv79z76l54wm4s0625klfq6y6,2,0.00,0.00,0.00,0.00
pool1e6rjpsl42hsc52zc9s2awhv2df50yzw43xtc7d0vranpc9ej8uj,30,81261.53,46.10,2708.72,25422.81
pool1e6z3jnnvu9zqxlk60hkfjym2vj3mvgysy6h8l2xxyj5j220vlsd,2,1321.05,660.53,660.53,1311.80
pool1e7mwu80pmsjqdf8lu7rsfdj5sldashslll0hpj7rhx3w6xpwkq7,10,1246336.25,559.42,124633.63,1206320.95
pool1e827fy8efd7n9zacdknhtr2n5rqmry5up05mqgqsjkmmzjmzrf3,1,0.00,0.00,0.00,0.00
pool1e8vr85ank99g6fx2r7tjel2mh2jyfppnqy6nmp8vr0arys65n05,159,382355.86,13.09,2404.75,124392.41
pool1e96dkrs5msjuycwz4mf0kq6fytlz0x48mnrur5ggufqkzs2a4kp,8,108988.05,340.63,13623.51,102025.07
pool1e98xlcgj80c3rdmm27v5hnvrdtut52e65uk0ema7ctfag596vr2,157,13803359.71,189.76,87919.49,6294201.97
pool1e9tp0emvvg9sc4ds9h4nhwk8qpn6869qwnas2qywu9ep2reaaxe,59,101430.23,51.00,1719.16,37261.24
pool1e9wmzv9r2pkvhwddc3ay42axm9aggheae6u4e52tgx6326krg03,6,6383460.05,2601.87,1063910.01,6367759.80
pool1ea34czsr90yc63fmv4gj4tetp7ds7c4jhpj6vqg4yw40wvygdl3,348,5918880.67,16.79,17008.28,4545188.84
pool1ea568m9q882n0tx5d4vxff2dmz2n7rq5h62hx5ystq625m4tcfu,2710,12293352.24,41.16,4536.29,1349735.38
pool1eaeynp2hs06v4x8q65jfm2xqcd3dc80rv220gmxvwg8m5sd6e7a,417,20393610.98,1556.14,48905.54,7415147.12
pool1eal2z34ugj8a0ckykd6xx45dz6jwdgz4cuvutk320cp4w8t2sm4,1,1732.95,1732.95,1732.95,1732.95
pool1ec5lvdyd9dghpezzeqfzn48yvw34ff6u6m9tlh08kjjaxx4nxmk,4,36374.76,1317.98,9093.69,33738.80
pool1ecqt8vmkmu2mteqlkcxl4v6hp0ngzmgpx6k6wp2hp8tguq88u4l,1,0.00,0.00,0.00,0.00
pool1ecvcst7k9eul4ggnljh0jw2s5nc2tyfmyzsx3xg3kmmz6ptgfwj,2717,12932076.44,57.41,4759.69,2407951.91
pool1ed2usjswfh2hfyvatwuwl959y5g4fkf63uxtadcuez0l2rjn747,1,1112.62,1112.62,1112.62,1112.62
pool1edm3pa2da0dz2sq9mgfqgf8nr2tjtnplhnvkdwuwd6j0ylmfxpp,1,0.00,0.00,0.00,0.00
pool1edqwpnln3zr9gj9sfsmyl72pen6hdwev07xgqj7uz5mkjrgfj6h,8,70198667.28,4967.50,8774833.41,35010112.97
pool1ee3fptp2m7z8a32yeg9cwq4kvehh5xeyv2547u2rqz85qqxaxnc,6,196488.53,32190.15,32748.09,72614.83
pool1eeflu4eaztffgd33enpsfh4nkta6t5qk662nddqqhjyrgdgmkc5,4,218.78,35.95,54.70,127.62
pool1eesa3kdfavq33kd3f3ajwh4mg9sal76fp348en5u37435g4h4ca,1,0.00,0.00,0.00,0.00
pool1efacpnedlfrhe9sa6s4jzq839s5q4qdrl70em0za57xg6t38d3s,100,6567087.85,516.13,65670.88,4207149.05
pool1efj8td645z33mr8h0ww5y5s0lz6jwj7e54cj4mv44s2269r7d4f,8,32.64,0.00,4.08,24.66
pool1efxh54fk0dj5uu2e4eu08klxl5ys3saphv3kec33kw3xv8738sc,436,2351481.38,43.94,5393.31,716088.17
pool1efzvmtxl4n9z8ylegk9jhctclu44z7k0qg82mp2kp2ytqa9xgf0,6,535.46,0.00,89.24,526.28
pool1eg6k5zz4ndk6a3sa3z7ug97y84ghj0zljs26zkhthzzkw3p82ew,6,70691.99,39.38,11782.00,69504.28
pool1eggah53ghqwlsm2u4upwnm3s9et8m5yd4p56shaqtm7vql6zm4h,4,69.72,3.56,17.43,62.60
pool1egunxfppwtglyu3t864uq76y0zu05s7pjda3e9g95nwlwc5ye2h,130,2459773.49,116.34,18921.33,850927.71
pool1eh6msmm3v7fs90lapzem3lkpl4sn2dgtz4hfvnfmqqtxya3k8yh,5,2742.23,110.05,548.45,1876.92
pool1ehfmxk64lnl90rmy66zt7nfjlsvzhqkxlzsml348z4ptss529mw,2,31236.94,15618.47,15618.47,30856.53
pool1ek2m5zuydqcgqv3s5mlh55tr8gp76yuxe4hj4s7xtxajyc94rx3,9,1.22,0.00,0.14,1.22
pool1ek4yc2mvmettdmkl7wjfpcjkp60xssq2urr9hc8ffx5ss73wdm0,3,1822.68,42.26,607.56,1745.42
pool1ek9pyk0xwjelrw7uqktvjwqj8wlcqqftjxqeq3t2vffw7qm8efs,1,35640763.69,35640763.69,35640763.69,35640763.69
pool1ekcsyzwexl7p2kwxxh34hy28l6772vrmff7jwmuxsa6u6fzty9z,5374,75239095.43,59.12,14000.58,2559164.15
pool1ekhy5xsgjaq38em75vevk8df0k0rljju77tljw288ys5kumqce5,1660,1930904.20,13.31,1163.20,125210.85
pool1ekyuhd48h9nnymqpx0c00taz6ygnsge4502r7e67clp7zy9cegv,52,33464.18,18.43,643.54,21211.12
pool1el6ze57482qzf830l6h2y9uj0l9fr5g7xzur89d4d806y896vgf,22,4998.70,0.19,227.21,4011.57
pool1el9z347208wda3t5cqz65dmwal7r0e0eeq7xfzl6whdwvy80twn,2,1006.28,503.14,503.14,1000.00
pool1ell3xjtspzzz4vtsatscan6rheltf7j3hh2s8qsam2h3jvcxzm9,686,44460605.44,116.85,64811.38,10063937.24
pool1elvz3kppg3peep0dcclju3gwf9m37vzyxetuf03we37sqlnsjxr,5,1036.68,25.41,207.34,653.71
pool1em9u4sf0lzkz4ammtcmakymunpf0l7445ayh3e7fpvryw640fc6,4,28734.63,1202.36,7183.66,26328.74
pool1en2f7un7v3rjyhqkeg87d27nvsk5arnnva5tzx38t0lpv7hercz,39,168773.37,102.51,4327.52,56413.13
pool1enc9l2nealzp9sr7n77032rc593879faj6hqeny6f6h052eaaxh,4,4731.38,185.36,1182.85,4360.66
pool1enul577he3e0s500lv8z98m6k936uecz2rpckxxmmk8c7k0n2rd,632,7310462.62,75.03,11567.19,1405599.36
pool1enve22w67h6nm4y80cl0svc4edlm26h7ce226u5xlxq7ucawt07,2,2.86,1.43,1.43,2.86
pool1epqdygzumryx7w9kk5l76gfjsvzuesmeh3u3tfjmmdsw65ja7k3,492,158817.92,20.08,322.80,55148.08
pool1eq96x3rdmq0dxdyx0wwwy064p2jzrlg6dp37r5uwhehnja29fxq,3,202.98,100.36,67.66,102.62
pool1eqa7kxx4xg35cu4rqj4exkvzhenscgh8wxez0gl7hsagygp79kr,7115,74059621.33,32.74,10408.94,21951279.76
pool1eqc4jwuez8yyerwlyjwenh99dlvmn6t6n3qjym70ulf5u8xr6lq,4,2267.54,174.29,566.89,1918.97
pool1eqj3dzpkcklc2r0v8pt8adrhrshq8m4zsev072ga7a52uj5wv5c,830,11805574.23,146.79,14223.58,1017614.35
pool1erd30yrzqx4nvevnqu3cxmgv5nh6reau5ycxdulde7vq68zcrlz,2,101.92,50.96,50.96,101.92
pool1es67mveksd22l9alfh5cht6w2krc7lcrq3zvxcpaj5hwxgmhg3m,34,1328551.93,715.66,39075.06,393927.36
pool1es7867e973f59y07uwn04sylwd7myrv49q76e3jqp4a5ktvzpeg,3,100.03,0.00,33.34,100.03
pool1esd3cqme3zzvvdnsx3p6ywudn6p86mqyz7fpvqpegxv2qzmtes0,40,326982.16,465.06,8174.55,118658.36
pool1esvefse6m77u5nwetxjz82rh77062htxmdcfa4h98cx65gjg8zg,1,0.00,0.00,0.00,0.00
pool1et8qw5ejgl5qqq8v4gdfset78gjcphh88cc2xajykggau8vps0j,125,40350.01,13.42,322.80,19807.72
pool1etfar35l4tf6vam3gvqf5dnaq7levz32vgw4p00jzk7q7twg2te,171,22741271.47,931.65,132989.89,5003198.00
pool1etfxpqw7456eh337p7x5jsvxxa67fsduvnmucevrqweckex3nhl,8,4347398.50,2600.16,543424.81,4295382.09
pool1etgtwnwu4lmtw0dwdtmjvp9fh7wx2fk4e6jt725ysp5f7sjd5vy,5,413438.82,0.00,82687.76,413438.82
pool1eu8knr403p82ythegskwmf8w6v8l2w858d8jz7qvvqzj7ryech4,5,6760.71,23.92,1352.14,5576.39
pool1eucxv3gn8lk93fpud5d5n5e87nr0j2udvnjnm99q8eqrucmj25d,3,294211.60,122513.62,98070.53,171596.08
pool1euzg0c7npjm9dld4f7n5kj7as6n5d8ts8q6qt4rer50p5p9nr6g,2,7.41,3.71,3.71,7.41
pool1ev8fwfccn8gr0zcz3uyps0t0mcrefc6s95wjc6aed3ngc86y5rk,469,6448942.81,491.96,13750.41,582749.09
pool1evg78egp8gfqae273kvmmdee2dnt6vty60dpwdespg4hujznh3a,788,13744963.31,129.30,17442.85,880209.19
pool1evun4ps8xa0dfpj2r0cw9p94t2pctcvusccsm458enajuw2mftw,4,16.52,0.00,4.13,16.52
pool1ew5543rzgp7vs5qvmc0c42zucz9v6d3vct2zsa74erjfjen2p2d,2,4.91,2.46,2.46,4.62
pool1ewgnsmk42ljf00wytawfcl3dcash9f852u5fr92e37wqxutyksl,12,32061638.91,170.38,2671803.24,32007067.82
pool1ewrm7y47s9hv6hxku9n5gfnsuspymp0qqpwgvgm9rvm37cek2h6,2940,34872285.58,130.72,11861.32,1426364.17
pool1eww2f6gu0g65v5l6xvqhuqq32qg3jeyadzz3jxlfn0e3739337k,1,103.07,103.07,103.07,103.07
pool1ey0gxeyesszrsshc6zjlzamr7z0f2d29e3ut0ppg4j4gxduyn5r,131,221668.40,7.38,1692.13,179580.00
pool1ey97shazvk483tzqsvda6hvh8z0kld4g5ssxanrgetddgcf2mns,3,3472.84,328.84,1157.61,3141.17
pool1eyccsl45l8f7sdplfs770460l2uqe9xfne4l64xvwewd22fcl9a,3,1169.05,306.76,389.68,862.29
pool1ezh8sewqgzy7267yvy0jssz8q7amce37x3dhmfl22j8lwz6wjrd,450,1379268.45,22.13,3065.04,185694.72
pool1ezs46e9nftk46w723zg4e66n2vaytms5slrmywvd7fx5y65zkru,64,0.00,0.00,0.00,0.00
pool1f297l6rl99h5v56x48j4pgza70ya3lm37yzu0njpcnsljqdd4dl,28,200563.12,53.86,7162.97,133726.83
pool1f2pqecfn9x8kzgjeecyjk7cnqj0nyu84uaj2ptr0xdjr5w9qepc,3,24.92,0.00,8.31,24.92
pool1f2uwt68neknpyk8pw2rh68gmpc6czndekl5ym22n5zf4vy8ecct,2,738.22,369.11,369.11,716.59
pool1f2wfjqkf2wx6jq93pdck6hgmy9zgw32lmvrq9zejl7scqxjqfze,10890,90751704.87,461.18,8333.49,12767720.54
pool1f3ptnevzpgwjx32az75u7nth59gkqxe5h5qld86a8vm0j5jrms3,16,2085.43,0.06,130.34,2063.69
pool1f3qeehc4htjqpwv248kf5lfaumd0e84jtze379ev3ywa2w69aam,313,112406.91,5.76,359.13,13249.45
pool1f4n4mdsv5ydxuc3y4tzgumqvfa8xxlyr8jl70qquama0ug2pmhf,15,33243791.00,109.53,2216252.73,33180454.30
pool1f4pxpxcee0mhwd2knwqkwquaj35enlstssc6crsmt2tvv0pwymt,1,147.62,147.62,147.62,147.62
pool1f5ml07llzd2ndk5mrdl0gvtkkaq72v2hxusla795ksnms4tae66,3,9.47,2.83,3.16,3.83
pool1f5s5lqe7e3x7wxscsawaj0ddjz42y4ckcfqcxrd3nxg7wwvsysn,2,5922.70,2961.35,2961.35,4322.08
pool1f5zye57nw6nsrczkkzkpd8avayar7j48zjw5pu2e5k38ssm2yhd,11,101352.87,43.42,9213.90,100254.31
pool1f6lnuxzw90mmd399nxqjvzyyxgmf4h3cp7j6pp5s7xmps86arct,183,1746534.98,1312.73,9543.91,108011.11
pool1f6ltd3rd3e69klr32r0xw7h59lc76lhc9l705d380lj76d926du,3,965847.28,4673.00,321949.09,959971.14
pool1f776th42gqa5ammpj738evvnlga5jk4ll0gr4uupkrqnqpjsfyt,2,12246627.14,6123313.57,6123313.57,12133818.91
pool1f89cpnym44rfv52jj88f3g20axraw4g9g7aglnqsgjl220lpdd8,9,32018557.14,325.09,3557617.46,32007647.61
pool1f8erepj5w5nth5xfxgxnwpz59jzywt6zdwfr50jzjwfwksmg9ek,12,36319380.31,272.23,3026615.03,36308153.36
pool1f9934hk9awd25mmxl0dd2haqvda9nlquwnh5pv64hs42znl07zj,9,59562584.36,2189.96,6618064.93,57255793.57
pool1fa0ydxjq23eq3nucw6ek46dj8p6vxq4t32ex822jhwhx5fyvzze,8,604.29,0.99,75.54,277.72
pool1fagx52jnyh3dz0d722c2fedjvstc3mmwt4a2mlkgvszvqgkvt2g,2,50862.14,25431.07,25431.07,50768.49
pool1fc3m8hdjj76n6llxextpc60tt63w5ygwgvf2ekzr3k222kxxdkg,1,5.00,5.00,5.00,5.00
pool1fcgm2ae0j3rmvghwa2064rfxcvugwa2qt89cc4jwtj0ecgh8na8,15,387669.22,9114.28,25844.61,244606.07
pool1fcp4d2pxh0e7q5ju63sjqcdpxpr3pvxg6ykl23t6c97d7dnvjvw,70,1259504.19,398.19,17992.92,633563.83
pool1fd0q9h8974y6psejmzczlywy8fgxxy07rn2ynrwu734aqwq540p,33,59994969.75,5.75,1818029.39,58589101.37
pool1fd6geyevpsg26s7q58fvuv2eh559n5p9vv3ctxjs74v6g7lkew4,1,1002.62,1002.62,1002.62,1002.62
pool1fd8qnudvhz2hanlccdsfrwdxmmwwfryalrmy6a6y62cgqfx3ujz,14,375299.02,411.54,26807.07,182816.56
pool1fdgzsd07tq6t7zd44na0a72kz6gpedp9avny02z7qsx9ywr3le7,1,283765.91,283765.91,283765.91,283765.91
pool1ferfwtmcjm9rxc00ugtdwrm9m042jf4xjvse6a8u5smxqt0pwnx,74,418850.78,31.62,5660.15,210532.17
pool1ff2hr0sukqqd75jr2rh3wrmnesxqgpq42dgd6rm3ungnqp904ue,39,108333731.07,665.55,2777787.98,57055688.96
pool1ff9rrcn2qdvv754al6d8qx8f3mecyeez3hp2nunm9uj2k7tj4pf,3,8.76,0.00,2.92,8.76
pool1ffhg5vdmjzv9pc2syjwxkrj85qg7xsnxsmmsrnag5r7wsggv4ac,6,1004.48,98.89,167.41,500.16
pool1ffrre548h22n68ln29xph3qezrag3z8ad0kg8yzu6epds3qr58k,118,520337.94,28.80,4409.64,142405.70
pool1fftlhn68f3lejs2u39pcd5q33zgwnlumrp20dr6cqqkxwyuft2r,23,16036.47,4.58,697.24,6395.54
pool1ffuv59d0rdp0jsgxa9x5r8pvmaexvuufeu43kpxl3u2qut3ljq4,4,905.63,0.01,226.41,905.61
pool1fg42yz0qpu5jd0gd3g5xty4mm6jdxkje8szag8h798nyyxw6zd3,154,18491187.06,8899.98,120072.64,2013122.37
pool1fgj2ua0rz4dkq0hmmkv7syuccda96slh40wex2w7vsnxujuvjtv,18,11417.47,24.22,634.30,7342.70
pool1fgp4f4afdrq26axqlnm80fz49hdkyq4am3ca3r33w0w8sw2x8ap,1,28633654.62,28633654.62,28633654.62,28633654.62
pool1fh4sh2telea0tfdy39h0drx6uq566yt9gf24edpz7335sclx39z,984,4031001.37,73.18,4096.55,950059.74
pool1fhrhklkcqy5mlygak5hszc3phplq7qq5a6wn30hjrv4e6ydrl9g,3,5373.30,287.81,1791.10,4997.13
pool1fjdsl4zajjt5rv8panvnp89g6pnvt2t3e6za8hcf8yw2zncnl07,2,51.34,25.67,25.67,51.34
pool1fjxud865hvsg3us4t5ndv6jhjcssj5rg2eq783664wpn720deqr,2,148.80,74.40,74.40,148.80
pool1fk7lk6x7j6jkxuvl0het8nmunra4g7370mw29f286dv9ylegutq,41,164844.86,52.20,4020.61,72250.61
pool1fkg3cr9en57ccsmnde20eevkaeu3elp0h4yyqk3udkkxzhl70ju,7,2331917.99,100.95,333131.14,2088748.35
pool1fl0gdfcmzg4jf3hw839epdteuazm23nff44vddap00r0sm5gvvk,26,154254.79,693.70,5932.88,44082.77
pool1fl20ddkpvnstlx63fal6e3ku46r76nk2s4mqtk5jnyxn2vt7hg6,10,70539491.12,3420.61,7053949.11,35011991.14
pool1flkcdxj7cq6sfgl4fujx50p20ylqgj02kgwvfj4g5w24s6th8vz,12,21887524.78,5805.37,1823960.40,5245741.51
pool1fm57fshvdlrgs5pnpk78tnxha0me28equyy96vj0xm85gy5chv0,2251,14159356.42,84.35,6290.25,1434821.38
pool1fmcv9p7vv754rwc0p6ud2mgm76vnn0gq0gngrk7rq400vsvhsvs,112,11561811.13,4505.39,103230.46,3357596.81
pool1fmf707pca09wmv6dc7ap4kxf0j648374ruu6ahazhpywcngt780,5,27.89,0.00,5.58,26.83
pool1fmgus36uc0jf0wlspfvzwfn04mz34kwrensmqgfzkv7t58dejw4,112,4026199.34,19.88,35948.21,1051830.36
pool1fmrd4ds793ja4c5muy7hwj6q7kssuhtx22em4udmvx6957z9m0u,6,4341.62,176.38,723.60,3511.84
pool1fn2e64q388nustgn7ca0tangxa29ta5z908cq2c5nztj6sntdsk,1,0.00,0.00,0.00,0.00
pool1fn5fq6r68hsxv5yqa2xjxmrchcwrmylmyluqvsmvfam5jr36nnx,1,0.00,0.00,0.00,0.00
pool1fn8mfqp4jt6097ygqrze5rjzg3y5s8fktxszqgs9mg22jvr42dx,132,137640.90,15.73,1042.73,54144.36
pool1fndvmevsjh5a0hkt5me9mrtlk4ugu4n8yns0dwk4jyhdqcq3ayy,1,0.00,0.00,0.00,0.00
pool1fnvj5za9k5ev88l8tw0nh3n4tn582gvf3d6vmuv7nh4ustqecn5,5,1803.75,102.01,360.75,1113.56
pool1fp9z85qx2k6jgnn4f4taxlgn0xw0w9k3t47q32t83ymexz5ymwd,4,1602.70,71.58,400.67,1459.54
pool1fpkjz7j77m5ukhjx5xvspfttrs0578kyxa9hgn0458hk55wp784,6,16048.30,856.97,2674.72,12597.83
pool1fpsp2ayycsvpj2k43jnctdp306murzt7nzrlg0fuyyr9y8vx3pp,4,744.80,128.02,186.20,488.76
pool1fpu5xurq3jx5rn626ejcx0dzzzk5lmtvdl2qkj9l4kw2sjp50dz,244,47847635.21,15.24,196096.87,44880132.86
pool1fpvs8h5q5kwpz4k2yd0vw90dgdxacr3ef508tzzewm0kysdt4eq,5,70000010.91,0.00,14000002.18,70000001.29
pool1fqas6yd8n3fdpz8e869qjvyensdmzletqjexcut8mxasu2sk72r,9,70050967.20,593.06,7783440.80,35011477.64
pool1fqnluegrkns2jj49vgvn8vvn5u8y4m2m3xptx4wngvf4cnwa2fk,1,0.00,0.00,0.00,0.00
pool1fqwnqk3phwa2s5thgym8dw34pv0z67m526uqprnjh93cvzxymef,4036,24944411.55,37.06,6180.48,4109896.43
pool1fr3ws5vwm7l5y2ywau2jrlaan0xmfqv68h5g3g3sum2ywthurt2,2,2972.64,1486.32,1486.32,2930.40
pool1fr8ug253hlv0pt4sxu3w20r03pnpkh2wpedegp55t8nsx28rkma,140,492197.45,35.11,3515.70,210941.20
pool1frxut5ury0r2clgpvr0dewlsvc233ft7g6v7vx8msepy5068evn,3,28883.05,13122.17,9627.68,15062.59
pool1frz0ds4nhg4t0e30jadc5kwx35kzj2vfp9eak9ehh2727m4dqnv,1228,1247314.49,2.84,1015.73,356685.68
pool1fs2m5rmlx66crcwwrrsf2pcxjhvk7kzdurcqusd3v5gm65cufnj,611,15647937.22,151.66,25610.37,2571202.60
pool1fsck5keruz5n4qyes46s9rvrnxcrn8hukemgxazzlxpp6g66fzh,7,144259.48,0.03,20608.50,144159.33
pool1fspfv7z8l8755une5vt8drk7aufenxlucnl0p09sy8vxjw5kz3y,5,1054.06,0.00,210.81,1054.06
pool1ft4xjlz9uw0r0ewcgtkgeakqrfc5azxmxwsm5pt94dv67mw4rgd,1500,56528493.40,109.87,37685.66,10906289.17
pool1ft4z335t0eclqwlxdktam5wphf47swfpzgxe4fslnjz5y70hq2p,5,12825.38,1432.60,2565.08,5286.52
pool1ft6jvmft8tg3lwzg6wfsprlex3ncuq5cnckwycavqk5q63jhrhv,90,854760.05,48.40,9497.33,547930.86
pool1ftfgs9lp0l4l07glvemrzu86pqvxrvzsn85lc3hathlq5ddsw49,6,125251.82,1232.49,20875.30,88650.48
pool1fts0a4clzu7wyhdqw48cpg2kwvstzeqddtwj34pxfw9jgvznu0q,3,4503.42,5.03,1501.14,4497.03
pool1fttmappcugymuqxvayq2uew72cd8qej2gc5c9ajexsckswj3qza,7,1025.84,26.48,146.55,506.26
pool1fu567g42mlv9f7enek7zeh94c0aht98w44du7s29t0elzd9yazz,81,648425.54,17.21,8005.25,256799.88
pool1fu69ry8k9qxfque9hng3lxcq7g30pykg38mtahah8x4mzpgls3k,276,375193.52,39.21,1359.40,33179.40
pool1fu6cvwqamrfxkzc0pjsmd7mqazfqh558sckequqj3ckvgyyg5ta,1,300.09,300.09,300.09,300.09
pool1fu6ppur5uumrpydpeswzrvfg4epr68xw39aar9rcu56tk5ukat3,42,8956.28,5.43,213.24,5672.92
pool1fuge4duc9hfgm9xvu33llsntmnfcumsyw2d0away49v8gmphfzs,3,72588005.66,2352.90,24196001.89,72585647.72
pool1futpazj04ukh0754m6wexrr9gdezmrl6e0pksyhpc9gjql44l0y,3,458.00,103.67,152.67,347.42
pool1fuu0vcmzc28lqm09m4j3llg64ghf9j36tcsp9vcy3kpnz9pg9hn,9,19198470.02,1038234.47,2133163.34,12240607.60
pool1fuzqy5r9x98826zv6wp40tr27uplemmstkd57cuw8jh5v5m90vn,567,5587264.79,62.36,9854.08,944735.84
pool1fv9f8phzn7hp623ypw6ctf73a98hd7nrh8wm7glpcuhf64856g2,146,1032174.54,26.83,7069.69,403007.44
pool1fvgmxt3688a5zl6amhvaqk9tmvk3lhxkgdsta6yj3czuy5hjwfy,1,50000075.64,50000075.64,50000075.64,50000075.64
pool1fvuy9r4ndp432yuh059q4fekh42t4d42qjhgz5qxlr8jctrp5l2,3,56.78,1.00,18.93,55.78
pool1fwg2x8pwwxverf0wqtk3pnqtywlah9em3ywyvhskafvm5z3e7kr,1,18.27,18.27,18.27,18.27
pool1fwh9zp2hw7ppkna86n7m7ycgz66dnkdhhyqqahhv362agxj2u7g,75,75165.07,16.87,1002.20,48192.94
pool1fwhu9w2z82n5r7hdeu8ayl9tywraursthd78mxxekr6zzdjgpkm,12,4714.25,43.48,392.85,3328.15
pool1fxlf6mqxeuptm7ztwdpp2zdwm7tsfcy3fweu7euyf6aduuh6u42,23,50333.09,245.95,2188.40,29553.28
pool1fxmancs3dmc9l0s7u7zrj8334m9nvzam5t5hnuuf4c7cjr6867m,1218,5534193.95,37.45,4543.67,1128763.49
pool1fxra32qureulvqrhrdpnrl5yechhqreg2khrghv3tkl4z66t0rm,5,35015382.22,187.42,7003076.44,35009826.39
pool1fy57yj7fq4n640h0r7yzchgytvx747nl85lkct7pc8faywwsyy2,3,1068.09,384.83,356.03,681.55
pool1fy5aaf5gz2646dghhm8u899mj6hyznn428sqhdx3tmqmsdy6rcz,39,28066.82,97.71,719.66,10401.90
pool1fyp482ntshhm9zfz4nv7pmsaeakscf5mnuzcxuvtqf6t56fc7l0,1881,4166950.77,15.69,2215.28,412986.87
pool1fza7ms33y7mnq63etrgz0caqhaw2tsxme0gp52ltv9wwgwurged,3,38263318.60,7.82,12754439.53,38263310.78
pool1g04psph8yjpqrgvtltqxrgh6vtl3uklvl46ng6ttrdhwjuvelna,1,92.63,92.63,92.63,92.63
pool1g0fvxf4ewt0j3hplp09dv4ak2uv5ay3ftw8upk80d8kx2ca5syn,2,148.09,74.05,74.05,148.09
pool1g0hsnjnt0du3kp33gjua3npncngr3yg4ak2zfdhd4zvmy6r8hyd,133,772121.41,167.91,5805.42,252199.57
pool1g0nq3m3fnvd245k4favcvutn09vce0yshg535f68d2xa54vy0cc,319,10576063.14,55.41,33153.80,7259305.55
pool1g0t2a93g5e2j7wj0clmk73fhd8cjcj4xn383yt7xvdyhq37m0kk,1,107.85,107.85,107.85,107.85
pool1g2htk67ngtrw5mz6npgu3tugmcuqfgu0lxm8m26d7x79w75xupn,10,347.22,16.05,34.72,188.03
pool1g2y0j7rsv7dpu8p6jt2dva3rxfqjl2zu0ag9dd0cfm8guzg0lh0,22,6585960.57,10674.58,299361.84,3809310.82
pool1g2zsavkscwrzz0tqqwwykkyganyedlzgqc63fneq6nvzc7rwdzp,4,136.61,13.95,34.15,106.63
pool1g3ssnndd8e7lcmstkjl9ane9mup0eshv3aklg63u5tznwl4ch87,22885,40462197.86,14.82,1768.07,4346359.85
pool1g43yqk4yuflm07faedr9qsgwdvjuw4welxae2vcv7ymyj27q8mg,1,92.09,92.09,92.09,92.09
pool1g4th3pqfzh4zajzrhlh8y6wpuztrkzxwt5wd7q578894j06gwfc,274,3437867.70,122.81,12546.96,983372.12
pool1g50v6e6e0dpmt35lllufjnpqmdklsm3nrshzw4z4advqqjxfcpx,52,24575.95,1.42,472.61,6079.24
pool1g59d82m8c84f2ds6l50mng863h9cxfm88khxyhna2l9rzgv6030,3,21.87,5.05,7.29,16.82
pool1g5gcxs48ur9y6kvycy44e9n8wn254fltvjklcf29jxfp23x2wjx,4,701.41,1.79,175.35,697.83
pool1g5gmej3cj67td4pmvmacnls8nuq0gjld2pwfeg3jwpxujdx6lmu,1683,11040763.80,22.75,6560.17,1079974.91
pool1g5k0fks847av9zdayg05htnj8wx0ah7jmnwwqlt63rjdzyjr93n,8,12451.00,127.99,1556.37,9630.54
pool1g637quu9s4v8e30s8y2jg8zfejsne9s8mg985q62y8jfu4khtqg,2,220.85,110.42,110.42,220.83
pool1g6czdusgxwskqy8evsnxvqkg2a70rpjtv0maauldl5uusmhm94a,1,146.14,146.14,146.14,146.14
pool1g6g2d09le8hd6nv9jhyavewdnw8tu0ndst4lqysd00ru24cav0a,374,4010151.32,39.34,10722.33,1444023.04
pool1g6rm3p7695z7xfhp629hcsj09njun2fnsz03pjrshw8rgs7pluc,16,28437.53,485.20,1777.35,10276.94
pool1g6rugsgxrl7ylqnuw2qvma0kuk63wc4yv43a4tmw3qaawgu87c0,5,11913.13,5.66,2382.63,11860.85
pool1g7757qwvwzpqn35xfxqmhmw3nz8xe8rcptuqqwkv3cfzk38gedd,5,13839.47,7.56,2767.89,12069.11
pool1g79uyzvt9mm3z7jdcxnp36n4egm4z6l8c6n9l2mk8ae2yf5zman,425,66045.58,1.93,155.40,13506.47
pool1g7axcymry0dz86usn9np76gm2tankhh478k2x3uc7v0pugcv2xp,4,24925.12,959.52,6231.28,22994.54
pool1g8w64u3sx9mrvhwrdfvysw4g4wnffkjfp5zds3ur6svwzdhwhx9,41,950681.14,128.88,23187.34,632599.58
pool1g8y2gz4sk7xhyaj469jlj3njyu5dlvqa7t7v9c2gk0yc69879z8,514,7789553.01,76.05,15154.77,2424748.19
pool1g90xrq0qrgn7z9xdfpx6xlgxwedf7unrcmh2drj7j70hxr35jxk,1,0.00,0.00,0.00,0.00
pool1ga0h4pv0psju8z3j7l852elq92c7xshuspt27jklnx665r4l2q8,1,14.78,14.78,14.78,14.78
pool1ga8rg7snafqj5t24zf4xr8cz7tl576ett05qf93qhcamgmkqmj3,3,494.83,0.21,164.94,494.62
pool1gaq7x3ejv47cykw2wrcyt99f3gcy3ayyuxsf6gqvd8j2jf90w4h,2,2.65,1.32,1.32,2.65
pool1gas95lqlch5pj5e4lwg78gxlq7km9xfurfd557x4tgwk5kktd04,628,10433135.26,43.13,16613.27,4314584.31
pool1gavc60d7mz7vvhsh7grcrc8pmcy0zugrnxh3dklwx0sjsdva6sj,2,107.83,53.91,53.91,97.83
pool1gaztx97t53k47fr7282d70tje8323vvzx8pshgts30t9krw62tm,35050,113898908.33,27.77,3249.61,47144496.50
pool1gclysx2h7fndj0jdajlmwvqr8q9tzu3rurjknacu0ff954fsg9a,1970,75078491.40,59.67,38110.91,5626872.97
pool1gcqq0gt4hmgvq942x0s57lf3f4mhtexuuzgjrsmtj0kmsmqz32z,2,11.00,5.50,5.50,11.00
pool1gctelcfktanxhqfjw88vjp9v0ayumd6lr3re38pjw3kvvc8tanq,1,0.00,0.00,0.00,0.00
pool1gd3nuzly536f20e4kpm4ctkgv0ywes37qms6g7cy2f0xxf56nh7,1,111.63,111.63,111.63,111.63
pool1gdgjzmp96kk0d0sj482655wqlq8jtc4t9xw8xzfwfx4tjyq73hw,29,3408423.05,8019.78,117531.83,809089.62
pool1gduk8s5stt3uej5nl9vs7marx8jjyeadwz3505gzvuqey2lch35,5,2514.02,31.73,502.80,1961.81
pool1gdyn4dggh5c9yn5cjve3dlljjkpwzdt2g4au8aszgwd6y97wde8,9,38678.60,446.18,4297.62,20852.39
pool1ge06eu8lvdj6jakxw8zuwj3yxtpmeek8j8rgwqfshj7vg390fj0,1,0.00,0.00,0.00,0.00
pool1ge9c0gw40pzkcuj0xx6kevxz0hvwce7ac207lw2dtd58y957f74,3,1336.64,105.28,445.55,1231.36
pool1gecx8vya3f8lyre2gn9w53547p0rhkmq0x78zrw956lkcvn8uyp,4,14717235.09,7838.53,3679308.77,14701555.73
pool1gf8a46j6hvhad8e48hez4084x34snpua8k7t3kzy9w42q6w60z8,111,729392.97,298.15,6571.11,172714.79
pool1gglca5t7h2tky6jrhp08sxsf3mecvh0xk6sc4v3mcpfzc8jwu2w,5,4.66,0.00,0.93,4.66
pool1gha260s6hx855p49fc735w78p0kcp4hyxl8glymp5k5muk9jkgm,315,782292.98,8.60,2483.47,230802.80
pool1ghfmak7eu4t6f7ep8jkspt586l828z54xnxfw732yxlngtny0uh,11,116891.02,3781.82,10626.46,56174.80
pool1ghsq6nqsdmxxep9jrfml0j6jk935uhq7d9l5a0ltllev7nk2fa0,10,1162.11,5.50,116.21,515.46
pool1gjmerqh4wxl553enqeqgc6m3r3gt6yspdg29jy6nuypa6k2tpdt,26,2534.40,0.52,97.48,2407.72
pool1gk20vlqg7qq868avysckjcjtwyphtjurfwlgra45670ny6r4fww,11,35252789.99,53.12,3204799.09,35008036.21
pool1gl90juvqt674dhvr06f6vtth8uarhglx3q6cj3y3q0vdsy5ujsc,1,0.00,0.00,0.00,0.00
pool1glll6eskvg5f4jcep5trqcgqa8zpekfv8d8a6jrprvcwum6u5jn,7,118601.41,1299.31,16943.06,101693.44
pool1gm4mcrf8mytfetsj6ykulrmv4j70y7fhceawgdg2h09t5rtt7cf,81,2115049.27,175.21,26111.72,1000030.62
pool1gmwp956mrfn5hcs7rp7nasa7xpwmx84kkkclyx48xwuh5dltmpj,8,3268.93,79.27,408.62,2199.65
pool1gn4vygcs9trs7pzzdcwv6djr69eq5ux8dmwy028zk5vhcpgn8ty,1,204.24,204.24,204.24,204.24
pool1gnnwyf9vwcgtm3us0w0duuy43r9k7yhnchvyx0xqv9766ysw2a9,23,5955401.26,16206.14,258930.49,1129218.55
pool1gntlh2yq89tpsd7kgaeuremj3s60rscqahyl52qzv0x87mt22rq,226,3108366.90,34.91,13753.84,1215057.88
pool1gpc08dtula7mpdzy3rnf9zfw8tp2n6c03ukj2kf5shqzca5ulw2,1,0.00,0.00,0.00,0.00
pool1gplusrfxc087ep94rata3m02qpyqa6a6g4wezxf4fwwnczzyg3l,12,19915.74,99.48,1659.65,16293.63
pool1gppqnqfguctp6gu0q8l5wjhye0ny28yzfx93hkr384cfsezru0f,1288,3025421.72,11.02,2348.93,365018.36
pool1gprrm7gehg9wlupqsvyf59l52q8wgr3y46p656r66t7zy7j2z66,2,17.43,8.71,8.71,10.69
pool1gpz25s2aasmqnh9tg8a2rxmyxuvmj5s779htxk295e9ajnzjflc,136,1753145.39,23.49,12890.77,1256385.17
pool1gpz97nhqges80ggnefeshg3n4grprrltdvzqr8sz5fvxg3lekqh,2,0.00,0.00,0.00,0.00
pool1gq07hfmull6etsr23l36cvwgfkym6jqn4q2dz5vz4y446yat70t,2,1941746.45,970873.23,970873.23,1941740.44
pool1gqf605yxhmyfasdjhf8yxcesztgzuek9gfuvy2dnyj5cyp8zga3,63,266409.40,39.15,4228.72,91378.59
pool1gqgyta9sku3crjzfl9kj7kxsgfkt98y98yeu09kx22zscrezuj7,2162,30707520.44,89.98,14203.29,2825630.24
pool1gqk5pzqmrc9c6030m5sj2s3560ymm5ymq3hqjmz6vfdmx4mw5gs,46,278280.27,10.53,6049.57,75802.95
pool1gqmjahruyhxvec59g9wh0z67aqxa2k3n4al4lyafv08xk90zl2z,1,1100.52,1100.52,1100.52,1100.52
pool1gqp9e65nqy0q08dvqst6mk9fyc96sdels5drncsdz5d82dpw5gg,3,107.26,0.01,35.75,107.26
pool1gqvrgg7zycvf65ydkjeph72t0yx0f5ykzd9f477zh4f3smwk997,495,3231297.43,29.26,6527.87,916023.26
pool1gr7jlqk9kmhwuztdwcwf6nyr2teeq9r8h4y62ev0xrrvyvwly64,885,1114410.86,0.43,1259.22,752439.65
pool1grgycym8cf0xmgjjr7gx7udmkpu93hqaygysy5myx6ghx8dvl5r,4217,14713353.12,24.24,3489.06,2356718.92
pool1grhujlggx90ln0jcnrey4adckysxdx6rqfmx9s6fnhtc2g0qym0,435,104120.51,3.66,239.36,17153.13
pool1grnz2afeg7st9480vlzqc25gavvs4n34ndtktne8pnp8yutsmfv,3,824.08,220.12,274.69,599.41
pool1grz62pdyyakffeymsjxpkz4x9382y3zhfa8zu28tk2fpqxm6p5l,971,412625.20,4.59,424.95,112968.95
pool1gseulah8qjuemuuh6wf2a2t2k2na7k8xrewdslcljprmcr2fqeq,2,10.28,5.14,5.14,7.65
pool1gsfu7c2ac6rh45dn836myms9flp99y0erppqez80nwehk9c70eu,1,500.65,500.65,500.65,500.65
pool1gslrt6mmljsqkzft6nd0q7w7g2fyhxpxx6sj4ff68x22kwx6unm,176,952609.19,295.30,5412.55,104597.22
pool1gsrcrjm6ctkquef6m8jsyvplv0j357hupn92uklqdcm7729ytv6,1490,511538.33,22.55,343.31,26502.81
pool1gtphgrdj8sluxm9e7ca2spcwcq2p0dxj9zf5v0yv3gsagzq704n,5720,55910968.56,20.39,9774.64,4038496.76
pool1gu33fszp9ek0w9fkdt2xpnp4vznvvv2vhktc0dypa8fr53lc9pc,177,1678362.89,25.45,9482.28,505281.66
pool1gu522f03e6azk25v5n6mur9zyl8ghe2ul8223zp3vfnp77fagfa,1,0.00,0.00,0.00,0.00
pool1guzmpktw0h98ezwgekzcvw2wgmf58a3egcjaecx2yv8esrtv8tw,1,0.00,0.00,0.00,0.00
pool1gvnkmpfu26vncrmhj6hr792kwu32hw553upadcphjwu4qewj7jz,10,998555.45,1658.88,99855.54,928790.32
pool1gvydgpt2nt6zchvt6fyc5h3w5g24nrrw54tskm0mkc6hqh4ye5n,1,496.83,496.83,496.83,496.83
pool1gw25vftc9nnqqgld043k2fsjsm76rkkcy2xjzqdm268cvlf698l,2,343.56,171.78,171.78,343.56
pool1gwljutrkqx7km7ec2e8u93y0tvd8w07mgz2aaeqj75h9q7tntmq,5,220.57,2.30,44.11,169.62
pool1gwnu7f7qgaruxph8gn3u28qphvquvnj63elyd3r0nndacj9g9pa,134,23574617.59,690.94,175929.98,2883512.28
pool1gwyuzpvu9vhe2ge4qmg2qca8y0pzmzmwpu872vwzwse6shlespw,1,0.00,0.00,0.00,0.00
pool1gx6eawfvnhckevmlzhfz9j3uzj92j2wgww0mdd2fu5d4zd4wvaa,172,932620.20,55.66,5422.21,553596.46
pool1gxvkc0576e75065p5k0csvwme9y2qrefd5ga66nx0z65xxjt8jk,336,1299441.40,294.27,3867.39,326293.94
pool1gyrvar6gwyad7u2rsryeg49dgqtsp99k4903knwj5eq9qmu5jlj,12,412624.98,33194.98,34385.41,100738.51
pool1gztqypddgmycs0fjat62k5f2kt4zjck4l4f2ffrsmagj2w8zkq3,7,1938633.31,121114.54,276947.62,845658.94
pool1h04mh7qugt09hp8mhjpvfl4t0rutmz703dd003e6qeny5jf9c57,16,1077120.41,4356.62,67320.03,219516.39
pool1h0524mtazrjnzqh5e4u060jsfk8lpsqqjfpa5gygjwuhqu34wvt,156,25606676.07,8289.91,164145.36,3995067.05
pool1h08araxldht60j00vp8lzllmwyevjwqd5zwyprc62536gk4s5ge,6,18.74,0.54,3.12,9.83
pool1h0jfkyfqt729vxhq8ndxffcqn2afjhzzlwqecrvsufgu5sag0sj,7,101531.19,108.72,14504.46,64523.31
pool1h0prd5vcdv6uk7hglztdcqfp5czjqxdydxkxkdhg8rrk22mr4ym,49,549162.42,780.25,11207.40,198681.07
pool1h26acqctjzuzk04uxc35mt5eavnlr5wyaqavmdqhd3s2zr8v7nm,5,1594.73,402.26,318.95,449.23
pool1h2q3cyle9yrjv4g6qvwqyrm5vk9qj38gtqndvavpqf6lkgpqvj3,2,659.28,329.64,329.64,476.65
pool1h2vtxz36m93e2dw9mn4luh64372t794qsjcpgt3fqpnycc8qh3z,19,445263.26,334.05,23434.91,186228.24
pool1h3aejp7fln74mwaraqjn65ve3j5zwqr7wk0pasct87wpkv0aspm,146,3687949.93,23.71,25259.93,1085677.91
pool1h40kkf28nr3amhs6nsmqn75aderg6cutmygr47czu2dw2dxzvgm,53,727984.32,7.83,13735.55,289939.93
pool1h40xjqda9wmw9cff5jss3ww9npujkhlvg6xjy9l5ujsu5rqlw28,49,166016.32,50.44,3388.09,92082.46
pool1h4g295xugk46jdyxv4m55y9rp9kln0k5hy8fyk2kaef5u3gmt8y,2,495.28,247.64,247.64,482.59
pool1h4gwh638485yd0xcw0pkrm935nvm4aecqsxjx2yzzz0u6dfj73q,69,2048250.49,84.62,29684.79,1102566.51
pool1h4n266z2xz0v754qf8uu09cda7q68gpymt5dlf4zxcvlg3hq3r7,1,25.10,25.10,25.10,25.10
pool1h5368szqrqvfy7txc5r2lyay0xx4fvp2w38mswplqknax8l9wl2,11,4846.00,23.63,440.55,3055.44
pool1h59405hmvnxz2kyjpll3f65lnqhm7we3u96cws9vzzxzzws9gjc,601,6535978.38,368.89,10875.17,2098025.47
pool1h5a30zxga37fphw3tjkp8anu3xm69a28kytceppz2prysfzfcjv,2,5.05,2.52,2.52,5.05
pool1h5jtxde8j86qrnqzj32ugn480u7gw5xw8wqy5d227rl3vfg58qz,94,420506.14,16.06,4473.47,153741.17
pool1h5kewwuh5jh6cuq52nwu5w7g8488qsp8ja7ahs8p2ln8ygde8xf,1,8247.43,8247.43,8247.43,8247.43
pool1h5spwddnynn6dt2z3qz9tvkju7sn6s8ptqetyfpltsppwalukyg,7,3056.71,357.83,436.67,1096.67
pool1h5tldkcwftpnnwj4ygtfd8ts6mxkcv0qyes9tum9hxx27zrjzpf,1,0.00,0.00,0.00,0.00
pool1h5uycju7n5puxn2ckfkpza550rf6jk4twr6ef0hsmxft78ajt6q,1,3.98,3.98,3.98,3.98
pool1h5xdez7j0ncewgxs4m8fykjt9jzuy86t8e0m7m7m2l79w4jzzk2,1,203.25,203.25,203.25,203.25
pool1h6l7mhtqqvkgq5hyvkrjrrwddulx7zc6mxlrsezsspymckuuext,12,9387.85,94.64,782.32,7958.43
pool1h6q8jj55dn6727yydlypu0rz4sflf2enxhs0thqydmddgu3shl5,594,4674482.51,63.41,7869.50,1033106.72
pool1h7eevnu53zdfujqfzldw4jgdjh475u0glvtruwrnmdmycn6jdzs,18,801644.21,16.53,44535.79,792933.70
pool1h7nugww5y2q74435nadg6gggsj20nj5v3dq0w2gjwp3qvrpvgzh,1,27.60,27.60,27.60,27.60
pool1h8625k6vszveym92qandxwjv3wmnekc548yzcepr5w88ys824pg,1,77.85,77.85,77.85,77.85
pool1h8fnr4vlfcv9l4jlv9epalghy3zgjpye4wv85c4rafpvvfztsk7,12,659729.92,763.21,54977.49,310436.92
pool1h92eaq3wksa7j3ecd8llyxva9kuyuz5ucm7a8hpwz8vhzj0wtsf,3,24784.45,0.00,8261.48,24784.45
pool1h9jr0f9evk3raxlljq6mt4gj7ej4v82afvnlc2wh28rwy2d8lsy,19,111191.48,8.24,5852.18,106399.67
pool1ha4z9zne9z7he43qf0tzv9pdq8cdj63xfrj8s246u89lkcwmq7w,111,177702.96,14.68,1600.93,30070.12
pool1ha70qvqwnmnwpa7e575y9tgyx47aw29rvkz73mnf42z5wet5dr3,1,1.48,1.48,1.48,1.48
pool1haus36sw7cwyg8jdeg882mentse5txac7fmeew8ketuwky6q602,26,317519.14,71.02,12212.27,310134.71
pool1hc8y5s28zah72qsnnky93zxqcqcrvav7hz2l3sdj5gk5znztcty,8,410338.59,1500.30,51292.32,154321.66
pool1hcg8sa642l0xeygkzvpgn3sfj5s2yeuzpws7a0gypyy7grrjcje,77,110580.79,10.88,1436.11,29141.04
pool1hd5r62ktu43k53tskpr8xja8pyt5k6vws2fxylqm7hp5ye954ea,2,126.00,63.00,63.00,119.03
pool1hdglvd3xn5m0glqx3l8cy73ajdlxzn7ztlvzwuythj95kwnmvwe,9,1214.22,0.00,134.91,998.00
pool1hdug72ukeepdxqxz0new8e3nhq5cykkn3prky9wgrz5tgyf4ty2,20,1567.64,6.68,78.38,686.72
pool1heks0vmxkfka2amg9c8yn8qdsxvgmzelfx6jhpfkj8ht5mn0r2m,521,9400086.86,57.34,18042.39,2819818.58
pool1helzgcd9sjm9xtyh9mw2wy06gekh6r52s6mx987q0p8lvklwura,933,1910664.16,7.92,2047.87,436841.64
pool1her5uyhxcxeyxws60jrft4kkczc2uxyz3z2sq24582z9kvwsng0,10,8443.86,0.00,844.39,8126.94
pool1hezakp5r240dy4fcsm7mfd3qqahcvyrhj8hl770yxmxxzdwvcre,11,3855470.06,1522.20,350497.28,1709632.73
pool1hfn7yuwfyhmmqe4qpaxfewuly7cnemc6kqkv5npytj9vcrskh6j,236,2477464.70,91.79,10497.73,1225243.64
pool1hfxjswx4wnpfmdad660hvzx4knjhf32uwgg6wgsnqp98x9zz927,1,0.00,0.00,0.00,0.00
pool1hfzfx33ffjcma9xautgrg4ka0u32s062mmu8gw6fmf2zxftmp66,47,74441.82,26.59,1583.87,41203.42
pool1hg8vu74hyaj5qm66ys83c0gmr44j66g2k8s9sns4htw27whsqwf,3,2065.54,451.48,688.51,1614.06
pool1hg9yyezrm6dslw9q767n5tlu0qk2ccvd4k9946vv7ymgvsvnttf,1,97.62,97.62,97.62,97.62
pool1hgksl8y3637f88zhet6g8j8seq2kzp6v2qt4ct2maxaxzt0pmmj,5,1099.62,4.90,219.92,563.44
pool1hhlzudyzp80xch7r0vamq58hpdnspagutvgqwptsmr0tk2425vf,4,572.92,37.65,143.23,497.62
pool1hht4pctn70tqdsd0zwuxv8d8cz6l5scjzaquty7vamyzy78eqvc,1155,17045796.16,35.48,14758.27,7301140.95
pool1hjjj584gq0ynqf06g036a4a0stpm90asrdfskpasqjxf5948ygv,261,3318006.88,39.09,12712.67,1070864.55
pool1hjlkmtquuanfvvumfwsu395gdrmt36kda0x6wwwpz4kqctg5lyy,2,59.74,29.87,29.87,57.55
pool1hjpax8lf2hmct63xxrspe9zzmmywcrzw89yg3nacu0axzy0latu,4,5444970.84,55428.38,1361242.71,5334113.87
pool1hjszxsd493fmr99g2d8evnqlrlurscu00n8jv9mz8qm42f7jvln,3,16188.25,2005.91,5396.08,14182.34
pool1hjz482dskv7vvc3wpmgwy2avx784c26xq8v5pc8dm0ne6shyfzr,1,1.01,1.01,1.01,1.01
pool1hkklrx9ac7w57d79mnv76rxlgq4acg5ecwhyep7k3zn0u5cz2k9,2534,20055549.00,109.30,7914.58,1641119.59
pool1hkpgddlnya3pgktj3sxdraa8x8400vhaphcudvym9ye22esak43,157,13164705.98,3094.44,83851.63,2717736.11
pool1hkr5zcthjvcn3ffncc4jqk5ctxxfrk37h7uddqnvxd4cu872nrt,20,6174865.59,150000.74,308743.28,1243549.87
pool1hkumvckq9l79akgge54ugnxa4n86s63j6jvhmvx5g7cgz7nc6cs,13,179195.68,14158.53,13784.28,20382.53
pool1hl9tn0qpujfss69h6jr3wepc0e7tuczchpfu7nu4ma006u5scfw,4,6707.64,1036.97,1676.91,4633.69
pool1hlu9mdmcf0m9mqkq7apxsyalhd2nr07rqyhh8mgra3wzkva2d3p,6,251810.67,6178.64,41968.45,215343.74
pool1hm55kzfkyll747qqwe5wnlqlu75kt9hm36nj0eruhez7wqyd58p,1,0.00,0.00,0.00,0.00
pool1hmgufw0zuwtf5h4nudugkvu9qgk8zefrz70tv4ng4vhq5frzeuf,1,0.00,0.00,0.00,0.00
pool1hmmt5a9vyjtkz0tk6ywyyuhumt57hts5m89m9avgyyupveaejfr,26,10905977.90,2090.29,419460.69,10545091.43
pool1hmtm4mukp5gs7fgrp0k997lveh4psq9qpeqa6ldugq9nsfcdxmp,26,1269780.03,11.27,48837.69,952319.42
pool1hn7hlwrschqykupwwrtdfkvt2u4uaxvsgxyh6z63703p2knj288,7,1938.86,2.76,276.98,1631.10
pool1hnaps49hfe3uljp4cleu4amhes6wvatufyvgt2tjdtj3xjrgknk,1,35059386.04,35059386.04,35059386.04,35059386.04
pool1hnmcevsa69k88nh4d6ud5qyykwmgzrg6crju79zsv2uu65mkgr8,3,900.84,299.78,300.28,498.80
pool1hnnfvsq3xlln6vz7d2xmk6kqekd5z4ctmfpdad8g8kr0yk8kdfd,498,5225075.24,77.94,10492.12,1003702.78
pool1hnp560z9e5acwux8tjguxq36j9r255zuf02u7z2d46dvcf5zhns,1546,71129744.40,1286.18,46008.89,6087414.73
pool1hntu7agmt8u5j9c20ejen7dvq0jfkvkpnul3mrdd8tppqvwfvt2,3090,30647244.18,36.91,9918.20,1721042.63
pool1hnukelq3ap6pj3wnetj448efj4nalngy756jln9zd2mjsp73etg,2,25648385.67,12824192.84,12824192.84,25648340.95
pool1hqlvn3qndgkne52uhe5347nlysmmec73ys9vduk96rs4jzjjyxm,5,29.96,5.63,5.99,12.26
pool1hqwxta8p0j8ffkyle5mf6yg80tucqzh8q9mszws60xe5ja06nwa,115,3742909.63,27.58,32547.04,1669320.57
pool1hr4t5a052rh773vml9pra5planumw2tjn9cg6nsrzq64jdz907s,8,88849.24,54.62,11106.15,67055.99
pool1hsq2jrulgj97tna2femdhsfn2wurkkwt8uk9uvs42h9zs0a783p,109,23828879.71,2125.21,218613.58,5686471.95
pool1ht35ft8az9k9u7gnc2yut7usj96he5mqngthunyf2kmnsl2kmed,12,707468.18,15012.97,58955.68,435381.77
pool1hut596zjmx2eunuwt8vjnh953ezgtvc3cwv3nat8cepsc2jeaxe,5,55.46,0.00,11.09,37.12
pool1huxl069mddvz0n95zg95u6gyx7ycvy0f0z0rh8md9w6kyvur9h6,1,197.62,197.62,197.62,197.62
pool1huyzkfxwnttj7r4530hv7gc5v6mzk75vuzysc75aemu85mae9vd,20,336445.81,8.69,16822.29,121487.81
pool1hv3yae6keeeu2y7eusejx4swd2myfkurldt7lasn2qu4xk20j8m,110,127621.16,7.34,1160.19,33293.64
pool1hv59awqky90plv68xun2k3rd7jqfe5y2c4ry8f7p0x9pxhd7wqr,1,74033211.22,74033211.22,74033211.22,74033211.22
pool1hvevy8qu5lwg7ul66xmzvwv8zwdgdradsg9ncvrflm7dvy407e0,68,351259.69,1.47,5165.58,131413.52
pool1hw3cgyx7tvxh2fpd46k9sqgruu5pfnzt4nxuyv2w7nlmusutda2,106,2539209.58,722.51,23954.81,487055.27
pool1hwlghkwnjsjk8370qt3dvp23d7urwm36f95fmxcz3np2kghknj9,359,6418451.36,21.95,17878.69,4661225.87
pool1hwnl625swgnlp5w7e8dqz0chlz3kl05tm2lawwy8xq2l5uz5h0y,1,500.00,500.00,500.00,500.00
pool1hx4wc45qhhychdvquhem0q3madcs2mp4r0wllk70zkpxz7jhyf4,1,19701946.23,19701946.23,19701946.23,19701946.23
pool1hx7rpmjen9gx9w3awzp34zw5wr54mdyf2ft03llqz2wdszavuk8,4,533923.47,54452.57,133480.87,423941.03
pool1hxdcr4u22lytge79hr5hds39e90jsdmhafphdgnn4hlqvl4qlt7,8,97946.01,272.62,12243.25,86884.63
pool1hxlu84r3xhce4gcc4rdqzlwdprqjptd2jqky572g35jfsjrnzww,2,13.28,6.64,6.64,10.65
pool1hy08gpvzkutxkg3ccxwmkzqaun9cd0styl4dtpqp2yxq2rjxehj,7,452.30,4.66,64.61,228.52
pool1hyqdlnuff3rnvg9lx70ccca2xqxcezzz4998tp6chhxnx2st257,5,35048409.92,1425.19,7009681.98,35010115.44
pool1hzy8quep7xkajxx8lep59y2erqll3cr440zm90ctej4hchyfedg,1,0.00,0.00,0.00,0.00
pool1j045vdrzmj3hl36p50c6mhhpwtu2q7cmecnrqjuqq0khja02sr0,6,555.28,18.37,92.55,406.70
pool1j099ctc7kcc9fa78dz5qwsy2g0n96lrgletwxvxmyzh4zd7ck0j,1969,29510025.30,78.97,14987.32,1503281.92
pool1j0j39t2dfmkflfnvresds8vlfhwg75qwufa95u55nw376ky29r8,1,0.00,0.00,0.00,0.00
pool1j0ys5378p896epefs0q2ehx3h9rrd4gupd33adkza7g3q02f6np,1,2318.78,2318.78,2318.78,2318.78
pool1j276s043qh2knv3ukmap6sra6sk7p5khuetzwx9h43wqydzsx8c,8,70335064.61,2579.73,8791883.08,35008755.54
pool1j2g7nwksj60fszcz6pxsf2hyzny9ch673en08xjlx05jwxeh2uz,1,0.00,0.00,0.00,0.00
pool1j2lzgkv7lpjd727tq5efty2aqemphw32vx02ldu3jnuxuyvwvyx,1,0.00,0.00,0.00,0.00
pool1j3azwphh66wk6efre3ezjjw8mqljqmnxe5qr9tyfmjdq6eqe5fc,1,177.94,177.94,177.94,177.94
pool1j3kzujz0m07detlksr26sx7smft8xn280695zgu60zjhge9566f,3,1839404.49,800889.85,613134.83,1015346.42
pool1j3t6mhgndeuzqkpcj6csyxfhsr2fkgwknk6e4tjeeqhnc52fjc9,3,22449.07,197.63,7483.02,22250.05
pool1j3umdcuxcewcxz98wm3sx5xqwgxx0v7z376xyjfq4jgejpvv8fz,494,2166922.25,78.10,4386.48,391680.81
pool1j4nkshfytq8tww99ttfwvrmv8n7yq2tvuw0xlphelzzw6vfghwq,7,48930.55,1032.82,6990.08,27336.94
pool1j4vmgapf520ul8tvwz95xsmne4alpymxpmcnf0zu5v4vz2pej34,2,4.84,2.42,2.42,4.84
pool1j55hm5wkgcegrpn25nnfl0rgjdje26fhw9uxmgxf8dez2uups3y,6,22.93,1.45,3.82,15.35
pool1j5kx7rp08axydqevxhmujs5vthfv5kjzq2h40edpychlxg5twqw,6,27.60,1.92,4.60,15.82
pool1j5tw5wwfvk2zllqycg0cunu8emtd5g9tgymp0uayc6nzujunrhq,2,165.63,82.81,82.81,164.63
pool1j5ukjmhn96jslmcd6k3ymj3vnjf3wpjn9sarhk7m7vtkv7ll2w3,98,13260.54,13.17,135.31,1919.82
pool1j6490a90qefvsqxdurf99z9ld50rtthaz9ms6c8xh78s52veuq2,2844,4027717.03,4.23,1416.22,829863.02
pool1j6dh3ynys827j38976q0q3s3c9hpzgx40kjcq4472h6m7d3t0hm,485,3046883.60,77.28,6282.23,950439.15
pool1j6jnnxsngexalq60tqnvn2muge7vevd5ukc0unacr4432t4lr28,2,14006662.90,7003331.45,7003331.45,14006614.53
pool1j6uz7hz3mzd5hncsnvdw04q7785kpxx4vfze686zekdly7jz7gl,1,516.50,516.50,516.50,516.50
pool1j6xfryctrxm4aplw3vnrtgfsvqdr35exenxqse5kzxmfue7qqmr,2,61034289.95,30517144.97,30517144.97,60984747.76
pool1j6zqawj6f58lp4p00t26eqe58gxx4pa3cudlzpkv23y92nlxjzd,703,5666643.81,30.05,8060.66,1483868.92
pool1j742gcsul7u8c05rsqmkgpkvj5qadj0pew69nctu6crqy9wjjn4,329,1387270.58,47.93,4216.63,377866.79
pool1j7cypyjzhcfuy0gsuc2vtd48cpsc0utmqkq09fjlp5dgsjrs7pg,5,1545.81,7.42,309.16,1338.92
pool1j8355yxxpfuhqyda4lrj8c9cdghaang3wvwge8jq8nlxurvfqv7,32,728258.07,146.56,22758.06,641706.52
pool1j8grqucdwwcr0cwzxrtw30vqcptg0jdlrmauq5w7ytvqx6nf5np,88,3364136.71,417.33,38228.83,1311542.11
pool1j8r3q09v0tx48f78u4kxldmakryd384uk6cg9rrlzjhtu93027r,4,4.58,1.00,1.15,2.58
pool1j9qrcwg28mgsu38p5jkrwpthff5pmm5wdpprghg2xrvfyfcm5ls,6,336.75,3.19,56.12,317.29
pool1jakl9kqhx87ywc7fcxweaxvna9khxhzyh6v8j70u6zpaxa45ghh,3,63436801.11,138802.86,21145600.37,63297995.83
pool1jas6p8hw9e2nz049g3xfn2me9yzknka4w84vzrxg0c2ej63stlm,3,2518.57,1025.08,839.52,1307.27
pool1jayej3rwf5ynfmmu7583x3w2j73dcedtflgnazdezfn3kl6062x,19,1774407.97,25716.75,93389.89,425036.84
pool1jc24u7v5xsaw9dw6s0vftjat8ssc8ru4c0uhrj8zpm3usnrp03t,12,48082.55,794.92,4006.88,28421.53
pool1jcetszf3sh39hc8nezj5pzj3ukg4fhfjwdqkmwg8ern8u3c4y7v,3,25905490.77,9979992.62,8635163.59,15923272.56
pool1jcpwtg5ce6xr42v37nk3xahmduwrs87mvd6pkm92v7tj2ux8v5j,2,1.96,0.98,0.98,1.96
pool1jdhjfcu34lq88rypdtslzwyf27uh0h3apcr9mjd68zhc69r29fy,3256,18451025.39,46.51,5666.78,1151968.06
pool1je2n5smmnyn3lh92xrp8nepjyfp596ypga6pmdecwtcrcj9uvec,279,1613677.95,55.69,5783.79,337537.01
pool1je5j68dcgm0hynv4fd2t2xsplmad40adneu68vp3h4nlcdaznwc,1,57.60,57.60,57.60,57.60
pool1je8qh9d4nawl9zstsg3vyan3r64lyw9dzruw0ulxvpumxa66l6g,2,40.81,20.40,20.40,32.48
pool1jepxzmqljthtfvcx9dhcp7rysg9n40z6jxr9cw7963h0qv8mz60,2,568.15,284.08,284.08,462.53
pool1jeu6mkn43sc8y0yf5jwtfy6g5yc7lmyt3psm2tlue7pfg8deygg,3,635.69,0.00,211.90,635.69
pool1jeu74g86ys4fekhykqcww99kdsq3nlym8a6kfw8s8ff3vskad70,2890,24218823.27,44.19,8380.22,2037858.70
pool1jezf7dcx26edfpxmpuh05yen64a9cj44xm2ggsapcxrtqewfek2,36,1357277.70,321.06,37702.16,1014045.88
pool1jf32ru0d9mcre5pp7yundjdfcz8qlhmw4f5cftgh8vkqy8scj09,35,13645.48,11.56,389.87,5991.82
pool1jg3fmnmc9n52sgzslhhvhye5e3xeqmrwkekdhh82sma47r47zg0,2488,11516908.41,29.14,4628.98,1736136.14
pool1jgwu8lq3dqddnnx7prymcgcyrqy0fdlghg33he2hmw9t2gma3zd,635,2010669.77,50.75,3166.41,201620.02
pool1jh4caf4afnjdgne8m95addh93e7zf6zlnx0pk5flcvylsps7nsp,1,999.83,999.83,999.83,999.83
pool1jh5p5627hzqxdzjutfenz83qs7p2qtha4kvst3hs0829sdc0ksm,4,29498.61,757.22,7374.65,27956.51
pool1jhca0ycgclhc3ae860llt8fwtgvkw4p44m0khs2df5xawk4kx8t,8,5828.19,0.00,728.52,5823.04
pool1jhzf2mm6zdlhl6w89uhgx8nq8p6ykcc86qq58vjy0ejyxrrksfj,670,22453503.34,71.62,33512.69,5287292.31
pool1jj2hvts3ryffy5txm7w0am3zt7s7sehdf8rrwfesjmr7shv0mgl,365,5792711.96,20.77,15870.44,1554523.50
pool1jjry6f6q0swaq457ft9eclaxaskvrxnpj0v3w8edsyfryml3vj6,1253,11958710.11,85.54,9544.06,1383528.33
pool1jk25l2pejpdzq8vdjlxrr05th49v9tgd78fqrtxvuw3rumpfc6t,2833,12638530.51,32.41,4461.18,816745.57
pool1jk9na2mu29wwap6pprs0c98j3rvh4jva95f5m3hxnwq86tk9c0l,5,4071.87,49.79,814.37,2706.22
pool1jkltjlyk484wpdrhe20sjmgqgxhw0zx8lx6tml4wkprt5z28tvw,1,102.03,102.03,102.03,102.03
pool1jkxwcqkaaacvd77rf9lrj3qsgvtktqh7cglu3awsy34h5eava4d,7,92864.45,1756.80,13266.35,61452.58
pool1jldj0znj8rltkuj4sumqq5z6p8sdt3yk4qde90q42daru5kgfl6,1,35067653.23,35067653.23,35067653.23,35067653.23
pool1jldq2rf7y2ukm2t8ds8d9upzgdgv07jhkckl0mvedwhxx5nkugt,121,1176455.87,625.98,9722.78,335662.95
pool1jm8s3r3xq4kpawavy096rqle964exle3lxwnpvx62wjnwadwd5l,57,162770.70,9.10,2855.63,100664.16
pool1jmw0strgchxurvgamymrexjn2lypxslexaz0q7la3078vnple57,5,17087.14,1027.66,3417.43,11350.94
pool1jmx55w5ydjkn4xd58gmr9xgt5t46ngs48aek779t92e7zcqfw97,415,1865522.05,17.63,4495.23,302729.57
pool1jp3wtdhgpeu6qf53upw5rupaqwtl7pzvcuuyyn0f8u3xgx5755y,2,0.07,0.03,0.03,0.07
pool1jp67hct7n86tdkr7qxrfh3q0xl973rl6986aawxkrqz6wq4ymc9,85,161413.94,49.47,1898.99,37537.31
pool1jp9plcy9uqq0y832sj90r40sed03ft9pjczwy4zgy25hx9cj79e,2,0.00,0.00,0.00,0.00
pool1jpezycd8q3l6a255dv8wt7vpt4aay8llqakdn7vkum5swes4hu3,149,151545.90,12.57,1017.09,37518.78
pool1jphnr6n8v7hg4rhsmel2s6yunjalthar07vv7rwvgsky5q8k49h,3,812.17,309.74,270.72,502.43
pool1jpz5m45ff4r6tnq7n5tw63fkhpmw3cyv8sn569w24x8lj3kl68c,348,3874340.57,59.98,11133.16,505393.43
pool1jq3s8emkm332n7vd3n57amjzspvt3hygh4wqsyp33psugvw7zc0,7,502.30,0.00,71.76,502.30
pool1jq7083uth03spzhg5ag6gfgg24ux6fjuhng8vj2wdz8jkukqvcl,6,22653.97,279.91,3775.66,21687.70
pool1jq7r3evstu2c040vlry8tgvpwf0mfvft86cxecwjpwcuvvqfu2r,4475,32534202.13,49.00,7270.21,1378731.04
pool1jqdvgk0csfnwftkzn6vyz7fq8s3606uu6k7wa9xrn0jpzg4r304,11,4780.57,2.66,434.60,2606.40
pool1jqfk2y5wked4sjpx9sqxn6dmut8hq2n9qlreymqtpxuc5l38fl0,4,1327.56,75.20,331.89,1177.16
pool1jql92je87mrx5gpjhmwr6a8a766cktcf5p0p8wd0wxq87nu80yf,969,2859965.08,41.28,2951.46,200678.17
pool1jqnywskl2n92fx65thtew8zlj3vqfrqxz7zyj70tt7d3qmn0m9t,8,63503.43,2363.60,7937.93,28994.94
pool1jqssxka8hu94aj6f4w3s8l5m6juqmx0hk3ges48jfac6zngmkh8,104,753839.51,55.83,7248.46,119567.07
pool1jqw9cv37w0eewvdr36w2kacd2w9wh5uwm2y3vmc0fmdfc0ax26l,303,651679.04,9.84,2150.76,89551.37
pool1jqxp8hn0ywdrg3clzha9c2u7qh3zsh68u55wh50vdmecupc5rxs,5,1729.30,50.00,345.86,1182.44
pool1jrsmda62uar63wrndmdg3jupdtmmtsxmnqt66r3mm33wj2fd2yh,1,509.77,509.77,509.77,509.77
pool1jrst9acplgqk95469zu68xv5xj802lqxe682jjsd39z26ddj8ur,2,7.95,3.98,3.98,3.99
pool1js3l2kgut64prz0q0a8px7qtyduclfm3h2kuvrl5gfzmy0waxyt,4,1.29,0.00,0.32,1.29
pool1js570lkcs6t3pwsj3eda0zz43mc5gm922ae5rdxcfn84gu5uyrg,26,1604860.28,3233.36,61725.40,1211780.70
pool1js763t3yw63ffsxqpume8974z03hdlm4nddnezhfla6dskln37v,3,0.00,0.00,0.00,0.00
pool1jsala5rdc0hjewcvu9dujcz8jpfxp7hadqr3r3hzs63skhhtpqs,14,33196046.74,78.00,2371146.20,33136960.78
pool1jslaut45plz6ek7grjyzxz6kzgerr7p5204h9sprh3msw6d8yht,378,944452.64,18.33,2498.55,99616.16
pool1jssdknzgsg4fm3v70uvhrtfjtakwpr5q6x0dwc0fcff8wtd05f6,1,0.00,0.00,0.00,0.00
pool1jst7rrhucnp93hepezv5yqy6fx982xs2v0udwfc5ea6my3kfak7,20836,33383307.27,15.73,1602.19,2359931.09
pool1jsxk3ymqv2gdc6mhqk52544g2aun4zhq5wgx6n32l5s3jlne70n,47,2433992.86,737.34,51787.08,1226829.93
pool1jt7d6ak3m8gnjyxtuxfswe258xzwda80ndl0a57vv5m2zv8h6at,10640,12796996.32,9.71,1202.73,1029944.91
pool1ju00mkurj9t920staddyd3ln9r98kktx38jrer0zp82eg8x36jf,3,114.85,0.00,38.28,114.85
pool1ju8f57hyvaa32tp85r468kuedvmjmcy56f8u9968drea57p50l5,2313,66215729.80,10.04,28627.64,5863595.71
pool1jufp9k6gmyusvch65ra8yk2s7wu6cx5fsgnltl83p93ejg6h3xg,827,14100394.32,91.26,17050.05,3568707.85
pool1jv4yvr5edp7qp690hk3qfudwmw28n2wygjxyhaecqkzeqh0wlem,486,1420649.28,37.33,2923.15,616060.91
pool1jv9pf6w2fmjqpaekyt74tjkmjxhma8wsqs8ur3dte45tqdxe3t0,5,104290.79,769.26,20858.16,101164.29
pool1jvknf3dwtnqln5hcjrh5m7s979revuj5dlxr0337nwmm6p7250q,7,7261541.72,1201477.18,1037363.10,1226337.86
pool1jwgt6tydz6f4kw7la2hxxqwzq0m8spj3reyju08nm07xjnlg3d0,6,381.03,1.46,63.50,371.47
pool1jwpt6qmmkvfusvwan4f9pfhn7pljsm33lcqf7ftya3mtc0fs2nz,4,144.70,11.11,36.17,122.48
pool1jx4ss2zjage3cw0wht3450328y82yeprmq4fr3e2qtac2rhezkv,307,21112988.44,841.21,68771.95,2382853.81
pool1jxv3my3c70e8pfr0cgm6esatehey2ml3v0qk8x236aw32eu0fcy,251,877417.19,24.98,3495.69,226975.62
pool1jyn6ynmz6qcpr48et0rkdk9j4vuyn6d0qdlsahc0jls8jrs708g,3,11536.68,1377.44,3845.56,9754.75
pool1jyutduy73e5u9877uns3k9rm0tf4r24j8lrn4xtkjpl3q5sn5mw,469,2694253.35,48.42,5744.68,808071.25
pool1jz4vmzq5zkedem6wep8c99fxatxgvymlvdzs9qxxn7xsuv4m8um,1,6.00,6.00,6.00,6.00
pool1jz5ljsnj4fzmk84j0wcw9ldy866dn07nzqg2ktyuyjvfvr3jgtq,1276,33531965.88,67.07,26278.97,8675374.97
pool1jzk8rwf2fs5l02dmm6pm5tnw9stmd8jpmvsy54085vu2u2656re,4,50000222.19,5.28,12500055.55,50000211.63
pool1jzzacpnd5zu5ys29v4qjntf50vvdhn69wt2rpdquweclzayyrkt,3,409839.12,19053.84,136613.04,390353.08
pool1k0d5szkmzsw6035ytsm8dv75d4ewu5gkm7c7dhsjug9uvkaunz3,1,96.63,96.63,96.63,96.63
pool1k0h45kcsfynjfyplgn6qpaw40n3cvlcrdryez04x40ayq6w9dgh,1,7.05,7.05,7.05,7.05
pool1k0sdhxunrkpv6dqdhhn3wkul8ytxhskt9erw94h66xe46nsqp0c,8,614.73,0.86,76.84,411.79
pool1k0ucs0fau2vhr3p7qh7mnpfgrllwwda7petxjz2gzzaxkyp8f88,3299,58227208.73,124.96,17649.96,5618359.28
pool1k0uv5fhsr74we0w7gfkv6m7r9rfpvgz2u7v66ppe0vxsvj0pzvt,3,1367.10,511.82,455.70,747.65
pool1k0w7n5rfxdzgfxpy8x6t7zfy6pfwrp54se7ezhxxed2x7mfmszy,3,0.00,0.00,0.00,0.00
pool1k0xa8wlsntmjhtw2shj3tspqd4kjyquw9tuyx5s7zz5jsyw4y2p,734,6289756.19,20.23,8569.15,3150064.17
pool1k0xrqp03mn9u3q3sadndd6vu9udl5v38xpzyw0shm8sskuxw2av,157,36859987.29,1762.61,234776.99,7022470.90
pool1k2224hj6uhdgkflj6ncqvmfhqvhlhj0t8crhqux5mphwwumupec,1,35608180.70,35608180.70,35608180.70,35608180.70
pool1k26f25u5uqvhxuj20x3p72kx5gx4lc658f55kr328y5xzh0x4et,2,14578.20,7289.10,7289.10,14074.30
pool1k2cj852umvq5f527x9u7p58mnletdzx29gr4e4npv4nc6m3hch9,17,910534.22,76.28,53560.84,418108.11
pool1k2qhlrrweu8fecd4hx4hn22lv00nrd3rjdxj6durax7m78q7ynu,3359,17609339.25,41.41,5242.44,2893903.61
pool1k2rhjxppp87k488zfeu9t24hl4jgjrjcqxwfg4q7jcu6wvkfwpn,1,1.29,1.29,1.29,1.29
pool1k2yfr7tapqzfgdn7vq2u44225rtqxctelr6dp0xjqggrwnx9hnw,51,85639.66,30.73,1679.21,24192.53
pool1k3mtxd2duy4848gx8knvlsas7w77f3k2cplwk6hjul72646fjte,2,14420.19,7210.09,7210.09,13417.75
pool1k3nkfa5ugavrpd9nwd3s6yyx454qxnquxwmux4rzfunl7q0z38t,6,81085406.19,11606.08,13514234.37,81015773.65
pool1k3wpsc8q8za2qeptx5kv73r76hs5gvp59gga6ad6u5hnj3scy3q,19,30645.77,0.96,1612.94,20001.21
pool1k53pf4wzn263c08e3wr3gttndfecm9f4uzekgctcx947vt7fh2p,33,39662.81,18.03,1201.90,19798.74
pool1k5a5e3ylva34qpmwdywv7fn75wt3gzv423e9uw2vmw5rqjc2q7t,4,97321.83,4222.33,24330.46,88373.80
pool1k633phcvz2hjhj45evwwau4w576jpq83acg5h84w23jauqu56cw,1910,74659666.78,577.65,39088.83,15142486.41
pool1k65vmd0uyy0k5eylunwakd99m9j0n2hfynkxzd9472276m32p50,5,99691.73,97.03,19938.35,99447.47
pool1k6altfangsst2mmxg8a9wvg3dppyszu8ckfzd3uv6azgw3z2txy,246,1107878.38,17.47,4503.57,308358.83
pool1k6knum588fm9fe5tmljeytyx65rv6h5jn8au824t86zt62nyd9e,240,374569.60,12.29,1560.71,109195.63
pool1k6u3rdl30ruf85q3jpzcfyq4ta0umrxdlt30rcpxqqasumcnkgu,1,1008.61,1008.61,1008.61,1008.61
pool1k7asvr2vd28jxw25fsh9pxckt5ykadhn8ua4x88vu39dzquvqvh,4,499.49,2.29,124.87,494.91
pool1k7ku4sqvepztwqfvqj7wjadcsw96mancwyf8spty9tm0jfnwls9,5,240.72,0.00,48.14,240.55
pool1k7zrx5rw6cvef9m5qtp9sy4e53u93kwqx73ykz7md9gmwgf56yk,13,10593210.50,1791.85,814862.35,10330709.51
pool1k8l84smxjczp2mpqmn7qsd23j7h4vd7rwagdscsrjecvgplkmw8,1,1.00,1.00,1.00,1.00
pool1k8mxlherc4vmfk9pmxs0rk27qmu3sqy0gsdck4gwduz57xsepak,5,2239.71,171.37,447.94,1142.47
pool1k8s63hvxl5un403f0lwqm87f7svwn2j7vpeflgupvkhqkjpknut,2,3126346.65,1563173.32,1563173.32,3125633.58
pool1k8w7ylxa542hwymnwmuumpnudz7j9ae582wqecxv9n24zu8fptq,106,15112.06,20.64,142.57,3701.59
pool1k93a7tazk6uhy0pe26pau9hthyn9kmtdcdl9er5kw9w82fl5j2w,2,306.69,153.34,153.34,200.29
pool1k99yncea8tq9pfeks3yymyj6fwjf4apx0s490j09m4y66vtyufr,83,1813705.12,13.31,21851.87,1542501.62
pool1k9xjmvud972vng83669mkveaedteaprnfflqv047y66ugtqjyyq,6,3366.51,364.22,561.09,2001.37
pool1ka8q6my2a5fennpr2nmrj5yzma27d2fkev8lmpfq90kxzjszwgm,4,366.63,0.50,91.66,365.63
pool1kccqxg032r6dcqqpvmv87azttcug5ug6cur9pa7qkuwc5ze4pxa,24,23527.12,105.63,980.30,11123.24
pool1kcrpxr6rqyqu0zlpdflma4565qrxtz4u4whcqhsan6335g5uext,2,32.48,16.24,16.24,30.58
pool1kcrr7re05pwesye0zh00a4xxnsrw5c29rd82fn4qecdcqu5rue3,78,432365.42,39.37,5543.15,204294.29
pool1kcvaxe4q4npwt28qlr3h84htjf4qrqglqk3cr2484ptycr0ldut,4,35012910.94,2430.32,8753227.74,35008035.47
pool1kcw2kqj27qe7ntsz9fhvyvyvpf7prclwc5jq4cw0qydh7cygcek,1,0.00,0.00,0.00,0.00
pool1kcwfpv65agclgu9p6eetn6x4q0zexzgr5v2cl9255qlwjjqr56v,1,1.77,1.77,1.77,1.77
pool1kdfznpenxa9wwcz8tweump45k5h78h8hl4slv78fdypsug9ypc6,45,471109.66,359.39,10469.10,222983.76
pool1kdhhrsl8av6gzr7vrf5q06pwlrsr8646wkjkg0h550tw6vxf8mv,12,61572.33,473.39,5131.03,32866.44
pool1kdr3lv2e7h5tx3gp3fwrpxhaj8cxh7v422uwj84enqxf6j5flj7,9,400.30,0.00,44.48,116.83
pool1keasvddt9vndl8jyhg204s6kqusv5zgzg3kk3l3g949ew402ahe,70,262893.51,29.17,3755.62,186133.20
pool1kez2gdqpwq2d3xd5k5q4enea59sp8tmgqsyt0rtmgxvuyykz8qg,3,561.65,10.56,187.22,540.91
pool1kf0c6a38vy9t7muc2jpfefdc0y6ey8386ujtn6rtly25y5yxwqf,3,1309739.03,431.93,436579.68,1309297.28
pool1kffetqjt06qvk4995tz3e3q9h3c8cdq9eedrz8qr3ynnc63qckz,128,780542.85,20.85,6097.99,164184.38
pool1kftku3r6truhvjm75gsh9pm33zfv7nuwas88m5sxqqknyyj82gf,31,2476.15,15.30,79.88,1511.07
pool1kfu02878dsz2l2pml9r42fvh32l4zn3msjvgfx077q3yx2xgul8,15,11501.12,336.06,766.74,5634.04
pool1khwvcz8jz9auk53k698ywgr6ams27hrz20vnwqx2d4xggscp93f,31,1252780.94,787.67,40412.29,804833.77
pool1khyv2zj3asyhz76a4r2ky42sdxn3gqu3lcyw3sj74trmwhlc5ud,20,758398.02,2138.17,37919.90,372282.45
pool1kjd9ff9u5ytq4atavv2dfsg3pvxqw8d50642pzmpn386zel0ka8,57,470800.62,409.07,8259.66,101605.97
pool1kjhpg98jhm08usqg4sh5x9esa595apyw75qczyjp3z24g0cdate,4,12790198.98,2665959.34,3197549.74,7456924.08
pool1kkfkdces5mdcyc9dn2hgg3463jggjvw3h89nejjarkz25uavaqu,367,16373406.66,32.21,44614.19,7421486.03
pool1kkmk9dnzrrjtnsejttydecmq63x4dpkln70yfledaednj7mf7rk,65,615580.67,2210.54,9470.47,97083.93
pool1kks6sgxvx7p6fe3hhnne68xzwa9jg8qgy50yt3w3lrelvns7390,300,3327814.99,52.69,11092.72,1392155.56
pool1kkwd6say8twq3z9e36v57adw02j2x52ascd6eumxy5zd66qm4fa,23,11271.45,1.41,490.06,10315.39
pool1kl2vuauwfc5k0avf874ym5tcm04ywa22frleszhujeccj4va3lt,4,70060015.14,17523027.29,17515003.78,35008939.63
pool1kl7qlqtzxamrj8qwutn6ww0ksw3m7chwuewztqr6uu6yz0nuqtn,6,7065.62,106.47,1177.60,5701.36
pool1kllc67fn00yqpffw8e9dqnlcaa733h9u5nwx97vhtjlw2t5e56j,2,9.89,4.95,4.95,9.89
pool1klq8yy3rr6k4ez7uwkzz5ku3yuym3eeg6g2ne3p9f4hnzfycfkl,3,47.87,2.49,15.96,43.56
pool1km88m74x0l6gax9whuw9v86ftejwztxyg4arfh5cartjv8eqsze,4,100.38,0.00,25.10,100.38
pool1kmmahq4upmm5j8fkh3xa9vd7gdffkp8pd4axucfh4w4dw549yqe,2,76374618.36,38187309.18,38187309.18,76374618.36
pool1kmsr376syqkluhxvv8k2axugqw7unjmlkwhfxjxtj7cw7qcn0jn,2243,17492368.41,20.63,7798.65,659282.31
pool1kn059wyuuff0srprtvufv327th542l4c25e5hhcmwlsjymwr32d,3,504.68,1.07,168.23,503.61
pool1knwd92dnngrypyvj3egguuxtl8g8elxarlvaqsyjewvh7sjla2g,4,14144.90,67.54,3536.22,14009.82
pool1kp0wl7kxn0zt5xtmld72s98rv6ejpufvl39qk26h99nqshmkmge,1,0.00,0.00,0.00,0.00
pool1kphkk90f2mculhcndpdd3a7ukvptzqrgyr9jtuvw6c5z2dptuph,1,74025208.53,74025208.53,74025208.53,74025208.53
pool1kprt6l4quz03dhqx8jw22spdjvp5dkshdnn567vlexqkj35hd8a,328,3438239.57,779.63,10482.44,390545.19
pool1kqpy3de52m07versalrkqd57w2qh5cze3wupwrgx39m5gvtkjct,4,2249.50,247.01,562.37,1755.49
pool1kqrsr700m267q9tz4pw4rjeg69nkahk5wuy3kkw479y56fqfy9t,1,0.00,0.00,0.00,0.00
pool1kqxgjf0zl60g88fxl3l8tpwu52pq78es33kqyaahgr2a7xh9g9t,4,992.61,148.13,248.15,696.36
pool1krznhwu3h5pu2stuslr53z5rme50t6384macsmylcnljwc7yjky,867,49080860.52,421.28,56609.99,24393429.98
pool1ks49mpnl7mhh4eqa7ff3krhqa8nnx7gx04cawe46qnjeufawr5z,8,8726.28,105.53,1090.79,4087.88
pool1ksfzungz56vxa9sy6hr54v5hf6qx8rmcu6734gqm3qlxucveed6,212,292059.53,13.64,1377.64,102351.82
pool1ksh2u6kktx74ugv8jadrdqttwyjz9074ke82xt6j0qgfvdn43a5,215,874033.62,14.06,4065.27,247955.93
pool1ksh2zpeeqe0rpcug63up5l66g3kr5vf58jraeun82rur6m4g6xz,114,294462.48,10.96,2583.00,125859.68
pool1ksrg8a964464las0ymw88slrwxkychjz9lh09lqltu5m7nw3pq0,2268,55922998.73,56.50,24657.41,16892446.81
pool1kterawv22xya864tqjy9pq2ftmuptlggywtqt3p7adexg7qyl6u,35,207263.26,6.39,5921.81,129872.19
pool1ktg9hvae8kluwnr29khma3mxd7ffjj9k5l0yjdqlmazjclv4j3d,1,2.62,2.62,2.62,2.62
pool1ktgug7wwf9k4hcsuk68ftkh8xs5n0333fzxyw9sagz8njhlskgm,148,1483460.69,113.69,10023.38,387133.67
pool1ktkhv4sw2y68d4xgfg9sjw829kejnvnh5zajq6g7jycry6cd7h5,89,274782.62,59.79,3087.45,114667.93
pool1ktqaf79utweyenk6e7289ta5p5993g32emn8355rxmp0kgh2r0m,1,14007242.71,14007242.71,14007242.71,14007242.71
pool1kv53mzjwqjp4aw48rczj8vm6hejwfnfwa634czyx5tw5qq3tata,83,801031.21,24.23,9650.98,430190.21
pool1kvd03hq8kp0hnxq9lq598a5amrvauj9m386rwx7ydawvjdskwnh,416,2410139.05,44.51,5793.60,517402.34
pool1kveecu8hx4dk8pe9rmv4q4tjwr9xmq30nacu2pafeljhypcn4wt,2,295.17,147.58,147.58,289.24
pool1kx0jm9ycs3t99tnwafw6w72jkdlzhj5ltxe2nrzkd9x2u5x343h,1182,12614992.64,198.42,10672.58,2119353.98
pool1kxedw6c34730h344lz0s0z6848005qrs096l8l2whcwly3rcl27,2,805.25,402.63,402.63,802.65
pool1kxfg47ms0mlszthp5j8uqpmqp6575j0nfusqne5sd7ggy3ntlsz,6,5081.67,327.96,846.95,2465.37
pool1kxfvv8e8u9crfgy3fp89hlchehutrjq9wv7hax7dxs3lsjuw9kc,1,0.00,0.00,0.00,0.00
pool1kxtzkv3ylyc48hgjqkwe93q2vkx67vgzag9tvqfalhwsjs43w9u,24,401513.45,614.66,16729.73,164754.83
pool1kxzfswkhgcmyahh6lfjpy5uxh75qzsnlyprh3450av9jghsda89,2,45.35,22.68,22.68,32.73
pool1kyn4xguhrd600j4y9kvksptzjk8k4hz5rdcrxx3qw3jksuwjnwz,2,2342.38,1171.19,1171.19,2000.04
pool1kz0gh586tn9fh77fgc7em9tl6d82e3ly5quwsvvfevvszt64g8d,2,2568.21,1284.11,1284.11,2510.87
pool1kzf7zw2y05e7lyd7ht0nluh39fzmurm2wuvshvut6l6twu0el44,6,10549.38,1182.25,1758.23,5824.56
pool1l0erdjregched3dj828q93rfa2f4w4p62nr248xshj5huq6zuvp,4,76301499.73,20249990.92,19075374.93,20250000.30
pool1l0m820vyqh5pp2yzpw973qzz23neqqd977u0uczh9fs9zqvg0je,235,75590161.15,1093.89,321660.26,63314881.66
pool1l0pmgdsymmdntuyan4snj88q8nm9axemwefu5ymkuq2s6gr90cn,401,1492275.40,22.22,3721.39,403647.03
pool1l38lxca7tzp0trqedr97usd0zk89q2x74qrez5xcafxechcw452,2,0.00,0.00,0.00,0.00
pool1l3rf0h8s6fdw8g4vy8qg7fw3wwj8jdm3hg0wwwycnvj8xcl2ps8,16,3893.03,0.49,243.31,1744.06
pool1l3u6jww4npkx2e0utcsmkhwjjgnp43w62exrqwzm8wudg0457e5,4,9157.68,1349.11,2289.42,6423.85
pool1l3wdq3cec23jadkt2cx384vtgd75ncau33smrptwj87n2wedc0d,12,4998652.25,75442.62,416554.35,4247326.11
pool1l40jtd7he9dv272md7jxp9yctj5glc598r6d3f5xv93qkx3e5z5,24,2317.55,13.85,96.56,1055.32
pool1l4synes9s3swlf5r5rsfpede3582r4km2wd94xctceyaudv9zx3,99,206886.40,32.44,2089.76,30072.42
pool1l54esv8h5xjry9ms3jq4mnf49vwt3yuxl5fdudp7jpdx2swuaah,1,19.45,19.45,19.45,19.45
pool1l54qvzlg2jfalkcram9kxsa8vcmgy0fz845q5gptjq8k20kzg2r,132,2018006.33,150.33,15287.93,450221.59
pool1l5a4689wchd3vrdzck70ysdcn5d390um6ge4x4rzx79vzmgwvf0,2,0.00,0.00,0.00,0.00
pool1l5jfc3zv4nue29uqh32fvz9khstd24azmxjltus3s90ckzw37p8,2,58.27,29.14,29.14,55.31
pool1l5ktcfhhsx66ms6ugguusytr0nnsy49t2684avev6dak55jc00t,6,19.56,1.27,3.26,13.40
pool1l5kwfudnqrhw3k4lwzcppu36nun9puvvr7xnanuz8a2zx4jaek5,267,2168239.19,517.07,8120.75,216734.06
pool1l5tmww2aqkhl3lfcrced6xpsd30pzx65p6v4e48v29g4jtlvf3d,2,2.62,1.31,1.31,2.62
pool1l6946mnu54f6v0we4xzra8kwm68ch7fphhxvgytd0m4lzk3pats,4,420.09,21.48,105.02,376.41
pool1l6aeyn35nkqkn9lqqlwqnpraakdzuukjrqprcrj3sctk6hhe32k,1629,26716627.66,587.26,16400.63,1493442.12
pool1l6hkustv67tynh66w46mys94wsxhwddgp28k3r5twwlsv80uw0k,23,108637.83,7.72,4723.38,50926.15
pool1l6vtae673eltsx86sk4xxr3fnn9tk8e99jkrdvcmjqlc6cca4nk,9,19083439.65,53.96,2120382.18,19073633.89
pool1l7xwy6sswcpxcepf9m43sez4kwgrgxuw5ekhkavj3k2lv6njvec,10,32022271.39,484.58,3202227.14,32009419.05
pool1l8myd66tqjk75kh7uk9k8nyl20sd4qs33s4tzzn927ujyl7ahyk,108,1163015.62,113.49,10768.66,354817.39
pool1l8pvaam6f2wj2ank46uywp32wwapqga8e8utve3mgzzuxksc3tq,14,448433.13,103.56,32030.94,111809.15
pool1l92vxagssugcsu4wyhvnjd0t6dlqjjfrxkt8v4qaucgmq8t3j3s,3,69568797.08,4144.65,23189599.03,69564642.61
pool1l93nkg4n5jzdsd7k33g8vsavq4ne6ka82eddt9ysnu35vy6883j,4,6009.57,503.99,1502.39,5001.58
pool1la0t0gsskwejyfca5lchw5aqd5g8hknxdu6tuyqp0ttjxl6zt35,60,650634.54,258.79,10843.91,300919.04
pool1la6wjq8uaqctd05zw58dczxp6csf2z66wf726kdfyr9l7hnr6jp,1,1.76,1.76,1.76,1.76
pool1lakvp73yzpuueyrhzr3sfyy0796gm53g95kapgnmsvv4k6apr5r,2,30508.02,15254.01,15254.01,25002.46
pool1lakxjm7v0q03xddynffn6m2wfm27pms3z9enztwvu7k0297tcr7,16,1252034.39,2552.36,78252.15,893232.34
pool1larpvn53yyufaf8fh89nrrpgruqcq8mgxrtdxp5y87cqse3yfg2,64,9136444.80,1027.93,142756.95,2887913.65
pool1lc4yn2hew7nquk5gfc8k8cs6d7hee4a9hc2hauwj7dv759zzek0,2,0.00,0.00,0.00,0.00
pool1lcl9j8zzqtcd4g2gf5zgexcqmnmjtvje707hupngymjhq43yk3s,14,212.03,2.83,15.14,116.84
pool1ld9hkah2dkzh73pvh9tf6xr0x28us34msv3zcv2sase5vhvq962,1971,13852575.31,50.52,7028.20,2697410.78
pool1lenhysfdw3w6a37mukd4xfvsfssgvzlrnhk6v882j2kns6uyxd6,1,0.00,0.00,0.00,0.00
pool1les50pm26wpf8gym7cda470xgfswukzhyykvhyfsfl4dcu2ezj4,8,7153688.11,35823.78,894211.01,3519693.98
pool1lev7ygxcqd4aw5em7wf7y64au4hv04yl5cew27lkjmgngj46vqk,13,70036558.93,98.27,5387427.61,35009091.35
pool1lfnlxfxxwvjadesxzm4c7grgs3elj70vfdnpjwjmg0ufsqnq52t,86,25491185.81,2021.35,296409.14,4493201.44
pool1lfsslc99da8jhj5apzctsnfm76kjc6ndyc6hnynagcj8xexvjsr,14,32088434.05,601.49,2292031.00,32011168.60
pool1lfvzgsrghmugvpym868mh29288ez0nncz680mamzjygu2jpuwcd,2569,73744849.07,542.50,28705.66,11071496.26
pool1lfxjjg2fmaea3dnvu6wpxylrtrzq0pkgjutjesuzwem4xymtqaj,5,9027130.49,3008027.94,1805426.10,3009826.87
pool1lg4pepngyq03jdkskr3689pv4a4djra9q8nkzu6hwtzezwanhyn,7,10551.38,14.22,1507.34,10009.61
pool1lg4y9djpazcpaag230mawgx4w43vmld7xcd7rq35lpjvkn333nj,5,12421.42,111.63,2484.28,10351.16
pool1lgves5hhdt5h6jzy7sf57l6gq9x3csf5w05ymv5zq7a9jfwn7kk,2,1036.43,518.21,518.21,1001.43
pool1lgzryt60tckrjspn7z0gxup6ms6srd2xmtl9y7wvt5fsxnd2qxh,288,6962.82,1.17,24.18,1153.11
pool1lhvpgr8lhsf6h03v9zqxm74pa63rdxx4yuvkqfw4tv9fua8t37a,120,10988420.78,210.28,91570.17,3443312.37
pool1lhwzsyhh7dmw9wuz7qxnml2z5ef5303lp7jxgss2qnat22sprgx,11,1704.65,38.57,154.97,947.61
pool1lhz4gsk5ezdl5s4mv2kxgrkhzzhad6me2v0xmwuyt845vensdlc,2940,59390066.50,87.93,20200.70,9475459.46
pool1lj9t0saaxejj6drmxefgejwuy47lx4ewwruwvn3uttyuw6f5389,3,501.25,0.00,167.08,501.25
pool1ljqjqskd4f4zekzddw204u5xtzhyz2cllq5v5dmn27zdwf9c70f,50,75181319.62,1112.32,1503626.39,74373785.84
pool1ljywsch33t7gaf02aeeqkqpuku0ngpwl9fm04t7u5sl5xyunmgp,1345,20572478.63,40.24,15295.52,2286163.74
pool1lk0hu3njxgra3emgfa73268el89qzytecff0fzz982avvjsw3l6,23,47550.96,640.14,2067.43,19462.02
pool1lkcd3w5g6s6v3hf6kwt55dqpalrmq9h9f3ec033nnzhvgjgl860,88,944760.31,156.97,10735.91,615158.54
pool1lkpj6fa4l0sy39qfvyl4pcsnnd22y8np8j98vzwula2kuxgers4,676,6569840.06,18.32,9718.70,1275655.74
pool1ll5mu4rgne203spelzdgrse0v7yk9rfzkp243rtt60rgu8mh3q8,5,58517.78,802.54,11703.56,47608.99
pool1llfrhf0htc528jcmp9dr2tzsjnt93y2gkjfjn5znjh9a79avwv7,26,31242.76,118.99,1201.64,10031.42
pool1llknxwa7zzugc52mnv3lpxgh7az8wnqylrxxfqhzzm9e2eufug3,5,229.37,55.92,45.87,86.39
pool1lllmq2jgcqrag5c77lpc5m34fsqn63leadyx9tzx842n66ly3ql,58,266654.90,22.33,4597.50,121394.54
pool1llwfa6erdh7k87j06y2z9999jcc84cnezwhg9e2sulrgwzrsug4,1,4.61,4.61,4.61,4.61
pool1llwt52flj60vwd2tv3z4qzynu9p2njvsm95cf603zemlua4f955,3,123.04,7.82,41.01,107.41
pool1llxh8l0h8g9ghz3nrzh7ndvev4x43vnk72nsemzm795vxqs6dp8,61,10162075.82,1377.35,166591.41,5215745.82
pool1lm89trd8cl36k8njlhgsemavry2jymnhddpvtk7fk7r7g4e3fep,11,85193.17,600.82,7744.83,28174.28
pool1lmzhzkdvkh67a8hjcexlhajkk8f7kz2tf35frjut6creqs2kedg,2,2287304.50,1143652.25,1143652.25,2231658.09
pool1lnk67xp7jsc2e3yyun3fpaqvkx0f3c8q0ml29ge85udeghn2gvn,32,4133315.16,2494.92,129166.10,627809.03
pool1lnr8t7pxvq3vfg8c5lc7yjcq39haws4ntu28xpxzx4zyya9ntny,16,34573012.98,137.28,2160813.31,34545925.34
pool1lp9pugfvyrjt8rqj5v02yvucchzj27tlru9kwl7nj0fh2mjc5d3,5,2112.67,7.82,422.53,2007.62
pool1lp9wmr8dkcceta5we999nvlfh9um06cd6sggtt5523eawf7mtg4,693,15194516.98,69.45,21925.71,4983920.71
pool1lptznmldt230m0ugku9ygx0jucm74y7sgmac4mu5x2x9jznr84r,9,16638.43,51.66,1848.71,8055.75
pool1lpw2wnj2vrc75fv7f4jnfzgkqvlrxlampz5nmduwve47xgnckns,11,72853.17,1.87,6623.02,42849.20
pool1lq60ecvs6ake3ntq45sv38v0xq3traf3tvc60vx7263n5c37df7,2,10.28,5.14,5.14,7.65
pool1lq78uw50ple5j3ruk6rx3np3u5ya0hcgq2k47yfmpuj46mahwnl,1,0.00,0.00,0.00,0.00
pool1lq7t0qg273vp8t2wzmeyj7sdq2vhu2v87jjplgurpfxcs9afnr3,10,7237074.79,1.88,723707.48,7235577.64
pool1lqeg5d3jpwr3nvra568nk28sr8lttyr6cf4yyssdx6qtxea9nmr,27,414320.84,23.39,15345.22,280763.50
pool1lqpymyzg9glc88r7urptuv0d8t2tu9ty7xtshvxmgpu0j4lp8p3,2090,6556950.86,24.55,3137.30,1185378.44
pool1lqucyxuvjktfmpf7fd28j54cfgamyrxed344vnwlm9wqkwjeqwk,216,11900176.96,573.26,55093.41,4217361.49
pool1lr02c9krwmtzr29e9h2w5e7crr9elss7qfflkr42j0ke6de4vh7,4,33506.48,6725.39,8376.62,20010.42
pool1lr54356svvdz4yeqrq69wn6la2025l9r65pm26xxl466gxqqs83,2,525.37,262.69,262.69,525.37
pool1lr5ku0p3jhykdf3a2kcr0tyra30qvzrtl02dr6uyv98rxdsy3k9,346,1105200.50,18.79,3194.22,301487.13
pool1lr7pglmne4pgl4nynz398cuyjdfwhg0xxad83eqy2s6hv0cx3cc,1,0.00,0.00,0.00,0.00
pool1lr9vvcf5r5jgkgv5ly7z2lh068ymzg4xmqk5f8pu2k23vt25x7a,84,230826.87,44.16,2747.94,114591.59
pool1lrd3lza7r2a3uf4z9y52zf792kmmgqpxgl8suaz88g7fg7sdw3g,1,0.00,0.00,0.00,0.00
pool1lrgpe8s7yskeqwvgu4t6tmkmh8eqwu0xj56yvufpxcn2kjgn7ss,7,9652.24,500.10,1378.89,3997.05
pool1lrnyqdlrj97d0ju5j6d9xa8prw0xeyumfd53rz5wk3gf7czqzjz,572,2038012.90,19.43,3562.96,510715.15
pool1ls80gx9sen3qc7s6c7u2ajw6hk8faqanljugcg5tfukp6qscetv,279,142365.63,6.02,510.27,67310.75
pool1lskcfz80qg2kr2p6776kl9emjn8ulkqsqse7um7skz4y2lwa0cu,2519,21302663.70,74.32,8456.79,1524108.47
pool1lssudmnyy4vlzrvpmw4539xwklnx0lm2murc9t7n25u9sg2ce3n,2,6.00,3.00,3.00,6.00
pool1lu0gwsvugl2cgx6gzk9zqdjwutd5szp293wpvwj4fvq4jleg8ww,4,20736747.52,2667067.50,5184186.88,15392700.57
pool1lu2luhmkyayq9njh848kfknn6evwzmn3gzsxar7z3sttg7grxcm,3610,66049788.69,685.07,18296.34,24194175.41
pool1lugxr82p89qm35spzwccle405t5dfdznhrasyrtr2cyv2vyfud6,11,976088.62,6273.20,88735.33,415810.34
pool1luhm55xxqp0cv7a43rcfrr8m6m74kfe7wdvqdgfzt483x29lr0t,5,75500025.79,20250000.48,15100005.16,20250019.97
pool1lum6jezln4dtxsvjgagnd06uavwps9ntks9rk93h7spzkgyzu9w,7,6945.51,60.17,992.22,6607.06
pool1lunsvxzwgxjqf622gq72n6jhclq5juy0mqh9v4ktufdrzulfncr,44,1769.80,4.32,40.22,681.65
pool1lurfk0k0wwx54hlg8a7zp3jtstu57u59aeq7aketl55hknmmtu0,3319,32748203.79,19.47,9866.89,2440884.13
pool1luwt2c73ng94v20qv75dcyduml727s39w3yr8xvx6eue6ae58h2,6,3841.06,0.00,640.18,3841.06
pool1luyjjta9jja0nvh4wzqt4jvtesrlt893dj4c7x533dvfq9zshvp,8,191003.28,498.97,23875.41,168333.58
pool1lv7v8r8ge22agkuv2astu503d42v749p6rp3sg8l6twuwqm525c,4,5341.74,381.68,1335.43,4578.37
pool1lvgs6gdcgl3lgcc77wxmuyst8x4h9gxcth07pzry0rfsv5ntl3r,9,32133530.15,802.02,3570392.24,32009680.88
pool1lvl6pfge9lgjuanu3556x29zglf6s3fw2lf2m823x9duj9gz6tu,3,3002.91,5.05,1000.97,2997.86
pool1lvsa8e0dw6z8g2fkw7prnfa7627wuy5jjexaadck6w5sxw5xkvm,1425,33822862.49,173.34,23735.34,1654436.97
pool1lwp52dj9762g7uk2jk3czwywxqaa4753v7x2v56qr5l2znkky4h,1,1000.71,1000.71,1000.71,1000.71
pool1lx7hdfz430vmrwhkrdgxu8c0xclffltavmkejpqzzz4ax0lnfvd,103,1456168.50,602.21,14137.56,235558.33
pool1lxhlu48gq0606mj6k20mh56zz804zf7narxvmty4pd3mgee65e5,6,225623.69,11170.85,37603.95,181753.85
pool1lxqewhueg4hzyad766zhdwsjet5348ww8mzejf6fprxaw8wfq5s,65,8821772.31,271.30,135719.57,5586957.62
pool1lyh8e725vttnkr5eylgfap7pmnmkrk0wznpkfl8qxahyqe2agcu,1,0.00,0.00,0.00,0.00
pool1lyvg6ukqpumsr6wz0jvh7xutcgdtcyyde4wkvptzyl8rql4n3c6,40,549939.07,43.10,13748.48,377218.95
pool1lyvtenf7325hsrtdgeqsv7yau6hyq7ztpdwwdeqcueh8s83h34l,2,0.00,0.00,0.00,0.00
pool1lyxxsvl8tulypzj6rql4yaw9rsh6q6237fmfmj76a4mfsrz40gk,10,10087.60,0.00,1008.76,10057.12
pool1lz95nzjjmr6449lk0avhplw9678m6kxghvxzg2yfcmy3vl0k6jl,1,103.23,103.23,103.23,103.23
pool1lzg07gaddygem6f5ch60yv0l0g2529af87hqgw6gkqdmsfs39z9,1,122.08,122.08,122.08,122.08
pool1lzupr43772kfux007sdt02vlx7uzmfcplrwmxntdztxmwv9myrj,99,538779.06,31.12,5442.21,253499.16
pool1m06dl8dfcy6d0475fanf0mtnnp2tzhw8rarums042q3jux23q0j,408,27405041.35,9009.16,67169.22,3667327.05
pool1m0drnjxsvnlesq0rwmur2rh6lenuql57jfzd6cf6aegj2cv7ugy,1864,61195107.64,572.84,32829.99,31555709.39
pool1m2tgjxn880a3v6w4v3uf3kz9kduhvtr97slmpwnppd6r63230sm,1,1.04,1.04,1.04,1.04
pool1m3gg43uhtetn4hmw79u8836dyq8qe4cex8qnn6mks5egza7n6tp,1963,2175380.43,34.93,1108.19,216246.63
pool1m3h5p82m6v99nda37rmed8vrkqt43e2a8d89k76gw5ets0gdyag,1461,2968648.99,31.51,2031.93,1100844.80
pool1m3tqw6s5dphrlkxyr97faxk4cm3gwejv54mtyfd6w34dsx429eu,2,597.63,298.81,298.81,597.63
pool1m3wam7j8xjahp5mq03rfkcfcy45kevzfyekmdy74x8ghgpm5cdz,12,122680.09,2128.98,10223.34,39868.36
pool1m4awll97kncxpantx2cvswt3yfh0sqkhzzg7m2rstyy36udnt29,2,5.05,2.52,2.52,5.05
pool1m4enp55hp80tf6xl7k6f6593wnyu3pr83xfvef9x3ktdw9m0em5,3777,21060611.20,57.57,5576.02,2720040.11
pool1m4nc6ea8htk9t58yx43sqluln7cp2a6qmzq257uudrvtkue8vw3,3,712.88,1.82,237.63,711.06
pool1m4njkh73pdj90xxkgaz9dnh7gffweeupft8nfurlntg6cgqfmy8,5,13035501.36,1755.30,2607100.27,10020620.65
pool1m4r66650ugw2xshz3gtred6wdxcn65v48r0r6p4vy64dy276q8h,4,4.11,0.81,1.03,2.41
pool1m5chjwkxs3w5l43uf4y9ys2pprqxv86ffdm0fr4n38np2c7mhg6,4,55.65,4.41,13.91,46.83
pool1m62sl6rauje9cknrkhwl39tc4hujudkd7gp478dpz7tagmjr8wm,4176,16366335.15,13.85,3919.14,7295066.25
pool1m7eljcrzd593cawzwpts00mmnxnj52kr9da8r264r7c4kfd4m0h,5,3866.08,66.24,773.22,2878.00
pool1m80jrruqnynpuqvmm5cyhxjqy2q8pnnpyu40sd02z0gkzehqxua,2,3233.97,1616.98,1616.98,2483.21
pool1m83drqwlugdt9jn7jkz8hx3pne53acfkd539d9cj8yr92dr4k9y,124,1688400.20,65.52,13616.13,367529.54
pool1m90qdgknvwdewy6n7dz9ufkfqtscvdaqnw3q2vaphp20z27w706,1,1187.24,1187.24,1187.24,1187.24
pool1m9h0ndgxlgxa63wsszv7a6l4x8lur35wktlnrycme6t852xrq76,4,20825.94,11.41,5206.48,20803.11
pool1madkc465h6e9887ctj2adnky2t46km277wt3rs97hlzukzl4rx9,3,500.95,167.02,166.98,295.81
pool1mayjfth7yz6mpd4hhtcwl974ut8hld8hls2f07rrdul3ypqt9rm,1,0.00,0.00,0.00,0.00
pool1mc4h5pk0juqfd5lj08d09d9tfeyd86v7se4kq2jyu9j0jy8ey4y,12,13052.28,36.99,1087.69,12635.45
pool1mctfqjen6qflfk65vz2hm8zse0a6e3g289hc0rgvrml777g85yq,12,844.01,10.00,70.33,503.53
pool1mcvq2z34f9cfdmkd97famsh20ekqtndw246ny5e8ug3mxfdf4zq,91,1832837.30,32.31,20141.07,347090.82
pool1mcwcfl96ew79rmj4zxehr33p55e4e62dt4whyr2vqesswp9mmvz,270,4789974.21,115.19,17740.65,832548.44
pool1md2zw92j6ye2m2dl34x6pvp8phdpjcknay72tzrz4vcq523druq,1,0.00,0.00,0.00,0.00
pool1mdyuct0kgd0hcjjnea999me5dxqpepr4y8du4smegfm3vlr37w5,333,914828.38,21.13,2747.23,314906.54
pool1mdzxt5rl2sgnehedgnl0jwk8vumsglequrap26qgg0uwg4cuq52,6,10046445.45,603.16,1674407.58,6027952.43
pool1me68mzk9kephj0yqya6xu9jefjvtg0dvmly3m9sy67cezrexalx,9,33337139.12,3073.85,3704126.57,33146890.59
pool1meljzszklf23y97ka5sjqwasnel50xe5ar68gz70slm0jmt2wxs,159,163681.67,11.59,1029.44,101709.09
pool1mfgqn8n658vjdcvg3xgtr3qyet64fht0dzsukqeznxw36z8g2k6,148,3687252.39,47.38,24913.87,1029636.74
pool1mfm9nf0fc2wknc94dxyedny3vxtmv4t05arq7czyxsmg7qcy76n,21,1887.66,3.68,89.89,874.20
pool1mfyzxyggryp0jhgghvzas7qjdyz2rcfnm5rfq8s9uefvukrlps5,9,75691778.89,47.93,8410197.65,75684733.84
pool1mg37s4w4uzsmw27nsnz2mwfll8sdawngvy3n657t7nd0yjcd77e,971,4159874.63,96.17,4284.11,479828.91
pool1mgpcx225587y9uf2zcwrputd3kj70jfpf654ca86dehuw5qk5pf,3,209.74,2.83,69.91,206.91
pool1mgpzhdjucv0hyyndzq08la7m5h645wmsat35gxy9fv6au9k7eg4,2,1029.62,514.81,514.81,997.62
pool1mh4ng2ldxk4sqfppzu6r4knxrk6e87e9c4wgrred84uy7xauzlh,4596,36288141.75,64.27,7895.59,1188466.37
pool1mh5qagd86gndurjs44k9dwurktdr7rra9prm5wwf09c77cwwaqw,2,10687.79,5343.90,5343.90,10175.70
pool1mhrvkx5vfv7ygd55wsknycz2a8d6gd6y8m8rgdnqwa7jcy34g05,4,15243.98,0.00,3810.99,15243.98
pool1mhww3q6d7qssj5j2add05r7cyr7znyswe2g6vd23anpx5sh6z8d,191,897903.15,32.03,4701.06,234551.90
pool1mk9k389xy5szdzyc0fpty66fu93rhwnar3202vy0d7w9ue2rycu,28,1119.13,10.73,39.97,373.98
pool1mkjtce8r8yeku0mmc9vpwl0scuwuwc8lz89ckpj3k0kwgvlunv5,4145,12414281.84,31.24,2995.00,5796350.68
pool1mkw6psku0jvaw60uqleul9jxlmyt2xet3urjrgu6735ryxtga60,12,100565.01,159.66,8380.42,72030.24
pool1ml8hj9zhv5esld4dwuxrkda0ktclw4g5xfggg86nw3majud2uf6,1,548.61,548.61,548.61,548.61
pool1mltwh4elef39dkuuz058lgfuvx79c5wcnz3szau3arhsyq22ace,5,90732.37,23.25,18146.47,90654.63
pool1mlw3uh4m8qy0jlc8x0amx58gwt5xz277ya60xk6xv5daxjzt2gs,2,171.16,85.58,85.58,121.48
pool1mmrh2l3t5r7w5l7e82ven0e595vhgvu0hyf4ttrgcyejq8gwqcm,6,542.17,19.04,90.36,465.30
pool1mn0ydnu5tt4w80y3dxdsajddhdz03p6mudk8vlh55r5exqywxhh,5,1.87,0.00,0.37,1.87
pool1mn6relcs7dn2fqzfq5yjlwxa49d900p5sdpw62jlx45k2djgwe4,378,19523086.04,110.65,51648.38,8655597.54
pool1mnghpud4rypv76fgq5urhzaujlevp94tjxug6556e9qyua43ktl,9,5612.30,10.43,623.59,5371.72
pool1mnhywmx87p5dlsk86szshumnn5pljdnacr0e8zsq2v32ckh5wyf,43,43014.88,5.72,1000.35,37599.73
pool1mq2q0fjekk5lt8j2krryf5rvwx5z4l5l0r6afhhj0mtg23ylyuk,38,1200027.40,134.06,31579.67,329956.95
pool1mqy259k253xryf4hvdq0n72n2uvadcgp34r0fxwpqzm0z5n0qp6,190,17032502.15,643.19,89644.75,6050186.30
pool1mrxg6svcug7mc459ce5zum4qd6p0hkfc08jzpphxfnxzz8yf7ll,91,410107.64,14.20,4506.68,150940.57
pool1mscll7kd2y9c56kv7thv7kv99wjvrr72uwpmuhphaltjz0pkuqa,181,1307537.74,71.85,7223.97,1009361.92
pool1msfz0v3yrzl3k5njsm92uw59cfs5uepajs4a62rxfm5xke9d2zr,1,1047.23,1047.23,1047.23,1047.23
pool1mt8sdg37f2h3rypyuc77k7vxrjshtvjw04zdjlae9vdzyt9uu34,597,51387677.01,610.23,86076.51,14325596.88
pool1mtnhc34ylrthfu7vzja3em2j5csaq3ewd5z294hs8xw2w6nupuf,8,1360.20,7.33,170.02,1279.86
pool1mtuhuh8hkf8am0qzx45y58kll8q83sjh6pwljrflcmw970d82f3,22,70626497.94,299.79,3210295.36,51731733.34
pool1mtxmk0skqkr5y0wxnxps4n35j6wn9q8dfr82y423vvlp53vccux,41,3470627.58,705.36,84649.45,2244423.76
pool1mugxe86p0p6fzeesthdzkuk3h9xtndf4my9cznmxtmpvujzlw4f,6,12.69,0.00,2.12,12.69
pool1mv7z7jzats0g3s36rd6sk08ew6wg4pf7ulu9uvd6grpdc0mh7e0,1,0.00,0.00,0.00,0.00
pool1mvk6eup390pja32f2r9fgeus5sr5u8l6x9ver65tf7q76t6309z,2,3209.59,1604.80,1604.80,2842.30
pool1mvl09pgsejrudghjhq79qurugrvqy3pceznp7f9vz63n7ku7jqx,197,14488105.39,88.63,73543.68,10490574.03
pool1mvtxupzcgdtslv2sw0l3f4zlhd3a69fue6gu0vhqz47w7j5zryx,4,10053453.23,474.78,2513363.31,10052493.85
pool1mw8jpnmxd22vw4h68uqw70nx24vfju4aav9rznesc4vnjnt68g4,17,4841.56,28.46,284.80,2669.55
pool1mwp8ewtzmun0426v9z0h9um2amswgfzn78rckfl2fc3t5sy0m5g,46,9246252.10,166.97,201005.48,8816456.88
pool1mwv76cr0znehqxe23xk4ylhr0j6gwsjxf2cvwjxm0ewdgcjzw3e,4,31628.22,1257.13,7907.05,29113.95
pool1mxqjlrfskhd5kql9kak06fpdh8xjwc76gec76p3taqy2qmfzs5z,1052,10189359.74,6.73,9685.70,5000558.04
pool1mxv85lq4lvuqx8r83lmwlvqhtnu3qjy0lldhsv83rfnj5ed7vyg,1,8.25,8.25,8.25,8.25
pool1my7sevxtc4dfvj626q0ujqqukntfa2v0uuydq6wd8x8hvml03rn,167,139685.99,7.89,836.44,52276.02
pool1myvgx4ef424e6nw2strqq7dxcepav52plyyhxrk0avaw7y098l2,1120,48802491.83,38.69,43573.65,7264032.90
pool1myw0304x7q2zuk24pzmf2rwwcwlh9p29pnj257zzjcd9j29s4xl,1,340.42,340.42,340.42,340.42
pool1mzf0vc58p7ktgs5gqzqrcwtrs4xnlpd5v9thzl7gahqj7f7aqye,3,104.62,1.13,34.87,103.48
pool1mzn7a7h4ghv35d7hm7lepzcc8vkwq38qajnnuqalc60mkl0recn,13,314.27,0.00,24.17,304.53
pool1mzry5s8pkfy42ul2xevaq7dk6qae8247hqd8serm3ms06glvny0,18,60424.91,4.64,3356.94,50621.71
pool1n0tqrkw62zmr20h9jz5ev2ph428ym49wt2z0mq4vlylf5u0sv7y,15,67397.25,812.80,4493.15,25091.40
pool1n0uxgs5qfk5n9xl7qvq9jt8zuu02cntrsjnjayjlqtejyffnemj,3454,62569830.57,1492.14,18115.18,1782223.60
pool1n20x3spgcj72k0azl85gxt72qzr2eq7sr53tlmwdg8wrz60ynzn,25,8859.73,30.69,354.39,3323.03
pool1n2j7zmw69gf3weqp3wae234p3lykjks49c84mleqgmnmg4jht3y,38,139178.04,323.07,3662.58,50103.81
pool1n2yp66zk6m33sg8k20hsvmk9tw7xeeswzdcfxhnx9hm9jkxv5k4,916,3526738.63,57.62,3850.15,856958.25
pool1n353xqapcq8wtyskm8cj4g04t8rv03lteyl30c42zug7kzv8vqz,49,753205.38,549.22,15371.54,383021.98
pool1n3agd6rep8jw3gff684mja56ns6wqmshayu0av7hxcgx7f4pnwy,3,4593.36,1097.10,1531.12,2998.65
pool1n3sjq3qvu5vvcd6aud6ndcwq7r3ghmkafcg60gznlwfrk2ucxku,1007,847998.15,18.11,842.10,227204.39
pool1n4fq4gw6snzqjep3pylj8dc6aaa4xgn78gl58k360dqdw6a58g8,46,2199423.88,311.48,47813.56,1673335.58
pool1n500map6vvxwkxnrw5m9vgmjqrmtaxuuxkgqvzz7699c7qc550v,58,879203.78,52.75,15158.69,266857.29
pool1n5kljtvdhg29vrhr6uefqk76dpepzfwuvsw8zd0z5yqfuqj7x8a,7,237648.69,2.83,33949.81,211833.43
pool1n5shd9xdt4s2gm27fxcnuejaqhhmpepn6chw2c82kqnuzdtpsem,118,820381.21,30.11,6952.38,628065.24
pool1n5ytegzw3enscfw4t8wsjytrz228agvm9c3xaarce7pgjzftdtx,26,168986.00,321.06,6499.46,113329.68
pool1n62v2xsrnpyyaav2mgauwzn40u8hfzavt520vsaehz252v2tf7u,12,2800.35,70.75,233.36,747.53
pool1n6erydn8x79sa3fmrqmj7mcyqa9em5fppr447j6d9k0xwfl7sc5,4,76301500.32,20250000.40,19075375.08,20250002.72
pool1n6w5q9hw3gj6574uts75mkyrqcm702n240fxlk5df4sf7a7vlvk,1,138.74,138.74,138.74,138.74
pool1n6z7rf722heq35v2dxvstfwezgdt8cv0mftpv4r9jay3wjk2kkt,16,2626005.01,49799.46,164125.31,780039.63
pool1n75mtv5qwzquyq2cprnu7yqpnyg4ppagpzvcw6gk2un5vadg48a,7,1133239.43,2594.61,161891.35,1101404.91
pool1n7s5kpymwd0zsld8q23tpf7z5esjaqwmnnzzssee5630zpx5ww0,216,1641881.17,16.05,7601.30,413309.54
pool1n7zh6hu89v9lz6d8ggjr9xll8q8jqr5aa4qxkfnlfh2uj39802c,2,2398.77,1199.39,1199.39,1997.83
pool1n7zhzk2zyvqywfj476s4xk9h0xzncsq37469d8cyg37lsngvvqp,2,27.38,13.69,13.69,21.32
pool1n8nq690antqxcekkekzk07yp7y7psmm3v6ad6tmkm4v3ulyhz0w,32,1906.43,1.81,59.58,1054.48
pool1n8xmcjuadnkn8kk9axtjt3ahx5amj4nc8446grdjzfdrzl77xh6,1,148.44,148.44,148.44,148.44
pool1n940lfxkd7z73qzj5y554yrletrmgg5x2eya9tpglh3uwcqfnud,461,1367280.65,258.40,2965.90,158910.39
pool1n96ql32ct37n8w0l9ddhnc2t8tv0uyd6kuhzua8uxy63xs35wgl,3,80.47,1.52,26.82,77.52
pool1n9vs3ye3939ae8x6jfkf0unksj7q05zgsk2fnm8lhve95w3j0rs,2,1402.16,701.08,701.08,1354.32
pool1nad4u2vhlwpjd2f52dpgf5rh36ntvdsm38mxmztndtmcscpy82u,1,0.00,0.00,0.00,0.00
pool1ncg357pkgx29g6jrwunk94pwxe409ktxyrw8s0k66vwkc4qdgnu,49,2087259.36,334.42,42597.13,960053.26
pool1nchr83fc0hrykvhlnh64n3wlt5vkdu727xjep59znrwzs589jdd,22,790458.80,993.83,35929.95,514945.85
pool1ncst8jldzmwa4s874u3x4q7seqjyq3njc89a2w2056m2ywktd6w,6,526.00,57.28,87.67,226.99
pool1ndtsklata6rphamr6jw2p3ltnzayq3pezhg0djvn7n5js8rqlzh,20,9365.67,5.19,468.28,7653.54
pool1ndu9fpv7prmp6r6k23lzx6fcpjlvh6upl3w8ghldys467u6vvrl,4,1405.33,4.15,351.33,1397.02
pool1nf8990yn76kp9csnfrrl9aar7z8l7pas0jlfu637us5n6sgycem,3,5097.81,1191.67,1699.27,3896.52
pool1nffpy6r7l4ueeedzvvzsta2vty9g6mtet6huuhfzyvndkwd35dl,32,3651277.61,15777.60,114102.43,812207.18
pool1ng0wg25mkdkcmryzh5dcw70p0462z7svegxr9c7d2k5cqf9tt2k,2,466.98,233.49,233.49,466.98
pool1ng3vqzrhn3z45yjdscv3q37n26g2pj3vp99rfkgv6225y8lqg8j,29542,50276731.45,10.69,1701.87,2333596.29
pool1nh9j5qucsddxkzn3m4dm4gxkhwtpya4wm4e0ye2u0puaqgkcm65,182,482107.13,13.49,2648.94,304791.41
pool1nhd907krga9dh69kf0jg4tl0764rravepy337gptvsknxyyx94k,822,1806504.27,20.09,2197.69,187121.66
pool1nhhsh9yhlrvj9e3nce0zpx0xm2xlt6tx7gqakhr6hjc8wy84sat,1368,20186961.85,107.40,14756.55,11393311.54
pool1nhls8e9swnyshldgjknku4npreax075nw0ltrkmrarh4w3skxt9,582,3801481.89,29.03,6531.76,1155966.30
pool1nhlv5z2lsptzgcp9ype0mppc7zyndm66ypm4sw5hy27ewdchqx0,1998,4721511.12,13.54,2363.12,504907.01
pool1nhstzc6dk7d04k83yfccyrylzewhpd422kall4u6a5ck5c0pw3q,7,130.60,0.00,18.66,120.86
pool1njgax5g706nhknujnntnrx0gyu8zqvrhexwmmp7qrfhjvaumfq4,1,32.62,32.62,32.62,32.62
pool1njjr0zn7uvydjy8067nprgwlyxqnznp9wgllfnag24nycgkda25,5,70025002.48,3463.92,14005000.50,35010289.75
pool1njs6ejpvdkt3cee7u8ekqyunmufm82jjrehtg42xd28m7zhzn5v,1,126.66,126.66,126.66,126.66
pool1njs7jzx60aht6ws459434lsx37gfmqahwr0uu4y00dd3wwnggym,25,220643.72,1008.57,8825.75,71336.15
pool1nll5ghr8cdkl6ppnxpuk6c6vrg9d5kq3tp8d6xjdds5pct6pxj9,16,33395253.41,3612.29,2087203.34,33175183.01
pool1nlv8mxyx5juqe5aua9tplr5j9ar4wy950zlya3ul94wkgqmf9z0,1,245.20,245.20,245.20,245.20
pool1nmnauud7ghvm3l9tyw9fwhgus6vcymqyksynlwjxxjeyx4rrsvx,2,0.00,0.00,0.00,0.00
pool1nnfwte5lhr8rxjye4a8m8krt5fsu6fs2g39g6ccq09nqqf8sekw,6,25.30,0.00,4.22,15.30
pool1npdsmx25352qzj33rk2mtvc6u7c339qs0vv7gy43t7kpcapw95d,5,350.50,0.00,70.10,350.46
pool1npx8wwtj8knlavx6h7spcj7sk6n6dd5qa0npk9fcdefd542y9vx,1,150.61,150.61,150.61,150.61
pool1nq0jx33p0sfa2fux33yklkzssck4kfgaqlgnlc0a7a9ggqzhgnt,2,110.62,55.31,55.31,100.62
pool1nqheyct9a0mxn80cwp9pd5guncfu3rzwqtmru0l94accz7gjcgl,24,73066595.75,4.02,3044441.49,20250001.00
pool1nqveuw4q2yw9u9x6yzy260skdwc309krsx32hmgvpyp962mu996,3,776.66,0.00,258.89,776.66
pool1ns6veetewra0zqlljq36rwt4g3d5s0lnvxmzmx82epph50weacy,9,2141.07,6.92,237.90,2029.11
pool1nsaul82z7ytu73q96w2wgj8wrardmrzjkuzaankzn0xuqkj70qm,38,855452.97,500.66,22511.92,249102.67
pool1nss40t2xhh7ntgp8ca73u2xd8kzyn3dgtf9jfh0y57kxul9zt82,19,120242.55,1096.46,6328.56,80028.13
pool1nt00f6p0frek3f0jza4u9ka5rey76752j5zkrpldkpqvjspytm3,2,1009.94,504.97,504.97,1007.62
pool1nt65pu06tlggjeaer8862fdju98ddrrxa9wnw3k4lhfvgrrgt85,37,2761966.30,157.99,74647.74,2079955.71
pool1ntfxj2jgvhzen8e86ed679ctukar3vj538ywyyq8ryld66jj4sx,1755,11512831.31,35.28,6560.02,2535497.94
pool1ntlyr9hrrdg3gpdkmr267hq46ys2rlj5y25dzx3reuecgd7p5sh,1,74028409.67,74028409.67,74028409.67,74028409.67
pool1ntwurms3f0j4kqe5wfpg9chlasylp0lmuw72m4fn66vnuyrvs8v,45,1705093.68,3484.89,37890.97,386954.98
pool1ntyzyya7yde0yrna4q9n4g7m0gttpy35jzld9mckmtz0zfm28nq,1,7786.29,7786.29,7786.29,7786.29
pool1nudasuv0lljpe0tswcverqvlh0v4226vgnpsuxn0e9nkvnvcvne,5506,37716018.40,89.68,6849.99,2003385.26
pool1nuhdrn8v7jrqpqtyrjhqqd2jtjff2pks6sz7qfsurp96vqdswz5,1,0.00,0.00,0.00,0.00
pool1nw42xqnaplxsx3fq4ytl4x4qqvhs7g5uymnm906pfvx5636fglw,35,248771.71,649.77,7107.76,81599.84
pool1nwcu3al5vfm7t3dtvyuu4hlmlvezd05c5v386q90hlptks4mqw3,6,699073.72,8843.83,116512.29,468065.95
pool1nwddjgvjrke3e2gu6m0a7y04alhgcx4egec6dd9gahr5sz0p5u9,33,194562.62,1107.22,5895.84,64314.12
pool1nwfzutmm6et5yt6mdk6d3ls57qfmwje0hwcepr3dn68mu9wl0pd,47,700747.14,211.59,14909.51,205221.96
pool1nwljjun9hsly0vkuq2kuxzleteyl35j9s8ap4x9yh4lpuglxmu3,1,0.00,0.00,0.00,0.00
pool1nwt6mxqus3tpzrshky5h5kykz9rjpxmacrvw0z6yak9uk5p5045,2929,21114784.52,103.91,7208.87,2254280.44
pool1nwv3c3q62lqcdgp7s0jtl4xldgfnjnt0szkdclk4tzjqzv6kv7n,11,33188777.74,24.20,3017161.61,33151773.92
pool1nx2g7dzc90uu47e8kp057r59g8z5sz6v0x76wsph8xpcqzqycv7,6,1036223.70,2543.76,172703.95,1022937.13
pool1nydxffhrmpn0ft6wpg4l6cwp2jr2glxvx5hxr69xknl0s5p603w,7,1704.78,118.44,243.54,1160.82
pool1nyf8x2xrlmfqwy9shqrlx2csentnzyjmxr0r3w0ljuaqz5ek7qz,118,7516994.19,57.92,63703.34,3742177.16
pool1nyh6jcznks8wvlek7r7rlvg9hfchfqqyvup39ugkmr6kghrl0as,34,174503.50,654.50,5132.46,97800.77
pool1nyj2wwps0nk9kn48rtqck5876la35k3j4talj24gpvnauxqsfh3,2,564.43,282.21,282.21,564.43
pool1nyjw0460ww5qjtpukexuywxdz4lzhy6tm7yygn74lnlcc62hnc8,5,15507854.58,5.17,3101570.92,15507793.86
pool1nyq3fcx438ydyprzfnpg8y8nkekmjqe2gp3mh04e9hv22ljaavj,2,0.00,0.00,0.00,0.00
pool1nz9h4raywm6mu2v8l7htuaqvmn06l3mepuaxynpzlwljsf8txhy,3074,69569743.20,461.56,22631.67,5100779.13
pool1nzsjg3cuam3uj39qusn44cs2uj7h30lppqsrqsllwxs2c8fx4xs,995,516598.59,7.46,519.19,30065.93
pool1p00qq8zftf8m2ll0r9d24fx6tq7yzxzy5teltpswl7zew5m7nqp,60,119995.09,52.94,1999.92,84913.64
pool1p0jc0n0sqhj7fhm8sng8086akyyrsl085cvd6ewskhhly9tn3d0,1,100.26,100.26,100.26,100.26
pool1p2ldp00jsl5l9xpg9m77zavhqmw7amtg5nlf0jwudlu2zaq389s,15,373455.56,1.74,24897.04,371037.29
pool1p2vgec7gamn3zq0pgevauvu5m7gzhzwal48sutz4hc5tk54vnxn,1,32.04,32.04,32.04,32.04
pool1p39fgnpatsmyln2nyhr64elqfzxxk8q25xtkny97qgnlkllaxry,3,120.55,0.00,40.18,120.55
pool1p3chxyfv5cfk95hwq5zqjuljrpyk3uk5ua5alpn8rjgkkvvy8ne,1012,1358985.54,15.65,1342.87,356637.01
pool1p42f6kw9lkgw5tn77kqyrc22zrs4uq298p468gacwzw6gq0ckq2,61,924230.16,13.83,15151.31,417159.54
pool1p4a0vuantvzu9ysk3w430vgxjjfa95g0uz2sw8e4tltjg4jhkwz,10,57845.05,32.08,5784.50,57240.81
pool1p4s6gafaqd2w2dft5c5j2zj6grudvmpwsyx9gumzunak688x5tj,1,0.00,0.00,0.00,0.00
pool1p5ja48uqc7pjnuqvwu7cgmspvx938qpnf4zqm0x2k0ngkh4lkjx,570,30314230.23,626.83,53182.86,6735025.81
pool1p627hhec2ha6wu6ql377c3hv4mjd26w7ll0xyw2ezgnu6nyl0a4,22,1383858.79,254.05,62902.67,466376.33
pool1p693mkpyjphqedgje9sx5k8dzaqsusmw99vh26gd8aszjzkajt4,27,288991.54,20.54,10703.39,207592.36
pool1p6hcxptwdpepslluq44shkzgk72k5gsszhhllykdcvts6xnrwvg,1,0.00,0.00,0.00,0.00
pool1p6t3cglz78w32telly44te3d5l30zc0f0mprhehm6jus59m9aaa,1,14005984.88,14005984.88,14005984.88,14005984.88
pool1p70svj9zrg7lgzkdn8udlslry0t27qs8r9tz9lr955v2yfna2rl,8,46806335.29,126470.80,5850791.91,45237174.03
pool1p7x98437an7p6c7jf9zdkd0ekmw077q4a3c3r3lazxr0ccgf5vp,3,2.74,0.24,0.91,2.50
pool1p82vmqednsalje23mpnz9u3qt9ruj79xu83mr6p8t93fw5fcu3y,82,894054.81,79.28,10903.11,476334.69
pool1p86vmfhr4xnerm4kjltlhxrpzaeqjg30h7p8f6h279ulcty9n7e,1,458.26,458.26,458.26,458.26
pool1p8a3jea0k5w749jf0jtr7qeer8xth9r0zr8ktmp75heqx0ewyz7,1,51498.02,51498.02,51498.02,51498.02
pool1p8ap6v2k60kkav3hqcchwltxhuwpfw2qtj8txcw4scp76hdvgmc,14,172856.75,2267.02,12346.91,48840.23
pool1p8cgpwp63e08jsckma4y83x4ehc3ynt0tuameh99hmreg0hf7mx,2,1569.64,784.82,784.82,1569.64
pool1p8fhygz7ga9hghhwmkr64p3ftn77lxu9nyddvsqszattcdyajc0,1120,8205740.36,59.05,7326.55,1240229.45
pool1p8gda4td9882kcllejstrzfh84n8cxts0j67dyuuamzdg85cf3a,3,2057.98,0.00,685.99,2057.98
pool1p8yn95k4wgznc38ezckler84ufc6kxemmsvptv74r3g4zkxj24q,44,909728.38,289.24,20675.64,656309.67
pool1p90ymkn27wj473ve0leq0u6s935atjspsq77kxttyzzqsekqjh3,4,4907.46,1234.26,1226.86,2437.42
pool1p98qztq2t77u89vvsratsmsx8hu965w4n7xneg5qu7gtgcdude0,2,11.63,5.82,5.82,10.00
pool1p9sda64t6l9802tsu2fj6phvt9xfqgcpjucyr3kek8wzurmn8rz,56,951060.17,57.99,16983.22,479655.81
pool1p9sjhjx0v3k76wvgdqu7jcks2ra48wqlhc6g0mkewd25k3zcymy,221,23337223.19,876.32,105598.29,7388125.84
pool1paxzxl23ygch4ad08m8zu477atpfumdeg6uyrvg579eawvsy77z,4,1628.26,6.22,407.06,1615.83
pool1pd7x30trlcd86h9x8ya5ch3j4729wudgdh4qrmr6fulh5zm24w9,2,10.28,5.14,5.14,7.65
pool1pdqcefsvu9mqxfalj5dywcfyymtpqpjqhlnxl99ds62pxv5ungm,10,228454.77,52.56,22845.48,113836.39
pool1peayemzlkmcwn64c455mx8sxdaztq0xuv9hdxlp0kcsxz57up3z,41,3722361.03,2141.23,90789.29,2038660.26
pool1pemnlylem2e94xguhd3fytj90848kpv4agvr6rthx2tp58z79ek,334,17116401.95,115.22,51246.71,12161940.28
pool1peps5qt7kjcnsfh530hya9wa7ww5rplvw3n73efk800mk4unsyg,1,558.87,558.87,558.87,558.87
pool1pf6yhzdr9vpct5rc3dtwersl4lyuglp80l4jc67kf2qj29xjg2u,753,2873496.21,6.60,3816.06,1420639.79
pool1pfdd8d8n7jx0xnk4uev3x36se87c747w6l2d5x7fanh5w9evhw2,389,10314034.23,252.27,26514.23,3805404.00
pool1pfl8ssfunf32pe5dyntel7eqc4gutej3f9r70h8ss7v3vesdtks,11,5643.10,8.50,513.01,2731.23
pool1pfprlfz0ywcnewjegazz05ghgcfkvu40v6edsz6yn8w362sdjr8,1765,28060760.22,57.93,15898.45,8683863.62
pool1pg2fxvdpl9d8kdsfln3lvmwwk0apwvw6ykc5fyuc9jamgk6yvmt,1,2313.44,2313.44,2313.44,2313.44
pool1pg2k7lp6w68vlvdycug2ycu3mkrt0z4ftxay4g8zchj87mw6ug8,2,1005.18,502.59,502.59,1005.18
pool1pgdw8zfuwjkqhkl5fycfkdplkwqkmwvx7gsr2rkvvpnf23wwg8r,4,3396.40,86.46,849.10,3223.47
pool1pgmuramw9waw9ckxsvpxmcn9p6fd4xl5jmavu8jje0x5vuc00l0,11,5158413.60,330232.93,468946.69,1226143.45
pool1ph3u549evvr8626xav25vk3sgcwa9llhvcp65q0m0gvz6q2klz3,1,0.00,0.00,0.00,0.00
pool1phc0dedrry2jp2s2tqngcw87vzx3mychvm7qqe3470etzsf3ph7,165,1311457.20,30.61,7948.23,630152.49
pool1phgu0sftpeantu8smmve8w2pa0n4jhhxekrls8h8mnyuvm8m5t8,12,101111.88,88.51,8425.99,54916.06
pool1pj5jnehwjtt4esfl0325hr338n98v3kcww3sggce59ugyf2f883,7,5083424.91,1194.26,726203.56,5042067.89
pool1pj5wv8tvu5f5dpmx6w5wthqy4sg3vs4qjvumg439v0plxgnu8a6,5,1763.04,3.83,352.61,1561.13
pool1pjc7paja05sa5uzukgkc0wn6hfwmx37a50akys5hrhx3j96vf2j,6,24258.79,2933.64,4043.13,10597.30
pool1pjmqlsyny06w0x60rfd3seul5xc9pluh3t08y55ylhks28jeh7c,9,25018507.19,150178.42,2779834.13,15275556.12
pool1pk6q8vjxu0404jzq0dpt7fceyz9yu57lmx5csne8tmce5nx523m,16,90.42,0.00,5.65,66.59
pool1pkpey8fua58sqvkwr9w4zyxhnvrqhnucnu8g2cupeggsyxee6ke,5,1564.90,20.41,312.98,1237.31
pool1pkqtms0pzd2x8phsrxn9kk5gmy4gn79edg9hhldykjd0guv0av9,3,875.95,380.15,291.98,495.23
pool1plgh3y74vhkj7l0wpxtnwtp22czfq004a69y40fptfg4kntvypm,10,16653.20,371.38,1665.32,10851.28
pool1pm635fj8skdkh0lvhtcygateyt4nt4gj5rap28zqpe7rv0wgdhf,2,2.05,1.03,1.03,2.05
pool1pmcgmdd2984nzs2azxmau9umr49sqf3sr0kgphhra6yfg67nt00,2,397.92,198.96,198.96,397.92
pool1pmknsy9yqh06fpmduf8vzcvkzpllygjj8uzkjccgvewtq9uc53k,1,0.00,0.00,0.00,0.00
pool1pmm654jfx088td54ekkkd0j28x6r5gnjdhnutzggursrxjnpk2y,2624,46787430.95,504.30,17830.58,5197150.88
pool1pmrgd8snhv0nnj97xcg70nqqhg0v9g3d0e93jl8vn23wxtsxz53,317,3370804.61,20.65,10633.45,1297142.42
pool1pmsjsvnd506xqzwlcavexcl86ta046eqz74xzvt97688urmd0qj,4,1196.87,27.20,299.22,1142.47
pool1pmyave37l324x5phh0s7tdy30kx9mdzmqnj829teccun2je37xw,58,1828.16,0.05,31.52,1472.00
pool1pn36hexudnjg6uwvxc5tld3ay2g6ty99ardzhn7crhkhzshjpte,24,689877.30,522.09,28744.89,510982.59
pool1pnpdsl0cungyn362fgp0lk8wt34xh68fywljnvtq9dtkk2sd8qv,1,0.00,0.00,0.00,0.00
pool1pnsk7v8a4eyn9qtqev7k3clazzw2s66cpa850zprqlu5x5eqtuw,9,11172.56,89.82,1241.40,10466.45
pool1pnuluy36ukdzv369d4zee8rarpw2k8ukwe5kkdmh06t6y78cyrr,2,748.85,374.42,374.42,585.23
pool1pnvthl5hwnsuulx6fch0885aae0l9fkht35rla46dw9r54d5whr,1,2.06,2.06,2.06,2.06
pool1pnzwgsgzd6t4788sfr7dxjyusepyq9xaxnpyfcngewqf29t9ayd,2616,5723616.42,30.90,2187.93,1054008.32
pool1pp7tn2w6ken4rpfcjwcdup3g4m5gcdhc9lgvrm3mnxz5stmrhq2,2569,50151151.70,178.97,19521.66,2906423.25
pool1ppqdq5yfkkllrcj0u47pakg9e4ha568pz3a9kkrr6w2kyw8gxv7,176,8401442.45,56.26,47735.47,4213492.13
pool1ppznyu6qrvlw9uuqa3tslryjd40nh56jyvmaqw6kdf4kzq3y8kh,1308,27924305.57,153.78,21348.86,2304137.22
pool1pqdgdhka8xegl8y3lt780n0v4p9yl5z3vdh6qqs4vdlvgaujaxu,8,4766.63,15.42,595.83,4100.86
pool1pqm2cev326p2mrruzw9xru65uvt3r7f0rdf5gtx54zdskxqhmur,528,3739629.55,205.53,7082.63,536013.84
pool1prc9hna2mgamtspchrygc66s9n4tlkvh39e3t9zccef4kzc3ns2,2075,59722047.86,366.04,28781.71,4353870.98
pool1prerctlrtn5e63m0zu5ydr2adaxpsypzj6wx3v8y44dsyj2lcwm,13,12198.82,2.83,938.37,11912.11
pool1prn0a3058n4e0evm55gvc5rrawht79p3jxpv42nq7s2ncxhszla,1,1190.76,1190.76,1190.76,1190.76
pool1ps39v4j035ejzrga2qt56cfhjuwx38wved8rd0mujtyh6r5mt3c,4,33807.56,816.96,8451.89,32173.63
pool1ps3quyamsmn5cvp403tgjzgpfwha5u4dr2zc3wtts5kgqc078se,1,95.42,95.42,95.42,95.42
pool1pshqcksxywy68lt04lw6uf35f4yssekh5dx2mxqmyrukke2z5y3,3535,51854991.65,53.03,14669.02,11170625.52
pool1psk0c2p7pwactw00nkzjexdw0msn7g8nddc06eyvds6yswr3tjg,5310,22308574.34,63.63,4201.24,1135354.75
pool1psr42v6rvv3raeqsg9ru2zy5dp4cchlde8hw9xthrpstx5wz7wk,194,135234.94,17.87,697.09,31126.02
pool1ptzl40tt9a6l2kp6fhjmzsg3t2maqdhwv6cnqu8kj6xgz3vw9us,10,32131564.26,1124.93,3213156.43,32007620.73
pool1ptzt9j6y4jefzkq4vj3z7wa4h492ktlkecggseqvc8f060xuved,32,2719264.46,7095.16,84977.01,1474762.18
pool1pu49urd00qf9zzeghrks03tvszzvrdzecw649ag5dwd07snx69n,10,29836.45,2.82,2983.65,10362.68
pool1pu5jlj4q9w9jlxeu370a3c9myx47md5j5m2str0naunn2q3lkdy,181,5740338.22,16.54,31714.58,2552170.01
pool1pujegnn8qf7xux6tkx2mj2qdn9jf0y4z0t6nma97wdgqudlc9ww,1,640.94,640.94,640.94,640.94
pool1pup39uk3d9hl8vg3v0evn3hxkxygkas0asekng7x9cpx5f2r6d6,3,1444.30,442.16,481.43,1000.60
pool1pv4hhvy8dkvllr706q0lpyu9py6lcf6zddl4wlynwx3cglxajmg,23,154327.62,1110.36,6709.90,58366.09
pool1pvg7uqf9a0ms24xcdfq8f48p72csfslgz3gzwlmfee5szuda0du,1,23.43,23.43,23.43,23.43
pool1pvsvhzqlrtmseg2mlk600hzs7zqztuqm4ytxyeupa2dyjzs33nr,32,11642.84,4.87,363.84,3499.52
pool1pvu2zdexh8wr4ggmuz90jvqrua6an43qj9m9urs785p8kwjzqwl,43,37680290.82,519.06,876285.83,33327218.13
pool1pvxsyzqze90jyyqqewg5spkh6tst0cwyvtvh6qfsn6xx75p2vk9,1,2.64,2.64,2.64,2.64
pool1pwfdasxs7ht7878g99fnw86g7u77hqjvv4qgvr9jx6reznfrllj,5,19353.99,53.39,3870.80,18734.89
pool1pxhywws8s8h05c69ug3k4rl6jtpxms23eyag7eawwdvxql8spwc,6,945.85,3.99,157.64,915.98
pool1pxw4z2m0lmw422hr32dwyy3uz9436g8p7qdmg2sl2w0m5pyk3yn,182,627968.46,35.40,3450.38,233795.04
pool1py2uxkvuj926h42s40wxl26dh0ggaq882v4m0hkd99m86vzmwnz,43,2452787.36,541.96,57041.57,1439960.97
pool1py5y4uqukj777aj0ax0dpc7tchcl35dax5rxppuwfj0wkg3km82,1,0.00,0.00,0.00,0.00
pool1py6q7y3f7jz60mt5jhsrdx6lqtuvc02chqgvwzjzayctqhgzzge,18,5547657.81,134.85,308203.21,2170196.62
pool1pzkgztz8y8tgd9tpfu7umep97x7m0c5ck0dpn2vqtf202fyhfv5,41,49997.03,10.00,1219.44,27785.73
pool1pzqdfptvl5f8vh28az37jag2wkfmqz9x8d6eufl8y0z9q34hlr7,39,1257095.53,26.79,32233.22,982452.84
pool1q0a7a94cfk4ph7gugj636tsuhhd98l2sfjv2adhaff2mvs7kmtl,1069,8199802.31,61.02,7670.54,2400860.87
pool1q0c5nnpfpyl8ks0fdm0h2p833yxj0gll237z362yluvs2nt65pp,1,110.60,110.60,110.60,110.60
pool1q0jmr57udknpq8k5qtgt5vgdjq9pzrzevf68966wxn8zgz7qy3w,222,3266748.30,142.18,14715.08,1080451.84
pool1q0memmdw4ktr88fkma53tqgkaqeq3wfc476le59rped4cu8tn4h,391,2805699.37,24.18,7175.70,1951127.41
pool1q23kstu6ute8x43z95ahnwh04n9rpn6k0wzakq663ke75220682,37,2743.16,14.35,74.14,692.84
pool1q2fh3cl6rx0wv5gry4qx5l4h65qpjf7x99xmq66nqj2fj5g6u9z,172,1862800.50,886.10,10830.24,864385.18
pool1q34qp4ckh590gt99eadtz8w8ag3watavf5adj8qjs7guxmkgk8g,1,1047.62,1047.62,1047.62,1047.62
pool1q3snnww4ggayr8hd6gd83ypx982yhwlhywlcew7yxq46jzyst2g,1,0.00,0.00,0.00,0.00
pool1q3xdrewrldt06rpjx6pzguzm847ujxnmajxrsr7dsthscz4htlv,11,15138.98,1.31,1376.27,11779.09
pool1q42574l9xer3khqpshk8w2vc6md6zlah7493fp6zzv9mqurmufx,2,429.14,214.57,214.57,429.14
pool1q5h54ekx7wwqpfz78y8dppyl6uv7rpyvvr8nhf4es434un4mpx3,25,3629.36,12.83,145.17,2015.64
pool1q5q3rld4nll02w8sqhf9582jcf22t99yt27z0pqksvpnv4rdra9,2,52749880.40,26374940.20,26374940.20,52702864.53
pool1q5sspejl875flc0z6wh9y9zxkgqnk0y3aaw8jc0pkxs6cpavm4q,43,175533.08,63.52,4082.16,60861.62
pool1q5za50d3sr707xkmjtyrs0v76ezxyj8g8uhggfk0wfl77aufd9k,16,1084445.88,732.35,67777.87,728418.82
pool1q66d2n39uvln4hazyzv8fyq977mpqus78sjd2369qfn7cptdeyh,54,6416699.34,3149.54,118827.77,2399296.67
pool1q6lzp5x6tqg04chsxakupgq6x829nsx2dk5w8h043fnajm8d3uj,64,180484.66,190.34,2820.07,40269.57
pool1q6ydlweuzytf4wxdnr9h7qxalu7v3kg4c2t6m7uysn0r67jqx62,9,19.74,0.00,2.19,17.25
pool1q7k8mmnvsgthp94hpn8jrnacjewplvywq70eef90fv4nu7gedzp,53,428471.41,103.16,8084.37,195052.85
pool1q7wrwstqkzhrffdzpw8ftfd4epmxywdjnp8384atjcnezchv242,305,1560428.89,48.48,5116.16,310358.30
pool1q80jjs53w0fx836n8g38gtdwr8ck5zre3da90peuxn84sj3cu0r,1112,6265429.06,24.68,5634.38,2195407.66
pool1q86d5lfjtyrq8yzkyc55dy5p4yw0qvgkp5nqgr9ld5fv6ustg8h,1,3.07,3.07,3.07,3.07
pool1q8a7ym63gurl72wr32je0tv0lp4p2uh8vzzc6rn6un7ryslvqmu,393,5696608.91,106.32,14495.19,1072168.81
pool1q8fqknvzyj9p4ezhxqdghlc7rnmwvwuku9eevgvl25cpjy385gg,255,1474328.65,163.10,5781.68,267538.99
pool1q8sll5g69z98q6mmu5teg7zn4fnlsqjyq898e6cxmec0cj9lk6r,5,13408.02,117.27,2681.60,12313.87
pool1q8x5k5wq6zsshdjcmyzcgzwaqd9mfg9fypaaew8xs597svmeyk4,1,73381720.56,73381720.56,73381720.56,73381720.56
pool1q8xqp4w6yzt3z7wd7359ywn6xfke2qj249gyxtru684ruk8kazv,2,233.38,116.69,116.69,208.04
pool1q9049mstrv5czwyylpf3xen08pmvsfsgtru4wf3zvc9uxat2sm0,1738,10239342.64,31.28,5891.45,3406143.11
pool1q9kwa675j2z53jecrs6pn3fqsc9ypxrsypu5dgu6hammqkagy22,107,7141929.66,117.17,66747.01,6091345.98
pool1qa0t2lecmzmvzn6z7lzc439wvlgz0x04lvnqcdyzv4gywz3qehp,9,429249.82,4938.53,47694.42,213896.36
pool1qa2h3hha0m5he0429ym7tqvsn89nsddvn7wgkx3v8g6hsstdzc0,26,113308.22,2.02,4358.01,107096.55
pool1qa6lqyu67ghpa0evxfu9nzqkj3h82qpfku82ec79zdwru4pd25m,5296,47052644.87,59.75,8884.56,4439773.01
pool1qadgwr92pgx0yz3u9n63f0s9ugryaud6wxers850z6sfu06y3rg,162,72231.26,11.12,445.87,13486.82
pool1qakys0fxx5p2fxcnsc2tyjpqa88q7qgtdh5t3a32hplv6fg25r9,2311,47105177.32,314.02,20383.03,4742998.44
pool1qarmuvc39q7ygl2affsuly2hs39mukcag9tunsnu8xudwv8mf00,6,28893.16,859.24,4815.53,25189.62
pool1qatl6qf2zja8a3hyhn42ar5a54h9k0dn3hd2j4uxvz5mqn25zy5,2,0.00,0.00,0.00,0.00
pool1qaxrj6n50naglqmzj5puq5sd0awgy9wnqmykpwmcah4vzhndpve,49,901478.39,124.14,18397.52,387256.19
pool1qc05c76autq4235sq20zu4vjwtl5m0xn4mxq9kg6e66uwz95kd4,26,35100210.03,14.27,1350008.08,35011725.47
pool1qcdw8uk5d9ehldhccy926u886qhr07xa354yrkamdde0qku53nx,15,15090.18,3.22,1006.01,9257.28
pool1qcu4r9rw853pyvfznfeujfzxlku4xtvp8cas6c2y79hvuy22vl4,14,23277.04,70.09,1662.65,20097.65
pool1qcw5gq4zsxupu33q4g7d4hqw87tmlzclqut3c9wexczpwfmqfal,32,207990.15,291.67,6499.69,50101.62
pool1qd3hwt2hvkt2jn9lktcjqpdk9cz0mk8qdue35x00p7ud5g0268s,4,66.49,2.48,16.62,61.54
pool1qd6mlgr6u0yp2ddxn7gd5jr6pcflu5md3sff4xyu2ngeu503jkd,8,16318.14,72.92,2039.77,15004.21
pool1qd9yemufpf2fctpd2zyx9v2lv3h4fne3v8jplse284gqxk8ketu,1,164.62,164.62,164.62,164.62
pool1qdjx5xeeu6288ftmhmdr0c6mazkua7m07cydmr78ymfhz7jj7g4,133,256041.11,15.23,1925.12,50953.26
pool1qds0ldd626j09nnpn3g3ne2fvn65phr6cz74k6xv8urtgygu9cp,13,7790.82,31.82,599.29,3318.79
pool1qdw8vw3tk20e4lgcd9evd9u4hxj8zekdg2qpmnzdk83dcncavpd,1,0.00,0.00,0.00,0.00
pool1qel9h28zarup4g5dx95smeggfruq26k47lc8e6wmdzaaywyj63r,4,36732.19,1462.88,9183.05,33806.43
pool1qelp62ghdjald2mfsmfd4k82y0rnd2e8udypc8vu58fwkpaceml,3,379.49,156.56,126.50,195.27
pool1qeqylk3pnenvt3j4mah2dafcnd3h8uc3fqhvfzrxlxf3xuvdvvp,3,1533601.29,202564.11,511200.43,1328303.05
pool1qetkrhjs9fll3nthuxk6zp0ssanf3rszg5wh8x79mg67gsg7vjv,40,10554416.10,46.41,263860.40,10100916.54
pool1qf0wftuxq20v4c0es83qgfunte4uxepx7jesy8nczxz2wv8yld2,1,0.00,0.00,0.00,0.00
pool1qfdzhvd4kttdew9klp89jtuts46dnecxdj36lwax9j2eyag0v6t,2,3.24,1.62,1.62,2.38
pool1qfxukshs4fkcrflzdnxa2fdza5lfvew3y6echg8ckaa4q8m5hyf,4948,55024749.62,39.41,11120.60,13430197.98
pool1qg0g6hv2e50wevkqj34g0cya4f9audctayzp8wqwhxtdjnhn3tt,9,551.72,1.02,61.30,354.25
pool1qgmwcxs8d8qmr0vtvsqd9u8gugrventh5dcqukmu79e2sgfuu8t,5760,8469042.55,27.75,1470.32,363518.08
pool1qgsylc6kjv29zva4w783fuyf9xxhj78ktgjlxjvppest5ya9pek,4,39876.49,1489.48,9969.12,36897.53
pool1qh4jvncd9chmm5ru3sk3cqxuat83vj8v7rgl4x5lqfepcywvc9g,6,19.42,0.91,3.24,12.30
pool1qhnjcmyy9xrf00z4uj66yedje5ue2ukqte2hr6dmty9a2gz7tu5,1,197.23,197.23,197.23,197.23
pool1qhs3cf9ymc2nvmrd2j8cs36cj9jdqgnqk6s9ngyvy2lz5s8rak8,71,318648.72,14.85,4488.01,185597.64
pool1qkd5y9azf2xx0gmrj68lrkcn59ldjmnpzd3y2rq3tvjp2vqljan,529,10489587.54,47.84,19829.09,2966277.51
pool1qku2yhky7sv4dfjfv42uyvauhehuqevk25aw952d7ulzqzx3jcu,1457,18893006.07,219.44,12967.06,1708696.71
pool1qkvt06tjvd5mjf3yms9y6hp22uedn5ys6384pn8k3d4tz3d7j2z,1,497.43,497.43,497.43,497.43
pool1qkwseukqpnezhh9gjcuhtse7wp7v8m8asgekl34lh3f5xnnl6z2,4,35.25,7.72,8.81,19.81
pool1qle9cf4ycvz2ervhjsedsq8kkxdey4a9jxyuhhmj8wanx2xjqgn,2,10.28,5.14,5.14,7.65
pool1qlkr6qu4mm38x77ldp2vnxn0gatgq4ernvvdw4pxze2tuyw5pfh,3,13156.20,501.04,4385.40,12648.75
pool1qlpen2kkw8yc0pjyjjcg4zlswhrahf73f99y3ae85kjy6leqk7l,106,9181.60,1.63,86.62,3154.59
pool1qlpjsz5j5vqs59cnu09j90agycj2xvrp45sv0v6euujj60up6dw,17,64422.40,616.08,3789.55,25693.92
pool1qlps2dwr0qd0a7pjqr47apewf2lq42xv03zgentgwv9mspeh57g,6,70019922.58,120.46,11669987.10,35009840.13
pool1qlxxw3zlgx0kgv2cel0n6z3a6yjs0w8grwtp5xwna8fm2g5tsda,10,60894.63,23.39,6089.46,55842.43
pool1qm06f4n2hwgeqzm9lsc3rdyqcsvtt2d7z76carwxjv0e274mu24,15,227074.05,642.66,15138.27,126423.76
pool1qm656ca3pdnu3gfetusmslva555j3m3efaq5u44sgpdsjn7dg4d,3,1047.50,38.95,349.17,1008.42
pool1qmsck80ldwm23t4t5elxc857r82ph3urkt7tpyq65ntn2dv2ust,120,9682565.05,3135.03,80688.04,1649354.17
pool1qn77pnnf6cf22qjjfd2kadudmdc77rw0uxked3m2arnn2ea2f9v,14,314911.39,5309.10,22493.67,211841.17
pool1qngadlcclnkqgdwd4l3vp5gmgdc7cpkfek76q7rzscqqk5ak9y8,5,1396.76,20.00,279.35,956.90
pool1qnrqc7zpwye2r9wtkayh2dryvfqs7unp99f2039duljrsaffq5c,4982,29809305.45,45.19,5983.40,800309.13
pool1qp3j2cy4xje783x3a98y08yz6kwr3emu05zm2xyxryajjhmt48p,3,1578.60,84.80,526.20,1492.70
pool1qp7ge7rwk8ht63v8z6vkyw3g8em5qr5k0z0l6ta8mxjtzx4dzy8,5,183.13,3.25,36.63,114.59
pool1qpn9lpmwp9p88vtp6gt20xdc5e7rf50ew42hp7gdnfltxqvfpka,5,948.18,33.87,189.64,878.48
pool1qprj52nh0j32p5vq290rludcfz58kujyszt5ztfvj2ymx43649f,7,7.03,0.37,1.00,2.77
pool1qpuzf5kcxrmuf6qg2nnu9cs7hj2d6ke3fwz58l7rlefcy50caaa,16,280981.07,61.75,17561.32,169688.59
pool1qq76dtlr0m9g6xlvngzq550j86cgtslphyjffz3pgpn7wazatdc,93,284305.85,14.04,3057.05,140968.35
pool1qqenhz258k5k9nyjull6gkzg7s4f3ae8v7qxwpegeef9v0nsy3e,236,1526631.42,55.52,6468.78,460062.82
pool1qqlf3epa7m8780p2jx5689u2ql06tw026l5377tptk2zswrc645,74,5060583.39,247.20,68386.26,2960825.90
pool1qqq0c53vaf5ju0n3fvujmyxwca0yhp65930evw9lngmr5705csz,1717,53972362.39,40.95,31434.11,24830623.04
pool1qqq6qqa0hpzvumv5p87ynczfmdj557xuwlc3289ke42g72z7f74,1579,12945755.80,57.42,8198.71,1585876.05
pool1qqq9tqyj69j9kygpxza3h82ynh8d0xlueucnu2yqum8nse8hj7y,340,2206312.00,70.98,6489.15,463938.20
pool1qqqq02jxq3q9j93devp9pts90ctm8w3r0rgek97ngujpjgpw46j,12,117524.09,1.58,9793.67,112070.78
pool1qqqq4md2rfdt75qvh3x9cgmkrgkl74ctcj3fnxpu3ylcudl22ex,1178,5403949.95,65.50,4587.39,516048.70
pool1qqqq58jy30weq2an3px3maljdmawcwh6ml4hr8m9euq9z2n7wyz,18,910637.17,65.16,50590.95,522097.88
pool1qqqqdktl6pq46td0mwut0qn30g7nlue0sete9wxl0hwsq37wrw8,6448,56346516.63,48.91,8738.60,4940651.98
pool1qqqqpanw9zc0rzh0yp247nzf2s35uvnsm7aaesfl2nnejaev0uc,5056,73640334.38,53.80,14564.94,14429066.06
pool1qqqqqdk4zhsjuxxd8jyvwncf5eucfskz0xjjj64fdmlgj735lr9,3263,69500796.99,71.03,21299.66,2642642.01
pool1qqqqrwzy7njvjq9wph7usj5gghm3py9c97688ek8pgc7uem9cfz,1343,6413353.48,50.94,4775.39,710961.16
pool1qqqqvmpm9v2l0tkwx4dpzth3g85lapxjug2j6sucnphyqlt4fuu,31,113403.54,11.40,3658.18,58923.51
pool1qqqqx69ztfvd83rtafs3mk4lwanehrglmp2vwkjpaguecs2t4c2,1250,1508732.87,15.79,1206.99,349914.31
pool1qqqqzyqf8mlm70883zht60n4q6uqxg4a8x266sewv8ad2grkztl,1867,5757664.10,32.13,3083.91,1000286.96
pool1qqqyv9pn9typyqwcxqk5ewpxy5p27g5j2ms58hpp2c2kuzs5z77,3858,26763172.13,53.95,6937.06,1165750.71
pool1qqvukkkfr3ux4qylfkrky23f6trl2l6xjluv36z90ax7gfa8yxt,1045,23508926.00,44.79,22496.58,8204764.34
pool1qr6jmmu8q2u44gzy2xarmnkq70c0ggz72nnh77qmevl62th69k3,18,602.37,0.00,33.47,221.11
pool1qrmc270m32g080pks0uvyf0hhj7m8gyhgckkpy32l7nnzrll85v,4,537.98,56.65,134.50,424.69
pool1qrp4nzmalqdgc96avaqjha9zp6mkahtzler6tvuupzlvvw786qn,5,101351.19,323.76,20270.24,59361.73
pool1qsdg8ylzy4kv624drfgkzuqgqj3y29lw44qnvltepht2wegh58c,2,3168.04,1584.02,1584.02,3163.85
pool1qsql4xy359qgypnnh3hu3hm7ax4rs37gkas9tnhun03ygglxtth,1,2.27,2.27,2.27,2.27
pool1qsxhnvr03tg6jj7cl0y74jd63n85fgejm8tlqq7ct7fexfygkye,7,362046.58,1744.73,51720.94,287571.23
pool1qtscx3ge0rgmpffgqen5uup8r8tnav7a2veduweskqx7gf8gjec,3,37158954.52,2123253.01,12386318.17,35010651.35
pool1qu48wpwwarmkewhlwge9xs87sgt8gdnqq26nnre2v6c8up4fxwr,221,5795989.99,252.20,26226.20,2425412.48
pool1quj6cp7w4tarq7hrcdsjxlgcmnunm2xvnpvmj20l9nplue6rjxx,80,243655.86,74.09,3045.70,109464.04
pool1qv3velgldz529zq904jy9qfrhdh0akwkkhylu2rymd6sw9m02cc,4,646972.64,13.36,161743.16,646945.91
pool1qvhss6kxmtl27nr4ugvypayhvt4a4vzll8p9csdg2v8q7d22llu,922,6508010.55,73.78,7058.58,336925.18
pool1qvkdjemewy8phhrkdhscjcnh3947f5ae42rdfjkv6gkgkjtlfsg,10,18569190.91,8647.69,1856919.09,17862294.41
pool1qvqpd95v4k2ge6unntpettve72ntguk6qp9ktet572e7v4v9de8,2,136.64,68.32,68.32,136.33
pool1qvudfuw9ar47up5fugs53s2g84q3c4v86z4es6uwsfzzs89rwha,44,41464526.47,452.25,942375.60,40887149.32
pool1qvvn2l690zm3v2p0f3vd66ly6cfs2wjqx34zpqcx5pwsx3eprtp,1117,20472905.70,335.38,18328.47,3041364.19
pool1qw4h9v0yqy53m2yx6ngcj5w8394q7wtmfk06edlpvu0zw4gn9ku,4,7727.14,778.48,1931.78,6097.62
pool1qw5jc5u4k6ck47kdwtwh8msv6t82x5c6qx38hjaycnha6skrek7,4,4.59,0.00,1.15,4.59
pool1qwa8x4u4a2pff0xdv0haxpgk3tyrvl5adl2lpf3ztcftqruhea0,2374,29432776.40,33.45,12397.97,3464606.36
pool1qwn9l4vzm4rsrd5kexuafqlsgg4ap877vsunqpm4yq89crm4aqr,4,79.07,0.00,19.77,79.07
pool1qxpjz94fpwdwnltngf036yjkh63nrl55xkshug56aukqqwn6gsn,41,156499.37,292.69,3817.06,51233.35
pool1qxpzlkxfem0q230hjp9f622c6yaej8qycwy34nwyt98axedf78f,2,103.00,51.50,51.50,100.00
pool1qz9qfxcxsc46vpgrrj868scmttjp3y9xaehyn6knknegcsphq6u,5,37834.93,554.65,7566.99,19109.34
pool1qzg0lsft8d6zz5vytz5td3f383ra8f46zsdnsa93dgrg2nf7ckf,4,509.24,127.23,127.31,254.79
pool1qzlw72zfwhhc0ptvzdpld06szu39x9mlm6782efy6sluz932fx6,795,3619050.78,25.74,4552.27,550476.39
pool1qzlw756y0z6ehg9jkerrfrydr7qlvzl5pgset33h3h2akst593a,737,3419966.03,1.81,4640.39,635059.17
pool1qzlw76zztkg02rywyypyw6s0gtkg2zpkaxhl6cq7eauqg8h9659,417,3094112.59,73.75,7419.93,819508.35
pool1qzlw7den2mlj0fmm65g0fnf46vyhzkhmdaf0f8v3s6skuue6rlk,756,10792253.35,93.47,14275.47,3340205.94
pool1qzlw7z5mutmd39ldyjnp8n650weqe55z5p8dl3fagac3ge0nx8l,1098,20824599.52,47.46,18965.94,7345769.56
pool1qzlwlpcsgflr9z3f24fg836tyq45p0kf5cnrp20s8v0psp6tdkx,836,21138805.76,72.89,25285.65,2068838.66
pool1qzlwlyu92fsx94qu6u5nw3sy334f5yat3dv3jgx0grrsv0kp422,690,4611192.21,52.58,6682.89,1199369.77
pool1qzz0flh92qkg0mjufaw9j2zk72lmvf5n2kuaslk4f8j4ze362w4,659,290937.63,10.23,441.48,59051.78
pool1r04czz6aq4qnd8a3x2klzd6g20mrxns0ksrac0z0jn7uycgl7l2,1,0.00,0.00,0.00,0.00
pool1r0sxz0hygfc0266lhdclve6j3cwcwlth6dya6uey65yxjnwm7qc,436,13353063.97,132.76,30626.29,4502557.63
pool1r2249l40de8nlj77u77yzk8kxl3av4k09ztswcuqfexzcxwx3k8,3,122.52,0.00,40.84,122.52
pool1r2fph82mjhgu955cesn4yejjva4sk7uuh06yhwf8e9ln5djy5h7,4,14750001.53,0.00,3687500.38,14750001.53
pool1r2g9wv7jyt7haygrmrc2tst2m8m9ssrr3c690ffp49uhywhvmdl,127,2973644.65,38.70,23414.52,841860.68
pool1r2z2v45320taq385pny6gz80hyq3rsue8r8n0w9zpq0c7yjl9el,3,1068.52,49.68,356.17,1014.63
pool1r3ax7pd3cgad5kttench60ttr23kvfpx3vzvd6c3azppgw7q93t,981,4426284.63,79.99,4512.01,289229.15
pool1r48usrtdxqzt6dmd02xgjss8xgqc9pc92cpkm4pykywnv7n33g6,1,2.73,2.73,2.73,2.73
pool1r55hyfrd3tw6nzpkvf4rfceh2f04yph92fc462phnd0akp2s5r6,611,32383698.69,417.08,53001.14,5175323.16
pool1r5r0z899up4kc9slygn7a2uhl9ama33sl6qwafvef28jgaf06hz,3,1537.82,427.06,512.61,1110.76
pool1r5srulgd6gpav0sympqrkt9f4ykl06lh9sgk0p20r54v7759kws,120,1256347.81,20.32,10469.57,447552.90
pool1r650ja5y4jy7xd6srjz8ujkumy8xpk8kqgrxu92g3nwyk5jf4zq,6,45.34,1.54,7.56,24.11
pool1r6dzsz6ju52hgelstefrrel4y8fsyt8ck9qgfvvmamgns4vh7w4,9,145665.31,687.82,16185.03,128412.21
pool1r6lp6uumua0kvs069y0k5kh3t7acvv4pz9pfw3zs6rmmcs52z4z,5,1.69,0.00,0.34,1.69
pool1r76pjed6q8k9y8lngcedqhv52zqzc2gczwzqc93x6kwq73xprtr,5,104842.01,15001.18,20968.40,51913.57
pool1r7tn56lj5j7te7zyj3wvqn0wyw8tr3g96chw6lwnqxjmgggrfd8,31,70538.60,27.14,2275.44,57973.85
pool1r80l6hsdftyfvqftjak0r6llnszdtnh2x7rvtllawzj7x3afq2k,4,82153.57,4290.77,20538.39,73467.59
pool1r8938r4ts8f4t8nsp9xl9dktzapt7f67jgpsp4wrju39xrdnaye,196,2554634.28,77.27,13033.85,531161.99
pool1r8lmsrdure385hz647kl2qjhyyxkdle4au5krjcsqed4x8227k3,383,408339.90,22.38,1066.16,101512.60
pool1r96tdg42e7qpxxef2fhzlusl4wtqjk24kznsj4ttar0f6adw0jq,1,1.67,1.67,1.67,1.67
pool1r99a6puhdv2xzcfw05jjqvks3xhmy2l4wsndx9hmhudvu4yevz5,1,76328575.12,76328575.12,76328575.12,76328575.12
pool1r9dfv5360alp5dh020k050d4n4yh9h4gms9lf0srm43z5zk4d3s,3,115.45,8.00,38.48,107.45
pool1r9fpxs4kcn80kylsjxs8tg3p50nk2s66qerfqtw4x70n5740nj9,2,76431801.33,38215900.66,38215900.66,76431793.85
pool1r9kse9x8ja0ajkyw8w96zw5c2aqeey6j85nmyqxhwt0rs090fu4,2,35710689.54,17855344.77,17855344.77,35710682.21
pool1r9mgl8cj0hyht0678cpdljt2pw353672jyy9ak00dzalglx2jq5,7,1348.63,31.69,192.66,1072.93
pool1r9qyjstrc050njg8lm7wxy5874mgu322vyljntdsm5qgxvjcewv,202,34670.47,2.77,171.64,9171.77
pool1ra2su7cvnmr83pu9nvvz4a9carsgc9egc3e5fuk7h9pycyp5ela,6035,91431027.99,1084.68,15150.13,10868527.45
pool1ralkckmup253k79hap4chku450qyshezh4sasjqh0ltxu2gytlq,26,566298.66,670.07,21780.72,277788.50
pool1raua8hvrv65aq3gjuk0re4juzdpw4gnpkeq7lyl94j8cv2grye4,6,1120.93,3.54,186.82,1000.06
pool1rcd7qslz3xnpnk9u6tcwegy5r2574uf8suqu24ptg637jha3sr5,143,8285706.85,1466.64,57942.01,4287563.79
pool1rcdq9r6f0nwv376afk5dx3ugaumlhm4kx7g8tue74dlwgwsmd4l,2,9267.20,4633.60,4633.60,9267.20
pool1rcg65q6m4y2w49n0nvj570xfa3hsyarm5tjnnumy4xm3sw0d6lu,3,203.18,0.00,67.73,203.18
pool1rct5guwnp6nk9f4ldn5tr3s42j0nm5rxeayv56lxua5ck47ex39,2468,48547885.42,432.03,19670.94,3774569.32
pool1rd02pkrtvme3pd6fznltk62e4cr5ddgq5fmd080neu4mkt8r020,2,3009.51,1504.75,1504.75,3004.71
pool1rdlpngqqd54x2ek7s9m8hl5yrc7dx5mlm9wtdqatldm5jfrcgqt,14,1099.41,0.00,78.53,586.69
pool1re8cmjt895tpx8dx2veg0cew5yqtxnt82sll03e433a4ugnh9w7,108,200138.32,20.58,1853.13,120172.45
pool1reje63x6l2dh4t6d8ya3m04c9lypu4chc0cvn4jnk7lmus54ckn,4,1010.08,1.32,252.52,1007.43
pool1rek8m67j3lrslpkrv5twxr5adpt2r5k3qq2huh6vgx8jkcw4qc8,1,197.46,197.46,197.46,197.46
pool1repwaml372lx5kf3yw7568yhefa4d60r2d07un5gmykyv57ejxq,4,419.54,6.57,104.89,406.41
pool1ret0s9eqs27nvw0k7y6vvv7nzfhpx3a86qyjnl4np79sk29q8f8,3,7153.75,2993.96,2384.58,4157.66
pool1rf2q4a04tgrwpuj5xg4sf0dj737ytaqs8s6yuyps55r6s87x7v7,2,1000.99,500.49,500.49,1000.99
pool1rfwfql54dxqe2f3pht7c8xztq9c5wncdhcp542nk76dcgshtvdk,2,376.52,188.26,188.26,257.63
pool1rg4h4fc9j70w3jx86s3vc8vzd7hxwd4sz4j80d93hk7j7mm5dx2,1,27.62,27.62,27.62,27.62
pool1rg8yt3kqrzdch8edul6fm7n6achgvfyg8n6zhrpx5a83scz83ys,15,174492.47,27.64,11632.83,173264.81
pool1rglej4fkg4l99e5agyxsd5w977n5u7chq8wrpwsgmr80292fw65,4,460.38,0.00,115.09,460.38
pool1rhew9hdp6wpudh22k7gyjtv98r872hca064n8ug8lk3j65ae59a,1,9.98,9.98,9.98,9.98
pool1rhq7qyw4y2s80gstyevm6rhz2lsdsrcstawunxx5eld8csvuvlu,98,121739.56,16.49,1242.24,43925.29
pool1rj6apcqxcvavaxp22f75zs9upphena7ntsnut2efvq98g4404up,401,1697803.57,34.04,4233.92,219853.08
pool1rj8zkzk3dm0lmnjtafczqfp8sshmang8gg85eypjeh2e6cve0vl,39,8957.82,10.34,229.69,2866.19
pool1rjkalgw0mp4mh38yppx8mc9s0dyf23ktuqlzqpqld63uufvhudd,1,1010.49,1010.49,1010.49,1010.49
pool1rjxdqghfjw5rv6lxg8qhedkechvfgnsqhl8rrzwck9g45n43yql,2741,16987998.15,32.22,6197.74,1109780.49
pool1rk28hp58ptwapha9nc944ast32gln8a7hx6eue0gzuj7sndzrhk,8,73694.47,6368.80,9211.81,28260.17
pool1rk2mshek3ln2uahk9xg2r2yf6z5u00h37g4jc2mkyt6yk0r2xw3,1,9.49,9.49,9.49,9.49
pool1rkknx2m6h3dw6y6t8ux6fx65mxamgk207mdwtcc3yvas2yyrvxp,2,23.61,11.81,11.81,21.94
pool1rkm8rplkafvllxjuddrkqc3u3lgd9uf327tvmvfdyygsv7lkhm8,1,75534015.12,75534015.12,75534015.12,75534015.12
pool1rkyc3ss904h066sffergss99r9p2kqa4k6ds0g4u5ud4x7yaajd,517,7312764.52,21.83,14144.61,4393008.97
pool1rkz43352y9kmsvzqn3wp08t6qfz64j6at4gtmn74ge0tv7hqdhf,57,2800.17,2.44,49.13,1502.49
pool1rm8rza3ff0cape54ddjclwwm6a4g5wx604t3y9mdlysdz898f42,1,501.12,501.12,501.12,501.12
pool1rmpv0h0pecysach8tj06vxx9wku2pdm74mk9cunx759v58q0hu2,239,50898395.13,4463.68,212964.00,10675561.56
pool1rp466amdpse0gsmdkteqpqmnm5fl4v0q8juwwq4xagwygwzu8ln,1,507.10,507.10,507.10,507.10
pool1rpdfq9gm9ls0q8tnc2ssnpg5av3hm5ehktul7cfznjvjxyku2k6,5,10387.88,49.80,2077.58,10097.46
pool1rpfj2y4vddj8azwu9977a63s2cjl374pep98l6dhuqh5u9jctj0,12,48987.14,81.62,4082.26,28993.41
pool1rpjjz68kmmetyxztmrstrwgz8lxf6v0d7vqgw98r5x8rc50jrdf,1472,4626095.94,18.14,3142.73,230232.79
pool1rq4vahleea4yc38cr58klupl6g0w7ca07lc6kyvtcznp6649j5p,2,3.68,1.84,1.84,3.67
pool1rq6c8ntlsh2xl3le0utg4fpxqhag7fdlpzdykcld7dh9gtz8fxt,7,274.42,2.72,39.20,119.95
pool1rq70y0sj8fnjgnuavsjtvk2qm6hjw2r9zfacd46z6z8c7tlgcmx,1,127.05,127.05,127.05,127.05
pool1rqgf6qd0p3wyf9dxf2w7qcddvgg4vu56l35ez2xqemhqun2gn7y,58,1318196.20,1981.80,22727.52,202886.36
pool1rqgmaq82p2l3j2jknc2syky2xtgylevss39c7ffgpp5x56s5pt5,3,17178003.06,5047482.55,5726001.02,12112550.29
pool1rqwhzyfvm8uh6qseqpkkz2uvga0ufr0aaavrw7nynytuxy9uj6c,1,598.61,598.61,598.61,598.61
pool1rryu0ckdfzcrxuef98q78fzw25dh3lck8l0u3lq6zpv7x5a6qyd,1,0.00,0.00,0.00,0.00
pool1rrzlme4g2r49x7tcesdkuk5wqv5ks2dkq3ptapgnclgvkcxy9sc,3,25012.72,3740.58,8337.57,20929.72
pool1rscmngzy9mzyy98kl7h38scshgmk4cw0cs6ed58mq68mw4uustm,2,1062.56,531.28,531.28,1012.45
pool1rsm2ara9zm9tq0gupcq4c7e3v7c8lwxlgjgh2zalgjf3669rlwq,1,100.84,100.84,100.84,100.84
pool1rsrmpq6jnxnwh6z8wlzphnan4huyz6pymcgna2p5m93mz780xkw,1,107.43,107.43,107.43,107.43
pool1rte6kvv4z3f4fuq6np3qsmxh3pujem6rncpg58tuxc04gwmc2xn,10,3772.95,15.18,377.30,3161.86
pool1rthy0xp2syng0cydp85wvz973szmq2ns8u5p4hdedkwlyhry27w,14,6559.27,30.77,468.52,5629.89
pool1rtnk3j8jv0wl0qz2j8xq4h5yeh0uvw3xj738fgl6wc4scxenkgz,10,88125.69,1059.70,8812.57,51685.77
pool1rtnv5vj0glxu9w2mkl9ptev72enx75gjzdkc8urfhavr5reah0c,88,799113.89,468.81,9080.84,504434.59
pool1rtr6nja4hh8j8hkrmevehw7009za3fu2vucv27rl6qdr6xttd09,3,2026.30,507.62,675.43,1518.68
pool1ru5ltcffgwnz6qdmccq9lcfu4zncygacm5fzvwz6tq9zcfwyl0v,2,5021.44,2510.72,2510.72,5017.62
pool1rv3f2ctg35ke7t5azmaha6393skhvnhwedh96e6r703tg00wp77,7,5609.10,0.00,801.30,5265.76
pool1rven0s3l30qawndj2m8v0fwgc8rsthumda72l4wkgwdhx7qgdjw,1,103.07,103.07,103.07,103.07
pool1rvjj8cp3urh7de07pm0ceqha2x4lxws69lhd4429dm6djfjsy4l,2017,27716959.05,28.38,13741.68,2260585.33
pool1rvng7n968748udkc5rxy4h9zp9hms4s3jsfwuues76ft28uc056,3050,60479865.75,64.93,19829.46,3290390.84
pool1rw29y8c5md2rm4ynkrqhpm9saatd0a0xzyyc6xudelgkww5junh,19,10047323.94,97.83,528806.52,2042297.82
pool1rw3sdsrge8wa076403lrxey3zw557v3kpaw0kwaxwg02zjfv82k,1,0.00,0.00,0.00,0.00
pool1rx2745qj65qrgcutmpydv9k3ld930puq52t7skcd3ennqh550zc,14,9278.22,162.31,662.73,4664.62
pool1rxgxstg6t7azlsrk4vuuwp0jgl9e776dg86zqzaa0qt6vz43n9r,7,5822331.56,1786.64,831761.65,5438885.98
pool1ryyfhgm4rqa9pnykxuhxcmy6rdn0uyltufm9t86c6uskwv3aame,1,17.43,17.43,17.43,17.43
pool1rzhyuwfwdzksm9v2ze8playmvdv3u04x9a0tmhg2krx7kt2635t,2,983.78,491.89,491.89,983.78
pool1rzlg6gtquajeyzpn5whh2alqzgdpy5ugha275z2haq79glqze85,1,0.00,0.00,0.00,0.00
pool1rzzz3sy88y05r8vqpejczv6zqntf6ayn3untjkn9kfud6nemcp9,2,5072.33,2536.17,2536.17,5072.33
pool1s04pdfl3sv5gzuc80322rc4ne0xs7gekux7gtckvvwt7qutjy6w,130,17839036.23,21.97,137223.36,13445827.93
pool1s0cfkzheywsftgwp0yz7sq4rt5gyf7t5kfwj5a269kpxvndjn6q,995,23642440.89,101.18,23761.25,5158782.84
pool1s0kkragd8r2xyyms680l9eed443v3eufmarykpjfh2r6cpksm2j,16,722001.61,62.09,45125.10,601798.06
pool1s2qefm0h0449tdwsh7w6gw7mn9n8d3w48zunslxdazlfghtn4wh,2,0.00,0.00,0.00,0.00
pool1s2rj8t2a5tfv0rpsfak77g03h96uv3rqxp62t6jm3dh45g2e2pj,266,1263585.61,14.78,4750.32,454139.22
pool1s3z5qsg75dar26ykyzcz2u8wc2swgq7pyp7f9sdh5n06qh3jhq2,391,6033502.16,12.95,15430.95,2973243.47
pool1s4a3y5ktdg7s08d6mntkctzc739h5n46t930jggef287cwz8pph,1,163.04,163.04,163.04,163.04
pool1s4hxwet8ezjgfjxekeexezzyu2zhg302hpex6f683hvsw8qpd5v,1,2007.82,2007.82,2007.82,2007.82
pool1s4ve6tap62x9khdvhkk9f8fj74ks5txuygsnu7wkujk3jd2c0jh,6,326.47,43.49,54.41,138.66
pool1s54847dyrcpgxjvsjvhjjqjrkz3x6vevy77xaqje5nugxhp6j2g,3,12.15,1.75,4.05,10.40
pool1s6s6eyve0lmc4e0emzf2l68n9ya0rhrpdcq0jmkmmmxv2rkrx42,7,6713.13,17.29,959.02,6619.09
pool1s6se64qce5rjjjhh6ufcdnc54p8qg78mlhjm38lymx99sqysvzx,8492,58025195.42,45.84,6832.92,10001981.60
pool1s6x6kltycpxq82hyqhlqllqj3q5l2m8w499gvtu4xrfv29c0q2q,1955,2831727.47,9.82,1448.45,268454.57
pool1s79cqtwk5s24lcske704ckx7k2pagn8hc95rxvy3xfda6r62pg9,217,112381.86,11.02,517.89,17163.62
pool1s7ddsvuw09dvk7et6t842vhdfcmq893y88y3ev9attn67mruf5m,1865,11990855.45,153.22,6429.41,1800702.13
pool1s7eglqwzl84xgvpr4pptylcgqhkjr4xk8d6y3k22plu3sagms25,78,68363.87,3.69,876.46,54333.24
pool1s7vl4r9vr2etmr2pfhcvxu223e8asaxu96te3urd7gh3c2kl74a,1,133.40,133.40,133.40,133.40
pool1s8347yjgmfguf0ynj69euw7r75w7usdrfheckpcrjrk2yfvnpwq,7,70042840.08,511.07,10006120.01,35009986.19
pool1sa0uepv2uzwd0g8sh5lkjzgwkcxrg3z4m5wyzgfh93pnwupsm8g,2,1293.49,646.75,646.75,1292.87
pool1samrdfdupytre8zuqf5y3sda0kxhp894yvjpnhwwczukwd4mx6y,1,520.08,520.08,520.08,520.08
pool1scnq7w9rxgt2c4lax0y0ch0el2t9pjcyffhhzs2dfgt75u2zcq4,2,24777.93,12388.97,12388.97,24760.31
pool1sdare7xfd6tmak8ghek7kwgpgj6xzu0reppmw4t46rmcs0h6vr2,10,70045706.45,520.05,7004570.65,35008791.69
pool1sdvrd0sxh2mprqc3m9zmvrfccavzpz9r2uancg866hpec7nnt0s,20,1559406.41,1470.18,77970.32,973942.43
pool1sf784g6eje8vzq9f5wu583eurhfq2ee9hzyhl46yezkuqqtmw07,326,1377353.00,54.56,4225.01,213761.72
pool1sffl322qgsrsmkcedzzwk05396dkmj56pcepqvj6px3n2re3qu4,57,904391.76,14.35,15866.52,382142.58
pool1sfjdu0xmz7vdmp6cufxd55gprp95g4p703zzr3upt70dst0fur2,20,1519935.17,29.05,75996.76,1008709.73
pool1sfuspqv9gyqn65vwu6e27dp6ju7gmqmgsnasqp6zxp6qqlzlpfe,51,475140.90,211.58,9316.49,180621.13
pool1sghd7rmq0ktp6xd8yp84m00530hhqxx94lsnswmajt2xxrzpyjk,11,68383.32,169.81,6216.67,64640.68
pool1sghwg652uwe7ksmk5laxxft58j6km6prahvnddk3s6zgxek5qen,37,317881.40,178.26,8591.39,78372.87
pool1sj3gnahsms73uxxu43rgwczdw596en7dtsfcqf6297vzgcedquv,22,285342.83,206.40,12970.13,108690.67
pool1sjnh0ymk9fhhnusm7uksux5yhpfyhjfmseq5nuupsj6ezskc0pj,1,35728539.20,35728539.20,35728539.20,35728539.20
pool1sjrfgg0z0su3gun5xdsj5kvl34m5el3zf6mkaffukg9ucc0q4zc,2,384.92,192.46,192.46,384.92
pool1sjwdmeme5zs042jzwmdvxshhv27kepxke0mr02f2yzacsyd4wtu,5656,44584889.42,49.48,7882.76,3790110.34
pool1sk4s9cmjc9s5uw5zju76tnu3hjc7qj4geaeq7psy9yjay4a9nwd,2,103.16,51.58,51.58,100.99
pool1sk64cyef3v2m000eshsdz6ydu3j7rczuyv93dl76euyev7pslxg,2,2687.08,1343.54,1343.54,2636.38
pool1sk6jvl4u8m4peddwqxzslgt82n57qy0rug2j0jfzkrjvy9f5mw6,1,356.83,356.83,356.83,356.83
pool1sks9qwpygf9vmgeuh4n4a3s36k35c3qnz7pd4qqvw5825x62y3y,37,504574.00,4.88,13637.14,100411.99
pool1sktjey6tdtgp6svf0d2nth7ruq3zjnhgg2dckpkveyeqk0jttgj,44,11612.11,7.30,263.91,7264.12
pool1sktpderrlmwnw8l769aqqfmmv2sn2uatp4r9z84htt6kg7jauyn,3,3653.16,1443.81,1217.72,2209.34
pool1skykl3rncme7qzwy0t55wk258h4e4s9dyacrm3hnsya3u3k5vkw,18,35318.92,184.49,1962.16,21850.73
pool1slwxj0t3575lx0rfw2x3z7dqf26jpls566pdwydvlk0jgw96lre,35,18405443.62,4.82,525869.82,18066274.40
pool1sm2kmdn4f9rat3kl67y9drqcnnqc34zg4f4ufmnrfaj45gcv89d,57,1532199.17,169.41,26880.69,527924.17
pool1smfwu5w54mnxea6dg7gwmkk6df8jauuf4h2x0cqew3dk2lgln2t,410,316435.63,21.02,771.79,58783.06
pool1smy2r8jdvgna5ykhe8rrch7h4qalyfafyzyh0rmanmq0jxptww7,211,23455926.13,1008.74,111165.53,9458994.78
pool1snauzgh8r7tww3emfmdt58dt4hpvyjc23j0nj3h0ql2wwzgdkp9,2,218.06,109.03,109.03,218.06
pool1snvcmtdnssf6t8fhs7943uxmmujlt4f89yv58cp7m99cq5tw9hy,15,2870.03,0.00,191.34,2412.83
pool1snyaulmp94axe7ltmqzlkztqn9axt5ykprjtxh3qgn35cred9pf,4,1001.68,59.91,250.42,881.85
pool1spakm5z76m4jvu3zn43yyw7659gj3zv5vtkgsvswdwm8q56zj5z,3,1033.07,13.16,344.36,1008.05
pool1spqkpaezku3knl9ug7txrlyzr8kkvdr0h75yyz262cx6gls6zlm,1,17.12,17.12,17.12,17.12
pool1spus7k8cy5qcs82xhw60dwwk2d4vrfs0m5vr2zst04gtq700gjn,112,10428556.26,935.56,93112.11,1672927.17
pool1sqpksswmxpgk6yxllyq9ad4qhtnt5qyz2pv5xmz6kkt5ujrgqwf,19,89074.37,128.37,4688.12,44402.53
pool1sqxvayj9w80g42w7chla9x56atj75jwxvkrkrtkcvcyjcak9wx2,1,0.00,0.00,0.00,0.00
pool1sr82s7yvwwsy6q0geveawrglt8ss39jhsfz7d0p4a5y6kk30mdd,1,0.00,0.00,0.00,0.00
pool1sr953s548fudyhmfm082xp0mensv2gxzt4qpe466ykw0z3jjzvv,347,2979117.70,58.66,8585.35,473049.05
pool1sru6yhj5q0zvfyyuappgrvssxzjumjsd3ekyeslhvwmv6hmmxzn,114,126432.15,13.04,1109.05,22866.85
pool1sskadl6p2w0ttfr60y2ssfzcmrnaty4wt68v5glzd3e5vwkh7z5,2,0.00,0.00,0.00,0.00
pool1ssn7vj756vpv84h5vgkkvv5rzk0zp6pp2kdrqwfjsffu60djyy8,1,197.62,197.62,197.62,197.62
pool1st58tj7nun3vynlhlmfawrn24ar0pshdle733vtkv43szxt2kq0,29,4517.20,26.98,155.77,1585.67
pool1st9xr6arqq8f2hjsdz6urxejjwzpjkjceatnjuehhr9xuq6k4eu,2,645.08,322.54,322.54,627.88
pool1stjukmjtgs7rdvy8ucsc543f9y2ct56ss08zed392php7k0teaq,1,2.44,2.44,2.44,2.44
pool1stvux7an3kp2p55na0p7eec2e7l66gqcpuc7yu9cx5242g4j2eh,17,311173.76,7293.24,18304.34,85602.28
pool1supp67ypelmgzuzqqvarc6czgmg3ggwpnrnfr90xpfcqqf8h05t,661,4074991.62,16.12,6164.89,1057728.32
pool1suuvhhetdpjmenal5j2uyjld26jke57xw2yz7gc4j2s3yhgd7us,4,4.43,0.00,1.11,4.43
pool1suvska2n58hqxqzzqwpw3558072vkmng0jezzgtlsj625yk7gt8,17,597724.28,322.83,35160.25,513336.13
pool1suy76cpk5lkpsmaqpecygl5j9na5du0xe2lrxd733dlwcus9j2n,1,8.62,8.62,8.62,8.62
pool1svszcjg5xaxt5mq7ue2llm26ndt74dslvev04g6kwdmvyf0t657,35,236553.69,208.26,6758.68,104185.46
pool1svv9st22dywp9exwsltt7cdc4v2dyrf4zls00jesv2lzvpz45jh,154,200771.68,50.78,1303.71,23241.98
pool1svzk9ckds6r83nvg2k7w9hszza2haqd9zu7fuyg37e8gg3dylrf,1,97.62,97.62,97.62,97.62
pool1swe9nsv8lzugakjkfv04dn38scmq48wzynmn0lxasupuzmqcgjm,1399,14036467.78,60.65,10033.21,2122394.43
pool1swuyjknhewtqcmh583jjpvlcl0p9h9hrt5l2f3v2hl6gchqrn40,2,49999974.62,24999987.31,24999987.31,49999974.62
pool1swywvk87zmgypz45ura8d5af6aw5nrrgalt96raqm6ze2uqkhk0,2,0.00,0.00,0.00,0.00
pool1sx4e8rvx2xdxgkww2fpjtmvrnaftfrtfge29xcn72hh7kch5snf,35,153769.13,17.12,4393.40,99517.02
pool1sxj5qufj25ssfk83jjxp4tw2py7vfceta63p2u8ymugtga9us8t,25,115904.85,10.06,4636.19,109214.65
pool1sxrkzy0ty37s2qx66cscqwucdqlvemtjl96ep36mqfrnku9lq8t,1,1043.46,1043.46,1043.46,1043.46
pool1sy86l3j2aumxgsvp2nmw4ukuq2tc7drnqum9z8796hxnzksde4j,4,2443.47,152.80,610.87,2134.77
pool1sydxpvsdhkn3rnk7d923fkwxhn9nwwdwcgmuqyh2q5nyunl0mgd,4,18284.46,374.32,4571.12,17508.16
pool1sysgx87cwxnqy0pqn8g97gdhd0dmre9rw3jvpn2k7apuwa7cgkn,2976,61621154.05,1455.80,20706.03,6018423.59
pool1syt2h0690xyjhkr5mntv868xgl82m407e83e4sznaucpkr0lg85,104,425.91,0.00,4.10,321.81
pool1szah3sjg5vhd09pa0y6fcsyja2rttsztdp0gj8jpngqxz9kj0a8,21,2575.21,1.85,122.63,1463.99
pool1szgruqm2dlhkh5qh7rft28xz9gkxj6rzfncsuquf3vm37k63kqv,1,0.00,0.00,0.00,0.00
pool1szy2tdjj8a4av365wk3q2fqg9srllmt0383e6v9p664ng076x9e,425,1181100.92,21.06,2779.06,222277.05
pool1t0jheek3yftf0a9dgzgr2hc2wttwrcjyd5whdrek4ggcc5famre,90,108425.61,19.59,1204.73,30507.07
pool1t2e4v7ajh38qhjswqaavjqfsevyllhda24t2s2u6vhsavyhhqaf,1,105.13,105.13,105.13,105.13
pool1t2mxyjvqsay4yl6vm5gqep5f76nm9wen3452zxa0nu2xugmsm6k,2,10.28,5.14,5.14,7.65
pool1t2zc29vmryg0z72jp3vh04awlxlrqf88jc3zfx7wm8dwjuhgch9,3,530.45,197.81,176.82,332.64
pool1t3xele4dr85qz797gv9n4gdcwtcmsv9wvn9jyavxhpc3qzu50fx,4,0.00,0.00,0.00,0.00
pool1t4q9v8vxf8ltx407cqkwq3sksgmq85e459jqsf34x0cxyfaqljw,2,596.89,298.44,298.44,596.89
pool1t4zp4wlastva63rqk99k7578e2h3znqdk2arhzuegz6kgj0duc8,7,83285.09,5527.43,11897.87,50317.24
pool1t50sl2erwfaey5du4e7gnp52fylplh5q4j24zkkxk9t5vsxfcvm,13,499477.48,32.56,38421.34,487889.87
pool1t5zgwakxfmqxgu7l65fk45u33frlqrvgsvzn7demdy0ejgrhq9a,1,0.00,0.00,0.00,0.00
pool1t6ek99u2dzj8sr606uqm3uz0tt4ejr4cpvwtqfwen6p2z57rrst,95,47138262.26,19.72,496192.23,16758892.67
pool1t6mnkhwj99hm0ckt8fkf85r84le9p95v2a3l874vfn947g5ajmu,1,0.00,0.00,0.00,0.00
pool1t6n7rysk6wzm9wqxda6zxpzmm3j6256fs3mp06dc26n6503hhj4,1390,46451260.13,356.98,33418.17,4139449.78
pool1t6stu46gth7awdlrdmxmjhgrk9rjhez9qfnlhkhfvf0fj4q3h2a,7,20736.19,0.69,2962.31,20720.18
pool1t6tyc9menh5uax38j89jgdyj0maz6e4mgx90n7xkcl7mu8fzqxu,8,30149.93,22.95,3768.74,28675.21
pool1t6xhh2stg5k50sjdzjglp2h0j59vupwv3kur45efvkk7cps5hwq,3,487434.34,162605.19,162478.11,322023.07
pool1t74ckqauwmn9ef5ye0h7c5wsgfd36zx24ue9wvj4vj95cl54aff,24,21444.71,8.31,893.53,12716.62
pool1t847w2hfv33qrra7q33nzq8epvcxv6ydshcq7w7j23c87xv2c2k,1230,3520834.61,58.54,2862.47,462223.86
pool1t8dkgz58qcqlak6nn5l5j4qqwvewwmjx85fxtsykk6w9j2e0ng2,71,334738.57,23.89,4714.63,174687.31
pool1t8gjk7jzvujfv9s8q992e6s7tp8na0q3j62g7s4ppzfmccus4jk,408,2909411.39,29.41,7130.91,799381.52
pool1t8tw057cgksma0f6pawcy7npnwfu0psx64jdr6sqhza55mdvkls,7,1756.18,0.42,250.88,1146.17
pool1t93hrmha847r5gqazttyg29c9fxfv778w3kc5vf4q7vu5g4ec0r,13,141219.06,0.00,10863.00,86147.25
pool1t9ckjy949dk97prfs6any8xdjyq9du6prnplx06n4fcn5jgukhc,4,40459.56,10076.18,10114.89,20305.63
pool1t9m69j5thv2ke9jt9hhsgxlag44z7erp2s2ukcpruwhwqarc9np,53,4049204.88,52.14,76400.09,2067253.45
pool1t9ve93m48au8m4w8x0m2exh55s0tf2jjk5rwj5hsuqegvvgfq4z,1,100.00,100.00,100.00,100.00
pool1taadtauxnhqql7s58fztlmnsxg0680mdaz25yry42q4m5s47z8n,11,58610.82,446.69,5328.26,41657.15
pool1tah22gjtc7ntrdezv49hysegcwpzafea35t6f4hn3wr2y4hz3vz,38,365618.43,166.75,9621.54,150000.00
pool1tamft50mh0vjm346d9lusczc8fxxyh5z6fk2eel38srwvz38d78,4,8106.61,1259.24,2026.65,5588.13
pool1tay8z4sq4a4gmyhnygyt0t5j84z8epwjra06wq28jnnmschkkuu,7,8264.28,122.63,1180.61,4893.66
pool1tc6cy0cqknsm49cvsz0mksajfvlmh3vvcp8ngtmspycgx932w6g,11,1967056.59,1889.95,178823.33,1860101.50
pool1tcctsz9jec45ugkcl8lyk8gz0yss675cnp63gazqalcwsx2dr37,3,1117.43,107.42,372.48,1002.20
pool1tcjzs5lp05ze2af8tk0pk3e3w6ey9ec0jpu9hxvck32mwxj9xwq,4,2213.68,329.57,553.42,1554.55
pool1tcmk6at0dmkytxgq5j4u7fgsx9kytvfu7gz22lrs8hp9ztu7arw,398,2571100.17,21.90,6460.05,1000038.31
pool1tdh56dcqs0sjeq4ehfdamlnzvxkrr5zgsysnhlkphzdzwmw4nvw,73,96681.36,41.05,1324.40,36967.92
pool1tdsrw0n33gmy0mzh7cgtn9p0jy5xwjxaa2s26gn2ewf8kg4nrzx,6571,68131207.38,188.03,10368.47,6254521.15
pool1tdtzmmmak0tkte2j2hr223dfnqpdy85ypd66tddwywpeuknn2pn,66,22067.00,16.51,334.35,5678.27
pool1tdvqgy6mq7lx7d345e276xmgmhh3s4zj8dzu6xzq5m7rx4tzkg2,437,51437201.13,112.93,117705.27,44720724.70
pool1te6e6yc3p46yvdakrpngk49npvfvkcutk0z5qpj5xwx9gswkkpz,4,1078.62,240.38,269.66,596.83
pool1teg62xfrjvgahfukqhgd0q4wrkn7k0ee03tnju3klt63ws48w50,1,1.85,1.85,1.85,1.85
pool1tegyxvyvya2lsqd7w2nna3h63ffdq85l0v8tg44yeak77du8zxd,2,897.05,448.52,448.52,583.65
pool1tem8k8927zvn5jg22g3mxuzhnu62jdnqvn523dduupce24vwlrl,2,135.11,67.55,67.55,135.11
pool1tf73xqv234ye2crduemjpreuu4efrdfmpna3l9dwqy2uycvee9y,8,92073.67,261.44,11509.21,59042.92
pool1tf9e29shjqn9wcgf59fk4yrjqw2gq97wlkdqe92z2ngevhvkllg,3,1166.79,159.51,388.93,1007.28
pool1tfye5tfgd6x2mw5xwe5lr2y6cu9grnpvenj7dc8258xmq8cuc04,2,1203.01,601.50,601.50,1193.57
pool1tgt94w0gmhmg5yw2v366fsl39yh90ktxr8uk2xsx3alsyh0tywg,3,17.99,6.25,6.00,11.74
pool1th6xh9uks6rywerld5aya0gc3yswwrx3yus9zvehyqaky5c6utd,24,190286.43,36.96,7928.60,118064.91
pool1th8afnzy79jerwjg0cqgm3y4xz5pfphtfkggyqw0htz8ssujvf5,2,416.93,208.47,208.47,410.77
pool1tha2grue5rppsx2w93v5tljr5sshn2lz94ud9z3szlltz46s5k2,10,1410.74,1.36,141.07,1381.03
pool1thfkd47x8s84f2vfpxr6v0sfvhrtlwxdv0r7mtjaqvglgpuh9p0,2,154.25,77.12,77.12,146.42
pool1tj3u8pz6732uy2ut3s90e0j880jyu9j0ve9vtu9zj5xzglhdlqy,24,5591607.62,178232.24,232983.65,938166.16
pool1tjaz8a62743k5tzdd8lyd0sgf2lcvtk09jsz9etvas82zdamc2q,1,0.00,0.00,0.00,0.00
pool1tjd4vxjnr99jvlnrh35gmg7xqmphxjyftpdfn3mlv3zw60yw5y4,1,197.62,197.62,197.62,197.62
pool1tjr4zpndkvwkw3du3fvt59f5men6jhuevt7rpx6xw0wcct5kl04,70,977842.37,31.68,13969.18,415535.50
pool1tk3x77en700tk4w47xm8vzr0p490m29q6dknt77pakdyc4qmw65,1,0.00,0.00,0.00,0.00
pool1tkexntwvhg0fqs2xnm7xg6ljqzjkpk0pl4nxxe3nf48ux8nucqy,117,63044.60,7.77,538.84,19779.52
pool1tkqjk8s3yqqyuspn4c44rjz7vgsu6kfxm4uvt89cejwryetpt6m,3,1691.31,598.19,563.77,995.88
pool1tlgwdlde3v5aq3vlm7pk8l37tydmjjhucsf0g84xwjtwvwfsmhm,7,254.70,34.53,36.39,102.43
pool1tll7ysfwe8cmsh7g336fh2qxf4jsxap5ssmhzrs9jpksg2g86zt,1,87.64,87.64,87.64,87.64
pool1tmt8thfaqeqv499l3s7k5kl64s84nycvnx55ll3ksm9hq50p0ks,1110,31741696.07,35.45,28596.12,6230330.63
pool1tn49xn2jpq62uwff9lt8d25kfzhu3nzjkkytq8pc062n6c7h6tg,1,0.00,0.00,0.00,0.00
pool1tn7rcvc5lln8frln5n9rfd9cg8kcrj4vlm3ycdquyx5s2mlhmtk,4,70023661.91,17506463.09,17505915.48,35010735.50
pool1tngckke7m227384rvehwdm9t47zmhuy6w6t9cgnetc3ujlsnwj6,2,10.00,5.00,5.00,10.00
pool1tnl3yxmj8848vq6meduhz9n5520a7dwsh05r5gfyvlatj87k3jl,36,102660.61,132.25,2851.68,42506.45
pool1tnymyv08dl3k9wyfz040vq626542ztm60wwyu7szwl5l6x9h3vl,50,163982.72,97.99,3279.65,26430.39
pool1tp7fzx8w3lrwwuwff9x7nlqr4r5n0awpq0krwnahvj387n7y22h,25,7187948.90,79412.43,287517.96,1501183.70
pool1tpd9mcw6y5mx05gv9rgfkl6y0vsdswqs8qdexmf8vstkqk0snau,4,1531.21,1.79,382.80,1527.63
pool1tpr44v3pxth9j0ff246dvsryxpanxwx52f024ws3ecvn72sgv55,328,46346716.74,4695.67,141300.97,29727460.72
pool1tpy5yawzpetcverves0h6xdycxgrstehfvrkygydt9jcqxwpw3j,2120,17660688.28,39.67,8330.51,2891082.52
pool1tq03j8aa5myedlr8xj6tltstdsn5eprxq4cd4qr54mhv25unsyk,1,0.00,0.00,0.00,0.00
pool1tqywsutw3wtgcvzrljdacgwmv5kfzm8f0ladml5frkckccd72gg,3,172769.95,7968.41,57589.98,159453.34
pool1tr33ynaapce33pjc5ctvj7fju596gppsmqwna4smx0f2khnetjf,4,5.11,0.00,1.28,5.11
pool1trjvzzska2mnd8xjxvjz0kfart6cfsj232kk6ghrlnc7u2xyqx0,2,328039.05,164019.53,164019.53,209332.01
pool1trvj5seg8u2r5tz2usenfmz9vs8qnf3nc8aft6vr9uqhszdlrx0,1,0.00,0.00,0.00,0.00
pool1trxkcm5vnaj07htsmlfgjpwxmljy70ucs8z2n2qy8mvgxr73qlv,6,6959.45,53.71,1159.91,4655.40
pool1tseacydhjcj6hext49ehs9zc9lea83azc8t7k9rqqqq0w5xhcky,1,0.00,0.00,0.00,0.00
pool1ttxsd0ls8w35mrluxa49v0vslt7a85pfusxxemxrkpasy27tkcx,6,7281.51,561.01,1213.58,3547.67
pool1tuux2sctklrlzsh34w4gquz2wtundky30fvrn0qky5p7qr5n00d,1,5.40,5.40,5.40,5.40
pool1tw2vq5vuxe5x8fse40ljx2mp53rdna9w0sktcq8ndr2nwj4ysgl,5,7493.03,650.71,1498.61,6001.65
pool1twd9vvegn3fqq0f4n08p3aml2ud8q87njs49900rycj4sr5hhcy,291,2402859.88,67.56,8257.25,496964.16
pool1twu4rn366744tqq9g66ruy3rete6842z7nnm4vy0q5jaqd48867,85,115844.83,10.92,1362.88,28669.88
pool1ty7lh3nvtwxlcpqg2x30fkr3j9ys6nprztr9m4zp3aajxyjk2vz,554,9503678.62,31.06,17154.65,5999131.28
pool1tyfdyg85t50lj69ehgmg90e4xr6y42he6pt8pvmau8v5x46fy67,22,1808.59,7.18,82.21,872.59
pool1u0mc9ywfxl529atxyajuz3pgqnwgnk6w7lejjmjg22ucvn7z9vh,1860,9689547.55,33.79,5209.43,922736.37
pool1u0u2s080a5plun4acn6s70xa3q98ct7skt88l7w6nnwwyl9ecym,91,511261.82,81.63,5618.26,94328.63
pool1u24fm2el64cd906xn9fjg8m8v6nra5zj5mpl0363un2jsyyuyup,1,76.84,76.84,76.84,76.84
pool1u283gl35gdj2l6c5cmg9crugf9aq7w6242pr88v6enr8u9q2vzj,5,4557.49,300.74,911.50,3266.87
pool1u2d3guvld9rk0586lyhk2n8kvkzmem7czwdltgem0mgczqd3ygu,13,56403.10,4.82,4338.70,55994.91
pool1u2fuz3fn5dfphf0cu0sewm4rnera445avenggle9sl4hy7rjzgv,11,61403715.56,24373.04,5582155.96,39438209.88
pool1u2j98kgj8uj7zr7g3deuezfv7hzv3ercnetxd5c9ppjh23x20qg,5,46808.93,3518.20,9361.79,22153.37
pool1u2lghnv4ae3zy73ysjlgvxwj7tuqpmyfavk74j48g0gnqnyc692,75,1437875.94,137.88,19171.68,945816.43
pool1u32s3ry3vjhqwhcrqz7p5u35cvzrx4tvdwydgvq6qm8720qrg0s,6,118423.87,86.04,19737.31,117773.34
pool1u3d2q48xqdge5kejkctwehlcz40vwm65rc0jed974zc6vfd4clc,8,195280.43,2777.17,24410.05,168948.39
pool1u3despkvw4sqeq2fv9ufrh5dxacf8vm0aax00elkdeelymg7f38,4,1616.34,203.48,404.09,1209.38
pool1u3p6z3r2g5s7mazc0wmx8v0cyjjasusght53zm4kj436vs3u2th,12,21250.00,61.88,1770.83,11168.47
pool1u3v7s93f2d968a8kce6zgfmckfx56ly626jkml6jv7tgweplrn8,28,12096.96,13.56,432.03,3258.56
pool1u4708qd88n0ux2capce6gz6zcjvtwfsfpdu28h6kkh5yskg9eck,1,497.42,497.42,497.42,497.42
pool1u4sxd6x0qsy7evljt24vtnyhpxd098n609sfcmly6c096mr3jgq,592,9489356.68,29.05,16029.32,3714773.37
pool1u4u6jpf2verwtq2wjcrdr9ktnhgjpa7ag9qnnkfgqtxj2rh9d68,4,2752.69,375.53,688.17,2001.63
pool1u53apdhreh9fjmxtrctx3kezhjduc4m2f7cfd09yd7p6jkc6k2z,15,197902.79,4742.15,13193.52,65527.84
pool1u56s0gg8xn8uqyzefwd38napn8jmrjqaum446alm38sgj3248re,3,3361.29,7.65,1120.43,3351.02
pool1u5nyr9y7fz4znep9utncyvjrnd57p77yt9lm4fu89fawswz7guj,1,0.00,0.00,0.00,0.00
pool1u60gvu8qr69z4vx9wuqelxfhcuvjuxuvxyj9edf8rkmns0405ny,7,145471.45,5.47,20781.64,135553.86
pool1u6etszaexv9v4lrf8r5xtjk2rc8wqq9waq9akrn7l5az6tm6u7m,2,387.06,193.53,193.53,387.06
pool1u6kpt8hgqcm596kukj97ghefmxn8ks2cgwg8qqe0gtgscnufk5p,3757,42717701.61,140.09,11370.16,2877614.62
pool1u6r6439cne2ymaa2sn98c4l8wqkgcsg6pj3wr523j92f6744qcu,3,0.00,0.00,0.00,0.00
pool1u6rml05w6hpl3t3ft8zwng6quksexa97wsxgdpg5kj4f78hhv7h,2,2.56,1.28,1.28,2.56
pool1u7mqtde27swkarngjsn5mmw3sy20zavlafgqkmg8qv2n2nwga0l,1672,17276962.49,21.97,10333.11,7953380.86
pool1u7s8etmnm0y0ktls7kkvx2apnep5ercy7wwyljgw407yjzjastq,3,61.91,19.59,20.64,23.61
pool1u7zrgexnxsysctnnwljjjymr70he829fr5n3vefnv80guxr42dv,141,1112852.37,66.58,7892.57,151349.61
pool1u84yq2lvnay4p9kh4vx7nqfe6efzfehe5mvkw3hf4a89uhmpqgt,3,40993.03,10000.70,13664.34,30476.83
pool1u8f87frd3k6cy9lp4uk5faj53wfzh8smxjdpt8ua45f0x8s5v58,3,12556026.72,841.12,4185342.24,12555175.78
pool1u8yequt4vq3jhajeegc02r3msnne6krayxuzrypaz8jkq5v5pux,567,663701.26,6.94,1170.55,200700.93
pool1u99x2rr6trfznwakv0959llmxmtgc2nvanc067uugl3ejuvvnc8,4324,9518571.07,12.95,2201.33,2216691.71
pool1u9vgtxyupd36czsdvh3h9zr8eakdqesug8j6k2nw7nszy97z4m0,3,177.79,33.32,59.26,144.47
pool1ua0lx5ap5tj9f5l7tyjflp766ca5yu93djh5hqvm4e0kjgw5k7v,434,3460106.65,21.12,7972.60,802531.08
pool1ua5exfeju4jc95yy595cykjh4x46998g8hrrvw2v5h9k7987a44,2,35776350.21,17888175.11,17888175.11,35776348.69
pool1uae2f4eg8mhzuur43w9l8vpk4dur58w600x0cy2ef5angazhg3x,4,2559.14,261.94,639.78,2035.27
pool1uautzneywzapn03te7q3sd737xdfejgjlu4mdfjz7mweq92dugg,133,55872.81,4.18,420.10,19109.94
pool1uc4hd4qe0uf9dl9ajjxxyclvn6cxhhctfmzy82lsppwfq6a9hvd,1,0.00,0.00,0.00,0.00
pool1ucmm6rgdta0sw4qrcj3vml4wsr8pld495pptuypxg2uuvvlqest,8,20559.13,745.34,2569.89,8955.45
pool1uda4kkzqn52fuyrwuchjxykdly8vj46yv3rc2h4zp9raunz4sgl,1,97.62,97.62,97.62,97.62
pool1udkx9rmgzf08z7zz4p7ykpdqsdv5nf0w8uf38wrsdn5dzk9nq4g,140,6061114.18,17.46,43293.67,920676.61
pool1udr30lxsqa799lyl9haxf0wzg8qsz3xaf2gtpqf4n2s064jrvsj,29,59713.22,100.18,2059.08,27221.82
pool1udt98825znk9uslz4v05gh5cd3s5e4g0cd9c4gzhcfpd2j2xm2u,36,106813.77,180.51,2967.05,44566.57
pool1udv42vs52wg34268zkfsgtrzuvyskphfavaf3n8tmf4tugm7et0,4,536.84,98.91,134.21,339.02
pool1ue4ngerz28nkpstsr5p53qvl5ulq3jtmllj4my0d0n28yyrn4l4,52,11705369.94,1184.71,225103.27,10724020.51
pool1ufh42ppqnet625mqql2fkc79p3emuqsnmf6s6ugxygqa75xgc8c,6,55.52,2.21,9.25,47.83
pool1ufp38a9zwlvvrzcyxaxdrvav50nd7az5lyuzh4t0h3qp2gqamsx,921,12810677.88,434.78,13909.53,1783450.89
pool1ugwj76z4cx6sywscud8ntd2m9tg3gyesmnnl35qr2l5mu06pe3x,2,5897.24,2948.62,2948.62,5895.10
pool1uhdcmcn36vq8kk3207tqjwp90t0nwr49pc498wh5vxmgqyr78d5,4,470.15,0.00,117.54,470.15
pool1uhy50u9y76nd6z2xmzt3mta0yc7g3gdssef8lheyyg7zzymgzm8,2236,13424104.42,38.33,6003.62,928018.39
pool1uj0r26e5ymqgre7zxqsapl2stlh36fc8n6mvrcdzjn247u2cf5l,1,0.00,0.00,0.00,0.00
pool1uj4u73qgtprqre78q75fq2vkcrpfrcdreqcqkvn6u0m2k6nk2yp,26837,55045470.42,10.13,2051.10,1850310.02
pool1ujcu3myfg9wwvdyh2ks653954lamtufy3lefjs73jrr327q53j4,91,13788144.16,1.38,151518.07,7842830.30
pool1ujpy2536jz3x9gje5d5vuadzcpadl7pwrcsgq4laestu7mrs9hp,1,444.29,444.29,444.29,444.29
pool1uk2f28awascuhrhuwrp7x6y87x8ch33vwx8jtmrysp7l5ngq78j,6223,14369389.88,24.82,2309.08,982882.40
pool1ukeqarukv9gxwy9pt8jkr4qvad2yf87758g3xzemmvmtk8lrynp,5267,37182601.36,93.96,7059.54,3417752.95
pool1uklezq2zz38zldrjrgujqmvrnswfzmupakgfp5wzgln9zx8tcju,1,0.00,0.00,0.00,0.00
pool1ulx9ennungrtcucslrpz93cze5fddlg96h0wwj83p6fpsrvgz2v,123,722445.77,20.26,5873.54,367958.85
pool1umflj8hjq873fs9r6aq2zvgs88zrs5xjswn2znkdaehlz2eqy59,15,349255.16,1281.70,23283.68,182652.03
pool1umukx8qjyjuatw0zznvhc7ma06wl6pdc2ly50d7uv3svkkefjml,2,5.05,2.53,2.53,5.05
pool1up53z2kadt6l5xs359ckx477rpyvyg3favh25qrhqt2ujclpq3h,58,52383239.50,23.90,903159.30,10162863.30
pool1upa4pa4qmcgaps4uactx9eas44rfwk9h0rxgua3l4xnf6wevfkt,17,1473045.67,14150.51,86649.75,719622.04
pool1upx7l0yrsxt4l94t5xfckahj6m7pt5dpmnx6u60sjxmn5p5mezs,71,408589.16,109.93,5754.78,129715.35
pool1uq8l234306m76unyz8kuwnkvmtvazaks6vuvyx3a3khngavvcw0,915,5079699.34,24.63,5551.58,1501685.65
pool1ur2y44cgsyf9l40y4xdc7w3cwy88vgmj95deatatzqnqqhrfp7f,5,4575.87,17.64,915.17,3256.45
pool1ura3w5x8uy7mgzu0pd4kskap4hynt9zymt30h5macll4kuxpqnv,2,1.00,0.50,0.50,1.00
pool1urgvu6zk422j4xwtxa45lzpd6dm25msfthpkezr042secrtuwzc,5103,35097532.78,41.64,6877.82,2918394.05
pool1us8dkk3y8j00qq5kscxxklyzwt74jgav226s2rtgaqxek7h8vc8,78,431380.39,25.63,5530.52,248962.86
pool1usumnw5klscs76ycpmkgf5re5v8pul462g5mmzc0knxs5u04kag,5,3111.06,284.85,622.21,2051.13
pool1ut39vczq4h03vpzfcn7ssxa04qzkyj8nxu4nq4rfv0nsxz39c5y,15,266010.12,2194.34,17734.01,63944.82
pool1uthdnav2zc2hxpg2hyeyy545lnxtl8lqdcdqxjm0j8t5srmyvzj,338,37913766.93,40.29,112170.91,14321348.99
pool1utqhj9g53a5cwg7tyd8neky7jvjlgzuf470adc0e69cp5uuquzx,88,2025880.22,885.79,23021.37,594389.01
pool1uu35qfkmjyxwpm3pgptfgr0qga9j2fzkc0tsjplcx840x295xj9,59,1010478.33,285.44,17126.75,362463.52
pool1uu5ve3qdv7zxpmger77u0kw7pm8l4apmgr5xy6wspceayl05vsd,1,5.62,5.62,5.62,5.62
pool1uu65k00dp467qsszmqwl6udwnet3zszgx8n3kmn2aq84sae8ha9,545,2838674.73,82.99,5208.58,491794.42
pool1uup47u5lmet469pmaym077hvewcp30larj9ugap8580uya3rtuw,2,847.68,423.84,423.84,820.03
pool1uvv7r2zul9m2hm6jd56dygee9ddr7jnen5ysfy5z3xvez3m823z,2,931.56,465.78,465.78,904.19
pool1uwk437q9npu9yhsj5r3qdnkq6r47wvyfzjp0c52932esg5rgnkx,3,123.06,7.83,41.02,107.41
pool1ux4es4p8kfq3u4nax564ukcte2vzepsz68dkgg24k7l7xh5786v,3,12325.12,4229.91,4108.37,8020.46
pool1uy07qyf0gzzua2glqspyvyevwpe8tamajnqj6c7mjzy4v3m4kne,1,76329623.10,76329623.10,76329623.10,76329623.10
pool1uy2z02pn4lczk7p2plvnkzrmltxmqs2t04d9ghx5t0vw6e4t0qn,79,3375062.42,730.28,42722.31,965122.17
pool1uyfg8ysc2fpmx8aclq3u06xx5u9rete5kq68aysfdvxj5a5wcza,5,691.30,13.15,138.26,577.52
pool1uyqvgumuy8azzs4mal9hp89lkpqjgvy32s9ahq4aqwprs9357ud,1,0.00,0.00,0.00,0.00
pool1uyvyxt9k9g038h567x8halej4x87j7m4r4zyz9lhv4dcv83husk,2332,14415626.50,25.32,6181.66,1143034.48
pool1uzla0r73fvpnvxr07m98nfzlxcv3q26mkjz00cqjfh7uqsyjkju,204,10093636.02,130.71,49478.61,5121106.07
pool1v2dq9rex477rxqh7f8wwyprtc0qvxr3vvysvep7nj2qu68zdfaf,3,178.26,7.43,59.42,170.83
pool1v2u8x73efaa7vlc342jdd4pdvdp9vmmgacc97tty6cljxrtxpse,3,258.64,40.69,86.21,217.96
pool1v3avy78l7gvaemvgfmhsltydscukfew7kx3uz3sqx499wns07qz,31,2899.74,14.57,93.54,922.02
pool1v3rzrj25ak30dhuyrupkxeddttetxzh4cz9ccpjlfxuh6d85d58,44,79338.89,23.60,1803.16,32406.38
pool1v46kmtavsty57aql824069j2p6wxpcpk3j25veqauu54kynydty,5,1032.24,0.00,206.45,1032.24
pool1v46s6ak79m3mlv65pjh7ypvsp7n6cc62a723dpwmhtn8uy4pld5,2,22.42,11.21,11.21,22.42
pool1v4xevkf7fx08pzy7atsk59dds6p0sdyl6xmhwf4mh79x6l5p6kx,535,2723319.00,18.93,5090.32,826876.95
pool1v5g4rmkk0394q6swgfusgzjjzrv9ajy8qntgpuumegka5xhpgam,23,423220.78,1116.19,18400.90,150001.62
pool1v5jj7xumvk4engwvqrxt0kfhpdkucqvydmmlwwq2x76hz99affw,2,1008.64,504.32,504.32,1008.64
pool1v5u6wzakuc25q3zpx04t8gjz3rgu60wuxkv2mh5nga23xjkc86s,1455,38806195.39,47.18,26670.92,6587451.78
pool1v62c7d92xv6gyh4x9rhfpkwzlpw2ypxk92xvzavakg3xypatklv,42,74344208.22,60.95,1770100.20,72601064.89
pool1v6mdg9xm9a80js00zx53c6nagcw5m0m970nm4my4pkrlyxq707e,40,35047.90,7.36,876.20,30532.69
pool1v6xpvq7argftng40s80804eyf4m7as45292las40jw0nxte295m,5,163.76,9.93,32.75,106.00
pool1v7q3xsa9u4ezatnsunuyw8646fc3fsvjju9a5x3835d6uf09pe8,5,845.86,57.11,169.17,711.24
pool1v7v9248nczqdplztgn7fwf4x4sd59utl0rx4uj7wewslxruwplu,2,119.12,59.56,59.56,117.43
pool1v8cx78z8fqu4438vcmg20qlp4qujks8mrrlrcer6aa4f6eg9u2k,3,9665.38,4571.29,3221.79,4848.61
pool1v8gvy6tjp8x8wg5h4jw20p9up04lxgw0l0lgery9mz4h7h9x25n,52,91758.73,45.33,1764.59,47535.01
pool1v8h0h94vgnl54qx3jn0l0p3dya4tpjwcqqwmy0l74g0jxeavcwq,2,750.14,375.07,375.07,598.52
pool1v8lgn85mfvj0hhslfjz2u0nut43ahkhuzhfcm5aexjkewn8krle,1,0.00,0.00,0.00,0.00
pool1v8pu7txqydjmfhusgrfzvan4pragec3wu066cfmq2xpuvm2m8r5,3,1044.86,32.63,348.29,1010.41
pool1v8q93vtkf4vqqqus6ts772w8dr9h5tz99lnylfj40x3p7cutxx4,7,43936.65,72.75,6276.66,15522.31
pool1v96277f457qtwhuq3ma9yjlacq4mjw9h4j3jfy5rjgjru5lyxea,3,43945854.67,3233.48,14648618.22,43942611.37
pool1v99msed3jqh4fd2qyzdn0t2qfmh3mv2cnfweatl85mdhz6l0ewc,21,25261.16,24.92,1202.91,8362.40
pool1v9gqa6n4em4aly7ew2trvhgrath4mrsp9tyc290l638nvqs5aej,1,0.00,0.00,0.00,0.00
pool1v9z04yz8cs2dvnmvfp2fmuhfvs8w784x6w6r8ah9xanugdzlmg0,3,4429.04,351.57,1476.35,4041.79
pool1va0dv0map5dqhaj8pyc3rg0500drqs0m5smcxme6xghnc7ygmw8,3,491.32,2.87,163.77,488.44
pool1vafsg5t78rnx3qr3fv7ys9h50pnvxqhd4l8tj629l5zk7tc39ch,694,3149411.02,59.57,4538.06,1031230.66
pool1van29pcguetr6gwnyfwd2g4f68rt3vkgtvu9wjdj0xwpylngsdk,2,107.22,53.61,53.61,107.22
pool1vazy9q3064xgmqn7fxwgysyuqfvlxlcn7dfcn79ydcn3kw2xuvm,1,0.00,0.00,0.00,0.00
pool1vc8jhqtwjrjwsfk6a0enx47hd2ufg98c34ta6lvl0zv0uhpech9,177,1557484.24,16.64,8799.35,359204.83
pool1vc8jp7uagxgh8trzx7r260ndcydz89ges8sws05cyv7jj8q8gqs,852,38788840.21,105.55,45526.81,10963221.14
pool1vcc9lngr8g2j8xh0kgy84nne026adr5zmvwagkda99spy23993l,4,1500.60,0.00,375.15,1500.60
pool1vce30junxx06g2ha8ww02cqgy644yj69ehhg2x95qe7323zfznp,21,4250305.08,1708.31,202395.48,2507087.45
pool1vcmqgcykx4k3ngj2upkyhu424dsn85ansepz2xmdxg4mqw7w6ac,15,6269.25,0.00,417.95,4527.40
pool1vcwsfldh4gkzga4mc6p86y0vytkqfm9e2dy44hs00v34yeqnfaf,11,70074003.70,141.57,6370363.97,35010130.95
pool1vd3rfulk3x3k6mafusvrtnzysx9qkcgcks9an2alcpm55msk63g,2,38411.61,19205.80,19205.80,33997.78
pool1vd9a6q0jknarhwfyg7mspplrgsxf8zsna7yjr7crrtqdwftl7yw,1,502.62,502.62,502.62,502.62
pool1vdcu0y6ujrwmnv4u50j6upxkjug7cx7zsaynjvgkcm2ycmajelc,601,4233235.37,7.43,7043.65,1189938.96
pool1vddluuhcfrrflgmnczgzz472rc3g6h06hzz6hcv565nwcrelvma,1,57.47,57.47,57.47,57.47
pool1vdh6kxcqt9mxavyv80ggnec6jjwms44ms30rhle3lt266aj8jgh,502,26657847.30,84.72,53103.28,20501315.50
pool1vdly044nj2r3vnghwq4s0z0uragd307wnsnsj4usdh3fu8jx6nt,1,0.00,0.00,0.00,0.00
pool1vekz9v9ntugs7g3flpg2q3au8tp7205zsyl9kh03g72s7rz5hvm,3,3167.71,0.00,1055.90,3167.71
pool1vemm9tq77upd9m6wtu7edw8wtju3ymnuq9wz43cfn35qk26ddqq,11,1224.57,0.00,111.32,1125.05
pool1vev8z03vh7jwx3mfrgzrt9fltt97nupaxv8ffj4r5r8mgwts5ze,6129,57039465.32,33.93,9306.49,1559234.30
pool1vfayajkdc0gw876lax5va6ygpfpsd8kz73k4y977emm3clnxlm5,41,90034.29,55.72,2195.96,15084.55
pool1vflcm2fde9qyzcr0lkkv4httte3xep6sycasrtaxw6rt2me3vwp,27,1541205.18,624.14,57081.67,1006235.17
pool1vgfc8fqul93hf6fnl9n23czssgw6xyqx2yjn0lxqmcmvvc839th,2,1652.30,826.15,826.15,1487.91
pool1vgryztjlm0grah2g5gngd0vlmy4z3yrsm42h00hn967e5mqk4nq,1,197.43,197.43,197.43,197.43
pool1vh4y864hcq2r66ak37w4dsnkhnsfxaaacs0p5s4vj5676m6txwm,1489,9299140.96,38.58,6245.23,568276.85
pool1vhsjmemxqg3ktv4hwqc09cxhhg6td86n9p3qwg5t5y6xc4dcddp,2,0.00,0.00,0.00,0.00
pool1vhusc9c38uqkuspnecq6clcqadx86g8wpxfaadyxfwdrukh0kg0,1,2.95,2.95,2.95,2.95
pool1vhz87537anw4u0ruqsyuftyh7zxnrxptr4nnv0m6mjgeu8kp83z,1,33739.96,33739.96,33739.96,33739.96
pool1vhzjtcrcyzy5ld05mj8edy5at37x4g7du8uvvss037h26h8s8z5,68,600985.60,290.27,8838.02,151798.58
pool1vj08te6uceklte43cy6canq7te45qjmmm0dhewy0kvstyjmgqzt,1,8012.92,8012.92,8012.92,8012.92
pool1vjjrjt5ez7d7yh385vdxl83mxyg36as785cp5l50d6wsjqdavax,23,52806.46,33.54,2295.93,27591.56
pool1vkaycnf2sv8rxzv4nex8s2unnzahtjs8eht9ypua4takugjgaa0,1,540.70,540.70,540.70,540.70
pool1vkc0dvuf8rxrch87umfayacgglrh8f88ef0f64xrdue5u2xjwfm,594,61507243.73,110.37,103547.55,52341476.66
pool1vkngxunyagwen690yn36pa2v6jecyxgeavl9nva9dwzhu22fzt7,78,633843.63,6.68,8126.20,267688.82
pool1vl0hlf4jecm3rk0vcc9mtpu5us2cv7hzlz396cgs8crc5df43mn,14,79719.50,1.53,5694.25,70276.14
pool1vl46tq6mxq3f5c4m2e2x3jlruutweahnv5adkjy2sskyc3lc4ge,1,1.00,1.00,1.00,1.00
pool1vn0mxlvhm4l8pcft3jp5pxh4nhh89qevdg2xu6s6sdqvvs4ft28,3,1584055.86,494.85,528018.62,1583551.19
pool1vn4gsw8fdg85yh8urxs9t5ykyvap4uscewy08g2refxzxwztnga,2,970.92,485.46,485.46,953.30
pool1vnsfv2qpt5gxte9prupjey8kw7ap7t6c8lc02ks4s3gtqplhgd3,478,12227414.83,28.55,25580.37,1603670.73
pool1vp5fev56urx924nyxj5qjvzcsh76e47c4lc8xruh0rdlv0n2kvt,24,21867.27,45.64,911.14,10033.28
pool1vpa84enqxhh5hnyypeqfshsgqhnjfzyddgq7z4tfmavh68c9s9p,54,2087071.06,104.26,38649.46,1586076.56
pool1vpav6vlznpwzrr82nvq7jenfxk4mwqk9jju9yx03dryqcg9sqnn,1,0.00,0.00,0.00,0.00
pool1vqjyjsp6dawkj8tzmfpu39hvgnkph99qzarw4dll6yq76gpaa4d,90,1025791.85,18.03,11397.69,584439.92
pool1vqm5n5d503uumuc89s5y4wuczrwe3tlgylt2u2uj7y276avr5pl,800,1658078.54,37.76,2072.60,331794.04
pool1vqq5mg8ccqemjr5ukfa48a767dqjsa7nas8xnpf7huvcz7amlv9,15,166746.85,7.91,11116.46,101050.50
pool1vquhv3kh6xkklckaenl8alyuhfsld57ef5573aqauueyqacx4ak,6631,34075035.96,42.05,5138.75,2066941.35
pool1vr8tegnnjtvfe7me66qrchaq6ucmmxve6anuuypwn6s3zs6342s,2,1.80,0.90,0.90,1.80
pool1vrpme37hyyysgl4n8uk87p0njvfejc8kswzn5yxmgf4dyxx8haj,1,7.62,7.62,7.62,7.62
pool1vru3p8sswq5xkr38ceavad67t6krh6m6q0q42p59e6htkld4yxs,2,53.71,26.85,26.85,53.71
pool1vs689gkmqtrljtmcwd2690nzqm2yyq23wk2zzx5g0v0gs5ug64a,38,15649082.86,1085.94,411817.97,11850488.66
pool1vsdsgufhfellves050nf8mh5jzrvwwcq7qlxwkneyp8hv3z4w9w,3,8.25,0.00,2.75,8.25
pool1vtpn0drn5t39frknedmqq2jkhsfstwketsnvdm7cjzz674s30v2,1598,24078812.64,77.47,15068.09,2578686.56
pool1vuhc5fl733g3twn856xsfjqusczvk68r6pvs6lqgtadzsf6fue2,1,2.39,2.39,2.39,2.39
pool1vujjarchz7tgec2xazavrsa0r8trf3u6840lgnq2p4kdsg0830y,1,0.00,0.00,0.00,0.00
pool1vurlp3ndgge8avz3h8lu2wzdqcwc8w4l5s43rzlk8p4pz0x5vla,10,2829.35,32.70,282.93,2048.72
pool1vut3caulpx8eukzwy8xd5fyhst0w7x2frdfsacpzr3jzxduazh5,4,12395.14,176.25,3098.78,12042.63
pool1vve4vgd0ncyjvalr6xzeaxqmfzvkqmxfswj7lyae8qsgqhta9wd,14,3430.50,38.57,245.04,1036.16
pool1vvesqladm29fuzrv93px5qse0upw82a579lz9063xsfrz7yef7z,19,873574.23,251.41,45977.59,742984.29
pool1vw0rqsvfx0ngct7gfmlz5j2e4gap6sd9pwrmemhd488eyxvm88r,2,1.00,0.50,0.50,1.00
pool1vwquf4wt465lhketcy2j7jwpz5l6l0ce6a79ga3y4wg7gc8egp0,65,1196431.24,39.47,18406.63,1000548.66
pool1vx9tzlkgafernd9vpjpxkenutx2gncj4yn88fpq69823qlwcqrt,12827,72670077.63,23.42,5665.40,10398414.14
pool1vxpu476qrulzkk2u97emkfskmc2jx4mzznvupw0zf5206nx35vl,1,308.10,308.10,308.10,308.10
pool1vxvdypctdecvc2j7xu9y8h2fdxvkpjy2pp8luwg2h6dx5jlv0nk,1220,17442921.47,47.31,14297.48,2809030.78
pool1vxz0deezj5c2950e7arpzfqxzq8zd9kawsullrzjw5rsq0yhxgr,220,31202999.89,1211.14,141831.82,3765887.29
pool1vy9qerf9fenp893mqrdm58uj45w3etutv4n0vdh8669uvqenkqr,20,55858.43,81.79,2792.92,27198.89
pool1vygvrczrlzapm25qf8w3cxz4gxv2azrp43xj6538tt225jjfcpw,3,10000.00,0.00,3333.33,10000.00
pool1vyk3x4j2lfrj4y8t282xmwep936rh8gv2vqrkxghm2h67l2upjq,5,1535.47,46.52,307.09,987.13
pool1vz59e00250xfjck8qd04kns89j56430wjzpdf37zfjnnyxttm37,7,639.85,10.94,91.41,500.38
pool1vz9txqmdhxwegpy7uzrsap84z309veehqv3uh4s60qwxk0u7h06,9,34805.65,316.70,3867.29,30638.30
pool1vzquqa6clffwsegafvyds0zkaqpjcw0hurq3a0xc8ape6h0xhkh,1,2010.44,2010.44,2010.44,2010.44
pool1w0jjajfvur53nxrlc4nnm73087lm39qfumeq8r449jwvz3wdx05,20,49094.17,182.81,2454.71,17724.78
pool1w0s8vf9qse980vulgszvusw3800d6dlc7wkusr0aqvzlz75qgqg,31,189885.52,205.75,6125.34,67222.56
pool1w2alpqttaulpukcrz0j902kk8wmq68q9qm50c6npaypk7yypy5a,8,544295.37,103.64,68036.92,500926.24
pool1w2duw0lk7lxjpfqjguxvtp0znhaqf8l2yvzcfd72l8fuk0h77gy,38,258014.95,110.43,6789.87,136876.78
pool1w2s88xpylulw3l8naaql9wzxqwra06n8c2lwklmph25zjkvwuvj,2,4823.92,2411.96,2411.96,4823.92
pool1w3ewp9s00evj200lnhwsy3dkn2yf3dg7zq7apj26a2dvv5r7hpg,3,557.29,41.82,185.76,515.48
pool1w3q90q8cmfv5l0nxettd9pafpfhews2ta57e6xvr6s96swfkrvz,1,0.00,0.00,0.00,0.00
pool1w3s6gk83y2g3670emy3yfjw9myz3u4whph7peah653rmsfegyj3,4,6086.32,72.91,1521.58,5940.50
pool1w3xys99a8xmwcwse4tqpqmyqqzykryfc4w7cvvjusej0vnxdlrf,43,2647067.72,201.83,61559.71,906928.95
pool1w404pkpkkw067ju4gjnyjdmqfex6wn92vrffhy9txhw5kxzupk5,2,1709.36,854.68,854.68,1230.54
pool1w43rswva2e4hulr6ayxv4aaaf0fzvxjj5c8kv55xmm2auey5xvz,4,0.00,0.00,0.00,0.00
pool1w4am4s9w4gkt8r0245km62vtnnv9hhq6j68exzh2pyaxxfaq0gc,141,444839.40,34.23,3154.89,84500.26
pool1w4cetqsly2cz9fq2te95tnk2r56mh6ew6dmpyfctv2ldv8xuj9g,22,75073860.79,1984.80,3412448.22,73994909.22
pool1w4g7j8u97pvu2q7gsdaupnng0a2vmyllygfewhc29m2j5cehysn,25,18806828.14,102313.71,752273.13,2052067.88
pool1w50f20mpxwtal3plsqmgrx2xxlg84hn7ep0fhlcajkhu77k8tfp,2,754.22,377.11,377.11,754.22
pool1w65amkyxhlstja5mp0vf7q2av5tm0m6zjsm9pll3xw36x6g8qte,12,183.27,1.26,15.27,108.71
pool1w6ez83j2lapmlzudtuuwygm9lwt23203keqj53n7yjdtwaamghr,4,1111.10,336.74,277.77,437.62
pool1w6l6rvhxtym5psec3mvgrjlg28d6hrv8g9jjexadzmxfgndfg2f,1137,48291012.56,133.15,42472.31,3718154.99
pool1w6vj437xqhlkasuhc2td09jd6vfem5e03nhhpn7yqxfkzrkamch,13,4933.55,159.48,379.50,1139.89
pool1w728ekz4fs2f33qmqf7047hvwsmarjrv5l575ncnh7hkc0zdhgz,7,10379.12,9.14,1482.73,6605.46
pool1w7c2j0px43jmudhf48ezp7dy8j7904c9l3wc7809lhh2z026hch,6095,52132068.23,76.49,8553.25,3873729.41
pool1w7dk7rn0cflzzfr4fqvjpapn0rkz5ksmerx5tgwpm2gtj2gly97,5,70019723.72,31.60,14003944.74,35009840.16
pool1w7pt822hfgw30xnkwpjzz0sr5psejksqdcdw4l0ms33lsgynp2e,233,3940609.95,16.78,16912.49,3185973.10
pool1w7y659w3ya4x4rd9ljp6rmcx70yj2t0s0nk97d6zgmymq0a2k7w,1,2.74,2.74,2.74,2.74
pool1w8ham64lthvzzxzn5hknq4yrj8xt2nark409s2xmntlwvt4ag3r,581,27218341.46,184.92,46847.40,2502260.70
pool1w92z3lxwrycf3kmf075dja2fwem0luyjc4ysv2afh6sg554qjwn,1,3.46,3.46,3.46,3.46
pool1w9cz3yyz8glemkwpn8hue6s89jrlhkap3nupzac7kdx77gj9am8,1,3.63,3.63,3.63,3.63
pool1w9hdxd0ydy7qrtxe2lceg80mpsyamwnaqyvu2v0yngj4cfkfu2t,4,768922.94,56739.77,192230.74,655434.88
pool1w9ksllt0ktnztjdzzlzaqfh7tzspu09xf5l08flz0cadyq0dv3j,4,96.79,2.53,24.20,91.73
pool1w9u6rtvuzke9cq5q4x2r7g8xlt6lqmcd2tugzpjpj5w5xv0eyws,3,1006245.15,184.43,335415.05,1006050.90
pool1w9yeaaadjz9563tf2h7katrlujvxnywda8el8z66h02ckccx95x,222,814444.31,208.41,3668.67,133526.79
pool1wamhqzxcn7psr3rrqvg35wwjwmj8qktnvgyncj2vzyaqx9hkmsz,1,97.62,97.62,97.62,97.62
pool1waplz6cz4t2uss0qcst8wkqj52rzhy9vfr5jr9se9pjx7ucjcfm,4,49.78,0.00,12.45,49.78
pool1wc2kuqz7w36j4xc7x8aqekgjhmy4ggknddqqfuw4mr3pu9f8wxn,1,49.06,49.06,49.06,49.06
pool1wc2vw2x2xu2van4acthhk08xtucm8ddpuphmw0ahnc99qtz4a64,6,10234.62,408.09,1705.77,7808.51
pool1wccveh5l4gvns7egngqdd4qk27w0kxqc68jjrnnkgjxz6zwt7ws,18,130727.96,34.68,7262.66,111015.25
pool1wdrg5vtv3nrh0mqmfua5qmj5p3zchzay2cz80jwfxxwrx7gp402,9,188268.45,236.73,20918.72,149110.16
pool1wdujj7tmux5nuwnpeksgncendr3mj8ecsjcddpzx9gewc3flp4r,3,50000384.78,427.53,16666794.93,49999957.25
pool1wdzyy2lwc8rd5y9vxwkyxpv62dsa270jepjgy9fa3zpqgeuszun,5,230572.26,1713.95,46114.45,222510.27
pool1we0xjccr3vc4ypnmhzsgwp7sxpsytu8dtv0syeqmtrllvcex68q,194,1489746.93,83.05,7679.11,314614.49
pool1we9umarzn0l6jp8mcm98y28lxuuzcurzpjldnjwtgdhgw068mnr,70,216197.96,30.73,3088.54,70636.72
pool1wewygdzelh9m4m0kj8u70pmr957lxkzl8km4mttsrdd7wht00vu,20,215018.77,259.61,10750.94,102496.16
pool1wf7wk3802jxtkmek6uprm77cgqx53t4qep9kwkl078w3yw0ff69,3402,18040030.56,126.30,5302.77,582271.82
pool1wg3xyzscx4qp0d4zmvlh7ksw8cupqcnegulmezl0cp77vtwlvgr,5,635.14,6.64,127.03,575.60
pool1wggqaqs4pw2l4vml0k0p2kmvpq7pme3fl6smwc8cjjhvvuun9ww,40,24469.29,6.69,611.73,14810.87
pool1wh23dzv4mjrm2lv5y5k3pk9yx8dpggd63ma6duesvzvvymawpny,5,5265.86,12.59,1053.17,3055.62
pool1whk6lawmfz4zq5fw8zghglp23452gnm9zgs59nqafhpexwcvute,108,20128580.00,722.06,186375.74,8730485.50
pool1whmm0hkxunyhxsr6dfjpx2tpvd05qhev820lx9vcmvqa5wjc6nh,894,64087530.97,260.46,71686.28,52284366.93
pool1whzghlghkuqn8qf3ehpm3a4rugv0xxmgzau43zqer2awy2rngef,11,20369.78,0.00,1851.80,20337.66
pool1wjsshqjpl3n6zlscnfvyy9gxklkav2dvfyprfye6l0kewyvv6yj,43,388413.79,34.37,9032.88,195001.72
pool1wjt7mjhdaj857hwk3qg2wswn30ghjczm2qetrs7k6sjc20x4hfx,6,1045.57,0.34,174.26,1000.00
pool1wkaj4sy8set0fzrzgeyl8a8du9fg9fmx06yau2hyfemfy7k5mse,1,1000.00,1000.00,1000.00,1000.00
pool1wkk7mlwet6pgqk9gd706trlw25vnu9a7ygvrugap0swjcfty7vd,1,1.32,1.32,1.32,1.32
pool1wll3vr4v605eap9hpjfpda5cjegqfkjt8hrz3kkxpnffqejhav3,154,200606.76,11.13,1302.64,101919.71
pool1wlzug8x3xu6dy60pdj6mrkcpvc0fa0cjje6fzxegl4f8ua97dvw,13,101624.05,54.82,7817.23,100460.14
pool1wm5pnu72efdcvjm34r7ykkxx2h549swddjrn6r2aqy3tvjc4l57,5,50430890.14,193.45,10086178.03,50427509.99
pool1wm5quxelvgk8q50jyfznf9asvelp9zf0tk2wu4jazlw9yj4uctw,302,660902.28,17.54,2188.42,293149.01
pool1wm89xjqp96t3mlun3pa5suxa3t4s5lluq239en0nxl7pcm5tprc,94,97095.05,3.40,1032.93,63062.01
pool1wmyr8pp6f3rll0hdxed6e8kkxzvj9ur0ecc45sttan3fqcfldcm,1,10010.88,10010.88,10010.88,10010.88
pool1wn5cmtuzkgqfnh6htjplu7uleq5qxk4thc6wtm2fjrgmspqutaj,74,24706.21,11.89,333.87,8556.58
pool1wn7g7fs8nhqnkkzcafzucl6x6spa6rj980kkkg0rcnyajg62lur,2,529.54,264.77,264.77,497.63
pool1wngesrk9ju3x7fzmuqae49lp385k5khgmtz97rza629pwg86nlj,3,10923.30,770.53,3641.10,10145.26
pool1wnpac2c9am0h3yx2luh9tlsdhcpz2tmfyqjm8g8f67afk7fa6mh,45,1398339.96,155.08,31074.22,941014.90
pool1wnrrg33lw9fxcn0h3x3vexh78up660ajgk7pvrlrz5kkcgh9khs,63,574482.80,88.96,9118.77,307232.71
pool1wnshjhwqv9j7fgd4tkynpsqr0xczns4pghljy5j4z4qjj7qy4d4,20,3041.66,10.16,152.08,1069.64
pool1wntxmftndrsj7y4aqles8knl3nfuyj22l83jun02yyx9s962gm3,17,113317.35,504.12,6665.73,73803.04
pool1wp0yez530qyyxu6nzeej9m9f2sma2w4r54hkw7dfewtts7qqvwc,3,296.68,108.66,98.89,170.50
pool1wp7vqk4mkx0w0wxzpy8avhft4qwcg60xldwem2uh9n4pw777fhz,13,24983.95,20.15,1921.84,20040.36
pool1wp9p6rlpratng7rhrvyz6mcjqsl04laxxvvuu06umc5vghacqa4,10,25985.49,145.61,2598.55,22927.85
pool1wpj6th0242z6l2s7zl357a6rv8s7a4lq9x0p74mev453qczweyf,1,6235.56,6235.56,6235.56,6235.56
pool1wpmjtfqcwvtcs9znpuulk99yk2zz6pfh0c4k9f2xlcspgqjndk2,306,59503760.50,9.10,194456.73,40080278.86
pool1wpp9pslecqwv4wjr4gfhcsv9hmagz882q6fl6umwup8guxy5whm,3,6.64,0.00,2.21,6.64
pool1wpzr2xafvtne6cnvlyzjqf8dlj2dg7tgkv3vu4zt687266ep7wg,19,1290.90,8.19,67.94,1013.78
pool1wr5ky4r3hz6hxenllvxpuncg7jya8gv89jta03059w9eqqjy6c6,5,413.80,10.61,82.76,247.83
pool1wr79nyuty7wjgkey5vlfx9rn0x5ecxgge5mq45fpftqhye2shc0,5,15502619.85,553.72,3100523.97,15497947.45
pool1wrjg8fts9cus0eq8jyf5wqsfe64e8tvrquxgff3tyze4qal4hwq,15,159889.80,1.26,10659.32,90931.35
pool1wsar9vtmyghy3htc7gz0gwq70ap0v7wrq9hq83qwx5auvzfm6fg,2,38892.61,19446.31,19446.31,38892.61
pool1wsr9ehtfvc4cs3rzfv65jjv7w7pe3xngw58mtt0ex4jck5frw79,3,928.65,9.82,309.55,918.83
pool1wsug8q6kjtje0hzwp68lchwll0046t6huua3f7p35fttx7fcwm8,2,7.60,3.80,3.80,7.60
pool1wt0pf4u2xktp0f7apveu242w6nkm4ltk3m8g039lvuhwq4zdtf3,3551,49968468.47,388.98,14071.66,2899529.96
pool1wthsvhhxueqfd9eqjdj8pgyprhr4gptn5g63z9rdrtelcfumnvg,1,35055240.37,35055240.37,35055240.37,35055240.37
pool1wu4f8u7apml5nke7mjcvj2fvn0apfychx2957lf9gcuzxa07w6g,7,31019.79,3826.94,4431.40,11462.32
pool1wumx7h5vnkjwhv0rycjwdqd8cykvr380etvszgevquxwz02p5wx,4,3906.82,399.09,976.71,2998.03
pool1wun8t7nt4daw2zgv0vj7cmwru97vsw0fccucjzuvs7y0qlc8xyv,5,5077656.72,19202.36,1015531.34,5025086.19
pool1wunach3tra8tmaqgft9ryg6ndxt4y83z2vuzmaztwzdr5x7ylh5,1,0.00,0.00,0.00,0.00
pool1wuu2at4ccsqnlaw9q080wz7y0hq7m5utclffjfn3g0vd2j9xs8j,5,816.89,62.67,163.38,648.82
pool1wvaj307ee8jfewv9qjtgk0q3elmpe5lz4n2dec2303062f7dc4c,26,54006226.13,25242.33,2077162.54,36785237.31
pool1wvezktuplgsgwxvccvaw6vyq3l8v3ecupe56apngyjuaw4jxg9u,8,12626.11,7.90,1578.26,8492.19
pool1wvgf640twac8y7raqfz8hlqz4sajyw2gfpcxkq80wygekcx2402,2,3503.57,1751.78,1751.78,2043.87
pool1wvhd4nf6mar2x0zaek2te6lqkrckk9mxtjctezy878a3zprru7s,19,43905.87,93.17,2310.84,30681.78
pool1ww3v7euue6vkzstk2gm5r2s9jsnj9zgtvvscfcmhwfxlzpfgap2,4,18083.51,1796.43,4520.88,14490.58
pool1wwjj0tcr6w9nvk0jpvnrqq9p7ukn7wux0h669wcw25t0zmx3zfh,3,21927.76,7297.91,7309.25,9672.80
pool1wwzctexlp70mj00vv65mlhwhwresn58s9x7jl4tswvkg77eu7n7,600,3274323.57,5.81,5457.21,745757.32
pool1wx9rs2z0nuzds7aj9dvptwcruxputh3dvvfcavnwr6hkjvly20w,4,542.98,51.62,135.75,439.74
pool1wxktpcvaceu8zcsmjk5k0nu2nldm762ra6m9ept87fcvsqucdkx,1,1845.23,1845.23,1845.23,1845.23
pool1wxn9nsl8rvxa6r8e5eaak0ml6etfxnz2n9vqrmsw5nzgyexgkrn,741,2218607.17,14.52,2994.07,540385.53
pool1wxpzjtfr79pdfs6m6vg6xmcqjh79ff9d6sgzfdpvs2q26swahew,7,242077.83,627.15,34582.55,139889.44
pool1wxzumlr95mjxhgxnd6cmxcey38pwe5zwu0ly2mlme07qy8n00r9,3,187.72,47.62,62.57,124.82
pool1wydmv34dnmz4ek9s3p9jwaslwuutfyt8wlxt0mkunjkcufznl97,4,561.73,25.27,140.43,510.19
pool1wyfau3rlkckr3clr4mkyxn9vdlrkup0fj7uyyflfccmms24gm3a,1301,17858493.26,20.28,13726.74,1759516.27
pool1wyu23ahrnql8hc0y5jx00y2evnmw05d2rxnyqlgqq4lxs93q7ue,11,181687.15,45.86,16517.01,178983.75
pool1wz27a9pvd2jat98s375lxaaj7qxy405km4vzp83wn5vtwp59kvh,1957,5637281.03,26.94,2880.57,591350.65
pool1wz4euuc8r3gfya335gvpxl2nuajkvkjh3d6ylm4w83wcz7lqxc6,58,534883.66,13.79,9222.13,511039.38
pool1x08dl5dy0wsu6y9xp55drk4xeycgjnvutqdqm8wsqn5pwm6yx4k,10,1239.63,15.23,123.96,1013.56
pool1x0necz9ktlnah9505f3fkdncrlepz0q2gyfp4r7pjxnq53qw5kx,19,81727.01,9.06,4301.42,42558.66
pool1x0pr0y3hzlju5gxera9zt8fnxgzmqa4dqhm0wwu8ympxz37dwqw,4,371.38,71.87,92.85,200.00
pool1x0qm7xsyh2za3ltprxsgael544je4hg8tc3q3v5gv232z8jt4wp,3884,11371319.35,13.43,2927.73,1229258.56
pool1x2h98z6e5xvrg5zw3v3dlu8hqdtj6lhp6r3w5ge7rvcqcx3pafq,53,11548243.26,2126.37,217891.38,9422815.61
pool1x3wuw3ungmrq5padffsqne82fx5uesy6dc2qmj83xyanq4rgnz0,2,519.04,259.52,259.52,516.04
pool1x5dfpgp987e4jhxvgczr3wv50nv2pwd873tlx3uthvcasm422q6,1116,11073818.29,43.78,9922.78,2899380.45
pool1x5ge78ks6jc0j8nsfwyqqhk2ukxlkvz7zxlm9utgk6405hh490n,1,0.00,0.00,0.00,0.00
pool1x7j89z3n7y7g8syk06nahcrwkdphhw6dymt8r3gf8ulyksrzh5t,368,1249559.57,30.80,3395.54,177160.89
pool1x89ssjp53eczthatft9w74749558nsz3pq5jn056634pgt5m58s,36,3203043.55,25.19,88973.43,2960686.94
pool1x909haq22shn2479qtzkkr9ww2s9nr7v9xzyhxefg50yyt3lzfy,1,0.00,0.00,0.00,0.00
pool1x96hyvvamshl5ymcpdshz4ymqjp33vvz9s8dx06xxwpzzkhgra7,4,106.12,13.34,26.53,77.79
pool1x9ar8wy7ljw83ppe6y9p6h2yskrmf5dfa0td36ypk6vtgqzwqh7,7,6008.22,64.18,858.32,5754.18
pool1x9kerklpmyrzx22z944l9n8x9gn8s597vqy4hsllujetue8e5g8,18,29.89,0.00,1.66,18.83
pool1x9q4jf3zwftwygeeulku8xtlywmtmzwxjk2g3fz3j5mlwjqnr3p,49,954262.43,227.17,19474.74,491408.51
pool1x9tc05u8dqefrdyw9pgxn72szr7p2peyd7xgqs3l28s76f59c0y,1,7.90,7.90,7.90,7.90
pool1xa7zku52cj6aagevv5z685jm2ljhpqsekrrcrulpmkqrknnt2kz,5,1060.26,0.00,212.05,662.83
pool1xamkqfkkfm4eldv88jhdcm5uzs8kd3p776e789hqv8yfzjgqh9s,5,184.80,1.43,36.96,118.91
pool1xaudqyen24fz02vhu9qa2ry44suzfk8z3lh7sc6qx7c3gpweww2,171,751900.68,28.73,4397.08,329403.65
pool1xaxps54m30n35fegcweum3c86pr7xp2mmcvfsd007v9ps9xu8js,27,5172.17,7.89,191.56,4490.86
pool1xc6la5z92seku86c4rdnuvxjdc3fh8pdtanlgxdy99cxjrkhzkd,6,2139766.56,11368.14,356627.76,2066860.59
pool1xcesfga2h2fh7s4es4v2nsu4npc3ayg5x93m4mvt7whn2pfswma,1,7.62,7.62,7.62,7.62
pool1xcn2yddehm5ncjx0p24vkguth4rta7zv3getcztflxs3kh9rexd,207,417585.78,23.00,2017.32,137159.61
pool1xcslzgl6t2pcdr0u8ef2zkjhdyxy8xmgvzp0mcdgrw4k5gtg94s,25,593437.90,637.47,23737.52,326279.70
pool1xcy8wtzrmzdhr2sqjjm8qe0hrxr4dc23zsv9mdfegahv5t0jud9,1,2.45,2.45,2.45,2.45
pool1xdcg6kg0g4y3wqf92f8uh44urz06suglhff036k5yak2g0m8zlc,42,56977.61,4.96,1356.61,32334.57
pool1xdgzul0qespnz56zzrckwf4hcryyql9ypc4tya2dlu9a22h43ag,45,296677.96,295.38,6592.84,133219.52
pool1xdwe294ntvnken52vsaar7edxpxeths4dvsm84pm4chyq70r0ny,7,105.30,0.21,15.04,97.83
pool1xed948ze4guhrkt9zxjmecjvgkvgf8gd8skkzgtacz6gsyk9m5c,10,70341173.67,21693.96,7034117.37,35010389.78
pool1xfj4dazvq0fszalwm30zr85ka9t65mwpq3vfrprdw35mwan3vq9,4,1505.38,2.12,376.35,1501.14
pool1xflehvzad4wr6rrvf6eea65jst5af0r4k0rh4xvmnqgvkzt3xjt,3,2019.18,13.29,673.06,2004.40
pool1xftlxx9slpz59thcgtwgdj3k9e0ntn3p4qnmzs3r84dkx0hccjc,312,23520609.95,881.93,75386.57,6608193.20
pool1xj5f7a79lnc9v0gjn00fkf2lyzexngka59tpcew5rrkyqveagpt,184,548665.22,37.23,2981.88,193170.11
pool1xjhzgchsl2ccvc5pj3aqytv9hh0jnaz63wtfnw4th07tjypm46x,2717,58708625.72,73.89,21607.89,11601904.09
pool1xjqjwe0t7uw7wfdygvt99e5wjcuz6ex6rcx2p067aqxp6tsgwgm,30,19642725.49,2010.80,654757.52,6356414.13
pool1xk3ck79lra9c9x5c684lylvg8vlexmh0eh7w90t6s0zvw6k5vn7,4,1749.05,2.39,437.26,1742.58
pool1xk8xt05lck3sm86yzwu2xgrser0t7g4jzrvqhks9u9tg2tca52s,1,0.00,0.00,0.00,0.00
pool1xkrqy49edygfumvw9jxna55c373cmckzqq92m57ng82ycpykcmz,1,102.62,102.62,102.62,102.62
pool1xkwnlr34tjrnkz6u4c0p36cju3xuls4dyynsdkf6cv22ksuhz6q,624,18571325.18,1097.75,29761.74,3727630.99
pool1xlfty06hg6q23qvcaxwv3p9ke7ff9n34qpr8tpxt2zflyq20ceh,714,35156625.84,1200.81,49238.97,5110774.09
pool1xlgmew766a2ndakrn4sn63t00sf5z99w4ncd7k75r5thxqyln92,7,7395.26,103.61,1056.47,6370.20
pool1xlphlhnjvfeh40vcqf9fdewztsj6kyxq6604kaccpv00umjfu0d,5288,12242064.23,17.07,2315.07,929870.11
pool1xlra52x2es7dmsvpmcp2922h89h346awe7yuu664e50yvrzaaqe,11,26517588.85,1180243.53,2410689.90,12549997.29
pool1xlst0jw9safmz3c8m56zvl4m65y306dcp48hdks8ursmsz2awm2,5,40.64,11.49,8.13,13.48
pool1xm4nalvh3yd7pzczlr84w4jlzymwqrnshlpv80u8s6zex997kc6,7,11.70,0.00,1.67,11.70
pool1xmftxwzqqkug8uzl2n2yvxhm6k0tx4rjtel92wjgvrlfk0uqy8c,19,3496.68,0.00,184.04,1847.47
pool1xmlq3sgssww6kwu8dupgxukzhlk77j40p9c4r3qux3j5z2ysk2c,4,76301499.88,20249998.47,19075374.97,20249999.08
pool1xmn8ag7jctcpdqk9jtrzk9s7qgs4f3cehkxhtelgpag6c7fjxdm,58,9074.69,8.86,156.46,5396.60
pool1xmsdhync6k6grkkj7tuycskjpseykpr24luhlazl5nsngsy87gm,27426,34907569.74,11.87,1272.79,3008797.07
pool1xmtmp6cmmmaatkn3jd9dlht8xjyf7xnqmrurs59kj2ygxuz2jkd,5,1019631.95,10649.63,203926.39,961388.31
pool1xn4kqt45xh3udf87kmtkdfz8xh9qn6trlqsf39eusk23ufmxhgr,1029,28812172.72,12.98,28000.17,22231273.85
pool1xn6rwtc6m7hnf66006uk3r0yp3yt5cq7u95esu3xg4mk52cva8w,2,509.63,254.82,254.82,500.62
pool1xnaxushl47aeha3mr3uwnxcfkvzj0um6c4zxdr064d3y68z646c,6,577919.68,1573.74,96319.95,404188.19
pool1xnfhm27l9sts2mq85qp2dp0yhw5xw0nt7vxxaa4a89zngykvxu4,2,0.00,0.00,0.00,0.00
pool1xpeupsjcwntlt78ak74kk9ymfhn2pac000yu9dp42qlpz58f0un,5,8395.46,422.73,1679.09,7339.61
pool1xpfe5q3v3axrjdc8h38taaa93frq3m9pfewxk46x4r6jgy2yj5n,2,2391.10,1195.55,1195.55,2391.10
pool1xply0kq63yvhwl6v090yuf4mxwrq37rse75w69ddw4k7sxwnxd8,5,188.24,32.70,37.65,117.32
pool1xpptvfwpqau6qg7j8e4qatkzeartxm7ezux95evgv4zm6xxd3px,4,2.01,0.00,0.50,2.01
pool1xrrrr8gldqz8pjxj6j8c638a9py04xuv66kfgn2dlsx9g52te0t,102,12677591.89,1561.49,124290.12,2321780.09
pool1xru6f3fflzwkptgm68pncrsncg9ngllv0jk8jnz40m7wusfhazk,1701,22823934.38,50.42,13417.95,3355678.50
pool1xs34q2z06a46nk7hl48d27dj5gzc6hh9trugw2ehs9ajsevqffx,992,61083638.23,865.42,61576.25,6268774.77
pool1xsj9s3mfpztls97x7jjql0msmeh5v3wa5vyqhmmmsx8jzsqxrsv,4,74071869.38,1556.85,18517967.35,74068750.55
pool1xt0gxs63r5vgjsrzhm7jfuhuqzga9pf8kqvp38qmdzn3wjxudvr,1,2.23,2.23,2.23,2.23
pool1xt0z35f0ms6xt5r8swhtd2xcymqxvk42m8fk5q8fnw8hjhr6yax,5,97.51,0.00,19.50,95.94
pool1xt2nyju82ea3pz33e5sqwgjx05ks623tkmuw8jvlca3kzmz9mud,7,26498.18,90.84,3785.45,24377.66
pool1xt7mjrtnsew3v33lu8sf93upf20sxhmcrfnpm82ra46yxk7uy45,1,57000082.28,57000082.28,57000082.28,57000082.28
pool1xtrwqwu6jn896szjwsyxxjczl6hc9sq4lh5ax68f7dt3gc0y9rx,1120,3216981.33,25.42,2872.30,857893.62
pool1xucruwwxsym3u9v0m4ex3az5d4vpz9xu877vsl9udpt0q237e9m,4,70023314.94,17506497.21,17505828.73,35009137.89
pool1xvaagsvl9prlr20hvg2qv434yss5c88r2ml6n43wcpepxmw85lj,65,3333039.35,33.36,51277.53,1015550.56
pool1xvfzclnwf0jyc9ekqmamshha9dmw8mpzd9ykgxjjpxnuwdv6mzk,43,68428.12,5.36,1591.35,67497.35
pool1xwqye6mlftwjg706acz5fjqz7gmf4qdye99zsjl03a4ru68ghee,34,2858133.17,222.19,84062.74,1551242.58
pool1xwy9ulstsdfwuh0q0jc76hjalvmh2mfal004ep6ka38k5z4zmh3,4,8490.58,1741.78,2122.65,5007.03
pool1xx3wxlhxu2l8qcvdvealhsry8r0ge966lmpp45ztkte77lx3qq0,8,903.95,0.26,112.99,835.51
pool1xxhs2zw5xa4g54d5p62j46nlqzwp8jklqvuv2agjlapwjx9qkg9,3215,14619787.38,18.18,4547.37,1960354.33
pool1xxjcu9djguspkrctjgszvzcagy7pzy8vxqfaqtl5xy9824fz2qg,2,0.99,0.50,0.50,0.99
pool1xxvcz8dem4xufzn74v2y7fs709mfw3tpq963thzg5en5jrkv67a,132,692747.30,23.65,5248.09,345993.02
pool1xytvsd9qnvqxpthh9p8k85e823trvn3npxeur8kr9zhkqz5uls9,5176,77297506.55,32.82,14933.83,20647737.36
pool1xznpgmkfkf4f5wzks85z778v2s94vhmjxc60m8tphvypj6jp2w2,8,43681.45,2053.74,5460.18,32015.11
pool1xzpjn9f5nk52lnfzskuxey3r3h5fh8z78389qsd6vwyfcqum796,3,196.69,65.35,65.56,101.38
pool1xzsckz6hd64pnle2c88e3gccccyfs7w6eauxuffpcc5sx2mtekx,13,32319.36,179.55,2486.10,9173.86
pool1xzu4pva0k4y6geukd9uvvl3t3s8q8alzwahf575y5fj6cnkd5y2,18,3170662.86,52.10,176147.94,1700000.04
pool1y046n8u3uz552nmhz9wx7jv2gn9lytyvwlntetkyavvq52nzqzs,4,38.20,0.94,9.55,36.31
pool1y0lq6rjckxxly36gf3wdsxzjzg97mq9c90una3vfq8pu77g7zkf,255,122182.75,10.76,479.15,11220.50
pool1y0mz6yevqk34gk4tml37a62h69tg59sfz6vslzv4sf5fvsjhvpw,9,16093.64,89.60,1788.18,13355.22
pool1y0s5vwg2rdvfnynyhhgh08hdrd74p6rfhwxzvrxvfnrvjuddyf2,6,10982.94,0.51,1830.49,10814.88
pool1y2433yepkpw5xwps004zlz23xuja9xp2ckplak5lp72qss37333,5,153.28,20.01,30.66,99.43
pool1y24nj4qdkg35nvvnfawukauggsxrxuy74876cplmxsee29w5axc,97,658844.25,307.66,6792.21,152628.40
pool1y44fkeps7ftnnf495a7grfrwtt7hxcntaenyzu4x4vah5cud0mt,36,7238.61,7.58,201.07,3153.43
pool1y49e700dnx8lpvznmysgzw203mjq6l7um85ka4ys6x0zcwgs77w,32,5119826.84,3555.07,159994.59,3185679.33
pool1y4yyg9zq2000akup68w68r0m42td2h2h5cz282ua4u985nzszkv,4,100080.19,17.38,25020.05,100042.43
pool1y53awxsm6cmksp8qht8qfq5f5c69t6mrgrdcresk5y0ecv2yj93,1040,5130664.07,102.39,4933.33,882129.11
pool1y6gnk7t3n6rvpr67f68mehxgqs5x24n0esz9l5j7m4aqzn4e0qw,2,62072329.51,31036164.76,31036164.76,62024632.41
pool1y89sy2e927hvvt66wnukx5xnnrarzxrt55eypttaw3n06u0uam4,146,1216027.87,38.35,8328.96,550526.11
pool1y8g5sk4maqzpg6k04t0e8x296xtumuph7k4ya8rsfqh9xhc5a7h,4,767.48,74.04,191.87,619.40
pool1y90zp3ysrwzttwqhm2gjc7gp4d7tg2n6zsw3sp3lyk7vjxc56d6,2,0.00,0.00,0.00,0.00
pool1y9rdlv5tksudwrx47afjx47grd4tyh24zccffjtp32u0cfpegvk,25,3836205.01,4.07,153448.20,2581280.25
pool1y9xftc4cq0svcv0gjdtusnvllrg5v5rn0d24g8r4m7tnsem6ve8,1,0.00,0.00,0.00,0.00
pool1yafxktvszg85t5m20l8q8sufgcae6cxlk8cx96wrt8cdva7aknf,1,76276262.31,76276262.31,76276262.31,76276262.31
pool1yc6f3cqsc7jfh07hcns64v5cp8720mve870pgxf2wkr3u8l7tse,3409,27903732.45,35.06,8185.31,4091119.30
pool1ycksh8m4ees8jf6f9muvpqxmprj7j2wk72h2qxcn7ykswv408w6,5,7050.43,1582.89,1410.09,2002.62
pool1yd67ecxptd70flavhu9m4x9pj460fpy3pttlcfs5wvjlwzs79vw,2,5714.74,2857.37,2857.37,5709.59
pool1yd67lvc04eztwrpnefqh3g4dsydmezwgrg6ce4km728v6sg8zwf,199,1500260.92,257.87,7539.00,317720.14
pool1ydcx8pf36rttvgyak63kqpgkqgrwp94k6a723zsxer0sja9t3d8,1,2491.89,2491.89,2491.89,2491.89
pool1ydgmfmxpuateqwz028lpgypsdchs5m0tzes732qdragdg4jp0uf,7,39.98,0.00,5.71,26.63
pool1ydz2znwyh3409v55r3psgc70w2ykvqjkkagx3f5ep96vgp0vlmr,6,17853.78,5.00,2975.63,10746.45
pool1ye4zrxf0w7d7drq5wmat36dlzq270dxy9rhgcwufnaja644vwr9,9,10206.67,2.78,1134.07,7489.85
pool1ye53d6kl460egekdnunjl4tx5zhs5puze8nqkfxyjuae7364w74,9,147.66,0.00,16.41,146.49
pool1yechqtexl9r7esg5scwynqalmjrpd5l69wkwrrw54y0x26eljpq,6,1584.28,119.49,264.05,763.92
pool1yemdr25t4g3ev038yn433dt58d8p52nee7kmcykjlhye6hshu9m,57,331734.30,523.96,5819.90,78693.15
pool1yenqraf3znn07qmvtd8wg23fymsr0vsme7ry2475r48vk6ss0z2,23,27316.74,33.60,1187.68,17970.94
pool1yet04d4ykpp7me8uc2jx2glxrx88kt9uhmv6jeh7xkmtu5zucna,220,273924.97,6.71,1245.11,50232.97
pool1yfacynd0va3rw27tjldfz05f6hfjhfv36wwdhn3dy2hfqq00w8y,26,88035.28,217.96,3385.97,61452.74
pool1yff3j4xqhmunrccjsdh0u9qxrws7xdqhagjx5lqktklwj67u5s3,33,130679.09,1154.77,3959.97,47458.45
pool1yfxhjwwlzr5da82h77jy83nkuryh970ey6zypd89fy6qyuxfppe,2,9.83,4.91,4.91,9.83
pool1ygamv2t9lw03khcxpe75rjd4p8lnn36hux3deeg3hrc3jwrx43z,1,0.00,0.00,0.00,0.00
pool1ygmlrra5qn95zw6afntvzxpdpzz67vtqjr4dmslerua2c092a6j,7,25986.51,2002.18,3712.36,13105.71
pool1ygrwdlhn46gehyay2duxp8ynh57drxg0lgf9huymxlpvukdv0k6,2,2.63,1.31,1.31,2.63
pool1ygsyw93csvam58nf63gttknj9dvj3zxh54h4eh0kals7kdf0nx6,51,1159892.15,1018.95,22742.98,354781.36
pool1yh7ksvg54nger73ldnf22cgwyh0dnm4aerahdd0kdukjqeacy32,29,67609018.89,54952.01,2331345.48,19409547.43
pool1yj9xduuwzvdkcwm2mc9x893zq684x7pyah4ja8zmzplgvxz6wgk,406,17387615.88,4068.78,42826.64,4221683.40
pool1yjz9nhtlvnl9rx46t2kfufwxd338m0kw0jxaj86pqfthse837z8,3,951.06,104.71,317.02,744.51
pool1yl76e0fhq0kcfy2jqs2mt6hl9xeyrnesehqp0p4s896lwv7hrta,125,390049.87,52.29,3120.40,101748.08
pool1ylcl727memzjqypjaxg0jl0l40l3gy3vmtt0llwpjufwwdmptks,1,201.00,201.00,201.00,201.00
pool1ylhh4u260wz52zpct0ce8txh8alm0zmjaf4fn69yz09xs68y70v,2,376.94,188.47,188.47,375.50
pool1ylkps8vax4nzxe507a0mx2svu3p8w2mkvdhyjqu7rl78q9rehh9,6,612.17,8.64,102.03,447.56
pool1ymmhkw7r5xj372w7gwel66fwtvqw4uv08j0fs2wycee96qv32j5,1,122.08,122.08,122.08,122.08
pool1ymqwfp9p8m6g09a6ca0mkm0nmc0ezgnvhtj0vpsvnmyjvy8zh7z,2,547.63,273.81,273.81,547.63
pool1ynxx88cq0y8vg8yrq3jrw6epm7rq9a8859v34sq9lzjy7ztg90u,26774,45045030.71,19.92,1682.42,1055388.26
pool1yqd4ln05uj7qd0fs657yufwa29an8lu49farezn0x6a9xph9h49,1,1.00,1.00,1.00,1.00
pool1yr0cv3dtmhcfgqa6yetvmf769ngk89e6tepecmjrmjl2jzcw2lm,1137,32435693.13,159.71,28527.43,4907624.56
pool1yraracv4ntq9azvjw2nkw8g4xluujalz8fpt2stz8rw6k0zueuv,1,5518498.17,5518498.17,5518498.17,5518498.17
pool1yrprrg6segrjprav2xjnvtgl57w6er3ttjskg70fjtwc524u0k4,1,1206.07,1206.07,1206.07,1206.07
pool1yrqqa03ea5fdh5hnap99k4actjtj6ypeeauuwrvf8d3zw9ywvye,28,224703.65,90.83,8025.13,105784.62
pool1yrycp4fjyd0al60xw826jdju35zazqmfny53r07efucuvlvnej7,11,11124.86,32.11,1011.35,4068.20
pool1ysnxzyr2ck49pxafgq52tt8wzdhpcsqw3jxdftf7u2whgtmry3k,4,222.26,62.00,55.57,96.83
pool1yt868wrp9s2x5pehe96del9m3nwasme62yw02vww3kg6zwzspcz,3169,11053428.21,6.57,3487.99,585596.72
pool1ytfsdx0zjdum8qwrk6urv6u6gxvlnd3r93j8p8ckj57wz3aaudu,4,5805.80,514.71,1451.45,4776.39
pool1ytszp582dm9u5un6mevt9czgcnuqhflwfr9ly4ukpeqcughryqh,84,5006812.00,877.30,59604.90,2268965.34
pool1ytyw34lckr8k9dhn59h287wqry5lk6waqtfhxe6v94v4gsaa7vx,26,1055883.17,113.65,40610.89,507904.74
pool1yu9y9qvqu2d399qvzcy2ugnrsw4vh8uzsufq8jhyfrsjk563jqc,1,518.51,518.51,518.51,518.51
pool1yuq5ck8d6fssa3ju004wn9nap3ll06hd60a6tau4ptj8sqhtgsn,25,294942.09,2533.28,11797.68,114519.31
pool1yv4s4v3rjgzfwj4zxm8sy24e2vq6zaexp8eudyrk9rx7yhwaxke,7,12457.46,50.26,1779.64,10538.62
pool1yv8lps0rx4xxppwpm0vea852wwu6lg78xh3qfss7dmftq2gqy3r,5,941.46,100.62,188.29,443.60
pool1yvf4nxph69ztm0tgj73ummxq45kfjhecyad26e3xc2002xgzalg,3278,28457517.01,70.32,8681.37,1500520.27
pool1yvwry5gmqta5tug7gjmfr33c2whdjf88tfykqckaxsdcgcd482q,6,25135.18,677.57,4189.20,19800.35
pool1yw05sn4p9972p6lsdw9g4twvwxdf72rqtfuvwn0wp736vh4azfn,3,104.60,10.02,34.87,94.58
pool1yw8qh0jnnl6eumgzt77fulfhgmyzda39zcndgvyc27ffu6jeh5w,1,4.61,4.61,4.61,4.61
pool1ywpt43nttzjd7883wafg255mh0hmjypwe65ercw6p2sxg5lt7ez,32226,39456744.07,13.67,1224.38,3644430.60
pool1ywt7jqfsmxg0yplku4mtdwtm476rp72z6fns9mhevf7u72pkupj,18,1266169.99,661.01,70342.78,1107282.89
pool1ywwtv7clgpjs88ysgpcntc6gemlrsy4037eulquswmtlv55cuzx,609,418171.93,9.16,686.65,51238.63
pool1yy7vaszhqx7h02rp8ey0p84yy5zv2r2awzddzceeaurrs8klzxt,25,556750.50,22.76,22270.02,462532.06
pool1yyar66t9fw9dscj8huhredgwplcnf22zq7q7vugur0t5c9nzt97,1,74027608.65,74027608.65,74027608.65,74027608.65
pool1yydna77k2j8yq4fw08d202z664g3fvavfvqjg5g4lxmwzsa9k9u,3,0.01,0.00,0.00,0.01
pool1yyv7vx5zhhsd60jp4tl72vpznwvpvjp35m4z7jr42ugkxmndyv5,205,1342907.11,21.35,6550.77,738605.76
pool1yz3fnqnsqhqpkc2tjqn4dkws8nnr8a5kcs50g780nh0wk8tgnp2,97,123773.84,11.77,1276.02,20701.94
pool1yzd344e32exxzjnjet4l466zcfnte5rnzveywvztxdxug2yu7m4,5,59345.23,891.16,11869.05,52702.61
pool1yze2j2m286u2evnsphkaz3uyx805wxrg9qqn9ftns43kypl45kq,1,495.27,495.27,495.27,495.27
pool1yztpevpmfyyz2eu4dklmgfx8g0q0vme7ppdsnawcpnwxs3vfxy7,1,44.45,44.45,44.45,44.45
pool1yzu4lp7f8ua7negffj8mmwfylx4ckhsu00a4gtf630rlcwnl7gd,9,380.12,8.47,42.24,210.87
pool1z033qtxzsn7c9az4fzz8z0ewnynzcuq2dy54v6tfyqz5vfjkmv0,5,1313.17,0.00,262.63,1313.08
pool1z075ym5pdu9cmeqzassp97z36ctkvuvg7pcxjzluyv5zqgau4xg,5,1097.29,17.32,219.46,1043.22
pool1z26udkezqtry8xtca2u9f807ptf0llcv70rnr3j2357gqgrs79f,4,190.43,8.56,47.61,172.92
pool1z2m3n779dyqjat2m8a5vl94nrl43xm2tlk8dtey6txggx0a6fyp,889,170296.01,7.20,191.56,26147.84
pool1z39sker5renxhep9m7z8aae2yh56940gwykptfcf053473mwy8t,47,403173.42,397.28,8578.16,191887.98
pool1z44fjvz77atzgwcwmwtls7skggnczlx8e30pugqn6ugajjrzgc3,1,27.62,27.62,27.62,27.62
pool1z46azf72z9yjlq6rpngwn5syg5xup8jcwguu2t259ngl5cnv2ds,15,32235990.52,74.73,2149066.03,32012889.15
pool1z4d4s883ul7h6vsrmg9s3t64df2vcx02h8tqtm8sq5yqw62pu44,10,782.05,0.00,78.21,598.62
pool1z4f2vmmwckcm6c4fmhn3vmymhsg8gjukx5905g54hlhqs9kaht9,24,607210.71,16425.76,25300.45,129827.59
pool1z59y9zk6kvyzl9fv7evxpnry8sk6ymxuee0lc6kw2rkvzh6f077,1,2.62,2.62,2.62,2.62
pool1z5h4jhmhqrd2ndrhn3w7kr8nvcqwunds53hrs6vpzr882x4n3la,5,1546.08,0.00,309.22,1443.85
pool1z5rt6kn6yvuczj44qla73mfyln9l55lw0jkz6x4kjw00u32zec3,1473,12054199.76,31.11,8183.44,2958211.55
pool1z5uqdk7dzdxaae5633fqfcu2eqzy3a3rgtuvy087fdld7yws0xt,5133,63791336.00,67.75,12427.69,6112797.40
pool1z724xxqgzf9a30eejsa4edznmv8hgy27ssxqfcpqz42sc6lfqwu,18,568576.47,209.56,31587.58,509176.12
pool1z7n2ruhmxmv77f6cqhd3wsy6774h2wuay77agxuf2y9mj8q55vw,1098,52223121.38,124.99,47562.04,4420659.63
pool1z9m2kxeat06t30yf6ar7sqpert0cjdgxzcv2dv36dcwcqcqtgk4,2700,15416236.15,66.49,5709.72,1044349.20
pool1zc5l0d0j9d0969z7ssphjdq7rfexhnhrfdp2e88sv05ujlaxfk3,11,595174.24,3399.88,54106.75,378986.81
pool1zc7vxe3ymyej76h8wu8gm79chtt7w9c3adkza4uhrjvagr9w4zp,803,6702382.41,64.59,8346.68,1135418.01
pool1zcdptx4spapxquc0rpeu33ucc3x08g9wxsmm0qchqg0dgxrh6g7,2,516.43,258.21,258.21,516.43
pool1zcdwn5z04gw7m0n7qzwx9gqn8a9l3wfcvejc3wrdxfuhc88usua,5,1032.21,4.82,206.44,1007.48
pool1zd5jmdvhgcqja28at800tle5qltucce5979x3jgdv0g9qcmw268,2,282.07,141.03,141.03,161.67
pool1zd728035u3406eff69h9a8gj8tg927qe62xwvg4leghwvs5hhmv,3,20250.87,202.63,6750.29,20045.25
pool1zdl39pvapcaj5um8nyduaq2vmn64dqwz4qlhnzurnca8zetk74s,11,170037.22,62.84,15457.93,86302.40
pool1zdn25g5v2qlcnerghvj60djfzzex9q6aysr3mdqz37x7qryesjj,1,536.79,536.79,536.79,536.79
pool1zdtqtsu3l3ytatzyvrq48d4mpnll9c5evwfq6taxkmn9vvdz839,107,14999929.48,11486.35,140186.26,2509797.35
pool1ze57pe06f82s3v8ugjqxrny56sj63vs26sm5q879ahkkq69zn0c,14,3520.78,1.72,251.48,3174.15
pool1zevtw8lsd6xh45v2mfw3ay5rqtgyt5dm77daglqwjnpgjgc0ynp,2,998.26,499.13,499.13,890.43
pool1zeya2r53sxmqh2ux3ssfsrqerergnw2hjxmp63r83ntwverpqwm,31,350005.56,19.43,11290.50,231338.00
pool1zf7aswkv5ll0ej9fcg45jf6cqt2ee7tn3l2wq6zyx05t7a5srus,1,500.00,500.00,500.00,500.00
pool1zfhww5y28t303z6uyq3w47pkhfmxww9dsn89vrxteplg2zjkekl,175,1013480.34,13.84,5791.32,377940.92
pool1zga7fc8swn5l4rha04ddq07m2rc8rh9vxqmc56j4k2l2xy4lw22,263,402203.88,10.61,1529.29,209546.53
pool1zgjk3dzwcwd02juqntuzknr368hvxjxy8l8uzkxvgu4252d7ekf,3,72921992.90,2477.29,24307330.97,72919480.60
pool1zgxvcqf0dvh0ze56ev2ayjvuex3zdd3hgxzdrcezkx497mv3l7s,31138,59300505.13,17.37,1904.44,2405135.91
pool1zgzyp6nt5084e8renptskpyaksd79uvl4hrfvnszpxyfzdt86k8,16,16427.71,7.88,1026.73,12194.22
pool1zj4h7kc6v53q9r8x3fwzfuayf2frwme8u5k86gu0uzeeuvqxgul,1479,8432886.61,35.11,5701.75,765095.80
pool1zk6uxgptztrxxamzd0ugrtu84xg8mjymd2xcdvxqazpruqt9r3x,625,4295891.31,27.91,6873.43,706408.20
pool1zkdaju2rjefa52uh6yh6etsxla0x6aqs6p6wm245y5szk7k3msd,637,1778076.27,49.85,2791.33,290144.49
pool1zkdc6ve9nndk7vxnjlalhqt4hr5h8auz5qzjk7lrjrqtv23yuy5,1459,64221791.08,1064.83,44017.68,10543796.12
pool1zlsrcv64qzzahdky99r3e2m0wd68uav3d7f5nxegalhj66r8nnj,2,104.49,52.25,52.25,104.49
pool1zm5nqvrdwmslk682d9qemd9fn8htg2rxlprxjuh0ae5l6sqzz3h,5,254672.36,19745.38,50934.47,153615.32
pool1zmfpd5r5vfwjmwm4cgy53exe58h7plnecny3t4948yw7zumzp4c,6066,17496738.71,18.94,2884.39,3310193.71
pool1zmhvvzlqp0xrhhqjhxyvfuct83wk4w85jckfkypz4fskcjzze2x,4,6515177.44,924014.40,1628794.36,4657050.99
pool1zmj5rkpvhdknscjrgul4cxw4xhaqfhfcjqv9kffmhd0zvdx6rvd,2,5.22,2.61,2.61,5.22
pool1zmtm8yef7725p9n7x433m50kvv9xpzjujnny9m5t960g5qm30ua,62,199280.00,12.80,3214.19,74205.39
pool1zn4wnk52kmfjy9mw4z85p6wn9kzrn94l9h5gys8r2k2w57mdnhh,56,608868.81,33.39,10872.66,312822.09
pool1zn9hjcmfddhcp2aj9xxuvz7z40rasyatkgavr8ryyz72qdfwtrj,2707,18821941.97,30.25,6953.06,11704749.87
pool1znp7z30qfdgwcwel4htqmwapfm2h05ml32ttt8znevtz2vwnqwt,2,607.39,303.70,303.70,602.62
pool1zpkqlcpu5gyk0s5e9263y5n7vzmkgrtpca0u4xpxan02w8ld0nr,208,45498.11,13.38,218.74,7956.38
pool1zpsk3ql6qgzkgqncrlzulf9dype3km52rcdnajn5ttddwhhc3vj,1,6734.32,6734.32,6734.32,6734.32
pool1zqcz8zt9v07ygj06zr28lwm85s20f6w2qdcdltjyd0wuklydqnd,7,3292.18,353.06,470.31,1163.99
pool1zsasyr8lvmw6w2ds8h05ppxknphk45c9q76vz7wwvf9dvl0d3x9,5,10662.37,322.21,2132.47,9248.00
pool1zsfyca7vnftr3ywzhwq07whjev9nau2j65mq6kehnpvvccstlzz,5,12.85,1.84,2.57,9.01
pool1zsjkw3y0kyhce6esgat3r3vec9z9rwud79lpv00u84646pu7rvf,7,7875.02,190.42,1125.00,4123.37
pool1zst2k3wnmtq69vqzm086q9m7v7dn3gpsu9fgxy2vasew6l8nlt0,1,1097.23,1097.23,1097.23,1097.23
pool1zsyqzr04g5pr3nv7vfk8ldc3uf0xljc8yftdsqpxxqpychpxj65,11,615833.93,2010.77,55984.90,275408.28
pool1zt2d9aa8ck62uyy985yny47hr0f6cmf2hnxzke0up0lc7zcp65f,73,212451.35,19.90,2910.29,110084.67
pool1ztk6dcj2nc3plnujf3ek6jqngtx8hcryufz56lyumemlcy2xxn0,1585,5491888.56,30.71,3464.91,505269.11
pool1ztpwatlnzskuruwe7hxwvu6xjsv6l24835pyvpx7lslccy3xx9a,5,12904.71,28.56,2580.94,12648.41
pool1ztz3370gwds2v7hjzgtns33f7kw0qp0zjx34esg3dvlcycnnte5,1,106.62,106.62,106.62,106.62
pool1zvm45jj5wz6kgfr2xfg75rx0auzxaedu4ulddhnrzk4uwuyuvpn,63,301880.93,180.33,4791.76,52379.48
pool1zwqrrwpr5zx7c3f4ukpu4r4fz5c2hkwx9vwqka5068urgqvpjzr,238,1531824.91,20.75,6436.24,408605.78
pool1zwvfvst3jldarh3sgjn07c3vk5yw8jz6p9m9xty5cakgqed6c9t,3,214.56,0.00,71.52,214.56
pool1zx0lmhdymz23e702clzyywdw522nh66eqaseaye8sue3cyfzkar,3,413.10,105.36,137.70,298.82
pool1zx293a3jpjh9sln53uhlc34ccnppl6sze22rrcmt04enzapl935,1,300.82,300.82,300.82,300.82
pool1zxklu387uqpzpteqfk48enkuwyjvq0qawc2wvrdym540zk0yqps,5,130379.54,0.58,26075.91,123348.13
pool1zy0mg8thm4au4cqaz5gz4ah9ms6894e2vqkl9a6l2uq4vas3yam,10,25843.55,75.21,2584.35,15725.81
pool1zydxfglzuvv6septzwzfgyslcdjsytealqmflft7kc57j9tqcvz,5,631.05,0.00,126.21,554.41
pool1zyjvzvvkppsepsv4d75t2lmxt5p3cpn73pw7jk9gstxh78aa9ah,5,14679.78,495.10,2935.96,7661.68
pool1zytydvyy3qztrs8l2xyggvkfcjctp23m2hc3aj7sudnzgny79cg,916,9116615.34,72.71,9952.64,2000202.45
pool1zz7x8ergn02chznayj9fjds2gk5q6prmpdr49faspd65kzqsrjs,2923,66404410.57,67.21,22717.90,6934179.05
