pool_id_bech32,epoch_no,margin_rate,fixed_cost_ada,pool_class,delegator_cnt,active_stake_ada,total_pool_rewards_ada,operator_take_ada,effective_fixed_cost_ada,margin_take_ada,delegator_pot_ada,delegated_stake_ada,eff_entity_id,avg_ros_annualised,owner_stake_ada,owner_stake_ratio
pool1gaztx97t53k47fr7282d70tje8323vvzx8pshgts30t9krw62tm,623,0.1,340.0,hollow,35050,113898908.0,36339.77359943034,3939.9773599430337,340.0,3599.9773599430337,32399.796239487303,113892925.281614,KILN,1.4915,5982.718386,5.252656492545126e-05
pool1ff2hr0sukqqd75jr2rh3wrmnesxqgpq42dgd6rm3ungnqp904ue,623,0.08,340.0,hollow,39,108333731.0,34564.18790004192,3077.9350320033536,340.0,2737.9350320033536,31486.252868038566,108327706.970255,BLOCKDAEMON,2.0723,6024.029745,5.560622429776742e-05
pool1ra2su7cvnmr83pu9nvvz4a9carsgc9egc3e5fuk7h9pycyp5ela,623,0.06,170.0,hollow,6035,91431028.0,29171.331980489012,1910.0799188293406,170.0,1740.0799188293406,27261.25206165967,91431018.179273,FIGMENT,2.224,9.820727,1.0741131555471519e-07
pool1f2wfjqkf2wx6jq93pdck6hgmy9zgw32lmvrq9zejl7scqxjqfze,623,0.06,170.0,hollow,10890,90751705.0,28954.592027013023,1897.0755216207813,170.0,1727.0755216207813,27057.516505392243,90751695.179273,FIGMENT,1.813,9.820727,1.0821534427369711e-07
pool1k3nkfa5ugavrpd9nwd3s6yyx454qxnquxwmux4rzfunl7q0z38t,623,0.05,340.0,hollow,6,81085406.0,25870.5315792658,1616.5265789632901,340.0,1276.5265789632901,24254.00500030251,81082231.798805,KILN,2.0522,3174.201195,3.9146393310283235e-05
pool19yzqr3meksnvzdxh5xf6aknfhldyqdj7eaquxgcjva4mzt5kg3v,623,0.1,170.0,hollow,86,80713290.0,25751.80690112643,2728.1806901126433,170.0,2558.1806901126433,23023.626211013787,80713280.179273,FIGMENT,1.2394,9.820727,1.216742249015001e-07
pool1xytvsd9qnvqxpthh9p8k85e823trvn3npxeur8kr9zhkqz5uls9,623,0.0,340.0,hollow,5176,77297507.0,24661.991528315455,340.0,340.0,0.0,24321.991528315455,77039133.581946,ADV,2.2166,258373.418054,0.003342584102408374
pool10rdglgh4pzvkf936p2m669qzarr9dusrhmmz9nultm3uvq4eh5k,623,0.05,340.0,hollow,95,77156107.0,24616.87745235821,1553.8438726179106,340.0,1213.8438726179106,23063.0335797403,77153079.859799,KILN,2.2906,3027.140201,3.923396758470461e-05
pool14cq4fchmmqjygwjw4zexmqqd6a7caxptjnvseyu6wanjuppv4vk,623,0.0,170.0,hollow,2235,76640733.0,24452.445898027305,170.0,170.0,0.0,24282.445898027305,76590071.665768,pool14cq4fchmmqjygwjw4zexmqqd6a7caxptjnvseyu6wanjuppv4vk,2.1896,50661.334232,0.0006610236130178975
pool1r9fpxs4kcn80kylsjxs8tg3p50nk2s66qerfqtw4x70n5740nj9,623,1.0,340.0,private,2,76431801.0,24385.785543586713,24385.785543586713,340.0,24045.785543586713,0.0,158627.19427399337,ADALITE_PLATFORM,0.0,76273173.805726,0.9979245916987617
pool1kmmahq4upmm5j8fkh3xa9vd7gdffkp8pd4axucfh4w4dw549yqe,623,1.0,340.0,private,2,76374618.0,24367.541143265193,24367.541143265193,340.0,24027.541143265193,0.0,150967.7067310065,ADALITE_PLATFORM,0.0,76223650.293269,0.9980233261954776
pool1uy07qyf0gzzua2glqspyvyevwpe8tamajnqj6c7mjzy4v3m4kne,623,1.0,340.0,private,1,76329623.0,24353.18535933523,24353.18535933523,340.0,24013.18535933523,0.0,931.1648190021515,pool1uy07qyf0gzzua2glqspyvyevwpe8tamajnqj6c7mjzy4v3m4kne,0.0,76328691.835181,0.9999878007412797
pool1r99a6puhdv2xzcfw05jjqvks3xhmy2l4wsndx9hmhudvu4yevz5,623,1.0,340.0,private,1,76328575.0,24352.85099192644,24352.85099192644,340.0,24012.85099192644,0.0,4190.631454005837,CHUCK_BUX,0.0,76324384.368546,0.9999450974755653
pool18rjrygm3knlt67n3r3prlhnzcjxun7wa8d3l8w9nmlpasquv4au,623,1.0,170.0,balanced,7,76313016.0,24347.88684830679,24347.88684830679,170.0,24177.88684830679,0.0,56063018.620535,CARDANO_FOUNDATION,0.0,20249997.379465,0.2653544367774037
pool1n6erydn8x79sa3fmrqmj7mcyqa9em5fppr447j6d9k0xwfl7sc5,623,1.0,170.0,balanced,4,76301500.0,24344.212635444528,24344.212635444528,170.0,24174.212635444528,0.0,60750003.188723,CARDANO_FOUNDATION,0.0,15551496.811277,0.20381639694209158
pool1xmlq3sgssww6kwu8dupgxukzhlk77j40p9c4r3qux3j5z2ysk2c,623,1.0,170.0,balanced,4,76301500.0,24344.212635444528,24344.212635444528,170.0,24174.212635444528,0.0,56051500.922964,CARDANO_FOUNDATION,0.0,20249999.077036,0.2653945083259962
pool1l0erdjregched3dj828q93rfa2f4w4p62nr248xshj5huq6zuvp,623,1.0,170.0,balanced,4,76301500.0,24344.212635444528,24344.212635444528,170.0,24174.212635444528,0.0,56051517.460402,CARDANO_FOUNDATION,0.0,20249982.539598,0.2653942915879504
pool1yafxktvszg85t5m20l8q8sufgcae6cxlk8cx96wrt8cdva7aknf,623,1.0,340.0,private,1,76276262.0,24336.160379086614,24336.160379086614,340.0,23996.160379086614,0.0,5403.739132001996,CHUCK_BUX,0.0,76270858.260868,0.9999291556902461
pool18sk7mn0r0cyujft352lwkzg5pz7e67ve3ps2sryrwacd2r5zhp6,623,1.0,340.0,hollow,1,76020300.0,24254.49496812361,24254.49496812361,340.0,23914.49496812361,0.0,76020290.168757,pool18sk7mn0r0cyujft352lwkzg5pz7e67ve3ps2sryrwacd2r5zhp6,0.0,9.831243,1.2932391742731877e-07
pool19kfm6lz5uw7nylq27swr367mqdycmug7tve94l6h3xsz64seqtc,623,0.05,340.0,hollow,132,75862894.0,24204.274131913382,1533.2137065956692,340.0,1193.2137065956692,22671.06042531771,75860987.33591,KILN,2.2292,1906.66409,2.5133026035099584e-05
pool10d6mmw3mn9ku3r7uqqye672dz3sv76lh5kvh5rdpr9l5ug5yknr,623,0.05,340.0,hollow,38,75860614.0,24203.546691367534,1533.1773345683766,340.0,1193.1773345683766,22670.369356799158,75857690.53355,KILN,2.1312,2923.46645,3.8537342315737124e-05
pool1mfyzxyggryp0jhgghvzas7qjdyz2rcfnm5rfq8s9uefvukrlps5,623,0.03,340.0,hollow,9,75691779.0,24149.67939989482,1054.2903819968446,340.0,714.2903819968445,23095.389017897975,75688446.133836,BLOCKDAEMON,2.1993,3332.866164,4.403207598014046e-05
pool1l0m820vyqh5pp2yzpw973qzz23neqqd977u0uczh9fs9zqvg0je,623,0.04,340.0,hollow,235,75590161.0,24117.257885251092,1291.0903154100438,340.0,951.0903154100437,22826.167569841047,75590154.534644,WAVE,2.6461,6.465356,8.55317135784378e-08
pool1rkm8rplkafvllxjuddrkqc3u3lgd9uf327tvmvfdyygsv7lkhm8,623,1.0,340.0,private,1,75534015.0,24099.34434275678,24099.34434275678,340.0,23759.34434275678,0.0,544.3924220055342,pool1rkm8rplkafvllxjuddrkqc3u3lgd9uf327tvmvfdyygsv7lkhm8,0.0,75533470.607578,0.9999927927514246
pool1luhm55xxqp0cv7a43rcfrr8m6m74kfe7wdvqdgfzt483x29lr0t,623,1.0,170.0,balanced,5,75500026.0,24088.50005472488,24088.50005472488,170.0,23918.50005472488,0.0,55250006.028731,CARDANO_FOUNDATION,0.0,20250019.971269,0.2682120926854913
pool1ekcsyzwexl7p2kwxxh34hy28l6772vrmff7jwmuxsa6u6fzty9z,623,0.0,170.0,hollow,5374,75239095.0,24005.24927004595,170.0,170.0,0.0,23835.24927004595,74239095.0,BMTXS_GITHUB_IO,2.4539,1000000.0,0.013290962630531375
pool1ljqjqskd4f4zekzddw204u5xtzhyz2cllq5v5dmn27zdwf9c70f,623,0.04,340.0,private,50,75181320.0,23986.815990424806,1285.8726396169923,340.0,945.8726396169923,22700.943350807815,938079.0569429994,WAVE,2.5636,74243240.943057,0.9875224449777817
pool1gclysx2h7fndj0jdajlmwvqr8q9tzu3rurjknacu0ff954fsg9a,623,0.01,340.0,hollow,1970,75078491.0,23954.008102754313,576.1400810275431,340.0,236.14008102754315,23377.86802172677,75078489.090388,ONE_PERCENT,2.2754,1.909612,2.5434874550155783e-08
pool1w4cetqsly2cz9fq2te95tnk2r56mh6ew6dmpyfctv2ldv8xuj9g,623,0.04,340.0,hollow,22,75073861.0,23952.530887961653,1284.5012355184663,340.0,944.5012355184662,22668.029652443187,75073853.420667,WAVE,2.3247,7.579333,1.0095834820590884e-07
pool1ahazpr2yz5gljk2m4q8g7wnmq7m2sr9unhdfmr5arhqrjnntwdz,623,0.0,340.0,hollow,2411,74939877.0,23909.78290809563,340.0,340.0,0.0,23569.78290809563,74681443.792839,ADV,2.3968,258433.207161,0.0034485405835533996
pool16ajaae2n5lsyr4f9k9uz5y8tpf0996tw640dzu7chwp2wdrnz6a,623,0.0,170.0,hollow,5479,74937961.0,23909.171602794824,170.0,170.0,0.0,23739.171602794824,74367299.633927,pool16ajaae2n5lsyr4f9k9uz5y8tpf0996tw640dzu7chwp2wdrnz6a,2.2123,570661.366073,0.007615117337833625
pool16agnvfan65ypnswgg6rml52lqtcqe5guxltexkn82sqgj2crqtx,623,0.01,340.0,hollow,9460,74897483.0,23896.2569806831,575.562569806831,340.0,235.56256980683102,23320.69441087627,73890035.734206,SPIRE,2.2626,1007447.265794,0.013451016315114354
pool1k633phcvz2hjhj45evwwau4w576jpq83acg5h84w23jauqu56cw,623,0.0,340.0,hollow,1910,74659667.0,23820.381103116986,340.0,340.0,0.0,23480.381103116986,74648666.434955,NORTH,2.234,11000.565045,0.00014734280886894392
pool155p7g23vdme50kp5lfqylfx5h7ndldyz2mletvr8fqucqzyrk44,623,0.04,340.0,hollow,112,74649824.0,23817.240665707883,1279.0896266283153,340.0,939.0896266283153,22538.151039079567,74649817.316682,WAVE,2.6774,6.683318,8.952891838030321e-08
pool1v62c7d92xv6gyh4x9rhfpkwzlpw2ypxk92xvzavakg3xypatklv,623,0.03,340.0,hollow,42,74344208.0,23719.733003489,1041.39199010467,340.0,701.39199010467,22678.34101338433,74341919.351063,KILN,2.2194,2288.648937,3.078449550501634e-05
pool1xsj9s3mfpztls97x7jjql0msmeh5v3wa5vyqhmmmsx8jzsqxrsv,623,0.03,340.0,hollow,4,74071869.0,23632.84246365788,1038.7852739097364,340.0,698.7852739097364,22594.057189748142,74068701.604687,BLOCKDAEMON,2.1988,3167.395313,4.27611096595929e-05
pool1eqa7kxx4xg35cu4rqj4exkvzhenscgh8wxez0gl7hsagygp79kr,623,0.0,340.0,hollow,7115,74059621.0,23628.93470409406,340.0,340.0,0.0,23288.93470409406,73009571.0,PILOT,2.3323,1050050.0,0.014178441447870763
pool1cxjqg6nn588ura2rx4uptwprgzw82j89j2gjguwhtun4ypw2sh4,623,1.0,340.0,private,1,74033612.0,23620.636457972614,23620.636457972614,340.0,23280.636457972614,0.0,4524.313543006778,CHUCK_BUX,0.0,74029087.686457,0.9999388883856835
pool1hv59awqky90plv68xun2k3rd7jqfe5y2c4ry8f7p0x9pxhd7wqr,623,1.0,340.0,private,1,74033211.0,23620.50851777135,23620.50851777135,340.0,23280.50851777135,0.0,536.9772959947586,CHUCK_BUX,0.0,74032674.022704,0.9999927468052683
pool1a5ld0eulnjxwpg6qyjs6hxzqwj0esft7k0qsf6nj8pkfxy5lml3,623,1.0,340.0,private,1,74030811.0,23619.742790880988,23619.742790880988,340.0,23279.742790880988,0.0,425.7190340012312,CHUCK_BUX,0.0,74030385.280966,0.9999942494344145
pool1ntlyr9hrrdg3gpdkmr267hq46ys2rlj5y25dzx3reuecgd7p5sh,623,1.0,340.0,private,1,74028410.0,23618.976744937754,23618.976744937754,340.0,23278.976744937754,0.0,0,CHUCK_BUX,0.0,74036658.360559,1.0001114215550355
pool1yyar66t9fw9dscj8huhredgwplcnf22zq7q7vugur0t5c9nzt97,623,1.0,340.0,private,1,74027609.0,23618.721183588095,23618.721183588095,340.0,23278.721183588095,0.0,0,CHUCK_BUX,0.0,74031477.190688,1.000052253351692
pool1kphkk90f2mculhcndpdd3a7ukvptzqrgyr9jtuvw6c5z2dptuph,623,1.0,340.0,private,1,74025209.0,23617.95545669773,23617.95545669773,340.0,23277.95545669773,0.0,0,CHUCK_BUX,0.0,74032274.97022,1.0000954535666358
pool18xu4fh88v4naq5u3x9ya5aevfkrfd7a8a4gw6sejdvjnsrpud2a,623,1.0,340.0,balanced,1,73990457.0,23606.867731325267,23606.867731325267,340.0,23266.867731325267,0.0,5786347.045691997,pool18xu4fh88v4naq5u3x9ya5aevfkrfd7a8a4gw6sejdvjnsrpud2a,0.0,68204109.954308,0.9217960358632196
pool1lfvzgsrghmugvpym868mh29288ez0nncz680mamzjygu2jpuwcd,623,0.0,340.0,hollow,2569,73744849.0,23528.50579378844,340.0,340.0,0.0,23188.50579378844,73733848.48086,NORTH,2.2715,11000.51914,0.00014917000019892915
pool1qqqqpanw9zc0rzh0yp247nzf2s35uvnsm7aaesfl2nnejaev0uc,623,0.01,170.0,hollow,5056,73640334.0,23495.159982977468,403.2515998297747,170.0,233.25159982977468,23091.908383147693,73390331.973157,TITAN,2.265,250002.026843,0.003394906205110368
pool1q8x5k5wq6zsshdjcmyzcgzwaqd9mfg9fypaaew8xs597svmeyk4,623,1.0,340.0,balanced,1,73381721.0,23412.64876285348,23412.64876285348,340.0,23072.64876285348,0.0,37486931.039148,CHUCK_BUX,0.0,35894789.960852,0.48915165073400224
pool1nqheyct9a0mxn80cwp9pd5guncfu3rzwqtmru0l94accz7gjcgl,623,1.0,170.0,balanced,24,73066596.0,23312.107226884407,23312.107226884407,170.0,23142.107226884407,0.0,60811343.0,pool1nqheyct9a0mxn80cwp9pd5guncfu3rzwqtmru0l94accz7gjcgl,0.0,12255253.0,0.16772716495510478
pool1zgjk3dzwcwd02juqntuzknr368hvxjxy8l8uzkxvgu4252d7ekf,623,0.03,170.0,hollow,3,72921993.0,23265.971224581397,862.8791367374419,170.0,692.8791367374419,22403.092087843954,72919434.099977,BLOCKDAEMON,2.2226,2558.900023,3.50909227480933e-05
pool1vx9tzlkgafernd9vpjpxkenutx2gncj4yn88fpq69823qlwcqrt,623,0.02,340.0,hollow,12827,72670078.0,23185.597020587265,796.9119404117453,340.0,456.9119404117453,22388.68508017552,72468800.27506,CRDNS,2.4081,201277.72494,0.002769746923073345
pool1fuge4duc9hfgm9xvu33llsntmnfcumsyw2d0away49v8gmphfzs,623,0.1,170.0,hollow,3,72588006.0,23159.411713359805,2468.9411713359805,170.0,2298.9411713359805,20690.470542023824,72588000.953291,pool1fuge4duc9hfgm9xvu33llsntmnfcumsyw2d0away49v8gmphfzs,0.0,5.046709,6.952538412475472e-08
pool18ufrgfgmslekdxnk9v9345qvhrr7vfgzkvneqtwm7unnwaht6ww,623,0.0,340.0,hollow,321,71741181.0,22889.229765888125,340.0,340.0,0.0,22549.229765888125,71738054.128747,pool18ufrgfgmslekdxnk9v9345qvhrr7vfgzkvneqtwm7unnwaht6ww,2.3689,3126.871253,4.358544436284091e-05
pool17s3mr9c4ejjfq20dz0ls9ggskc770kt267s9xmw93payzdswwgg,623,0.0,998.0,hollow,3114,71560625.0,22831.6228557146,998.0,998.0,0.0,21833.6228557146,71509162.313853,pool17s3mr9c4ejjfq20dz0ls9ggskc770kt267s9xmw93payzdswwgg,2.3423,51462.686147,0.0007191480810431715
pool15cy4p3axu0m6sfrmxsp46z5cevx3ruksfwjl48730cgx24j4ydz,623,0.0,170.0,hollow,906,71225369.0,22724.658466399727,170.0,170.0,0.0,22554.658466399727,71225093.522949,pool15cy4p3axu0m6sfrmxsp46z5cevx3ruksfwjl48730cgx24j4ydz,2.5415,275.477051,3.8676816261913645e-06
pool1hnp560z9e5acwux8tjguxq36j9r255zuf02u7z2d46dvcf5zhns,623,0.0,170.0,hollow,1546,71129744.0,22694.14903561181,170.0,170.0,0.0,22524.14903561181,70773311.761514,pool1hnp560z9e5acwux8tjguxq36j9r255zuf02u7z2d46dvcf5zhns,2.4347,356432.238486,0.005011015342414279
pool13c9mnvfx4nvwvkszxcprwlv60fh3tteef50hhhv9yxptsua2v70,623,1.0,340.0,hollow,8,71097270.0,22683.78811267945,22683.78811267945,340.0,22343.78811267945,0.0,70747083.724017,BLOOM,0.0,350186.275983,0.004925453199300057
pool197na7w0h8hjc8wdvwys7nsalhtpctefa3m23udeqxpfk6nzq8l9,623,0.03,340.0,hollow,4,71087996.0,22680.829216353937,1010.224876490618,340.0,670.224876490618,21670.60433986332,71037215.086975,COINBASE_BISON,2.2634,50780.913025,0.0007143387897022727
pool1mtuhuh8hkf8am0qzx45y58kll8q83sjh6pwljrflcmw970d82f3,623,0.03,340.0,hollow,22,70626498.0,22533.586954500206,1005.8076086350062,340.0,665.8076086350062,21527.7793458652,70624355.515113,KILN,2.3693,2142.484887,3.0335425763287883e-05
pool1fl20ddkpvnstlx63fal6e3ku46r76nk2s4mqtk5jnyxn2vt7hg6,623,0.05,340.0,hollow,10,70539491.0,22505.827121354436,1448.2913560677218,340.0,1108.2913560677218,21057.535765286713,70539491.0,COINBASE_BISON,2.2155,0,0.0
pool1457cnl7qu568h98xrw8krfnjkhf05mfhaq2l50epwy36yuln20q,623,0.04,340.0,balanced,221,70385925.0,22456.83144816879,1224.6732579267516,340.0,884.6732579267516,21232.158190242037,33761153.519995,WAVE,2.5999,36624771.480005,0.5203422627464938
pool1xed948ze4guhrkt9zxjmecjvgkvgf8gd8skkzgtacz6gsyk9m5c,623,0.05,340.0,hollow,10,70341174.0,22442.553513139348,1445.1276756569675,340.0,1105.1276756569675,20997.42583748238,70341174.0,COINBASE_BISON,2.2011,0,0.0
pool1j276s043qh2knv3ukmap6sra6sk7p5khuetzwx9h43wqydzsx8c,623,0.05,340.0,hollow,8,70335065.0,22440.604419150503,1445.0302209575252,340.0,1105.0302209575252,20995.57419819298,70335065.0,COINBASE_BISON,2.1184,0,0.0
pool1edqwpnln3zr9gj9sfsmyl72pen6hdwev07xgqj7uz5mkjrgfj6h,623,0.05,340.0,hollow,8,70198667.0,22397.08624565392,1442.8543122826961,340.0,1102.8543122826961,20954.231933371226,70198667.0,COINBASE_BISON,2.1029,0,0.0
pool14xq8v9s80ut6vmwp93tzhlydhsdqhxk3e9jerl2kl7hm2dq6pru,623,0.05,340.0,hollow,10,70191253.0,22394.72078766844,1442.7360393834222,340.0,1102.7360393834222,20951.98474828502,70191253.0,COINBASE_BISON,2.3187,0,0.0
pool1vcwsfldh4gkzga4mc6p86y0vytkqfm9e2dy44hs00v34yeqnfaf,623,0.05,340.0,hollow,11,70074004.0,22357.312157598346,1440.8656078799174,340.0,1100.8656078799174,20916.44654971843,70074004.0,COINBASE_BISON,2.2944,0,0.0
pool1kl2vuauwfc5k0avf874ym5tcm04ywa22frleszhujeccj4va3lt,623,0.05,340.0,hollow,4,70060015.0,22352.848926986142,1440.6424463493072,340.0,1100.6424463493072,20912.206480636836,70029758.485413,COINBASE_BISON,2.3818,30256.514587,0.0004318656595634472
pool18gk8kvd9qf829nldqus92q9y640e6u0jdyfz04mmktwxvglgt06,623,1.0,340.0,hollow,6,70054612.0,22351.125084324212,22351.125084324212,340.0,22011.125084324212,0.0,70054602.38147,STAKEBOWL,0.0,9.61853,1.373004535375915e-07
pool1fqas6yd8n3fdpz8e869qjvyensdmzletqjexcut8mxasu2sk72r,623,0.05,340.0,hollow,9,70050967.0,22349.962136609473,1440.4981068304737,340.0,1100.4981068304737,20909.464029779,70050967.0,COINBASE_BISON,2.2511,0,0.0
pool1sdare7xfd6tmak8ghek7kwgpgj6xzu0reppmw4t46rmcs0h6vr2,623,0.05,340.0,hollow,10,70045706.0,22348.28359945522,1440.414179972761,340.0,1100.414179972761,20907.869419482457,70045706.0,COINBASE_BISON,2.2156,0,0.0
pool1s8347yjgmfguf0ynj69euw7r75w7usdrfheckpcrjrk2yfvnpwq,623,0.05,340.0,hollow,7,70042840.0,22347.369193926977,1440.368459696349,340.0,1100.368459696349,20907.000734230627,70042840.0,COINBASE_BISON,2.076,0,0.0
pool1lev7ygxcqd4aw5em7wf7y64au4hv04yl5cew27lkjmgngj46vqk,623,0.05,340.0,hollow,13,70036559.0,22345.365222844324,1440.2682611422163,340.0,1100.2682611422163,20905.096961702107,70036559.0,COINBASE_BISON,2.0443,0,0.0
pool17arsgklktp9sayk5kzaakwvl3jwyczp07guux2yd0upgqh04qjl,623,0.05,340.0,hollow,8,70026927.0,22342.292105590997,1440.11460527955,340.0,1100.11460527955,20902.17750031145,70026927.0,COINBASE_BISON,2.2098,0,0.0
pool104z3yr7faqhck6wcsczhmqrrpdeparcr8juw8unxy8tm6xp447d,623,0.05,340.0,hollow,9,70025249.0,22341.756734873485,1440.0878367436742,340.0,1100.0878367436742,20901.66889812981,70025249.0,COINBASE_BISON,2.0828,0,0.0
pool1njjr0zn7uvydjy8067nprgwlyxqnznp9wgllfnag24nycgkda25,623,0.05,340.0,hollow,5,70025002.0,22341.67792881435,1440.0838964407176,340.0,1100.0838964407176,20901.594032373636,70025002.0,COINBASE_BISON,2.0998,0,0.0
pool13s5faca3kkg6jhqcll8xd9tarur3zkhalyuu92d5g87zyj4wrrc,623,0.05,340.0,hollow,4,70024287.0,22341.4498060116,1440.07249030058,340.0,1100.07249030058,20901.37731571102,70024287.0,COINBASE_BISON,2.2631,0,0.0
pool1tn7rcvc5lln8frln5n9rfd9cg8kcrj4vlm3ycdquyx5s2mlhmtk,623,0.05,340.0,hollow,4,70023662.0,22341.250397967233,1440.0625198983616,340.0,1100.0625198983616,20901.18787806887,70023662.0,COINBASE_BISON,2.2608,0,0.0
pool1xucruwwxsym3u9v0m4ex3az5d4vpz9xu877vsl9udpt0q237e9m,623,0.05,340.0,hollow,4,70023315.0,22341.139686621,1440.0569843310502,340.0,1100.0569843310502,20901.08270228995,70023315.0,COINBASE_BISON,2.1104,0,0.0
pool143d6z506u6yfufgzrtx8ywcwx3j4s29lxv5tdugcpcwk2l83gck,623,0.05,340.0,hollow,5,70023262.0,22341.12277681884,1440.0561388409421,340.0,1100.0561388409421,20901.0666379779,70023262.0,COINBASE_BISON,2.0319,0,0.0
pool16e43yxx4djcvnsunwgrm8tnph0ljrt3p9tnezu3qvtcwzh4zwwa,623,0.05,340.0,hollow,5,70020826.0,22340.34556402512,1440.017278201256,340.0,1100.017278201256,20900.328285823864,70020826.0,COINBASE_BISON,2.2587,0,0.0
pool1qlps2dwr0qd0a7pjqr47apewf2lq42xv03zgentgwv9mspeh57g,623,0.05,340.0,hollow,6,70019923.0,22340.05745928262,1440.002872964131,340.0,1100.002872964131,20900.05458631849,70019923.0,COINBASE_BISON,2.2077,0,0.0
pool1w7dk7rn0cflzzfr4fqvjpapn0rkz5ksmerx5tgwpm2gtj2gly97,623,0.05,340.0,hollow,5,70019724.0,22339.993967761293,1439.9996983880646,340.0,1099.9996983880646,20899.99426937323,70019724.0,COINBASE_BISON,2.096,0,0.0
pool1fpvs8h5q5kwpz4k2yd0vw90dgdxacr3ef508tzzewm0kysdt4eq,623,1.0,340.0,hollow,5,70000011.0,22333.70447851557,22333.70447851557,340.0,21993.70447851557,0.0,70000001.38147,STAKEBOWL,0.0,9.61853,1.3740754983595644e-07
pool1nz9h4raywm6mu2v8l7htuaqvmn06l3mepuaxynpzlwljsf8txhy,623,0.0,340.0,hollow,3074,69569743.0,22196.426237822696,340.0,340.0,0.0,21856.426237822696,69569736.4,NORTH,2.397,6.6,9.486882824908523e-08
pool1l92vxagssugcsu4wyhvnjd0t6dlqjjfrxkt8v4qaucgmq8t3j3s,623,0.1,170.0,hollow,3,69568797.0,22196.124413806745,2372.6124413806747,170.0,2202.6124413806747,19823.51197242607,69568791.953291,pool1l92vxagssugcsu4wyhvnjd0t6dlqjjfrxkt8v4qaucgmq8t3j3s,0.0,5.046709,7.254270905388806e-08
pool1qqqqqdk4zhsjuxxd8jyvwncf5eucfskz0xjjj64fdmlgj735lr9,623,0.01,340.0,hollow,3263,69500797.0,22174.42881857978,558.3442881857978,340.0,218.3442881857978,21616.084530393982,69500797.0,ATADA,2.332,0.0,0.0
pool13k6tphjfsgqdq7h27p4x86ruchcdg2x073luw8pndh3ajxvwvja,623,0.01,340.0,hollow,2086,69248063.0,22093.793310284316,557.5379331028432,340.0,217.53793310284317,21536.255377181475,69244755.586434,BIGLAZYCAT,2.4399,3307.413566,4.776182065915692e-05
pool17rjst78s67lvellg8s586rf076jxa3wnsdz730f4xk2zwuhrtej,623,0.0,340.0,hollow,4571,68548564.0,21870.61614608334,340.0,340.0,0.0,21530.61614608334,68537564.173143,NORTH,2.2042,10999.826857,0.0001604676482646668
pool13hxlxd6qa68fmfhrvvmasa0mjg30tj9p5v2lmgmgsmrp2rgzkfp,623,0.0,170.0,hollow,844,68354521.0,21808.70616983884,170.0,170.0,0.0,21638.70616983884,68102072.777415,pool13hxlxd6qa68fmfhrvvmasa0mjg30tj9p5v2lmgmgsmrp2rgzkfp,2.441,252448.222585,0.0036932191008258257
pool12t3zmafwjqms7cuun86uwc8se4na07r3e5xswe86u37djr5f0lx,623,0.0,340.0,hollow,5306,68348226.0,21806.69773201599,340.0,340.0,0.0,21466.69773201599,68348220.4,NORTH,2.3284,5.6,8.193336283519634e-08
pool1tdsrw0n33gmy0mzh7cgtn9p0jy5xwjxaa2s26gn2ewf8kg4nrzx,623,0.01,340.0,hollow,6571,68131207.0,21737.45719700775,553.9745719700775,340.0,213.97457197007748,21183.482625037672,68012822.255661,CAFE,2.2798,118384.744339,0.0017375993990389749
pool1yh7ksvg54nger73ldnf22cgwyh0dnm4aerahdd0kdukjqeacy32,623,0.05,340.0,hollow,29,67609019.0,21570.85161641395,1401.5425808206976,340.0,1061.5425808206976,20169.309035593255,67609019.0,COINBASE_BISON,2.2118,0,0.0
pool1a8n7f97dmgtgrnl53exccknjdchqxrr9508hlxlgqp6xvjmzhej,623,0.01,170.0,hollow,1526,66885352.0,21339.963582427015,381.69963582427016,170.0,211.69963582427016,20958.263946602747,66745058.378496,pool1a8n7f97dmgtgrnl53exccknjdchqxrr9508hlxlgqp6xvjmzhej,2.2458,140293.621504,0.0020975238570023523
pool18vej0s9gska8c847aj95g9v24duuxg2g63d5cuqngnxew643jw9,623,0.0,340.0,hollow,4300,66784820.0,21307.888559201172,340.0,340.0,0.0,20967.888559201172,66526417.200276,ADV,2.2114,258402.799724,0.003869184639922665
pool1zz7x8ergn02chznayj9fjds2gk5q6prmpdr49faspd65kzqsrjs,623,0.0,170.0,hollow,2923,66404411.0,21186.51797560273,170.0,170.0,0.0,21016.51797560273,66404262.180538,AUTOSTAKE,2.2573,148.819462,2.2411080794015324e-06
pool1ju8f57hyvaa32tp85r468kuedvmjmcy56f8u9968drea57p50l5,623,0.005,340.0,hollow,2313,66215730.0,21126.31876085245,443.93159380426226,340.0,103.93159380426225,20682.387167048186,66084204.438805,AICHI,2.2259,131525.561195,0.0019863189788136442
pool1lu2luhmkyayq9njh848kfknn6evwzmn3gzsxar7z3sttg7grxcm,623,0.04,170.0,hollow,3610,66049789.0,21073.374808388366,1006.1349923355347,170.0,836.1349923355347,20067.239816052832,66047443.401499,P2P,2.1265,2345.598501,3.5512581289245296e-05
pool15yyxtkhz64p7a8cnax9l7u82s9t9hdhyxsa3tdm977qhgpnsuhq,623,0.03,170.0,hollow,3265,64675442.0,20634.88545230906,783.9465635692718,170.0,613.9465635692718,19850.938888739787,64675274.003323,SECUR,2.2808,167.996677,2.5975342696536966e-06
pool1zkdc6ve9nndk7vxnjlalhqt4hr5h8auz5qzjk7lrjrqtv23yuy5,623,0.01,170.0,hollow,1459,64221791.0,20490.146798333946,373.20146798333946,170.0,203.20146798333946,20116.945330350605,64220414.075496,pool1zkdc6ve9nndk7vxnjlalhqt4hr5h8auz5qzjk7lrjrqtv23yuy5,2.2185,1376.924504,2.144014488789327e-05
pool1ddg6t2h9kj6lqlec4ncjs945lzj43m3ggrgdhf5sgzhtygpkznz,623,0.005,340.0,hollow,4152,64122576.0,20458.49196773919,440.59245983869596,340.0,100.59245983869596,20017.899507900496,64122559.406813,pool1ddg6t2h9kj6lqlec4ncjs945lzj43m3ggrgdhf5sgzhtygpkznz,2.2823,16.593187,2.5877293201695456e-07
pool1whmm0hkxunyhxsr6dfjpx2tpvd05qhev820lx9vcmvqa5wjc6nh,623,0.0085,340.0,hollow,894,64087531.0,20447.31075987553,510.912141458942,340.0,170.91214145894202,19936.398618416588,63989217.446816,pool1whmm0hkxunyhxsr6dfjpx2tpvd05qhev820lx9vcmvqa5wjc6nh,2.4025,98313.553184,0.0015340511898328554
pool1z5uqdk7dzdxaae5633fqfcu2eqzy3a3rgtuvy087fdld7yws0xt,623,0.009,340.0,hollow,5133,63791336.0,20352.808894754195,520.1152800527877,340.0,180.11528005278774,19832.693614701406,63791335.994311,pool1z5uqdk7dzdxaae5633fqfcu2eqzy3a3rgtuvy087fdld7yws0xt,2.1939,0.005689,8.918138977368337e-11
pool1jakl9kqhx87ywc7fcxweaxvna9khxhzyh6v8j70u6zpaxa45ghh,623,1.0,170.0,hollow,3,63436801.0,20239.69348513961,20239.69348513961,170.0,20069.69348513961,0.0,63375097.483158,pool1jakl9kqhx87ywc7fcxweaxvna9khxhzyh6v8j70u6zpaxa45ghh,0.0,61703.516842,0.0009726769929965416
pool15s7w4spg5ee7n7rprhs0dq78plw2mhjkpu5v97uvl27gz2way7z,623,0.0,170.0,hollow,1026,63357979.0,20214.54509974285,170.0,170.0,0.0,20044.54509974285,63305895.393791,pool15s7w4spg5ee7n7rprhs0dq78plw2mhjkpu5v97uvl27gz2way7z,2.2876,52083.606209,0.0008220528342452337
pool1n0uxgs5qfk5n9xl7qvq9jt8zuu02cntrsjnjayjlqtejyffnemj,623,0.0,170.0,hollow,3454,62569831.0,19963.08421758194,170.0,170.0,0.0,19793.08421758194,62569818.909391,EVERSTAKE,2.1003,12.090609,1.9323384459836563e-07
pool106sjgd9m4shsvtc9ruk7femgndknefmct6eedskww37pzv8hz9n,623,0.03,170.0,hollow,4,62494580.0,19939.075169987467,763.072255099624,170.0,593.072255099624,19176.002914887842,62493167.21532,pool106sjgd9m4shsvtc9ruk7femgndknefmct6eedskww37pzv8hz9n,1.6134,1412.78468,2.260651531700829e-05
pool19pyfv4xnln8x4l7auw0n0skk3hd97shun707hrw5d4s553ys74x,623,0.005,170.0,hollow,2404,62245584.0,19859.632281323746,268.44816140661874,170.0,98.44816140661874,19591.18411991713,62245584.0,TITAN,2.1384,0.0,0.0
pool1y6gnk7t3n6rvpr67f68mehxgqs5x24n0esz9l5j7m4aqzn4e0qw,623,0.03,340.0,hollow,2,62072330.0,19804.35509521415,923.9306528564244,340.0,583.9306528564244,18880.424442357726,62028806.645375,COINBASE_BISON,2.3609,43523.354625,0.0007011715948958255
pool1sysgx87cwxnqy0pqn8g97gdhd0dmre9rw3jvpn2k7apuwa7cgkn,623,0.0,170.0,hollow,2976,61621154.0,19660.406097094725,170.0,170.0,0.0,19490.406097094725,61621131.908775,EVERSTAKE,2.2777,22.091225,3.5850067007833057e-07
pool1vkc0dvuf8rxrch87umfayacgglrh8f88ef0f64xrdue5u2xjwfm,623,0.1,345.0,hollow,594,61507244.0,19624.062784560847,2272.9062784560847,345.0,1927.9062784560847,17351.156506104762,61507244.0,BINANCE,2.1519,0,0.0
pool1u2fuz3fn5dfphf0cu0sewm4rnera445avenggle9sl4hy7rjzgv,623,0.05,340.0,hollow,11,61403716.0,19591.031878933536,1302.5515939466768,340.0,962.5515939466768,18288.480284986857,61403716.0,COINBASE_BISON,2.0788,0,0.0
pool19w5khsnmu27au0kprw0kjm8jr7knneysj7lfkqvnu66hyz0jxsx,623,0.01,340.0,hollow,4321,61332446.0,19568.292980818453,532.2829298081845,340.0,192.28292980818452,19036.010051010267,60632087.806581,ATADA,2.2003,700358.193419,0.01141904879220046
pool1m0drnjxsvnlesq0rwmur2rh6lenuql57jfzd6cf6aegj2cv7ugy,623,0.015,170.0,hollow,1864,61195108.0,19524.474897623146,460.31712346434716,170.0,290.31712346434716,19064.157774158797,61182661.618486,EMURGO,2.3309,12446.381514,0.00020338850474779782
pool1xs34q2z06a46nk7hl48d27dj5gzc6hh9trugw2ehs9ajsevqffx,623,0.01,340.0,hollow,992,61083638.0,19488.910074094474,531.4891007409448,340.0,191.48910074094474,18957.420973353528,61067629.097535,SNAKEPOOL_LINK,2.3159,16008.902465,0.00026208167995822384
pool1j6xfryctrxm4aplw3vnrtgfsvqdr35exenxqse5kzxmfue7qqmr,623,0.03,340.0,hollow,2,61034290.0,19473.165453017118,913.9949635905135,340.0,573.9949635905135,18559.170489426604,60989321.153888,COINBASE_BISON,2.2184,44968.846112,0.000736780031552755
pool1rvng7n968748udkc5rxy4h9zp9hms4s3jsfwuues76ft28uc056,623,0.02,340.0,hollow,3050,60479866.0,19296.274884074257,719.1254976814852,340.0,379.1254976814852,18577.14938639277,60279847.874322,DIGI,2.1134,200018.125678,0.003307185331363003
pool173mzegwuu0pjcrt60ekelzj5haqr8r5e4e0n45qh9jdz7xm5kh8,623,0.0199,340.0,hollow,8537,60251068.0,19223.276225298683,715.7771968834438,340.0,375.7771968834438,18507.49902841524,60143195.782723,pool173mzegwuu0pjcrt60ekelzj5haqr8r5e4e0n45qh9jdz7xm5kh8,2.2984,107872.217277,0.0017903785087593801
pool1fd0q9h8974y6psejmzczlywy8fgxxy07rn2ynrwu734aqwq540p,623,0.1,345.0,hollow,33,59994970.0,19141.567423145225,2224.6567423145225,345.0,1879.6567423145225,16916.910680830704,59994970.0,BINANCE,2.2464,0,0.0
pool1prc9hna2mgamtspchrygc66s9n4tlkvh39e3t9zccef4kzc3ns2,623,0.009,170.0,hollow,2075,59722048.0,19054.49087549032,339.96041787941283,170.0,169.96041787941286,18714.530457610905,58721264.227005,pool1prc9hna2mgamtspchrygc66s9n4tlkvh39e3t9zccef4kzc3ns2,2.3826,1000783.772995,0.01675735857208045
pool1f9934hk9awd25mmxl0dd2haqvda9nlquwnh5pv64hs42znl07zj,623,0.03,170.0,hollow,9,59562584.0,19003.613428471603,735.008402854148,170.0,565.008402854148,18268.605025617453,59560394.111424,BLOCKDAEMON,2.2594,2189.888576,3.676617817655459e-05
pool1wpmjtfqcwvtcs9znpuulk99yk2zz6pfh0c4k9f2xlcspgqjndk2,623,0.025,340.0,hollow,306,59503760.0,18984.845462388796,806.1211365597198,340.0,466.1211365597199,18178.724325829076,59402215.079692,MS,2.2679,101544.920308,0.0017065294749104931
pool1lhz4gsk5ezdl5s4mv2kxgrkhzzhad6me2v0xmwuyt845vensdlc,623,0.0,170.0,hollow,2940,59390067.0,18948.571384327923,170.0,170.0,0.0,18778.571384327923,59289056.104583,SECUR,2.3295,101010.895417,0.001700804537179593
pool1zgxvcqf0dvh0ze56ev2ayjvuex3zdd3hgxzdrcezkx497mv3l7s,623,0.04,400.0,hollow,31138,59300505.0,18919.996371096786,1140.7998548438713,400.0,740.7998548438715,17779.196516252916,59300505.0,EVERSTAKE,2.2247,0,0.0
pool17ahr5ygy48vpdfnatqn2z4wfu2te4quapk2yx3k50ce6kd7feg0,623,0.0199,170.0,hollow,10070,59298415.0,18919.329550596427,543.1116580568689,170.0,373.1116580568689,18376.217892539556,59298399.124239,pool17ahr5ygy48vpdfnatqn2z4wfu2te4quapk2yx3k50ce6kd7feg0,2.3782,15.875761,2.677265657100616e-07
pool192pfftt48zc4x5aellvpufk6l6zxllpldw0rx82vrhqrqfhhqs2,623,0.015,170.0,hollow,3247,59270120.0,18910.301949611912,451.10452924417865,170.0,281.10452924417865,18459.197420367735,59257620.96701,EMURGO,2.1139,12499.03299,0.00021088253221015918
pool1aqg8vxzv75zhjzjjd9s20fu6r0xz70yl8lk3teacwy7qyc2p2j7,623,0.03,340.0,hollow,33,58997895.0,18823.447781808085,894.5034334542426,340.0,554.5034334542426,17928.94434835384,58995201.948548,KILN,2.0695,2693.051452,4.5646568441128284e-05
pool1dl4695wfl79k7gtzt87gsf8gsqeq97yzuvaq0d4zxhz6c0nlf4g,623,0.08,340.0,hollow,45,58914111.0,18796.716256065494,1816.5373004852395,340.0,1476.5373004852395,16980.178955580253,58908686.590109,BLOCKDAEMON,2.2084,5424.409891,9.20731858450686e-05
pool1095d0cr8yp0selmnrst5hnuf8jcl6vlkxlr2j6kq4x6qs4yxuwt,623,0.03,340.0,hollow,2,58844705.0,18774.572072501927,893.0371621750578,340.0,553.0371621750578,17881.53491032687,58805326.535042,COINBASE_BISON,2.1626,39378.464958,0.0006691930048421519
pool1xjhzgchsl2ccvc5pj3aqytv9hh0jnaz63wtfnw4th07tjypm46x,623,0.03,170.0,hollow,2717,58708626.0,18731.15567687119,726.8346703061356,170.0,556.8346703061356,18004.321006565053,58605222.991202,SECUR,2.4386,103403.008798,0.001761291582569144
pool1k0ucs0fau2vhr3p7qh7mnpfgrllwwda7petxjz2gzzaxkyp8f88,623,0.009,170.0,hollow,3299,58227209.0,18577.558200880314,335.66802380792285,170.0,165.66802380792282,18241.89017707239,57173137.931779,pool1k0ucs0fau2vhr3p7qh7mnpfgrllwwda7petxjz2gzzaxkyp8f88,2.4048,1054071.068221,0.01810272356040627
pool103455uc7a3477q8pdmzvny884qtlv9vhm2csxvqx2cadwuk36sq,623,0.01,340.0,hollow,2364,58196943.0,18567.90174668709,522.2790174668709,340.0,182.2790174668709,18045.62272922022,58196176.88571,EDEN,2.2338,766.11429,1.3164167231258177e-05
pool1s6se64qce5rjjjhh6ufcdnc54p8qg78mlhjm38lymx99sqysvzx,623,0.03,340.0,hollow,8492,58025195.0,18513.105054201198,885.193151626036,340.0,545.193151626036,17627.91190257516,57925058.273498,PAUL,2.1375,100136.726502,0.0017257456265679073
pool12z39rkzfylvn9wfe8j6x9ucq6g2l4mw4azj70y0gd8ejczznyj3,623,0.015,340.0,hollow,10413,57483826.0,18340.379720489043,610.0056958073357,340.0,270.00569580733566,17730.374024681707,57098669.109508,BRAVO,2.2068,385156.890492,0.006700265401471363
pool1vev8z03vh7jwx3mfrgzrt9fltt97nupaxv8ffj4r5r8mgwts5ze,623,0.01,340.0,hollow,6129,57039465.0,18198.605067685377,518.5860506768538,340.0,178.58605067685377,17680.019017008522,56976057.425951,LINKTR_EE,2.2319,63407.574049,0.001111643912666432
pool1xt7mjrtnsew3v33lu8sf93upf20sxhmcrfnpm82ra46yxk7uy45,623,1.0,340.0,hollow,1,57000082.0,18186.039808467383,18186.039808467383,340.0,17846.039808467383,0.0,57000082.0,ETORO,0.0,0,0.0
pool16f95up5u5lyqne5mnxmlhe0rgdgmya27mph288r6gw0ukegjffa,623,0.0,170.0,hollow,650,56819494.0,18128.422688601986,170.0,170.0,0.0,17958.422688601986,56769013.973218,pool16f95up5u5lyqne5mnxmlhe0rgdgmya27mph288r6gw0ukegjffa,2.3413,50480.026782,0.0008884279536526672
pool1ft4xjlz9uw0r0ewcgtkgeakqrfc5azxmxwsm5pt94dv67mw4rgd,623,0.01,340.0,hollow,1500,56528493.0,18035.577984092546,516.9557798409255,340.0,176.95577984092546,17518.62220425162,55763102.045142,pool1ft4xjlz9uw0r0ewcgtkgeakqrfc5azxmxwsm5pt94dv67mw4rgd,2.3614,765390.954858,0.01353991437305785
pool1qqqqdktl6pq46td0mwut0qn30g7nlue0sete9wxl0hwsq37wrw8,623,0.02,170.0,hollow,6448,56346517.0,17977.518018842224,526.1503603768444,170.0,356.1503603768445,17451.36765846538,56331816.891265,pool1qqqqdktl6pq46td0mwut0qn30g7nlue0sete9wxl0hwsq37wrw8,2.3634,14700.108735,0.0002608876203475008
pool1ksrg8a964464las0ymw88slrwxkychjz9lh09lqltu5m7nw3pq0,623,0.0069,300.0,hollow,2268,55922999.0,17842.393385028496,421.04251435669664,300.0,121.04251435669661,17421.3508706718,55922977.866277,pool1ksrg8a964464las0ymw88slrwxkychjz9lh09lqltu5m7nw3pq0,2.2218,21.133723,3.7790754033058923e-07
pool1gtphgrdj8sluxm9e7ca2spcwcq2p0dxj9zf5v0yv3gsagzq704n,623,0.015,170.0,hollow,5720,55910969.0,17838.555178990548,435.0283276848582,170.0,265.0283276848582,17403.52685130569,52661944.499796,pool1gtphgrdj8sluxm9e7ca2spcwcq2p0dxj9zf5v0yv3gsagzq704n,2.3101,3249024.500204,0.058110681290535315
pool1uj4u73qgtprqre78q75fq2vkcrpfrcdreqcqkvn6u0m2k6nk2yp,623,0.04,400.0,hollow,26837,55045470.0,17562.4152382061,1086.4966095282439,400.0,686.496609528244,16475.918628677857,55043972.923488,EVERSTAKE,2.1127,1497.076512,2.7197088370759665e-05
pool1qfxukshs4fkcrflzdnxa2fdza5lfvew3y6echg8ckaa4q8m5hyf,623,0.015,170.0,hollow,4948,55024750.0,17555.804462719294,430.7870669407894,170.0,260.7870669407894,17125.017395778505,55019092.210685,NEDS,2.2056,5657.789315,0.00010282262645445913
pool16eua0zalaln7q0s9u7jzlyygqad0pu2l2qdxx8r8ueqrw2jdhqf,623,1.0,340.0,hollow,5,54629254.0,17429.6203284563,17429.6203284563,340.0,17089.6203284563,0.0,54629254.0,ETORO,0.0,0,0.0
pool1cunvnkjkzh2lna593sjmkylcr3r5rmxdpr8r9u6pfuer72p24x4,623,0.06,170.0,hollow,8833,54603377.0,17421.36419731383,1205.0818518388296,170.0,1035.0818518388296,16216.282345475,54603367.179273,FIGMENT,2.2101,9.820727,1.7985567083149454e-07
pool1wvaj307ee8jfewv9qjtgk0q3elmpe5lz4n2dec2303062f7dc4c,623,0.05,340.0,hollow,26,54006226.0,17230.841456352402,1184.54207281762,340.0,844.5420728176201,16046.299383534782,54006226.0,COINBASE_BISON,2.1008,0,0.0
pool1qqq0c53vaf5ju0n3fvujmyxwca0yhp65930evw9lngmr5705csz,623,0.001,340.0,hollow,1717,53972362.0,17220.03704992937,356.88003704992934,340.0,16.88003704992937,16863.15701287944,53569221.835368,pool1qqq0c53vaf5ju0n3fvujmyxwca0yhp65930evw9lngmr5705csz,2.3837,403140.164632,0.007469381544428239
pool1cf7mqj0xd8z4jqhr7nf565mxuvepk8euv5t6ehmuwe49kfz9llr,623,0.005,340.0,hollow,342,53740919.0,17146.194496310043,424.03097248155024,340.0,84.03097248155022,16722.163523828494,53610390.158046,AICHI,2.3677,130528.841954,0.002428853923283299
pool1q5q3rld4nll02w8sqhf9582jcf22t99yt27z0pqksvpnv4rdra9,623,0.03,340.0,hollow,2,52749880.0,16830.000658102166,834.700019743065,340.0,494.70001974306496,15995.300638359102,52707394.728843,COINBASE_BISON,2.0973,42485.271157,0.0008054098162308616
pool1up53z2kadt6l5xs359ckx477rpyvyg3favh25qrhqt2ujclpq3h,623,0.01,340.0,hollow,58,52383240.0,16713.023113484312,503.73023113484317,340.0,163.73023113484314,16209.29288234947,52372723.640017,CRDNS,2.215,10516.359983,0.0002007581047487708
pool1z7n2ruhmxmv77f6cqhd3wsy6774h2wuay77agxuf2y9mj8q55vw,623,0.01,340.0,hollow,1098,52223121.0,16661.9366868351,503.219366868351,340.0,163.219366868351,16158.717319966749,52223118.582787,ONE_PERCENT,2.3771,2.417213,4.628626083071519e-08
pool1w7c2j0px43jmudhf48ezp7dy8j7904c9l3wc7809lhh2z026hch,623,0.025,170.0,hollow,6095,52132068.0,16632.885965773323,581.572149144333,170.0,411.5721491443331,16051.31381662899,52090308.26718,pool1w7c2j0px43jmudhf48ezp7dy8j7904c9l3wc7809lhh2z026hch,2.2775,41759.73282,0.0008010373350238091
pool14skj6e4rpjanzclx3fc880xnl8xafgg63tmw93t9xspvwx985qu,623,0.04,400.0,hollow,20469,51904556.0,16560.297608989837,1046.4119043595933,400.0,646.4119043595934,15513.885704630244,51903058.137048,EVERSTAKE,2.3021,1497.862952,2.8858024563392855e-05
pool1pshqcksxywy68lt04lw6uf35f4yssekh5dx2mxqmyrukke2z5y3,623,0.01,340.0,hollow,3535,51854992.0,16544.48407249235,502.04484072492346,340.0,162.0448407249235,16042.439231767425,51804970.956014,ACL,2.1572,50021.043986,0.0009646331444039176
pool1tdvqgy6mq7lx7d345e276xmgmhh3s4zj8dzu6xzq5m7rx4tzkg2,623,0.01,170.0,hollow,437,51437201.0,16411.186654470748,332.4118665447075,170.0,162.4118665447075,16078.77478792604,51186815.59916,ONYX,2.1876,250385.40084,0.004867788214992491
pool1mt8sdg37f2h3rypyuc77k7vxrjshtvjw04zdjlae9vdzyt9uu34,623,0.0,170.0,hollow,597,51387677.0,16395.3858800881,170.0,170.0,0.0,16225.385880088099,51379051.497771,pool1mt8sdg37f2h3rypyuc77k7vxrjshtvjw04zdjlae9vdzyt9uu34,2.1926,8625.502229,0.00016785156933636053
pool1rmpv0h0pecysach8tj06vxx9wku2pdm74mk9cunx759v58q0hu2,623,0.035,340.0,hollow,239,50898395.0,16239.279053266928,896.4747668643425,340.0,556.4747668643425,15342.804286402585,50891188.941342,SASA,2.2837,7206.058658,0.00014157732592550316
pool1wm5pnu72efdcvjm34r7ykkxx2h549swddjrn6r2aqy3tvjc4l57,623,0.1,170.0,hollow,5,50430890.0,16090.120240817192,1762.0120240817193,170.0,1592.0120240817193,14328.108216735473,50430880.179273,FIGMENT,2.2943,9.820727,1.947363411591586e-07
pool1ng3vqzrhn3z45yjdscv3q37n26g2pj3vp99rfkgv6225y8lqg8j,623,0.04,400.0,hollow,29542,50276731.0,16040.935369279052,1025.6374147711622,400.0,625.6374147711621,15015.297954507889,50275233.51329,EVERSTAKE,2.1844,1497.48671,2.9784886173287598e-05
pool1pp7tn2w6ken4rpfcjwcdup3g4m5gcdhc9lgvrm3mnxz5stmrhq2,623,0.0399,340.0,hollow,2569,50151152.0,16000.869028793655,964.8686742488668,340.0,624.8686742488668,15036.000354544789,50048992.695716,pool1pp7tn2w6ken4rpfcjwcdup3g4m5gcdhc9lgvrm3mnxz5stmrhq2,2.3197,102159.304284,0.0020370280683482604
pool1a23gmvalpdams9d42t7fur8vmknzjv7wd3nsvuvrc7dv66lnau0,623,0.025,340.0,hollow,2418,50084446.0,15979.586287981745,730.9896571995437,340.0,390.9896571995437,15248.596630782202,50034407.596118,pool1a23gmvalpdams9d42t7fur8vmknzjv7wd3nsvuvrc7dv66lnau0,2.2018,50038.403882,0.00099908071024685
pool19l206haluae6wyzm7tjpt3gln9paa5m9s4fedec2u09fqz300ht,623,1.0,340.0,hollow,2,50006985.0,15954.872133542392,15954.872133542392,340.0,15614.872133542392,0.0,50006985.0,ETORO,0.0,0,0.0
pool1wdujj7tmux5nuwnpeksgncendr3mj8ecsjcddpzx9gewc3flp4r,623,1.0,340.0,hollow,3,50000385.0,15952.766384593893,15952.766384593893,340.0,15612.766384593893,0.0,50000385.0,ETORO,0.0,0,0.0
pool1jzk8rwf2fs5l02dmm6pm5tnw9stmd8jpmvsy54085vu2u2656re,623,1.0,340.0,hollow,4,50000222.0,15952.714378975923,15952.714378975923,340.0,15612.714378975923,0.0,50000222.0,ETORO,0.0,0,0.0
pool1dzdxps32uqhva9q9urx4lm7m0nhlczjjccwy9kv4t2d3krsn4m7,623,1.0,340.0,hollow,5,50000194.0,15952.705445495536,15952.705445495536,340.0,15612.705445495536,0.0,50000194.0,ETORO,0.0,0,0.0
pool1fvgmxt3688a5zl6amhvaqk9tmvk3lhxkgdsta6yj3czuy5hjwfy,623,1.0,340.0,hollow,1,50000076.0,15952.66779725676,15952.66779725676,340.0,15612.66779725676,0.0,50000076.0,ETORO,0.0,0,0.0
pool1swuyjknhewtqcmh583jjpvlcl0p9h9hrt5l2f3v2hl6gchqrn40,623,1.0,340.0,hollow,2,49999975.0,15952.63557291679,15952.63557291679,340.0,15612.63557291679,0.0,49999975.0,ETORO,0.0,0,0.0
pool1wt0pf4u2xktp0f7apveu242w6nkm4ltk3m8g039lvuhwq4zdtf3,623,0.025,340.0,hollow,3551,49968468.0,15942.583174110672,730.0645793527668,340.0,390.0645793527668,15212.518594757905,49857427.018401,ECO,2.094,111040.981599,0.0022222210534651576
pool1dxwgzj66pual956mnv9delkelg873yvgr2dd8s279m0hxqvr475,623,0.01,340.0,hollow,3191,49749571.0,15872.743457810719,495.32743457810716,340.0,155.3274345781072,15377.416023232612,48675682.582795,pool1dxwgzj66pual956mnv9delkelg873yvgr2dd8s279m0hxqvr475,1.9879,1073888.417205,0.02158588296580487
pool1a0kp4vl4fh0p0rs8s08rm7qq3vkj3epwraayk3sdgm8sz0zwt7t,623,0.01,340.0,hollow,1308,49458477.0,15779.869081384279,494.3986908138428,340.0,154.3986908138428,15285.470390570435,49455412.23085,BIGLAZYCAT,2.3141,3064.76915,6.196650879484219e-05
pool1krznhwu3h5pu2stuslr53z5rme50t6384macsmylcnljwc7yjky,623,0.01,170.0,hollow,867,49080861.0,15659.389612454494,324.89389612454494,170.0,154.89389612454494,15334.495716329948,48861535.071066,pool1krznhwu3h5pu2stuslr53z5rme50t6384macsmylcnljwc7yjky,2.2004,219325.928934,0.004468665065472262
pool166dkk9kx5y6ug9tnvh0dnvxhwt2yca3g5pd5jaqa8t39cgyqqlr,623,0.009,170.0,hollow,3468,48898867.0,15601.323904252491,308.8819151382724,170.0,138.8819151382724,15292.441989114219,48898867.0,VIPER,2.1285,0.0,0.0
pool1myvgx4ef424e6nw2strqq7dxcepav52plyyhxrk0avaw7y098l2,623,0.02,170.0,hollow,1120,48802492.0,15570.575183811334,478.0115036762267,170.0,308.0115036762267,15092.563680135107,48697445.424593,COOL,2.3187,105046.575407,0.002152483840517816
pool1rct5guwnp6nk9f4ldn5tr3s42j0nm5rxeayv56lxua5ck47ex39,623,0.01,340.0,hollow,2468,48547885.0,15489.342089488513,491.49342089488516,340.0,151.49342089488513,14997.848668593628,48519799.764011,FIMI,2.1901,28085.235989,0.0005785058605333683
pool1w6l6rvhxtym5psec3mvgrjlg28d6hrv8g9jjexadzmxfgndfg2f,623,0.025,340.0,hollow,1137,48291013.0,15407.386340412913,716.6846585103228,340.0,376.68465851032283,14690.70168190259,48238734.545158,SIPO,2.2893,52278.454842,0.001082571095412722
pool1fpu5xurq3jx5rn626ejcx0dzzzk5lmtvdl2qkj9l4kw2sjp50dz,623,0.025,340.0,hollow,244,47847635.0,15265.925316581428,713.1481329145357,340.0,373.1481329145357,14552.777183666893,47746329.928696,MS,2.1589,101305.071304,0.0021172430216038892
pool108zdflss3ayqlm5c7vr6mtqj2uwl99vk28ur8dv4zswdzt6yauc,623,0.02,340.0,hollow,6537,47522277.0,15162.118912583564,636.4423782516712,340.0,296.4423782516713,14525.676534331893,47521225.922824,DAPP,2.211,1051.077176,2.2117567640961313e-05
pool1t6ek99u2dzj8sr606uqm3uz0tt4ejr4cpvwtqfwen6p2z57rrst,623,0.08,340.0,hollow,95,47138262.0,15039.597824332348,1515.967825946588,340.0,1175.967825946588,13523.62999838576,47133941.764472,BLOCKDAEMON,1.9906,4320.235528,9.165029308887121e-05
pool1qakys0fxx5p2fxcnsc2tyjpqa88q7qgtdh5t3a32hplv6fg25r9,623,0.025,340.0,hollow,2311,47105177.0,15029.041960095816,707.2260490023955,340.0,367.2260490023954,14321.815911093421,47105173.59668,DAPP,2.2414,3.40332,7.224938354440319e-08
pool1qa6lqyu67ghpa0evxfu9nzqkj3h82qpfku82ec79zdwru4pd25m,623,0.0,495.0,hollow,5296,47052645.0,15012.281474677244,495.0,495.0,0.0,14517.281474677244,46400082.719191,CNODE,2.3184,652562.280809,0.013868769349927087
pool1p70svj9zrg7lgzkdn8udlslry0t27qs8r9tz9lr955v2yfna2rl,623,0.02,170.0,hollow,8,46806335.0,14933.695562024985,465.2739112404997,170.0,295.2739112404997,14468.421650784485,46806325.179273,FIGMENT,2.2461,9.820727,2.0981619261580723e-07
pool1pmm654jfx088td54ekkkd0j28x6r5gnjdhnutzggursrxjnpk2y,623,0.015,170.0,hollow,2624,46787431.0,14927.664186551889,391.3649627982783,170.0,221.36496279827833,14536.299223753611,46761235.32563,EMURGO,2.5255,26195.67437,0.0005598869997799196
pool147tju4482jtl253lgqq88fkefdugcuhaumf8m0rcj8uzxu846qm,623,0.05,340.0,hollow,67,46623419.0,14875.335687075934,1066.7667843537968,340.0,726.7667843537968,13808.568902722138,46623419.0,COINBASE_BISON,2.0423,0,0.0
pool14mhf0xtx45a8979mcnad8upas8apwal4nfqd95arv4wlsuk6m9q,623,0.04,340.0,hollow,58,46551849.0,14852.501073099555,920.5000429239822,340.0,580.5000429239822,13932.001030175572,46548234.87958,WAVE,2.1921,3614.12042,7.763645263585557e-05
pool1t6n7rysk6wzm9wqxda6zxpzmm3j6256fs3mp06dc26n6503hhj4,623,0.01,170.0,hollow,1390,46451260.0,14820.407863860068,316.5040786386007,170.0,146.50407863860067,14503.903785221468,46448965.774365,pool1t6n7rysk6wzm9wqxda6zxpzmm3j6256fs3mp06dc26n6503hhj4,2.3389,2294.225635,4.938995486882379e-05
pool1tpr44v3pxth9j0ff246dvsryxpanxwx52f024ws3ecvn72sgv55,623,0.0,170.0,hollow,328,46346717.0,14787.053119568707,170.0,170.0,0.0,14617.053119568707,46337456.252764,pool1tpr44v3pxth9j0ff246dvsryxpanxwx52f024ws3ecvn72sgv55,2.1419,9260.747236,0.000199814524856205
pool193uec04jldvah7r52q86wl033g4v42x0aste8jfg9999qepaxfp,623,0.01,170.0,hollow,1269,45911517.0,14648.201310116134,314.78201310116134,170.0,144.78201310116134,14333.419297014972,45857055.993113,pool193uec04jldvah7r52q86wl033g4v42x0aste8jfg9999qepaxfp,2.4261,54461.006887,0.0011862166716686796
pool13mas2wthxs28zftxskcsd8t87jk2w9ntc0u5uflt45sh7lcvs8h,623,0.015,170.0,hollow,2208,45561252.0,14536.448256260654,385.49672384390976,170.0,215.4967238439098,14150.951532416744,45561251.962204,EMURGO,2.5337,0.037796,8.295645606929327e-10
pool13z5t8wlhtf7ccc0hud8pnvpjeekjdsyn7sq69fcxf3k6kpnlm74,623,0.02,170.0,hollow,5,45426823.0,14493.55829786704,456.4711659573408,170.0,286.4711659573408,14037.0871319097,45426813.179273,FIGMENT,2.2998,9.820727,2.1618784566994702e-07
pool1cpwymxe2fjr20u34f874e2q6za3razk0rttslrxqhc4tu3zxau8,623,0.02,170.0,hollow,4,45187373.0,14417.161087909737,454.94322175819474,170.0,284.94322175819474,13962.217866151543,45187363.179273,FIGMENT,2.3788,9.820727,2.1733343516118983e-07
pool1ynxx88cq0y8vg8yrq3jrw6epm7rq9a8859v34sq9lzjy7ztg90u,623,0.04,400.0,hollow,26774,45045031.0,14371.746464148024,958.8698585659209,400.0,558.8698585659209,13412.876605582103,45043534.111414,EVERSTAKE,2.1096,1496.888586,3.323093697060615e-05
pool1sjwdmeme5zs042jzwmdvxshhv27kepxke0mr02f2yzacsyd4wtu,623,0.03,340.0,hollow,5656,44584889.0,14224.936837987349,756.5481051396205,340.0,416.5481051396204,13468.388732847729,44584386.249602,CCV,2.0534,502.750398,1.1276250973732378e-05
pool136q98jnwt093qle4ph86vdpuwplg7gyvt20h2nq4m6ksv8xjcuj,623,0.01,340.0,hollow,146,44565389.0,14218.715307003145,478.7871530700314,340.0,138.78715307003145,13739.928153933113,44475917.28056,STRIXJPN_GITHUB_IO,2.1937,89471.71944,0.002007650363828306
pool1ell3xjtspzzz4vtsatscan6rheltf7j3hh2s8qsam2h3jvcxzm9,623,0.039,500.0,hollow,686,44460605.0,14185.283670969877,1033.726063167825,500.0,533.7260631678251,13151.557607802051,44450505.190405,OCEAN,2.2048,10099.809595,0.00022716311653878755
pool1v96277f457qtwhuq3ma9yjlacq4mjw9h4j3jfy5rjgjru5lyxea,623,0.1,170.0,hollow,3,43945855.0,14021.051205630467,1555.1051205630467,170.0,1385.1051205630467,12465.94608506742,43945845.179273,FIGMENT,2.018,9.820727,2.234733400908914e-07
pool16fyda57p3c8gp5r6gmcq5tvqsp6mnzwvkxswgznkuh8wztrp6vv,623,0.02,340.0,hollow,7570,43769732.0,13964.858656834016,612.4971731366803,340.0,272.4971731366803,13352.361483697336,43668594.912405,HRMS,2.026,101137.087595,0.002310662710820345
pool1ases3nklh6gyjf74r7dqm89exjfd520z9cefqru959wcccmrdlk,623,1.0,340.0,balanced,94,43217950.0,13788.811025576297,13788.811025576297,340.0,13448.811025576297,0.0,5074328.906213999,pool1ases3nklh6gyjf74r7dqm89exjfd520z9cefqru959wcccmrdlk,0.0,38143621.093786,0.8825874687204275
pool1du3r4a7xq60hg2x0wcz7lw5ya3qs74rk258c8kanp93rsqdqu45,623,0.0,340.0,hollow,3121,42850472.0,13671.566114652554,340.0,340.0,0.0,13331.566114652554,42623625.275356,pool1du3r4a7xq60hg2x0wcz7lw5ya3qs74rk258c8kanp93rsqdqu45,2.3113,226846.724644,0.005293914257093831
pool1u6kpt8hgqcm596kukj97ghefmxn8ks2cgwg8qqe0gtgscnufk5p,623,0.008,340.0,hollow,3757,42717702.0,13629.205464971907,446.31364371977526,340.0,106.31364371977526,13182.891821252131,42209356.955591,ATLAS,2.1145,508345.044409,0.011900102781956764
pool14fjmlppz76667ws3jl5luejf2wgztuhpsftulvh3ucc65anqgve,623,0.037,340.0,hollow,1216,42187591.0,13460.072028481298,825.442665053808,340.0,485.442665053808,12634.62936342749,42151516.436659,XSP,2.2729,36074.563341,0.000855098916195523
pool164xvrnwxg0xwhkcm0fsnlzmtj3ptp5s7hne32k4dyv60x4utfje,623,0.03,340.0,hollow,24,42091072.0,13429.27736442672,732.6783209328016,340.0,392.67832093280157,12696.599043493918,42089455.570347,BLOCKDAEMON,2.47,1616.429653,3.840314765563585e-05
pool13qdkwy5y88ncr5qpjrh8hgtf94d0zw4wuhgezjg3hvlyyrh37c7,623,0.03,170.0,hollow,1005,41603718.0,13273.785671540807,563.1135701462242,170.0,393.1135701462242,12710.672101394583,41500246.562733,SECUR,2.1204,103471.437267,0.0024870718830225704
pool15d62znf04qymt6ve536tt5y9ky979ly4um5zmgz9m850vu7wuv7,623,0.03,340.0,hollow,22,41596831.0,13271.588354418334,727.94765063255,340.0,387.94765063255,12543.640703785784,41595822.570156,NUFI,2.2265,1008.429844,2.424294879578687e-05
pool189lsf6c2upyhmrzddyvyfjxxkqnte9pw8aqx7f4cuf85sjxlm02,623,0.02,340.0,hollow,2435,41592213.0,13270.114968260128,598.6022993652025,340.0,258.60229936520255,12671.512668894926,41491586.125027,CRDNS,2.2302,100626.874973,0.0024193681392476038
pool1qvudfuw9ar47up5fugs53s2g84q3c4v86z4es6uwsfzzs89rwha,623,0.1,340.0,hollow,44,41464526.0,13229.376064322694,1628.9376064322696,340.0,1288.9376064322696,11600.438457890425,41235414.391114,pool1qvudfuw9ar47up5fugs53s2g84q3c4v86z4es6uwsfzzs89rwha,2.0148,229111.608886,0.0055254848176969395
pool19k9grwq9cdswn4k7vxzmwcls24jj3466g4s4xr5vucehcqpslfy,623,0.0,340.0,hollow,387,41366239.0,13198.017314792214,340.0,340.0,0.0,12858.017314792214,41107748.229689,ADV,2.196,258490.770311,0.0062488342319687315
pool19hrn8me383w9atvmjwukjxqsdvr8udpmyxau956hdc53x669j8p,623,1.0,340.0,balanced,10,41296684.0,13175.82559235087,13175.82559235087,340.0,12835.82559235087,0.0,4375379.782775998,WAVE,0.0,36921304.217224,0.8940500941243612
pool19066qvd5dv6vq7fh5a5l7muzk6nc5fw8zq3w4tclyrhvjvlyeuc,623,1.0,340.0,hollow,3,40720163.0,12991.884912117857,12991.884912117857,340.0,12651.884912117857,0.0,40720163.0,ETORO,0.0,0,0.0
pool1g3ssnndd8e7lcmstkjl9ane9mup0eshv3aklg63u5tznwl4ch87,623,0.04,400.0,hollow,22885,40462198.0,12909.580438254272,900.3832175301709,400.0,500.3832175301709,12009.197220724101,40460700.808535,EVERSTAKE,2.2634,1497.191465,3.700222773364907e-05
pool15v22rpfg6qx9l0gx0m955gfv7tes0jpa9sy0gjs3a04lv6x9jdr,623,0.06,170.0,hollow,6586,40369516.0,12880.00998006566,932.6005988039396,170.0,762.6005988039396,11947.409381261721,40369506.179273,FIGMENT,2.4379,9.820727,2.4327086309382556e-07
pool16pv24th2tzy8k70vk4ms35tff0fjxfm2dd2psk7cvs27wnjvlgh,623,0.0,340.0,hollow,262,39746980.0,12681.388081974284,340.0,340.0,0.0,12341.388081974284,39736914.121945,pool16pv24th2tzy8k70vk4ms35tff0fjxfm2dd2psk7cvs27wnjvlgh,2.2708,10065.878055,0.0002532488771473958
pool13crd2ljx87988umk22er6ynwadfwdqupdpcq6prc6v59z62kxse,623,0.04,340.0,hollow,2654,39659933.0,12653.615486713674,832.5446194685469,340.0,492.54461946854695,11821.070867245127,39659932.0,BLOOM,2.1631,1.0,2.5214364330872672e-08
pool1ywpt43nttzjd7883wafg255mh0hmjypwe65ercw6p2sxg5lt7ez,623,0.04,400.0,hollow,32226,39456744.0,12588.787452911149,887.5514981164459,400.0,487.55149811644594,11701.235954794704,39455247.756363,EVERSTAKE,2.0686,1496.243637,3.792111272536832e-05
pool15zrkyr0f80hxlt4scv72tej8l8zwrcphmrega9wutqchjekceal,623,0.0,340.0,hollow,6960,38826663.0,12387.758300908194,340.0,340.0,0.0,12047.758300908194,38815551.913364,ZETIC,2.4158,11111.086636,0.00028617155782870136
pool1v5u6wzakuc25q3zpx04t8gjz3rgu60wuxkv2mh5nga23xjkc86s,623,0.0,340.0,hollow,1455,38806195.0,12381.227926744878,340.0,340.0,0.0,12041.227926744878,38300350.17877,pool1v5u6wzakuc25q3zpx04t8gjz3rgu60wuxkv2mh5nga23xjkc86s,2.3218,505844.82123,0.013035156402991842
pool1vc8jp7uagxgh8trzx7r260ndcydz89ges8sws05cyv7jj8q8gqs,623,0.039,500.0,hollow,852,38788840.0,12375.690764168936,963.1519398025885,500.0,463.1519398025885,11412.538824366347,38778740.190449,OCEAN,2.3341,10099.809551,0.0002603792624631208
pool1fza7ms33y7mnq63etrgz0caqhaw2tsxme0gp52ltv9wwgwurged,623,0.04,340.0,hollow,3,38263319.0,12208.021780356148,814.720871214246,340.0,474.72087121424596,11393.300909141903,38263319.0,pool1fza7ms33y7mnq63etrgz0caqhaw2tsxme0gp52ltv9wwgwurged,0.0,0.0,0.0
pool1uthdnav2zc2hxpg2hyeyy545lnxtl8lqdcdqxjm0j8t5srmyvzj,623,0.05,345.0,hollow,338,37913767.0,12096.49621119768,932.574810559884,345.0,587.574810559884,11163.921400637797,36802879.420588,ADASTRONG_COM,1.9721,1110887.579412,0.029300374700619962
pool1nudasuv0lljpe0tswcverqvlh0v4226vgnpsuxn0e9nkvnvcvne,623,0.015,340.0,hollow,5506,37716018.0,12033.403825013313,515.4010573751997,340.0,175.40105737519968,11518.002767638112,37715559.965777,STI,1.8532,458.034223,1.2144289012694818e-05
pool1pvu2zdexh8wr4ggmuz90jvqrua6an43qj9m9urs785p8kwjzqwl,623,0.05,340.0,hollow,43,37680291.0,12022.005023091639,924.100251154582,340.0,584.100251154582,11097.904771937057,37615437.492489,YUTA,2.1674,64853.507511,0.0017211519813103355
pool19zkd9hmkgdjmx2xr0psuat88uuw25wsrktr2qe69v2uzqldfnmj,623,1.0,340.0,private,1,37614195.0,12000.91690453103,12000.91690453103,340.0,11660.91690453103,0.0,1282963.7366070002,CHUCK_BUX,0.0,36331231.263393,0.9658915008919637
pool1ukeqarukv9gxwy9pt8jkr4qvad2yf87758g3xzemmvmtk8lrynp,623,0.02,340.0,hollow,5267,37182601.0,11863.215599731227,570.4643119946245,340.0,230.46431199462455,11292.751287736603,37082077.688973,CRDNS,2.1563,100523.311027,0.0027035040132614716
pool1qtscx3ge0rgmpffgqen5uup8r8tnav7a2veduweskqx7gf8gjec,623,0.05,340.0,hollow,3,37158955.0,11855.671275543922,915.7835637771962,340.0,575.7835637771962,10939.887711766725,37138506.264493,COINBASE_BISON,1.982,20448.735507,0.0005503043750019343
pool1ctzja2cdwyeqnvehmrlclc5wrn9w9acwklk3acn73jrx56d66vs,623,0.039,500.0,hollow,1132,36929366.0,11782.4202459474,940.0143895919487,500.0,440.0143895919486,10842.405856355452,36919266.190361,OCEAN,2.1962,10099.809639,0.0002734899277447655
pool1k0xrqp03mn9u3q3sadndd6vu9udl5v38xpzyw0shm8sskuxw2av,623,0.05,340.0,hollow,157,36859987.0,11760.284676811347,911.0142338405674,340.0,571.0142338405674,10849.27044297078,36794280.470017,YUTA,2.0162,65706.529983,0.001782597752489712
pool12vs4c3cm0tr49c7alrevfs0xa5g3s4al4fn46h33e69uusat04v,623,0.04,340.0,hollow,3899,36823133.0,11748.526302304073,796.341052092163,340.0,456.34105209216295,10952.18525021191,35823132.0,BLOOM,2.1736,1000001.0,0.02715686902578333
pool1f8erepj5w5nth5xfxgxnwpz59jzywt6zdwfr50jzjwfwksmg9ek,623,0.03,340.0,hollow,12,36319380.0,11587.802461386882,677.4340738416065,340.0,337.43407384160645,10910.368387545275,36319377.071277,NUFI,2.4173,2.928723,8.063802300589933e-08
pool1mh4ng2ldxk4sqfppzu6r4knxrk6e87e9c4wgrred84uy7xauzlh,623,0.03,340.0,hollow,4596,36288142.0,11577.835887803061,677.1350766340918,340.0,337.13507663409183,10900.70081116897,36287638.881524,CCV,2.2123,503.118476,1.3864542196731924e-05
pool1ua5exfeju4jc95yy595cykjh4x46998g8hrrvw2v5h9k7987a44,623,1.0,340.0,private,2,35776350.0,11414.547180856023,11414.547180856023,340.0,11074.547180856023,0.0,53172.33333399892,UPBIT,0.0,35723177.666666,0.9985137574589359
pool1sjnh0ymk9fhhnusm7uksux5yhpfyhjfmseq5nuupsj6ezskc0pj,623,1.0,340.0,private,1,35728539.0,11399.29294404137,11399.29294404137,340.0,11059.29294404137,0.0,56003.43084400147,UPBIT,0.0,35672535.569156,0.9984325295013042
pool1r9kse9x8ja0ajkyw8w96zw5c2aqeey6j85nmyqxhwt0rs090fu4,623,1.0,340.0,private,2,35710690.0,11393.598169347162,11393.598169347162,340.0,11053.598169347162,0.0,62599.55911300331,UPBIT,0.0,35648090.440887,0.998247035856406
pool1cp4q7w2jvlthul9mlskj6xutx9rdr7n4vruqqe09pfg5ywmzdzq,623,1.0,340.0,private,1,35650528.0,11374.403310522977,11374.403310522977,340.0,11034.403310522977,0.0,52525.6497059986,UPBIT,0.0,35598002.350294,0.9985266515630288
pool1ek9pyk0xwjelrw7uqktvjwqj8wlcqqftjxqeq3t2vffw7qm8efs,623,1.0,340.0,private,1,35640764.0,11371.288078290681,11371.288078290681,340.0,11031.288078290681,0.0,60393.96810899675,UPBIT,0.0,35580370.031891,0.9983054805416349
pool18rhzlrv83a7ygj7cp5uv8dx07qkn5drhe8nh6f3qvhv66xcyj2m,623,0.025,340.0,hollow,479,35631305.0,11368.270157184037,615.706753929601,340.0,275.70675392960095,10752.563403254437,35579432.494086,SIPO,2.0982,51872.505914,0.0014558126881403866
pool1k2224hj6uhdgkflj6ncqvmfhqvhlhj0t8crhqux5mphwwumupec,623,1.0,340.0,private,1,35608181.0,11360.892378595385,11360.892378595385,340.0,11020.892378595385,0.0,51263.20048700273,UPBIT,0.0,35556917.799513,0.998560353293896
pool13t8yafhx3mfnxs8nnkvgqnm9v5gspk7cdjc5dmpzpt0a6h294yn,623,1.0,340.0,private,2,35604933.0,11359.856094870425,11359.856094870425,340.0,11019.856094870425,0.0,53806.923776999116,UPBIT,0.0,35551126.076223,0.9984887789628196
pool1859zslu3scj23wxcamw0slkhn80waxwkdl4k8k0asyw7sfa8dv5,623,1.0,340.0,private,1,35579368.0,11351.6995082237,11351.6995082237,340.0,11011.6995082237,0.0,59767.03060799837,UPBIT,0.0,35519600.969392,0.9983201772834189
pool1a2nh3ktswllhwf07fjahpdg5mpqyq7j950pyftq9765r6t4cefl,623,0.039,500.0,hollow,2612,35445862.0,11309.104035630007,921.5550573895703,500.0,421.55505738957027,10387.548978240437,35435762.190185,OCEAN,2.2481,10099.809815,0.00028493621667319025
pool1gk20vlqg7qq868avysckjcjtwyphtjurfwlgra45670ny6r4fww,623,0.05,340.0,hollow,11,35252790.0,11247.503859723236,885.3751929861618,340.0,545.3751929861618,10362.128666737075,35252790.0,COINBASE_BISON,1.9243,0,0.0
pool1xlfty06hg6q23qvcaxwv3p9ke7ff9n34qpr8tpxt2zflyq20ceh,623,0.009,340.0,hollow,714,35156626.0,11216.822459437855,437.8914021349407,340.0,97.89140213494069,10778.931057302914,35064330.306326,pool1xlfty06hg6q23qvcaxwv3p9ke7ff9n34qpr8tpxt2zflyq20ceh,2.404,92295.693674,0.0026252716535995232
pool1qc05c76autq4235sq20zu4vjwtl5m0xn4mxq9kg6e66uwz95kd4,623,0.05,340.0,hollow,26,35100210.0,11198.82277266838,882.941138633419,340.0,542.941138633419,10315.88163403496,35100210.0,COINBASE_BISON,2.1079,0,0.0
pool1urgvu6zk422j4xwtxa45lzpd6dm25msfthpkezr042secrtuwzc,623,0.03,340.0,hollow,5103,35097533.0,11197.968668132753,665.7390600439826,340.0,325.7390600439826,10532.22960808877,35097029.856993,CCV,2.1948,503.143007,1.4335566177827941e-05
pool1jldj0znj8rltkuj4sumqq5z6p8sdt3yk4qde90q42daru5kgfl6,623,1.0,340.0,private,1,35067653.0,11188.435368347727,11188.435368347727,340.0,10848.435368347727,0.0,49400.36350800097,UPBIT,0.0,35018252.636492,0.9985912840101389
pool1hnaps49hfe3uljp4cleu4amhes6wvatufyvgt2tjdtj3xjrgknk,623,1.0,340.0,private,1,35059386.0,11185.797758263298,11185.797758263298,340.0,10845.797758263298,0.0,61965.589147001505,UPBIT,0.0,34997420.410853,0.9982325534980275
pool1wthsvhhxueqfd9eqjdj8pgyprhr4gptn5g63z9rdrtelcfumnvg,623,1.0,340.0,private,1,35055240.0,11184.474965060193,11184.474965060193,340.0,10844.474965060193,0.0,57246.36632300168,UPBIT,0.0,34997993.633677,0.9983669669263996
pool1hyqdlnuff3rnvg9lx70ccca2xqxcezzz4998tp6chhxnx2st257,623,0.05,340.0,hollow,5,35048410.0,11182.295833951368,882.1147916975684,340.0,542.1147916975684,10300.1810422538,35048410.0,COINBASE_BISON,2.3128,0,0.0
pool19zz6frugmvm82ecgl5hh5vq3093d4kzr4h2r5vfmt6la7trk929,623,0.05,340.0,hollow,7,35020564.0,11173.411487705926,881.6705743852963,340.0,541.6705743852963,10291.74091332063,35020564.0,COINBASE_BISON,2.3286,0,0.0
pool15kek228mhvnsncdjn77u8qtrn8hjh5wfzmh6g942xf0353yc77j,623,0.05,340.0,hollow,12,35020467.0,11173.38053957744,881.669026978872,340.0,541.669026978872,10291.711512598567,35020467.0,COINBASE_BISON,2.1322,0,0.0
pool1fxra32qureulvqrhrdpnrl5yechhqreg2khrghv3tkl4z66t0rm,623,0.05,340.0,hollow,5,35015382.0,11171.758155728483,881.5879077864241,340.0,541.5879077864241,10290.170247942058,35015382.0,COINBASE_BISON,2.4215,0,0.0
pool1kcvaxe4q4npwt28qlr3h84htjf4qrqglqk3cr2484ptycr0ldut,623,0.05,340.0,hollow,4,35012911.0,11170.96977608428,881.548488804214,340.0,541.548488804214,10289.421287280065,35012911.0,COINBASE_BISON,1.9141,0,0.0
pool18gsrasdghtjsnzlf20pht85l4epwag74w9pfx5qvdvcpxw68sl6,623,0.05,340.0,hollow,3,35008059.0,11169.421731554261,881.4710865777131,340.0,541.4710865777131,10287.950644976549,35008059.0,COINBASE_BISON,2.1803,0,0.0
pool14mm59ntjqzphjr6chrww639cdr3yjce4qcwzc5jkk38y22u7uc6,623,0.05,340.0,hollow,137,34938451.0,11147.213099310753,880.3606549655377,340.0,540.3606549655377,10266.852444345215,34883205.84638,YUTA,2.1247,55245.15362,0.0015812135924400312
pool1xmsdhync6k6grkkj7tuycskjpseykpr24luhlazl5nsngsy87gm,623,0.04,400.0,hollow,27426,34907570.0,11137.360427601872,829.494417104075,400.0,429.4944171040749,10307.866010497797,34906073.291058,EVERSTAKE,2.182,1496.708942,4.2876342925044624e-05
pool1ewrm7y47s9hv6hxku9n5gfnsuspymp0qqpwgvgm9rvm37cek2h6,623,0.03,340.0,hollow,2940,34872286.0,11126.102966102046,663.5830889830613,340.0,323.5830889830614,10462.519877118984,34872276.169508,pool1ewrm7y47s9hv6hxku9n5gfnsuspymp0qqpwgvgm9rvm37cek2h6,2.4757,9.830492,2.8189984447821973e-07
pool13z9mfsve9w39sl5akgz58yewad9daycxn8ja426ytdxey47yatu,623,1.0,340.0,private,1,34863466.0,11123.288919779961,11123.288919779961,340.0,10783.288919779961,0.0,0,UPBIT,0.0,35613768.184997,1.0215211587108695
pool195gdnmj6smzuakm4etxsxw3fgh8asqc4awtcskpyfnkpcvh2v8t,623,0.02,340.0,hollow,7499,34771241.0,11093.86426875339,555.0772853750678,340.0,215.07728537506782,10538.786983378322,34233317.675079,SUNNY,2.4117,537923.324921,0.015470351631136778
pool14zdcvdec8qmqzsat5wg3a2h9f0u5yzrgjew534z8u3gs5durnjz,623,0.03,340.0,hollow,6579,34756391.0,11089.126333619266,662.4737900085779,340.0,322.47379000857796,10426.652543610688,34656141.467253,PAUL,2.1719,100249.532747,0.002884348169146791
pool1axzm26vduyuxgw0x9ddh4vkvn7q5hyd558l0t9c08p556lf2zaj,623,0.05,340.0,hollow,36,34610456.0,11042.565352892103,875.1282676446052,340.0,535.1282676446052,10167.437085247499,33546779.829192,WAVE,2.0852,1063676.170808,0.030732798516378983
pool1lnr8t7pxvq3vfg8c5lc7yjcq39haws4ntu28xpxzx4zyya9ntny,623,0.03,345.0,hollow,16,34573013.0,11030.61905624382,665.5685716873146,345.0,320.5685716873146,10365.050484556506,34573013.0,BINANCE,2.1433,0,0.0
pool10ya6hxrssmyhl560gqyalhqxudkgfjdlc0e4krww6wweyaeajs8,623,0.01,340.0,hollow,467,34255531.0,10929.325512657833,445.8932551265783,340.0,105.89325512657834,10483.432257531254,34198026.26601,NKR,2.1546,57504.73399,0.0016786992439264772
pool1vquhv3kh6xkklckaenl8alyuhfsld57ef5573aqauueyqacx4ak,623,0.02,340.0,hollow,6631,34075036.0,10871.738064709438,550.6347612941888,340.0,210.63476129418876,10321.10330341525,33649996.712764,KIWI,2.2262,425039.287236,0.012473626946014085
pool138m7hevnvp664cmtralju857t5k7e4frpnaevtgpuykggr50kne,623,0.0399,340.0,hollow,8442,34055685.0,10865.56407260301,759.9700064968602,340.0,419.9700064968601,10105.59406610615,33955679.738042,ITC,2.2986,100005.261958,0.0029365218159023965
pool10quq4wlghwrvmhdzc7geq22pyhzegccwj56ax2g8hx0cjfahufs,623,0.05,340.0,hollow,442,33907427.0,10818.26193205655,863.9130966028275,340.0,523.9130966028275,9954.348835453722,33874911.156014,SPS,2.2833,32515.843986,0.0009589593449836226
pool1lvsa8e0dw6z8g2fkw7prnfa7627wuy5jjexaadck6w5sxw5xkvm,623,0.02,340.0,hollow,1425,33822862.0,10791.281226021723,549.0256245204345,340.0,209.02562452043446,10242.255601501289,33622842.274491,DIGI,2.1961,200019.725509,0.005913743358235031
pool1cmdq8atcy8x7lfhh09vdumveuh0ywsx0269ur774nvzkyhma37d,623,0.0,340.0,hollow,189,33722246.0,10759.179402354719,340.0,340.0,0.0,10419.179402354719,33670191.070758,pool1cmdq8atcy8x7lfhh09vdumveuh0ywsx0269ur774nvzkyhma37d,2.1724,52054.929242,0.0015436376699820053
pool14wk2m2af7y4gk5uzlsmsunn7d9ppldvcxxa5an9r5ywek8330fg,623,0.0299,170.0,hollow,3825,33711767.0,10755.83604731967,486.5164978148581,170.0,316.5164978148581,10269.319549504811,33711725.856215,pool14wk2m2af7y4gk5uzlsmsunn7d9ppldvcxxa5an9r5ywek8330fg,2.1841,41.143785,1.2204576817346894e-06
pool1jz5ljsnj4fzmk84j0wcw9ldy866dn07nzqg2ktyuyjvfvr3jgtq,623,0.02,340.0,hollow,1276,33531966.0,10698.470022063737,547.1694004412748,340.0,207.16940044127475,10151.300621622462,33331947.652201,DIGI,2.144,200018.347799,0.005965005087951002
pool1cauj94scz5wp58defdxqqgnujaalvxe388peyv2gx79y6suzl55,623,0.1,170.0,hollow,4,33486843.0,10684.073399366293,1221.4073399366293,170.0,1051.4073399366293,9462.666059429663,33486837.953291,pool1cauj94scz5wp58defdxqqgnujaalvxe388peyv2gx79y6suzl55,0.5338,5.046709,1.5070721954888373e-07
pool1nll5ghr8cdkl6ppnxpuk6c6vrg9d5kq3tp8d6xjdds5pct6pxj9,623,0.06,345.0,hollow,16,33395253.0,10654.851346912796,963.5910808147677,345.0,618.5910808147677,9691.260266098028,33362629.655291,BINANCE,1.6336,32623.344709,0.0009768856881844853
pool1jst7rrhucnp93hepezv5yqy6fx982xs2v0udwfc5ea6my3kfak7,623,0.04,400.0,hollow,20836,33383307.0,10651.039941316012,810.0415976526406,400.0,410.0415976526405,9840.998343663372,33381810.417293,EVERSTAKE,2.2326,1496.582707,4.483027121908564e-05
pool1me68mzk9kephj0yqya6xu9jefjvtg0dvmly3m9sy67cezrexalx,623,0.06,345.0,hollow,9,33337139.0,10636.309908368388,962.4785945021033,345.0,617.4785945021033,9673.831313866285,33304758.088692,BINANCE,2.1,32380.911308,0.0009713164440415837
pool1f4n4mdsv5ydxuc3y4tzgumqvfa8xxlyr8jl70qquama0ug2pmhf,623,0.06,345.0,hollow,15,33243791.0,10606.526960967702,960.6916176580621,345.0,615.6916176580621,9645.83534330964,33211644.924627,BINANCE,1.6629,32146.075373,0.0009669798300981978
pool1jsala5rdc0hjewcvu9dujcz8jpfxp7hadqr3r3hzs63skhhtpqs,623,0.06,345.0,hollow,14,33196047.0,10591.294100695404,959.7776460417242,345.0,614.7776460417242,9631.51645465368,33165128.614632,BINANCE,1.4126,30918.385368,0.0009313875645494778
pool1nwv3c3q62lqcdgp7s0jtl4xldgfnjnt0szkdclk4tzjqzv6kv7n,623,0.06,345.0,hollow,11,33188778.0,10588.974905376215,959.6384943225729,345.0,614.6384943225729,9629.336411053642,33156588.576592,BINANCE,1.555,32189.423408,0.0009698887801171829
pool19f6guwy97mmnxg9dz65rxyj8hq07qxud886hamyu4fgfz7dj9gl,623,0.015,340.0,hollow,22053,32898866.0,10496.477649443279,492.3471647416492,340.0,152.34716474164918,10004.130484701629,32862453.373909,pool19f6guwy97mmnxg9dz65rxyj8hq07qxud886hamyu4fgfz7dj9gl,2.4821,36412.626091,0.001106804899931809
pool12m7z9p7jqymxrvvp6z7vmfdu6j6u6y43p0m6y4xalz43sc8s4t9,623,0.05,340.0,hollow,31,32831312.0,10474.924351796773,846.7462175898387,340.0,506.7462175898387,9628.178134206935,32831312.0,COINBASE_BISON,1.8206,0,0.0
pool1lurfk0k0wwx54hlg8a7zp3jtstu57u59aeq7aketl55hknmmtu0,623,0.01,170.0,hollow,3319,32748204.0,10448.40850579497,272.7840850579497,170.0,102.78408505794971,10175.62442073702,31848199.469429,pool1lurfk0k0wwx54hlg8a7zp3jtstu57u59aeq7aketl55hknmmtu0,2.027,900004.530571,0.0274825615038614
pool12l453n0jtxqq88cgwgr67z06ldyhqqvwxgkn0sgungjfvhtp2el,623,0.04,400.0,hollow,20434,32647458.0,10416.26520525474,800.6506082101896,400.0,400.6506082101896,9615.61459704455,32645961.398155,EVERSTAKE,1.922,1496.601845,4.5841297812528006e-05
pool1c89d4drtwn0048mekkdkzllz559ahnntxelyw2mppxnmc36hjlx,623,0.0099,340.0,hollow,781,32566605.0,10390.468823477007,439.4996413524224,340.0,99.49964135242239,9950.969182124585,32281970.410056,pool1c89d4drtwn0048mekkdkzllz559ahnntxelyw2mppxnmc36hjlx,2.4076,284634.589944,0.008740075606407239
pool1jq7r3evstu2c040vlry8tgvpwf0mfvft86cxecwjpwcuvvqfu2r,623,0.03,340.0,hollow,4475,32534202.0,10380.130553298488,641.2039165989546,340.0,301.2039165989546,9738.926636699533,32533698.908662,CCV,2.2076,503.091338,1.5463460207199796e-05
pool13h08lf24fjmxxg0mmuattjv8dvy0r6fc4hrqg4qmj38xsweexrv,623,0.1,170.0,hollow,28,32519061.0,10375.299773778908,1190.5299773778909,170.0,1020.5299773778909,9184.769796401017,32519051.179273,BLOCKDAEMON,1.988,9.820727,3.0199909523832805e-07
pool1yr0cv3dtmhcfgqa6yetvmf769ngk89e6tepecmjrmjl2jzcw2lm,623,0.0,170.0,hollow,1137,32435693.0,10348.70097403065,170.0,170.0,0.0,10178.70097403065,32230497.028629,pool1yr0cv3dtmhcfgqa6yetvmf769ngk89e6tepecmjrmjl2jzcw2lm,2.1786,205195.971371,0.006326239780694681
pool1r55hyfrd3tw6nzpkvf4rfceh2f04yph92fc462phnd0akp2s5r6,623,0.025,340.0,hollow,611,32383699.0,10332.112139056668,589.8028034764167,340.0,249.8028034764167,9742.30933558025,32381963.322436,COFFEEPOOL_JP,1.9917,1735.677564,5.359726089351312e-05
pool1z46azf72z9yjlq6rpngwn5syg5xup8jcwguu2t259ngl5cnv2ds,623,0.06,345.0,hollow,15,32235991.0,10284.985477589249,941.399128655355,345.0,596.399128655355,9343.586348933894,32204095.765403,BINANCE,1.3087,31895.234597,0.0009894293182114364
pool16vdezg50c80dhs78jhfl0gpqr68trtmqy40xplw39t9mgk6vrkd,623,0.06,345.0,hollow,10,32187978.0,10269.666792094657,940.4800075256794,345.0,595.4800075256794,9329.186784568978,32156178.068218,BINANCE,1.9472,31799.931782,0.0009879443742008274
pool1lvgs6gdcgl3lgcc77wxmuyst8x4h9gxcth07pzry0rfsv5ntl3r,623,0.06,345.0,hollow,9,32133530.0,10252.295001375278,939.4377000825167,345.0,594.4377000825167,9312.85730129276,32128574.184257,BINANCE,2.0872,4955.815743,0.0001542256870938238
pool1ptzl40tt9a6l2kp6fhjmzsg3t2maqdhwv6cnqu8kj6xgz3vw9us,623,0.06,345.0,hollow,10,32131564.0,10251.667743430922,939.4000646058553,345.0,594.4000646058553,9312.267678825066,32127027.40983,BINANCE,2.0874,4536.59017,0.0001411879661382185
pool12ahcpgfgzkm29zajw8fgfqjma6ngsks7zdk4tr7q280pwfvtlek,623,0.06,345.0,hollow,16,32106128.0,10243.552314604553,938.9131388762731,345.0,593.9131388762731,9304.63917572828,32086223.645002,pool12ahcpgfgzkm29zajw8fgfqjma6ngsks7zdk4tr7q280pwfvtlek,0.0,19904.354998,0.0006199550128872593
pool1lfsslc99da8jhj5apzctsnfm76kjc6ndyc6hnynagcj8xexvjsr,623,0.06,345.0,hollow,14,32088434.0,10237.90699310535,938.5744195863209,345.0,593.5744195863209,9299.332573519028,32069400.511581,pool1lfsslc99da8jhj5apzctsnfm76kjc6ndyc6hnynagcj8xexvjsr,0.0,19033.488419,0.0005931572858619402
pool17c4u37tjcjaeym0cs5mffvdkyyv74rkhczhnsgplef4sjglkwpj,623,0.06,345.0,hollow,11,32087092.0,10237.478824152488,938.5487294491493,345.0,593.5487294491493,9298.930094703339,32076985.395284,BINANCE,2.2268,10106.604716,0.0003149741558381171
pool1ewgnsmk42ljf00wytawfcl3dcash9f852u5fr92e37wqxutyksl,623,0.06,345.0,hollow,12,32061639.0,10229.357971427311,938.0614782856386,345.0,593.0614782856386,9291.296493141672,32030547.86015,BINANCE,1.5366,31091.13985,0.0009697302078037869
pool124hy9qgc0nhqsve268kj5r53pvz7ppg295q6r2d0sjxswchljf0,623,0.06,345.0,hollow,11,32054424.0,10227.056004963157,937.9233602977894,345.0,592.9233602977894,9289.132644665367,32046318.15428,pool124hy9qgc0nhqsve268kj5r53pvz7ppg295q6r2d0sjxswchljf0,0.0,8105.84572,0.0002528775971766019
pool1l7xwy6sswcpxcepf9m43sez4kwgrgxuw5ekhkavj3k2lv6njvec,623,0.06,345.0,hollow,10,32022271.0,10216.797498002383,937.307849880143,345.0,592.307849880143,9279.48964812224,32019019.651545,BINANCE,2.0962,3251.348455,0.000101533974745264
pool1f89cpnym44rfv52jj88f3g20axraw4g9g7aglnqsgjl220lpdd8,623,0.06,345.0,hollow,9,32018557.0,10215.612535639546,937.2367521383727,345.0,592.2367521383727,9278.375783501173,32014506.672939,BINANCE,2.2661,4050.327061,0.00012649936288509193
pool1tmt8thfaqeqv499l3s7k5kl64s84nycvnx55ll3ksm9hq50p0ks,623,0.02,340.0,hollow,1110,31741696.0,10127.27923872583,535.7455847745166,340.0,195.7455847745166,9591.533653951314,31741146.969492,WAFFLEPOOL_ORG,2.0893,549.030508,1.729682333294352e-05
pool16kus5xvdysgmtjp0hhlwt72tsm0yn2zcn0a8wg9emc6c75lxvmc,623,0.01,340.0,hollow,5444,31649698.0,10097.927012700973,437.57927012700975,340.0,97.57927012700974,9660.347742573964,31648670.20647,EDEN,2.4236,1027.79353,3.24740390887774e-05
pool159s558a4ffhp9nqjp9dx048lphdlxjc8xmy5pcmfe4jhuxe4a2u,623,0.1,170.0,hollow,6,31544145.0,10064.250025009918,1159.425002500992,170.0,989.4250025009919,8904.825022508927,31544135.179273,FIGMENT,2.0682,9.820727,3.113328004293665e-07
pool1vxz0deezj5c2950e7arpzfqxzq8zd9kawsullrzjw5rsq0yhxgr,623,0.05,340.0,hollow,220,31203000.0,9955.406733337819,820.7703366668909,340.0,480.77033666689096,9134.636396670929,31147825.257056,YUTA,2.1483,55174.742944,0.0017682512240489697
pool1cmaafeyy52ppz62jqmsm20c5p8nua7xx95lkkf96ktmqqj3w5td,623,0.01,340.0,hollow,1010,31175525.0,9946.640755707513,436.06640755707514,340.0,96.06640755707512,9510.574348150438,31175380.835855,EDEN,2.2593,144.164145,4.624273207909089e-06
pool19asxjgd6ah9ddzauwede4wpt9vsp6s4ax5nz297wt47evc9sn7z,623,0.0215,500.0,balanced,3328,30790593.0,9823.827095973602,700.4622825634324,500.0,200.46228256343244,9123.36481341017,22805543.626553,HODLA,2.1099,7985049.373447,0.25933405613354055
pool19lz8nyz0jjpdrdtnjaar4untk4th23gpg5s7aegn7480zff4vgq,623,0.025,340.0,hollow,886,30766381.0,9816.10218786132,576.902554696533,340.0,236.902554696533,9239.199633164786,30665179.162313,MS,2.4396,101201.837687,0.0032893643775327363
pool1gqgyta9sku3crjzfl9kj7kxsgfkt98y98yeu09kx22zscrezuj7,623,0.019,170.0,hollow,2162,30707520.0,9797.322416822284,352.9191259196234,170.0,182.91912591962338,9444.403290902661,28704160.793022,pool1gqgyta9sku3crjzfl9kj7kxsgfkt98y98yeu09kx22zscrezuj7,2.2677,2003359.206978,0.06524001961011505
pool1hntu7agmt8u5j9c20ejen7dvq0jfkvkpnul3mrdd8tppqvwfvt2,623,0.04,340.0,hollow,3090,30647244.0,9778.091185970807,717.5236474388323,340.0,377.52364743883226,9060.567538531974,30647241.2,BLOOM,2.0823,2.8,9.136221188437042e-08
pool1p5ja48uqc7pjnuqvwu7cgmspvx938qpnf4zqm0x2k0ngkh4lkjx,623,0.025,340.0,hollow,570,30314230.0,9671.842113192684,573.2960528298171,340.0,233.2960528298171,9098.546060362867,30262452.202055,SIPO,2.1384,51777.797945,0.0017080360591379031
pool15ccmgcc4k9t8auxw9v4dfjmrl2kqnuevawn8z6n7xv09utw9hh3,623,0.02,170.0,hollow,1488,30230831.0,9645.233422805424,359.50466845610845,170.0,189.50466845610848,9285.728754349315,30230818.570762,4ADA,2.0377,12.429238,4.111444372799411e-07
pool1a4qtpgce7cu6wzc79fx7qrc3938hkl2gf8c2h5jugvm2gnu86l7,623,0.0215,500.0,balanced,3424,29954651.0,9557.11740089685,694.7280241192823,500.0,194.72802411928225,8862.389376777568,21410229.790482998,HODLA,2.3426,8544421.209517,0.2852452265097998
pool1qnrqc7zpwye2r9wtkayh2dryvfqs7unp99f2039duljrsaffq5c,623,0.03,340.0,hollow,4982,29809305.0,9510.744342310698,615.1223302693209,340.0,275.1223302693209,8895.622012041376,29808302.170499,NUFI,2.1417,1002.829501,3.364149217836511e-05
pool1j099ctc7kcc9fa78dz5qwsy2g0n96lrgletwxvxmyzh4zd7ck0j,623,0.0199,340.0,hollow,1969,29510025.0,9415.258199082375,520.5976381617393,340.0,180.59763816173927,8894.660560920634,29494799.699498,pool1j099ctc7kcc9fa78dz5qwsy2g0n96lrgletwxvxmyzh4zd7ck0j,2.1284,15225.300502,0.000515936550443451
pool1qwa8x4u4a2pff0xdv0haxpgk3tyrvl5adl2lpf3ztcftqruhea0,623,0.0,340.0,hollow,2374,29432776.0,9390.611683851674,340.0,340.0,0.0,9050.611683851674,29224683.726159,ELITE,2.3276,208092.273841,0.007070086553881291
pool1cyq3v3v43hu7spwlfxdm6vq9djpsjjueerhlu5qr2rvd57vqk84,623,0.02,340.0,hollow,907,28921046.0,9227.342758182636,517.7468551636528,340.0,177.74685516365273,8709.595903018984,28907226.200936,WAVE,2.3882,13819.799064,0.00047784575509475004
pool1xn4kqt45xh3udf87kmtkdfz8xh9qn6trlqsf39eusk23ufmxhgr,623,0.02,340.0,hollow,1029,28812173.0,9192.60651495991,517.0521302991982,340.0,177.0521302991982,8675.554384660712,28798390.769866,WAVE,2.1786,13782.230134,0.00047834747257695555
pool10zyf32q3w3n9x940j6yqgkwuegzn77p94wcmpku6gvmrqw8a97d,623,0.037,340.0,hollow,1220,28769690.0,9179.052191841865,667.0449310981489,340.0,327.044931098149,8512.007260743716,28741297.634903,XSP,2.1663,28392.365097,0.0009868846378601926
pool1fgp4f4afdrq26axqlnm80fz49hdkyq4am3ca3r33w0w8sw2x8ap,623,1.0,340.0,private,1,28633655.0,9135.649834537451,9135.649834537451,340.0,8795.649834537451,0.0,39650.49652500078,UPBIT,0.0,28594004.503475,0.9986152485065214
pool1yvf4nxph69ztm0tgj73ummxq45kfjhecyad26e3xc2002xgzalg,623,0.03,340.0,hollow,3278,28457517.0,9079.452499947936,602.1835749984381,340.0,262.1835749984381,8477.268924949498,28437405.58857,CCV,2.3572,20111.41143,0.0007067170136452874
pool1pfprlfz0ywcnewjegazz05ghgcfkvu40v6edsz6yn8w362sdjr8,623,0.008,340.0,hollow,1765,28060760.0,8952.866040014631,408.90292832011704,340.0,68.90292832011706,8543.963111694515,28060423.748332,pool1pfprlfz0ywcnewjegazz05ghgcfkvu40v6edsz6yn8w362sdjr8,2.352,336.251668,1.1982985065265516e-05
pool1ppznyu6qrvlw9uuqa3tslryjd40nh56jyvmaqw6kdf4kzq3y8kh,623,0.02,340.0,hollow,1308,27924306.0,8909.329999557274,511.3865999911455,340.0,171.3865999911455,8397.94339956613,27724288.237202,DIGI,2.3294,200017.762798,0.0071628552844965965
pool1yc6f3cqsc7jfh07hcns64v5cp8720mve870pgxf2wkr3u8l7tse,623,0.018,170.0,hollow,3409,27903732.0,8902.765805789635,327.18978450421343,170.0,157.1897845042134,8575.576021285422,27514324.177524,pool1yc6f3cqsc7jfh07hcns64v5cp8720mve870pgxf2wkr3u8l7tse,2.1206,389407.822476,0.013955402900085193
pool1c7jrfce3zxkk9s9enzpvwj8fuayvx3pdzc2k2es6mrw6gsfcjep,623,0.01,340.0,hollow,3387,27831383.0,8879.682649626757,425.3968264962676,340.0,85.39682649626756,8454.285823130489,27830290.903305,EDEN,2.3328,1092.096695,3.923975660857385e-05
pool1rvjj8cp3urh7de07pm0ceqha2x4lxws69lhd4429dm6djfjsy4l,623,0.01,340.0,hollow,2017,27716959.0,8843.175343917195,425.03175343917195,340.0,85.03175343917195,8418.143590478023,27705671.600452,pool1rvjj8cp3urh7de07pm0ceqha2x4lxws69lhd4429dm6djfjsy4l,2.2859,11287.399548,0.00040723802160258634
pool1398lzhvtaa0hgz305d2jz4urfkwkkt66yv476wqe6att2f7dphh,623,0.99,340.0,hollow,2597,27434199.0,8752.959954117541,8668.830354576367,340.0,8328.830354576367,84.12959954117468,27434199.0,5BINARIES,0.0233,0,0.0
pool1m06dl8dfcy6d0475fanf0mtnnp2tzhw8rarums042q3jux23q0j,623,1.0,170.0,hollow,408,27405041.0,8743.657010505367,8743.657010505367,170.0,8573.657010505367,0.0,27396578.934622,pool1m06dl8dfcy6d0475fanf0mtnnp2tzhw8rarums042q3jux23q0j,0.0,8462.065378,0.00030877769451248034
pool1c3ecg6h4m73a2mftmdm9mz3gxklxmnzuwzl9e38lzd4y26qcm8a,623,0.025,340.0,hollow,162,27305998.0,8712.057057004424,549.3014264251105,340.0,209.3014264251106,8162.755630579313,26754152.43298,pool1c3ecg6h4m73a2mftmdm9mz3gxklxmnzuwzl9e38lzd4y26qcm8a,2.1064,551845.56702,0.020209683126029672
pool1w8ham64lthvzzxzn5hknq4yrj8xt2nark409s2xmntlwvt4ag3r,623,0.01,340.0,hollow,581,27218341.0,8684.089839492512,423.4408983949251,340.0,83.44089839492511,8260.648941097586,27167844.621048,ONE_PERCENT,2.2428,50496.378952,0.0018552335335941304
pool1d3gckjrphwytzw2uavgkxskwe08msumzsfj4lxnpcnpks3zjml3,623,0.0199,170.0,hollow,1364,26997281.0,8613.560011832617,338.02684423546907,170.0,168.02684423546907,8275.533167597147,26996280.170297,pool1d3gckjrphwytzw2uavgkxskwe08msumzsfj4lxnpcnpks3zjml3,2.1672,1000.829703,3.707150001513115e-05
pool13pclvkwxee4znt7qc55k8ny89zvdkvfrt04dtd99zjm5vs2tws5,623,0.048,170.0,hollow,180,26916839.0,8587.89476078486,574.0589485176733,170.0,404.0589485176733,8013.835812267187,26816839.0,JOY,2.1712,100000.0,0.0037151464924986177
pool1qqqyv9pn9typyqwcxqk5ewpxy5p27g5j2ms58hpp2c2kuzs5z77,623,0.025,170.0,hollow,3858,26763172.0,8538.866863259243,379.22167158148113,170.0,209.2216715814811,8159.645191677762,26654838.564315,pool1qqqyv9pn9typyqwcxqk5ewpxy5p27g5j2ms58hpp2c2kuzs5z77,2.3645,108333.435685,0.004047854853864109
pool1l6aeyn35nkqkn9lqqlwqnpraakdzuukjrqprcrj3sctk6hhe32k,623,0.02,170.0,hollow,1629,26716628.0,8524.016866432128,337.0803373286426,170.0,167.08033732864257,8186.936529103486,26279256.482219,pool1l6aeyn35nkqkn9lqqlwqnpraakdzuukjrqprcrj3sctk6hhe32k,2.0054,437371.517781,0.01637076047849302
pool1vdh6kxcqt9mxavyv80ggnec6jjwms44ms30rhle3lt266aj8jgh,623,0.015,170.0,hollow,502,26657847.0,8505.262619622772,295.02893929434157,170.0,125.02893929434157,8210.23368032843,26405343.32722,NEDS,2.2056,252503.67278,0.00947202048162404
pool1xlra52x2es7dmsvpmcp2922h89h346awe7yuu664e50yvrzaaqe,623,0.9999,20000.0,hollow,11,26517589.0,8460.512902044191,8460.512902044191,8460.512902044191,0.0,0.0,26497368.153265,WEP,0.0,20220.846735,0.0007625446919401307
pool16hs0jxw7h6pwg3ru7rcq3yvg4csj7lhmcpj68kqem2sh5nt8mwk,623,0.03,340.0,hollow,5689,26106456.0,8329.339738037608,579.6801921411283,340.0,239.68019214112823,7749.65954589648,26105453.16922,NUFI,2.3846,1002.83078,3.8413133517624914e-05
pool1jcetszf3sh39hc8nezj5pzj3ukg4fhfjwdqkmwg8ern8u3c4y7v,623,0.06,170.0,hollow,3,25905491.0,8265.221277820154,655.7132766692092,170.0,485.7132766692092,7609.508001150944,25903368.51178,BLOCKDAEMON,2.2407,2122.48822,8.193198191070766e-05
pool1asfgkqtmjuusclgx72xpzvpw336gkulchtstsx9lsj9uqzjckv0,623,0.03,340.0,hollow,63,25901773.0,8264.035039245833,577.721051177375,340.0,237.721051177375,7686.3139880684585,25895120.361138,IBEX,1.9138,6652.638862,0.0002568410611119169
pool1hnukelq3ap6pj3wnetj448efj4nalngy756jln9zd2mjsp73etg,623,1.0,340.0,private,2,25648386.0,8183.1911894256145,8183.1911894256145,340.0,7843.1911894256145,0.0,0,UPBIT,0.0,33400234.929538,1.3022353503857125
pool1h0524mtazrjnzqh5e4u060jsfk8lpsqqjfpa5gygjwuhqu34wvt,623,0.05,340.0,hollow,156,25606676.0,8169.883494176839,731.4941747088419,340.0,391.49417470884197,7438.389319467997,25526704.418396,YUTA,2.011,79971.581604,0.003123075466882152
pool104avq7309gjm0fxms69yqusxy8zf888k4mamngg5vnc6vculpzq,623,0.03,340.0,hollow,5621,25529389.0,8145.22485493704,574.1567456481112,340.0,234.15674564811118,7571.068109288928,25528384.354489,NUFI,2.017,1004.645511,3.9352509024011505e-05
pool1lfnlxfxxwvjadesxzm4c7grgs3elj70vfdnpjwjmg0ufsqnq52t,623,0.0035,340.0,hollow,86,25491186.0,8133.036078106808,367.27562627337386,340.0,27.27562627337383,7765.760451833435,25490315.652491,pool1lfnlxfxxwvjadesxzm4c7grgs3elj70vfdnpjwjmg0ufsqnq52t,2.4235,870.347509,3.414307631665313e-05
pool1pjmqlsyny06w0x60rfd3seul5xc9pluh3t08y55ylhks28jeh7c,623,0.999,200000.0,hollow,9,25018507.0,7982.226486102598,7982.226486102598,7982.226486102598,0.0,0.0,24907295.168566,pool1pjmqlsyny06w0x60rfd3seul5xc9pluh3t08y55ylhks28jeh7c,0.0,111211.831434,0.004445182577601453
pool13mxx49xrq4hp6mca8qrzxxmjhfrts0ayh5n6ff9uyuusq9cx4d8,623,1.0,340.0,private,3,25001456.0,7976.786315599436,7976.786315599436,340.0,7636.786315599436,0.0,40089.458287999034,UPBIT,0.0,24961366.541712,0.9983965150554432
pool1fqwnqk3phwa2s5thgym8dw34pv0z67m526uqprnjh93cvzxymef,623,0.03,340.0,hollow,4036,24944412.0,7958.586263626981,568.5575879088094,340.0,228.55758790880944,7390.028675718172,24943408.349663,NUFI,2.23,1003.650337,4.0235477869752954e-05
pool12udshcl3ycj4qpxes28n0ugsye23h89rj8z2a5ast4482m08xe7,623,0.9999,35000.0,hollow,34,24582609.0,7843.151977746078,7843.151977746078,7843.151977746078,0.0,0.0,24455008.159729,YUTA,0.0,127600.840271,0.005190695595858031
pool1jeu74g86ys4fekhykqcww99kdsq3nlym8a6kfw8s8ff3vskad70,623,0.025,340.0,hollow,2890,24218823.0,7727.085010022011,524.6771252505503,340.0,184.6771252505503,7202.407884771461,24212802.564462,KAIZN,2.1612,6020.435538,0.00024858497615676863
pool189vq6ay0gku9tkqc2t3nfjk3n88mm23grmfas852jruw6fjlkaf,623,0.05,340.0,hollow,39,24199139.0,7720.804773309547,709.0402386654773,340.0,369.0402386654774,7011.7645346440695,24148330.150248,WEP,2.1276,50808.849752,0.002099613947091258
pool153sc4fct34a680nyfj4084w8dpax6c0zt0js8zqvg3sj7wtk486,623,0.03,340.0,hollow,61,24182518.0,7715.501795540909,561.2650538662273,340.0,221.26505386622728,7154.236741674682,24178177.863309,SASA,1.8388,4340.136691,0.00017947414289115797
pool1vtpn0drn5t39frknedmqq2jkhsfstwketsnvdm7cjzz674s30v2,623,0.015,340.0,hollow,1598,24078813.0,7682.414417555434,450.1362162633315,340.0,110.1362162633315,7232.2782012921025,23759912.569346,pool1vtpn0drn5t39frknedmqq2jkhsfstwketsnvdm7cjzz674s30v2,2.0705,318900.430654,0.013244026217322258
pool1hsq2jrulgj97tna2femdhsfn2wurkkwt8uk9uvs42h9zs0a783p,623,0.05,340.0,hollow,109,23828880.0,7602.672576351597,703.1336288175798,340.0,363.13362881757985,6899.538947534017,23749578.735929,YUTA,2.0892,79301.264071,0.00332794760269891
pool1s0cfkzheywsftgwp0yz7sq4rt5gyf7t5kfwj5a269kpxvndjn6q,623,0.039,500.0,hollow,995,23642441.0,7543.188678138067,774.6843584473846,500.0,274.6843584473846,6768.504319690683,23632341.190405,OCEAN,1.788,10099.809595,0.00042718979799928446
pool1gwnu7f7qgaruxph8gn3u28qphvquvnj63elyd3r0nndacj9g9pa,623,0.05,340.0,hollow,134,23574618.0,7521.549555269267,699.0774777634633,340.0,359.0774777634634,6822.472077505804,23494501.353222,YUTA,2.2007,80116.646778,0.0033984282068960777
pool1xftlxx9slpz59thcgtwgdj3k9e0ntn3p4qnmzs3r84dkx0hccjc,623,0.05,340.0,hollow,312,23520610.0,7504.318147813122,698.2159073906562,340.0,358.2159073906561,6806.102240422466,23501721.43816,SPS,2.1664,18888.56184,0.0008030642844722138
pool1qqvukkkfr3ux4qylfkrky23f6trl2l6xjluv36z90ax7gfa8yxt,623,0.008,340.0,hollow,1045,23508926.0,7500.590334068535,397.2847226725483,340.0,57.284722672548284,7103.305611395987,23458886.459913,pool1qqvukkkfr3ux4qylfkrky23f6trl2l6xjluv36z90ax7gfa8yxt,2.1107,50039.540087,0.002128533650877969
pool1smy2r8jdvgna5ykhe8rrch7h4qalyfafyzyh0rmanmq0jxptww7,623,0.05,340.0,hollow,211,23455926.0,7483.680531906342,697.1840265953172,340.0,357.18402659531716,6786.496505311025,23401956.978882,YUTA,1.9882,53969.021118,0.0023008693461089532
pool1p9sjhjx0v3k76wvgdqu7jcks2ra48wqlhc6g0mkewd25k3zcymy,623,0.0489,340.0,hollow,221,23337223.0,7445.807998961837,687.4740111492338,340.0,347.47401114923383,6758.3339878126035,23245899.56945,YUTA,2.6518,91323.43055,0.003913208977349191
pool1xru6f3fflzwkptgm68pncrsncg9ngllv0jk8jnz40m7wusfhazk,623,0.01,340.0,hollow,1701,22823934.0,7282.041669866935,409.4204166986693,340.0,69.42041669866936,6872.621253168266,22813881.885038,pool1xru6f3fflzwkptgm68pncrsncg9ngllv0jk8jnz40m7wusfhazk,1.9227,10052.114962,0.0004404199101697367
pool13846y7q7tng3endxhet9qdcz5w0fjs09ytcye4dm5g54wmyqeqr,623,0.025,170.0,hollow,967,22750817.0,7258.713481099141,347.21783702747854,170.0,177.21783702747854,6911.495644071662,22304084.510865,pool13846y7q7tng3endxhet9qdcz5w0fjs09ytcye4dm5g54wmyqeqr,2.1322,446732.489135,0.019635887763283403
pool1etfar35l4tf6vam3gvqf5dnaq7levz32vgw4p00jzk7q7twg2te,623,0.05,340.0,hollow,171,22741271.0,7255.667802392721,685.7833901196361,340.0,345.78339011963607,6569.884412273084,22678625.812801,YUTA,1.9097,62645.187199,0.002754691556113992
pool1jhzf2mm6zdlhl6w89uhgx8nq8p6ykcc86qq58vjy0ejyxrrksfj,623,0.03,340.0,hollow,670,22453503.0,7163.854595815175,544.7156378744553,340.0,204.71563787445524,6619.1389579407205,22429929.685688,pool1jhzf2mm6zdlhl6w89uhgx8nq8p6ykcc86qq58vjy0ejyxrrksfj,2.1055,23573.314312,0.0010498724547345684
pool1psk0c2p7pwactw00nkzjexdw0msn7g8nddc06eyvds6yswr3tjg,623,0.0399,340.0,hollow,5310,22308574.0,7117.614582276224,610.4268218328214,340.0,270.4268218328213,6507.187760443402,22208563.566021,ITC,2.0551,100010.433979,0.004483049162129322
pool149d5lzg7m6susau4f4yfdztgkty34qrcdpvd3ygsetmljgxxf8g,623,0.0,340.0,hollow,1248,22198992.0,7082.65213056797,340.0,340.0,0.0,6742.65213056797,22198277.699102,TERA,1.7801,714.300898,3.2177177143899146e-05
pool1cn0dqtplwf67fds40hgkf0u5rm4q4azev5qutmgkw5hdyvue2ue,623,0.015,170.0,hollow,1191,22096769.0,7050.037588937294,273.2005638340594,170.0,103.2005638340594,6776.837025103234,22088801.696912,NEDS,2.3498,7967.303088,0.0003605641661004828
pool1flkcdxj7cq6sfgl4fujx50p20ylqgj02kgwvfj4g5w24s6th8vz,623,0.1,340.0,hollow,12,21887525.0,6983.277690000957,1004.3277690000957,340.0,664.3277690000957,5978.949921000861,21885405.610288,pool1flkcdxj7cq6sfgl4fujx50p20ylqgj02kgwvfj4g5w24s6th8vz,1.6782,2119.389712,9.683094420223393e-05
pool1lskcfz80qg2kr2p6776kl9emjn8ulkqsqse7um7skz4y2lwa0cu,623,0.0,340.0,hollow,2519,21302664.0,6796.676108823932,340.0,340.0,0.0,6456.676108823932,21287366.266465,pool1lskcfz80qg2kr2p6776kl9emjn8ulkqsqse7um7skz4y2lwa0cu,2.1774,15297.733535,0.0007181136375713384
pool1qzlwlpcsgflr9z3f24fg836tyq45p0kf5cnrp20s8v0psp6tdkx,623,0.02,340.0,hollow,836,21138806.0,6744.39674349011,468.0879348698022,340.0,128.08793486980218,6276.308808620308,21128749.369979,WESTBERG,2.126,10056.630021,0.00047574257604710506
pool1nwt6mxqus3tpzrshky5h5kykz9rjpxmacrvw0z6yak9uk5p5045,623,0.05,340.0,hollow,2929,21114785.0,6736.732774476184,659.8366387238093,340.0,319.83663872380924,6076.896135752375,21074464.007145,DNEWS,1.7582,40320.992855,0.0019096094445195627
pool1jx4ss2zjage3cw0wht3450328y82yeprmq4fr3e2qtac2rhezkv,623,0.05,340.0,hollow,307,21112988.0,6736.1594364670245,659.8079718233512,340.0,319.80797182335124,6076.351464643673,21059547.934844,YUTA,1.9384,53440.065156,0.0025311464751460095
pool1m4enp55hp80tf6xl7k6f6593wnyu3pr83xfvef9x3ktdw9m0em5,623,0.02,340.0,hollow,3777,21060611.0,6719.448404243455,467.5889680848691,340.0,127.58896808486911,6251.859436158586,21052598.234043,DAPP,2.2881,8012.765957,0.00038046217923117236
pool1qzlw7z5mutmd39ldyjnp8n650weqe55z5p8dl3fagac3ge0nx8l,623,0.02,340.0,hollow,1098,20824600.0,6644.148417109468,466.08296834218936,340.0,126.08296834218936,6178.065448767278,20814534.867042,WESTBERG,2.3532,10065.132958,0.0004833289934980744
pool1lu0gwsvugl2cgx6gzk9zqdjwutd5szp293wpvwj4fvq4jleg8ww,623,0.01,339.0,hollow,4,20736748.0,6616.118984287714,401.77118984287716,339.0,62.77118984287714,6214.347794444837,20728833.05274,STRIXJPN_GITHUB_IO,2.2036,7914.94726,0.0003816870060821494
pool1ljywsch33t7gaf02aeeqkqpuku0ngpwl9fm04t7u5sl5xyunmgp,623,0.0,170.0,hollow,1345,20572479.0,6563.708488223917,170.0,170.0,0.0,6393.708488223917,20569992.537813,AUTOSTAKE,2.0283,2486.462187,0.00012086351805244278
pool16j3mvwws7zc9pjluyhddgea0tq647v0dh3y4nkcuckg9znjcun2,623,0.0399,340.0,hollow,4298,20571623.0,6563.435378966354,588.3150716207575,340.0,248.3150716207575,5975.120307345596,20471615.528102,ITC,2.1361,100007.471898,0.004861428381124815
pool1qvvn2l690zm3v2p0f3vd66ly6cfs2wjqx34zpqcx5pwsx3eprtp,623,0.0,170.0,hollow,1117,20472906.0,6531.93943670135,170.0,170.0,0.0,6361.93943670135,20220363.682405,VIPER,2.2868,252542.317595,0.012335440684141274
pool1eaeynp2hs06v4x8q65jfm2xqcd3dc80rv220gmxvwg8m5sd6e7a,623,0.0,170.0,hollow,417,20393611.0,6506.640139296613,170.0,170.0,0.0,6336.640139296613,20373541.305528,pool1eaeynp2hs06v4x8q65jfm2xqcd3dc80rv220gmxvwg8m5sd6e7a,2.1554,20069.694472,0.0009841167644121485
pool1nhhsh9yhlrvj9e3nce0zpx0xm2xlt6tx7gqakhr6hjc8wy84sat,623,0.99,340.0,hollow,1368,20186962.0,6440.708182560481,6379.7011007348765,340.0,6039.7011007348765,61.00708182560447,20186962.0,5BINARIES,0.0232,0,0.0
pool1whk6lawmfz4zq5fw8zghglp23452gnm9zgs59nqafhpexwcvute,623,0.0489,340.0,hollow,108,20128580.0,6422.081237846648,637.4137725307011,340.0,297.41377253070107,5784.667465315947,20043134.448739,YUTA,2.3572,85445.551261,0.004244986544555056
pool1hkklrx9ac7w57d79mnv76rxlgq4acg5ecwhyep7k3zn0u5cz2k9,623,0.02,340.0,hollow,2534,20055549.0,6398.780487625759,461.1756097525152,340.0,121.17560975251517,5937.604877873244,19798931.549215,DAPP,2.07,256617.450785,0.012795334138447169
pool1hx4wc45qhhychdvquhem0q3madcs2mp4r0wllk70zkpxz7jhyf4,623,1.0,340.0,private,1,19701946.0,6285.9624352869305,6285.9624352869305,340.0,5945.9624352869305,0.0,0,CHUCK_BUX,0.0,20902227.428884,1.0609219733362378
pool1xjqjwe0t7uw7wfdygvt99e5wjcuz6ex6rcx2p067aqxp6tsgwgm,623,0.3,340.0,hollow,30,19642725.0,6267.067805214342,2118.1203415643026,340.0,1778.1203415643026,4148.94746365004,19612497.374554,pool1xjqjwe0t7uw7wfdygvt99e5wjcuz6ex6rcx2p067aqxp6tsgwgm,1.7506,30227.625446,0.0015388712842031845
pool1mn6relcs7dn2fqzfq5yjlwxa49d900p5sdpw62jlx45k2djgwe4,623,0.0,170.0,balanced,378,19523086.0,6228.896638782595,170.0,170.0,0.0,6058.896638782595,10881753.342262,pool1mn6relcs7dn2fqzfq5yjlwxa49d900p5sdpw62jlx45k2djgwe4,2.2698,8641332.657738,0.44262124634076805
pool135h773klt7djljmyawkh88e8qc457wxqfhc6j9h6y9n4y3sgh7t,623,0.01,170.0,hollow,434,19463974.0,6210.036785472943,230.40036785472944,170.0,60.40036785472943,5979.636417618213,19453248.502729,KTO,2.0375,10725.497271,0.0005510435469652806
pool1fuu0vcmzc28lqm09m4j3llg64ghf9j36tcsp9vcy3kpnz9pg9hn,623,1.0,170.0,hollow,9,19198470.0,6125.326972015002,6125.326972015002,170.0,5955.326972015002,0.0,18985773.165753,pool1fuu0vcmzc28lqm09m4j3llg64ghf9j36tcsp9vcy3kpnz9pg9hn,0.0,212696.834247,0.01107884296232981
pool1l6vtae673eltsx86sk4xxr3fnn9tk8e99jkrdvcmjqlc6cca4nk,623,0.9999,340.0,hollow,9,19083440.0,6088.626320265624,6088.051457633597,340.0,5748.051457633597,0.574862632026452,19077666.736282,MUEN,0.0002,5773.263718,0.0003025274121437225
pool17taqml487n9t4r9a6ppvf9qv0qlw2lu4zcrzwfdsfcv6xp7uqym,623,0.0169,240.0,hollow,1412,19052353.0,6078.70792366532,338.6741639099439,240.0,98.6741639099439,5740.033759755376,19001269.710052,pool17taqml487n9t4r9a6ppvf9qv0qlw2lu4zcrzwfdsfcv6xp7uqym,1.86,51083.289948,0.0026812063553514885
pool16qr7dz5q4vwf3n87t4lmr0d2zlr5knexpdzkuk4trc8dwed7aw3,623,0.02,170.0,hollow,2,19008822.0,6064.819233138483,287.89638466276966,170.0,117.89638466276965,5776.922848475713,19006076.993405,pool16qr7dz5q4vwf3n87t4lmr0d2zlr5knexpdzkuk4trc8dwed7aw3,1.4267,2745.006595,0.00014440698087445924
pool1qku2yhky7sv4dfjfv42uyvauhehuqevk25aw952d7ulzqzx3jcu,623,0.005,170.0,hollow,1457,18893006.0,6027.86780583251,199.28933902916256,170.0,29.28933902916255,5828.5784668033475,18642095.521162,pool1qku2yhky7sv4dfjfv42uyvauhehuqevk25aw952d7ulzqzx3jcu,2.3286,250910.478838,0.013280601236139977
pool1zn9hjcmfddhcp2aj9xxuvz7z40rasyatkgavr8ryyz72qdfwtrj,623,0.01,340.0,hollow,2707,18821942.0,6005.194632608848,396.6519463260885,340.0,56.651946326088485,5608.54268628276,17761862.57634,pool1zn9hjcmfddhcp2aj9xxuvz7z40rasyatkgavr8ryyz72qdfwtrj,2.1101,1060079.42366,0.05632146904182364
pool1w4g7j8u97pvu2q7gsdaupnng0a2vmyllygfewhc29m2j5cehysn,623,0.15,345.0,hollow,25,18806828.0,6000.372467516784,1193.3058701275177,345.0,848.3058701275176,4807.0665973892665,18794523.671442,pool1w4g7j8u97pvu2q7gsdaupnng0a2vmyllygfewhc29m2j5cehysn,1.899,12304.328558,0.0006542479443104387
pool126mkma8nv5axltmz7mmg8qz9e70nmhnf58hwx5772fhwgkhk6ag,623,0.03,340.0,hollow,213,18776410.0,5990.667517287169,509.52002551861506,340.0,169.52002551861506,5481.147491768554,18754860.233526,pool126mkma8nv5axltmz7mmg8qz9e70nmhnf58hwx5772fhwgkhk6ag,2.2465,21549.766474,0.0011477042988515909
pool1xkwnlr34tjrnkz6u4c0p36cju3xuls4dyynsdkf6cv22ksuhz6q,623,0.015,170.0,hollow,624,18571325.0,5925.234559241258,256.3285183886189,170.0,86.32851838861886,5668.906040852638,18564048.867251,EMURGO,2.1902,7276.132749,0.00039179394841240464
pool1qvkdjemewy8phhrkdhscjcnh3947f5ae42rdfjkv6gkgkjtlfsg,623,0.9999,20000.0,hollow,10,18569191.0,5924.553700414576,5924.553700414576,5924.553700414576,0.0,0.0,18559602.669639,pool1qvkdjemewy8phhrkdhscjcnh3947f5ae42rdfjkv6gkgkjtlfsg,0.0,9588.330361,0.0005163569248116409
pool1fg42yz0qpu5jd0gd3g5xty4mm6jdxkje8szag8h798nyyxw6zd3,623,0.048,170.0,hollow,154,18491187.0,5899.66630026628,445.02398241278144,170.0,275.02398241278144,5454.642317853499,18391187.0,JOY,2.0319,100000.0,0.005407981650934578
pool1jdhjfcu34lq88rypdtslzwyf27uh0h3apcr9mjd68zhc69r29fy,623,0.03,340.0,hollow,3256,18451025.0,5886.85249886179,506.4055749658537,340.0,166.4055749658537,5380.446923895936,18450022.169093,NUFI,2.1596,1002.830907,5.4350959201453576e-05
pool1slwxj0t3575lx0rfw2x3z7dqf26jpls566pdwydvlk0jgw96lre,623,0.99,340.0,hollow,35,18405444.0,5872.309749949432,5816.986652449938,340.0,5476.986652449938,55.323097499494,18193573.989328,KTO,0.0229,211870.010672,0.011511268658990242
pool18zf8txwv8lmtpq2src8wrhz0pjut5qft8h5tfxnctwc95r7jvvj,623,0.03,340.0,hollow,1992,18196805.0,5805.742878000041,503.97228634000123,340.0,163.97228634000123,5301.77059166004,18171710.292555,pool18zf8txwv8lmtpq2src8wrhz0pjut5qft8h5tfxnctwc95r7jvvj,2.0496,25094.707445,0.0013790721747581512
pool15wkxegrfflzcyhurrjxsm9ljqtz09xr5rtnqsarnp7hmsz5um3t,623,0.05,345.0,hollow,26696,18188518.0,5803.098886858191,617.9049443429096,345.0,272.9049443429096,5185.193942515281,18165070.322572,AWP,2.0776,23447.677428,0.0012891472206806513
pool1wf7wk3802jxtkmek6uprm77cgqx53t4qep9kwkl078w3yw0ff69,623,0.05,340.0,hollow,3402,18040031.0,5755.7236832042745,610.7861841602137,340.0,270.78618416021374,5144.937499044061,17964995.78735,DNEWS,1.8684,75035.21265,0.004159372711166627
pool18qddv82sx8p22uxzdrf0qx9lkewxadlr9ef45kpcf7dzz3n56qv,623,0.0,170.0,hollow,885,18000917.0,5743.244249208577,170.0,170.0,0.0,5573.244249208577,17743178.634069,pool18qddv82sx8p22uxzdrf0qx9lkewxadlr9ef45kpcf7dzz3n56qv,2.1713,257738.365931,0.014318068681223296
pool1wyfau3rlkckr3clr4mkyxn9vdlrkup0fj7uyyflfccmms24gm3a,623,0.01,340.0,hollow,1301,17858493.0,5697.8034631114415,393.5780346311144,340.0,53.57803463111441,5304.2254284803275,17857694.601869,TERA,2.0337,798.398131,4.470691513556043e-05
pool1s04pdfl3sv5gzuc80322rc4ne0xs7gekux7gtckvvwt7qutjy6w,623,0.025,340.0,hollow,130,17839036.0,5691.59565140069,473.78989128501723,340.0,133.78989128501726,5217.805760115673,17808040.547727,MS,1.9921,30995.452273,0.0017375071317194493
pool104gtn3hvp9lz5l6wevhjj98e45s7rfaa4zzvk9pex7nn786qncr,623,0.0,340.0,hollow,1923,17781750.0,5673.318388633457,340.0,340.0,0.0,5333.318388633457,17456700.0,PILOT,2.1556,325050.0,0.018279978067400567
pool1tpy5yawzpetcverves0h6xdycxgrstehfvrkygydt9jcqxwpw3j,623,0.0149,170.0,hollow,2120,17660688.0,5634.693209966298,251.42392882849782,170.0,81.42392882849784,5383.2692811378,17657964.446796,pool1tpy5yawzpetcverves0h6xdycxgrstehfvrkygydt9jcqxwpw3j,2.481,2723.553204,0.0001542155777849651
pool1k2qhlrrweu8fecd4hx4hn22lv00nrd3rjdxj6durax7m78q7ynu,623,0.99,340.0,hollow,3359,17609339.0,5618.310164094101,5565.52706245316,340.0,5225.52706245316,52.78310164094091,17609339.0,5BINARIES,0.0221,0,0.0
pool130c3kgpkjctag540j7sxqfrlhsmpc6d8u0n7j6crm9ayy75mkpt,623,0.9999,20000.0,hollow,4,17603806.0,5616.544844558943,5616.544844558943,5616.544844558943,0.0,0.0,17592657.977732,pool130c3kgpkjctag540j7sxqfrlhsmpc6d8u0n7j6crm9ayy75mkpt,0.0,11148.022268,0.0006332734107612866
pool1zmfpd5r5vfwjmwm4cgy53exe58h7plnecny3t4948yw7zumzp4c,623,0.025,340.0,hollow,6066,17496739.0,5582.384810821216,471.05962027053044,340.0,131.05962027053042,5111.325190550686,17418885.615879,pool1zmfpd5r5vfwjmwm4cgy53exe58h7plnecny3t4948yw7zumzp4c,2.0402,77853.384121,0.004449593956965352
pool1kmsr376syqkluhxvv8k2axugqw7unjmlkwhfxjxtj7cw7qcn0jn,623,0.02,340.0,hollow,2243,17492368.0,5580.990230722142,444.81980461444283,340.0,104.81980461444284,5136.170426107699,17391788.168068,CRDNS,2.4776,100579.831932,0.00574992659267173
pool1vxvdypctdecvc2j7xu9y8h2fdxvkpjy2pp8luwg2h6dx5jlv0nk,623,0.02,170.0,hollow,1220,17442921.0,5565.214023410558,277.90428046821114,170.0,107.90428046821117,5287.309742942347,17338999.308813,COOL,1.9865,103921.691187,0.005957814702422834
pool1yj9xduuwzvdkcwm2mc9x893zq684x7pyah4ja8zmzplgvxz6wgk,623,0.0,340.0,hollow,406,17387616.0,5547.568804380745,340.0,340.0,0.0,5207.568804380745,17135633.066782,SPIRE,1.8862,251982.933218,0.014492092142936673
pool1aqg6fvhcaulvss2ruvpx6ur9vj7pejvdcxv6xp0qlwuwx94evf0,623,0.02,340.0,hollow,3896,17367540.0,5541.163498942855,444.0232699788571,340.0,104.0232699788571,5097.140228963997,17342533.267907,pool1aqg6fvhcaulvss2ruvpx6ur9vj7pejvdcxv6xp0qlwuwx94evf0,1.8886,25006.732093,0.0014398545846446877
pool1u7mqtde27swkarngjsn5mmw3sy20zavlafgqkmg8qv2n2nwga0l,623,0.019,340.0,hollow,1672,17276962.0,5512.264327994796,438.2730222319011,340.0,98.27302223190112,5073.991305762895,17162687.734617,pool1u7mqtde27swkarngjsn5mmw3sy20zavlafgqkmg8qv2n2nwga0l,2.0989,114274.265383,0.006614256915249336
pool1rqgmaq82p2l3j2jknc2syky2xtgylevss39c7ffgpp5x56s5pt5,623,0.04,340.0,hollow,3,17178003.0,5480.691174935014,545.6276469974006,340.0,205.62764699740055,4935.063527937613,17162729.713747,COINBASE_BISON,2.1621,15273.286253,0.000889118848855714
pool1pemnlylem2e94xguhd3fytj90848kpv4agvr6rthx2tp58z79ek,623,0.01,340.0,hollow,334,17116402.0,5461.037199029482,391.2103719902948,340.0,51.21037199029482,5069.826827039187,17110211.710117,ACL,2.1524,6190.289883,0.00036165836038438455
pool1hht4pctn70tqdsd0zwuxv8d8cz6l5scjzaquty7vamyzy78eqvc,623,0.01,340.0,hollow,1155,17045796.0,5438.510152020731,390.9851015202073,340.0,50.98510152020731,5047.525050500523,17037728.081451,ACL,2.2391,8067.918549,0.0004733084068939931
pool1mqy259k253xryf4hvdq0n72n2uvadcgp34r0fxwpqzm0z5n0qp6,623,0.05,340.0,hollow,190,17032502.0,5434.268663153859,594.713433157693,340.0,254.71343315769298,4839.555229996166,17016374.089671,SPS,2.0075,16127.910329,0.0009468902648007909
pool13annzt9hjfc822f0ejvxjf7fsmxd6cc28whpk5kagec6ggfmm7u,623,0.05,345.0,hollow,35623,17017543.0,5429.4959512567975,599.2247975628399,345.0,254.22479756283988,4830.271153693958,16993706.600352,AWP,2.1084,23836.399648,0.0014006957201753508
pool1rjxdqghfjw5rv6lxg8qhedkechvfgnsqhl8rrzwck9g45n43yql,623,0.01,340.0,hollow,2741,16987998.0,5420.069534183553,390.80069534183554,340.0,50.80069534183553,5029.268838841717,16986226.277372,RAY,2.2043,1771.722628,0.00010429260869938882
pool1kkfkdces5mdcyc9dn2hgg3463jggjvw3h89nejjarkz25uavaqu,623,0.01,340.0,hollow,367,16373407.0,5223.982511152151,388.8398251115215,340.0,48.83982511152151,4835.14268604063,16373404.582787,ONE_PERCENT,2.5877,2.417213,1.4763042291686756e-07
pool1m62sl6rauje9cknrkhwl39tc4hujudkd7gp478dpz7tagmjr8wm,623,0.0349,340.0,hollow,4176,16366335.0,5221.726169248547,510.3722433067743,340.0,170.3722433067743,4711.353925941773,16324474.345639,pool1m62sl6rauje9cknrkhwl39tc4hujudkd7gp478dpz7tagmjr8wm,2.0219,41860.654361,0.002557729287650534
pool1caulv7s08g0jnptzdc69qycptacu7fzahny2epzh7sh9vhqz6xz,623,0.03,340.0,hollow,3023,16346709.0,5215.4644376026,486.26393312807795,340.0,146.26393312807798,4729.200504474522,16345706.170499,NUFI,2.1923,1002.829501,6.134748596797068e-05
pool10hex9l4wjgqarvhr94xgyh9frv5lhtajhrj4dah0kl65jtws30k,623,0.0189,340.0,hollow,725,15751578.0,5025.586183440561,428.5575788670266,340.0,88.5575788670266,4597.028604573535,15728249.688786,pool10hex9l4wjgqarvhr94xgyh9frv5lhtajhrj4dah0kl65jtws30k,2.1239,23328.311214,0.0014810142332406316
pool19r8kcmqpajlm6h5q0lv8jye0q7evdur39wfsgs4z98fcqpz9lct,623,0.04,340.0,hollow,1335,15690387.0,5006.0630192121325,526.6425207684853,340.0,186.6425207684853,4479.420498443647,15690386.0,BLOOM,1.9573,1.0,6.37332909634415e-08
pool12mmcc4rc2fzfv7gyv8h06nvnsrm3m7erzdv8x6gzvjxlu2lf09n,623,0.01,340.0,hollow,434,15666602.0,4998.47434667576,386.5847434667576,340.0,46.5847434667576,4611.889603209002,15666599.582787,ONE_PERCENT,1.9967,2.417213,1.5429082834937658e-07
pool1vs689gkmqtrljtmcwd2690nzqm2yyq23wk2zzx5g0v0gs5ug64a,623,0.008,340.0,hollow,38,15649083.0,4992.8848594289775,377.22307887543184,340.0,37.223078875431824,4615.661780553546,14793380.451454,pool1vs689gkmqtrljtmcwd2690nzqm2yyq23wk2zzx5g0v0gs5ug64a,1.8235,855702.548546,0.05468068311389236
pool1fs2m5rmlx66crcwwrrsf2pcxjhvk7kzdurcqusd3v5gm65cufnj,623,0.0,340.0,hollow,611,15647937.0,4992.519224838829,340.0,340.0,0.0,4652.519224838829,15526104.050124,pool1fs2m5rmlx66crcwwrrsf2pcxjhvk7kzdurcqusd3v5gm65cufnj,2.2762,121832.949876,0.007785879370296544
pool1nyjw0460ww5qjtpukexuywxdz4lzhy6tm7yygn74lnlcc62hnc8,623,1.0,340.0,hollow,5,15507855.0,4947.825660565541,4947.825660565541,340.0,4607.825660565541,0.0,15507855.0,ETORO,0.0,0,0.0
pool1wr79nyuty7wjgkey5vlfx9rn0x5ecxgge5mq45fpftqhye2shc0,623,0.02,170.0,hollow,5,15502620.0,4946.155418785936,265.5231083757187,170.0,95.5231083757187,4680.632310410217,15502610.179273,FIGMENT,2.2605,9.820727,6.334882103799228e-07
pool142xwjhpcvtp7tahpmn8tlnek7smefp9wn66z67j8vjpmjxqdg56,623,0.01,340.0,hollow,1286,15437376.0,4925.3391332714045,385.85339133271407,340.0,45.85339133271405,4539.485741938691,15436329.663607,EDEN,2.2184,1046.336393,6.777942009056462e-05
pool147en6w8f9cplnn5x7qt4ese7fpacmmcwuffrtu0yqxpaz4agppr,623,0.015,340.0,hollow,2420,15419137.0,4919.519927957514,408.6927989193627,340.0,68.6927989193627,4510.827129038151,15418718.941955,STI,2.1542,418.058045,2.711293407666071e-05
pool1z9m2kxeat06t30yf6ar7sqpert0cjdgxzcv2dv36dcwcqcqtgk4,623,0.99,340.0,hollow,2700,15416236.0,4918.594355578786,4872.808412022999,340.0,4532.808412022999,45.785943555787526,15416236.0,5BINARIES,0.0242,0,0.0
pool1cq25dmlt5974x8tqg3e4dlzvrxefcce2atpnwlfp7ad5ugec9fp,623,0.03,340.0,balanced,123,15353981.0,4898.73171909563,476.7619515728689,340.0,136.7619515728689,4421.969767522761,13684711.648571,pool1cq25dmlt5974x8tqg3e4dlzvrxefcce2atpnwlfp7ad5ugec9fp,1.9084,1669269.351429,0.10871899290672563
pool1lp9wmr8dkcceta5we999nvlfh9um06cd6sggtt5523eawf7mtg4,623,0.01,170.0,balanced,693,15194517.0,4847.854272076914,216.77854272076914,170.0,46.77854272076914,4631.075729356145,12360776.813583,pool1lp9wmr8dkcceta5we999nvlfh9um06cd6sggtt5523eawf7mtg4,2.1442,2833740.186417,0.18649754950532485
pool1zdtqtsu3l3ytatzyvrq48d4mpnll9c5evwfq6taxkmn9vvdz839,623,0.008,340.0,hollow,107,14999929.0,4785.7704120177295,375.56616329614184,340.0,35.56616329614184,4410.204248721588,14981628.396914,WEP,2.3071,18300.603086,0.0012200459806176415
pool154hq0j6u6ydz62mtlu7xaj78mhreyp0zsv2kq7f0qmne2fu4t7y,623,0.01,340.0,hollow,90,14889236.0,4750.453492569813,384.10453492569815,340.0,44.104534925698125,4366.348957644114,14858321.892022,pool154hq0j6u6ydz62mtlu7xaj78mhreyp0zsv2kq7f0qmne2fu4t7y,2.3104,30914.107978,0.0020762722800552022
pool1r2fph82mjhgu955cesn4yejjva4sk7uuh06yhwf8e9ln5djy5h7,623,1.0,170.0,private,4,14750002.0,4706.030485131118,4706.030485131118,170.0,4536.030485131118,0.0,0.47371000051498413,CARDANO_FOUNDATION,0.0,14750001.52629,0.9999999678840721
pool16r6g7plyuh4cqs9f3qy97l4rh5edwx3w9xvd205mhj2e58cpp28,623,1.0,250.0,private,13,14726259.0,4698.455212815327,4698.455212815327,250.0,4448.455212815327,0.0,0,LIQWID,0.0,23756386.814754,1.6131990354613484
pool1gecx8vya3f8lyre2gn9w53547p0rhkmq0x78zrw956lkcvn8uyp,623,1.0,250.0,private,4,14717235.0,4695.576079707561,4695.576079707561,250.0,4445.576079707561,0.0,0,LIQWID,0.0,23800555.301002,1.6171893226548328
pool1grgycym8cf0xmgjjr7gx7udmkpu93hqaygysy5myx6ghx8dvl5r,623,0.03,340.0,hollow,4217,14713353.0,4694.337516462398,470.6301254938719,340.0,130.63012549387193,4223.707390968526,14713344.221411,pool1grgycym8cf0xmgjjr7gx7udmkpu93hqaygysy5myx6ghx8dvl5r,1.7517,8.778589,5.966409560077843e-07
pool17kew7rtakc7g6qzydntann5umw08xq3ll2j7spk7en4kvff69fa,623,0.04,340.0,hollow,2067,14685842.0,4685.560052928736,513.8224021171494,340.0,173.82240211714944,4171.737650811587,14685821.962698,BLOOM,2.0438,20.037302,1.3643958582694817e-06
pool1xxhs2zw5xa4g54d5p62j46nlqzwp8jklqvuv2agjlapwjx9qkg9,623,0.015,340.0,hollow,3215,14619787.0,4664.485015535836,404.86727523303756,340.0,64.86727523303755,4259.617740302799,14177494.258182,EMURGO,1.6377,442292.741818,0.03025302227850515
pool19ejln2jcpg5dphc8m5nh8sya49sycsqj0v2cjxw6nku966cc8nu,623,0.05,340.0,hollow,74,14527615.0,4635.0772743114285,554.7538637155715,340.0,214.75386371557144,4080.3234105958572,14467292.210776,YUTA,1.9235,60322.789224,0.004152284406215336
pool1mvl09pgsejrudghjhq79qurugrvqy3pceznp7f9vz63n7ku7jqx,623,0.0,340.0,hollow,197,14488105.0,4622.47149537882,340.0,340.0,0.0,4282.47149537882,14485701.110137,FIMI,1.9404,2403.889863,0.0001659216207364593
pool1uyvyxt9k9g038h567x8halej4x87j7m4r4zyz9lhv4dcv83husk,623,0.04,340.0,hollow,2332,14415627.0,4599.347181395586,510.37388725582343,340.0,170.37388725582343,4088.9732941397624,14415618.72432,BLOOM,2.1241,8.27568,5.740770068481932e-07
pool1uk2f28awascuhrhuwrp7x6y87x8ch33vwx8jtmrysp7l5ngq78j,623,0.0097,340.0,hollow,6223,14369390.0,4584.595133799863,381.17257279785866,340.0,41.17257279785867,4203.422561002005,14224478.626225,pool1uk2f28awascuhrhuwrp7x6y87x8ch33vwx8jtmrysp7l5ngq78j,2.1064,144911.373775,0.010084726893417186
pool10xk8jp4m2cztf69x9gvg3j33x5drkrz2hulsjes29wktcfcxdls,623,0.06,345.0,hollow,4,14178745.0,4523.769299210971,595.7261579526582,345.0,250.72615795265827,3928.043141258313,14158662.852587,BINANCE,1.3942,20082.147413,0.0014163557785262376
pool1fm57fshvdlrgs5pnpk78tnxha0me28equyy96vj0xm85gy5chv0,623,0.009,340.0,hollow,2251,14159356.0,4517.583183095448,377.598248647859,340.0,37.59824864785902,4139.984934447589,13630748.027727,pool1fm57fshvdlrgs5pnpk78tnxha0me28equyy96vj0xm85gy5chv0,2.4095,528607.972273,0.037332769390994905
pool1850xvydng5mkjzkwqw6566y7e6hsrgakc3y87jrnqrkrwdjua2p,623,1.0,340.0,hollow,723,14121679.0,4505.562228075354,4505.562228075354,340.0,4165.562228075354,0.0,14121661.544818,pool1850xvydng5mkjzkwqw6566y7e6hsrgakc3y87jrnqrkrwdjua2p,0.0,17.455182,1.2360557126387026e-06
pool1jufp9k6gmyusvch65ra8yk2s7wu6cx5fsgnltl83p93ejg6h3xg,623,0.0,495.0,hollow,827,14100394.0,4498.771187716443,495.0,495.0,0.0,4003.771187716443,13450066.606849,CNODE,1.9735,650327.393151,0.04612122137516157
pool1swe9nsv8lzugakjkfv04dn38scmq48wzynmn0lxasupuzmqcgjm,623,0.0084,170.0,hollow,1399,14036468.0,4478.37541388587,206.1903534766413,170.0,36.190353476641306,4272.185060409229,13905685.90662,pool1swe9nsv8lzugakjkfv04dn38scmq48wzynmn0lxasupuzmqcgjm,1.9789,130782.09338,0.009317307842685212
pool19egsg4esywdpq8lk5e0r4c8se3mx6k68de2pt2d0fnrs7jntp6m,623,1.0,340.0,balanced,1,14008505.0,4469.453738454524,4469.453738454524,340.0,4129.453738454524,0.0,6208505.0,pool19egsg4esywdpq8lk5e0r4c8se3mx6k68de2pt2d0fnrs7jntp6m,0.0,7800000.0,0.5568045983493599
pool1ktqaf79utweyenk6e7289ta5p5993g32emn8355rxmp0kgh2r0m,623,1.0,340.0,balanced,1,14007243.0,4469.051093731341,4469.051093731341,340.0,4129.051093731341,0.0,6207243.0,pool1ktqaf79utweyenk6e7289ta5p5993g32emn8355rxmp0kgh2r0m,0.0,7800000.0,0.5568547643529851
pool1j6jnnxsngexalq60tqnvn2muge7vevd5ukc0unacr4432t4lr28,623,1.0,340.0,balanced,2,14006663.0,4468.866043066169,4468.866043066169,340.0,4128.866043066169,0.0,6206663.0,pool1j6jnnxsngexalq60tqnvn2muge7vevd5ukc0unacr4432t4lr28,0.0,7800000.0,0.5568778230760603
pool1p6t3cglz78w32telly44te3d5l30zc0f0mprhehm6jus59m9aaa,623,1.0,340.0,balanced,1,14005985.0,4468.649725219642,4468.649725219642,340.0,4128.649725219642,0.0,6205985.0,pool1p6t3cglz78w32telly44te3d5l30zc0f0mprhehm6jus59m9aaa,0.0,7800000.0,0.5569047803492578
pool1ld9hkah2dkzh73pvh9tf6xr0x28us34msv3zcv2sase5vhvq962,623,0.008,340.0,hollow,1971,13852575.0,4419.703824281868,372.6376305942549,340.0,32.637630594254944,4047.066193687613,13426236.255145,pool1ld9hkah2dkzh73pvh9tf6xr0x28us34msv3zcv2sase5vhvq962,2.4415,426338.744855,0.03077685880459048
pool1ds25hy480zcnzjwzr4eef28j85lvpm4mq9qm55vr4mqr5h3l68y,623,1.0,340.0,balanced,2,13806659.0,4405.054192657732,4405.054192657732,340.0,4065.0541926577316,0.0,6206659.0,pool1ds25hy480zcnzjwzr4eef28j85lvpm4mq9qm55vr4mqr5h3l68y,0.0,7600000.0,0.5504590212592344
pool1e98xlcgj80c3rdmm27v5hnvrdtut52e65uk0ema7ctfag596vr2,623,0.01,340.0,hollow,157,13803360.0,4404.0016372363525,380.6400163723635,340.0,40.640016372363526,4023.361620863989,13500008.013455,pool1e98xlcgj80c3rdmm27v5hnvrdtut52e65uk0ema7ctfag596vr2,2.3214,303351.986545,0.021976677167370843
pool1ujcu3myfg9wwvdyh2ks653954lamtufy3lefjs73jrr327q53j4,623,0.04,340.0,hollow,91,13788144.0,4399.146928751448,502.36587715005794,340.0,162.36587715005794,3896.7810516013906,13684633.218065,pool1ujcu3myfg9wwvdyh2ks653954lamtufy3lefjs73jrr327q53j4,1.9308,103510.781935,0.007507230990262359
pool1evg78egp8gfqae273kvmmdee2dnt6vty60dpwdespg4hujznh3a,623,0.018,340.0,hollow,788,13744963.0,4385.369906729455,412.81665832113015,340.0,72.81665832113018,3972.5532484083246,13642332.888099,pool1evg78egp8gfqae273kvmmdee2dnt6vty60dpwdespg4hujznh3a,2.0299,102630.111901,0.007466743410004087
pool155cu3s06js3llfh07vnzepatfuvt3s5s7uwldt9rzz55wz7pugt,623,0.05,340.0,hollow,284,13674465.0,4362.877317430771,541.1438658715385,340.0,201.14386587153854,3821.733451559232,13650226.845423,SPS,1.816,24238.154577,0.0017725120929411133
pool18jqumjfevywycjj54m62g74ghds4mmuyqynpwfkaem0xktazlqw,623,0.02,340.0,hollow,9,13498614.0,4306.7715510152275,419.33543102030455,340.0,79.33543102030455,3887.436119994923,13497192.284587,pool18jqumjfevywycjj54m62g74ghds4mmuyqynpwfkaem0xktazlqw,2.3919,1421.715413,0.00010532306598292238
pool1uhy50u9y76nd6z2xmzt3mta0yc7g3gdssef8lheyyg7zzymgzm8,623,0.03,340.0,hollow,2236,13424104.0,4282.998921598152,458.28996764794454,340.0,118.28996764794456,3824.7089539502076,13423098.364377,NUFI,2.036,1005.635623,7.491268117410294e-05
pool17xextu09ghdfcmsq83whq0a45geg83jxe4qt94sevu087tzdzkl,623,0.01,170.0,hollow,1958,13391777.0,4272.684899437828,211.02684899437827,170.0,41.02684899437828,4061.6580504434496,13141488.380512,ONYX,2.5366,250288.619488,0.01868972426049209
pool1r0sxz0hygfc0266lhdclve6j3cwcwlth6dya6uey65yxjnwm7qc,623,0.0,170.0,hollow,436,13353064.0,4260.333405643394,170.0,170.0,0.0,4090.333405643394,13145854.136368,pool1r0sxz0hygfc0266lhdclve6j3cwcwlth6dya6uey65yxjnwm7qc,2.1164,207209.863632,0.015517776566636691
pool1hkpgddlnya3pgktj3sxdraa8x8400vhaphcudvym9ye22esak43,623,0.1,350.0,hollow,157,13164706.0,4200.237244970444,735.0237244970444,350.0,385.02372449704444,3465.2135204734,13113809.749785,WEP,1.6984,50896.250215,0.00386611369938683
pool1m4njkh73pdj90xxkgaz9dnh7gffweeupft8nfurlntg6cgqfmy8,623,0.01,170.0,hollow,5,13035501.0,4159.0140187748575,209.89014018774859,170.0,39.89014018774858,3949.1238785871087,13034352.139229,pool1m4njkh73pdj90xxkgaz9dnh7gffweeupft8nfurlntg6cgqfmy8,1.9682,1148.860771,8.81332271770759e-05
pool1qqq6qqa0hpzvumv5p87ynczfmdj557xuwlc3289ke42g72z7f74,623,0.01,380.0,hollow,1579,12945756.0,4130.380618868329,417.5038061886833,380.0,37.50380618868329,3712.876812679646,12871706.773133,pool1qqq6qqa0hpzvumv5p87ynczfmdj557xuwlc3289ke42g72z7f74,2.4139,74049.226867,0.005719961574047897
pool1ecvcst7k9eul4ggnljh0jw2s5nc2tyfmyzsx3xg3kmmz6ptgfwj,623,0.03,340.0,hollow,2717,12932076.0,4126.015975593257,453.5804792677977,340.0,113.58047926779771,3672.4354963254596,12931073.169809,NUFI,2.0318,1002.830191,7.754595557588742e-05
pool15txd36fltfgc63qq0yxtpqt88eu76s0yhugn9a6q7f4zspq6k5f,623,0.0199,170.0,hollow,915,12837416.0,4095.814430825839,248.12370717343418,170.0,78.1237071734342,3847.690723652405,12837403.974609,pool15txd36fltfgc63qq0yxtpqt88eu76s0yhugn9a6q7f4zspq6k5f,2.1597,12.025391,9.367454478377892e-07
pool1ufp38a9zwlvvrzcyxaxdrvav50nd7az5lyuzh4t0h3qp2gqamsx,623,0.0,340.0,hollow,921,12810678.0,4087.283595161448,340.0,340.0,0.0,3747.283595161448,12698951.699043,CAFE,2.0054,111726.300957,0.008721341755448073
pool1jt7d6ak3m8gnjyxtuxfswe258xzwda80ndl0a57vv5m2zv8h6at,623,0.029,340.0,hollow,10640,12796996.0,4082.9183137806344,448.5446310996384,340.0,108.54463109963841,3634.373682680996,12793726.941326,pool1jt7d6ak3m8gnjyxtuxfswe258xzwda80ndl0a57vv5m2zv8h6at,1.9472,3269.058674,0.0002554551610393564
pool1kjhpg98jhm08usqg4sh5x9esa595apyw75qczyjp3z24g0cdate,623,0.06,170.0,hollow,4,12790199.0,4080.749711416551,404.644982684993,170.0,234.64498268499304,3676.1047287315578,12788847.819134,BLOCKDAEMON,2.2503,1351.180866,0.00010564189548575436
pool1xrrrr8gldqz8pjxj6j8c638a9py04xuv66kfgn2dlsx9g52te0t,623,0.05,340.0,hollow,102,12677592.0,4044.8221247735687,525.2411062386784,340.0,185.24110623867844,3519.58101853489,12616473.039897,YUTA,2.1504,61118.960103,0.004821022801727646
pool1jk25l2pejpdzq8vdjlxrr05th49v9tgd78fqrtxvuw3rumpfc6t,623,0.049,340.0,hollow,2833,12638531.0,4032.3596005800323,520.9256204284216,340.0,180.92562042842158,3511.4339801516107,12637419.582988,pool1jk25l2pejpdzq8vdjlxrr05th49v9tgd78fqrtxvuw3rumpfc6t,2.0304,1111.417012,8.79387811763883e-05
pool16v0jqnz2zuqsdrf6z94ec5rx9ds0xeghsvmddauzt6j5w2u7lsm,623,0.024,340.0,hollow,34,12623055.0,4027.421938348672,428.49812652036815,340.0,88.49812652036813,3598.9238118283038,12617803.735466,IBEX,2.2568,5251.264534,0.00041600583487911603
pool1kx0jm9ycs3t99tnwafw6w72jkdlzhj5ltxe2nrzkd9x2u5x343h,623,0.015,170.0,hollow,1182,12614993.0,4024.849734102793,227.82274601154188,170.0,57.82274601154189,3797.026988091251,12608407.540227,EMURGO,2.0371,6585.459773,0.0005220343580848598
pool12rs385dd534g8gtdtmnvlhq63whdvc6vnuzxa5cpx843zdy73qy,623,0.01,340.0,hollow,1364,12600111.0,4020.1015892767978,376.80101589276796,340.0,36.80101589276798,3643.30057338403,12599299.880411,TERA,2.1869,811.119589,6.437400345123943e-05
pool1u8f87frd3k6cy9lp4uk5faj53wfzh8smxjdpt8ua45f0x8s5v58,623,0.1,170.0,hollow,3,12556027.0,4006.0364625123048,553.6036462512304,170.0,383.6036462512305,3452.4328162610745,12556017.179273,FIGMENT,2.2091,9.820727,7.821524276747732e-07
pool1mkjtce8r8yeku0mmc9vpwl0scuwuwc8lz89ckpj3k0kwgvlunv5,623,0.05,340.0,hollow,4145,12414282.0,3960.8123133145687,521.0406156657284,340.0,181.04061566572844,3439.77169764884,12396163.314531,pool1mkjtce8r8yeku0mmc9vpwl0scuwuwc8lz89ckpj3k0kwgvlunv5,1.8693,18118.685469,0.0014595032937869464
pool14enw2643rn9nn6yzv60jyz3hj4kxs0jvap87lkgsqykh508jxm6,623,0.05,345.0,hollow,21483,12310425.0,3927.676439292703,524.1338219646352,345.0,179.13382196463516,3403.5426173280675,12288188.268879,AWP,1.9791,22236.731121,0.001806333341131602
pool1ea568m9q882n0tx5d4vxff2dmz2n7rq5h62hx5ystq625m4tcfu,623,0.03,340.0,hollow,2710,12293352.0,3922.2292496263804,447.4668774887914,340.0,107.46687748879141,3474.762372137589,12292349.169142,NUFI,2.1679,1002.830858,8.157505438711916e-05
pool1f776th42gqa5ammpj738evvnlga5jk4ll0gr4uupkrqnqpjsfyt,623,1.0,10000.0,hollow,2,12246627.0,3907.3215042296165,3907.3215042296165,3907.3215042296165,0.0,0.0,12152044.361889,pool1f776th42gqa5ammpj738evvnlga5jk4ll0gr4uupkrqnqpjsfyt,0.0,94582.638111,0.00772315823050706
pool1dzdglfergm9km74055n6c9xsp8n78ec8ztsklgxg5c5gyrfz9zc,623,0.1,170.0,hollow,3,12243400.0,3906.291920614949,543.6291920614949,170.0,373.6291920614949,3362.662728553454,12243390.179273,FIGMENT,1.7726,9.820727,8.021241648561674e-07
pool1xlphlhnjvfeh40vcqf9fdewztsj6kyxq6604kaccpv00umjfu0d,623,0.05,340.0,hollow,5288,12242064.0,3905.8656659793132,518.2932832989657,340.0,178.29328329896566,3387.572382680348,11696607.203833,pool1xlphlhnjvfeh40vcqf9fdewztsj6kyxq6604kaccpv00umjfu0d,1.9381,545456.796167,0.044555950382794925
pool1vnsfv2qpt5gxte9prupjey8kw7ap7t6c8lc02ks4s3gtqplhgd3,623,0.01,340.0,hollow,478,12227415.0,3901.1918604722573,375.6119186047226,340.0,35.611918604722575,3525.5799418675347,12177027.571243,ONE_PERCENT,2.2378,50387.428757,0.004120857005098788
pool1c60f68y8406zjmacluvcu8c0krgngp6h2qkkqhdz4mtl62ns0dq,623,0.9999,500.0,hollow,14,12101561.0,3861.03778044734,3860.7016766692955,500.0,3360.7016766692955,0.3361037780446168,12096085.094631,pool1c60f68y8406zjmacluvcu8c0krgngp6h2qkkqhdz4mtl62ns0dq,0.0001,5475.905369,0.0004524957870311111
pool1z5rt6kn6yvuczj44qla73mfyln9l55lw0jkz6x4kjw00u32zec3,623,0.99,340.0,hollow,1473,12054200.0,3845.92711742463,3810.8678462503835,340.0,3470.8678462503835,35.05927117424653,12054200.0,5BINARIES,0.0241,0,0.0
pool1s7ddsvuw09dvk7et6t842vhdfcmq893y88y3ev9attn67mruf5m,623,0.03,340.0,hollow,1865,11990855.0,3825.7167133120997,444.571501399363,340.0,104.57150139936299,3381.1452119127366,11989847.18399,NUFI,1.9986,1007.81601,8.404871962841683e-05
pool1jjry6f6q0swaq457ft9eclaxaskvrxnpj0v3w8edsyfryml3vj6,623,0.02,340.0,hollow,1253,11958710.0,3815.4607587742944,409.5092151754859,340.0,69.50921517548589,3405.9515435988087,11958710.0,pool1jjry6f6q0swaq457ft9eclaxaskvrxnpj0v3w8edsyfryml3vj6,2.2082,0.0,0.0
pool1lqucyxuvjktfmpf7fd28j54cfgamyrxed344vnwlm9wqkwjeqwk,623,0.05,340.0,hollow,216,11900177.0,3796.7856370769427,512.8392818538472,340.0,172.83928185384715,3283.9463552230955,11884420.00246,SPS,2.1503,15756.99754,0.0013240977457730251
pool1eqj3dzpkcklc2r0v8pt8adrhrshq8m4zsev072ga7a52uj5wv5c,623,0.01,340.0,hollow,830,11805574.0,3766.6022783231706,374.26602278323173,340.0,34.266022783231705,3392.336255539939,11304378.08003,pool1eqj3dzpkcklc2r0v8pt8adrhrshq8m4zsev072ga7a52uj5wv5c,2.0912,501195.91997,0.042454176304345725
pool13pt7us94nw782t5v4d89sz8zqn8hcn8r8r7hhph5mvxvvp3c76v,623,0.02,250.0,hollow,880,11741024.0,3746.0074155011034,319.92014831002206,250.0,69.92014831002207,3426.0872671910815,11541006.255943,DIGI,2.2012,200017.744057,0.017035800630081328
pool1ue4ngerz28nkpstsr5p53qvl5ulq3jtmllj4my0d0n28yyrn4l4,623,0.01,340.0,hollow,52,11705370.0,3734.6319044390125,373.9463190443901,340.0,33.94631904439012,3360.685585394622,11605805.892415,pool1ue4ngerz28nkpstsr5p53qvl5ulq3jtmllj4my0d0n28yyrn4l4,1.8406,99564.107585,0.008505848818533716
pool10eltx2wej46e62ulmwzm35xfu0azu47yvpjper7gwhncqe74vg6,623,0.029,340.0,hollow,1482,11628530.0,3710.1158818325425,437.7333605731437,340.0,97.73336057314374,3272.382521259399,11593523.858138,pool10eltx2wej46e62ulmwzm35xfu0azu47yvpjper7gwhncqe74vg6,1.9453,35006.141862,0.0030103669046732473
pool139gdv4lxw53enk4rms0ryr4ey07k56jufmfrclqqehjdzglheu6,623,0.0,170.0,hollow,312,11579301.0,3694.409228046833,170.0,170.0,0.0,3524.409228046833,11577171.048605,BIGLAZYCAT,2.3724,2129.951395,0.00018394472991072606
pool1fmcv9p7vv754rwc0p6ud2mgm76vnn0gq0gngrk7rq400vsvhsvs,623,0.05,340.0,hollow,112,11561811.0,3688.8289933333094,507.44144966666545,340.0,167.44144966666548,3181.387543666644,11485204.818479,YUTA,2.1198,76606.181521,0.006625794308607882
pool1x2h98z6e5xvrg5zw3v3dlu8hqdtj6lhp6r3w5ge7rvcqcx3pafq,623,0.05,340.0,hollow,53,11548243.0,3684.500083979788,507.2250041989894,340.0,167.2250041989894,3177.2750797807985,11489929.410463,YUTA,2.1001,58313.589537,0.0050495637766714814
pool1jg3fmnmc9n52sgzslhhvhye5e3xeqmrwkekdhh82sma47r47zg0,623,0.03,340.0,hollow,2488,11516908.0,3674.5025622674802,440.0350768680244,340.0,100.0350768680244,3234.4674853994557,11515905.169527,NUFI,2.03,1002.830473,8.707462740867601e-05
pool1ntfxj2jgvhzen8e86ed679ctukar3vj538ywyyq8ryld66jj4sx,623,0.01,340.0,hollow,1755,11512831.0,3673.2017837124754,373.33201783712474,340.0,33.33201783712475,3299.869765875351,11511081.016558,RAY,1.8328,1749.983442,0.00015200287765884863
pool1x0qm7xsyh2za3ltprxsgael544je4hg8tc3q3v5gv232z8jt4wp,623,0.035,340.0,hollow,3884,11371319.0,3628.0519738336784,455.08181908417873,340.0,115.08181908417876,3172.9701547494997,11361302.793133,P2P,1.9991,10016.206867,0.0008808306993234471
pool1crts5gmqr34gsrn6wvrhfs9yqp0ynu8t2t4r350xp80s6pc56ue,623,0.0,340.0,hollow,786,11337603.0,3617.2947872355558,340.0,340.0,0.0,3277.2947872355558,11274740.129454,pool1crts5gmqr34gsrn6wvrhfs9yqp0ynu8t2t4r350xp80s6pc56ue,1.995,62862.870546,0.00554463501200386
pool10tqeu6d03p6rnalqlvdshmpsljxaq2c0ww6draq6xm8lgyl2a3p,623,0.03,170.0,hollow,837,11123724.0,3549.056078242204,271.37168234726613,170.0,101.37168234726612,3277.684395894938,11123708.490475,pool10tqeu6d03p6rnalqlvdshmpsljxaq2c0ww6draq6xm8lgyl2a3p,2.219,15.509525,1.3942745253298265e-06
pool1x5dfpgp987e4jhxvgczr3wv50nv2pwd873tlx3uthvcasm422q6,623,0.02,340.0,hollow,1116,11073818.0,3533.133425662838,403.8626685132568,340.0,63.86266851325676,3129.270757149581,11073785.15593,pool1x5dfpgp987e4jhxvgczr3wv50nv2pwd873tlx3uthvcasm422q6,1.979,32.84407,2.9659210581210565e-06
pool1yt868wrp9s2x5pehe96del9m3nwasme62yw02vww3kg6zwzspcz,623,0.01,340.0,hollow,3169,11053428.0,3526.6279376234584,371.86627937623456,340.0,31.866279376234584,3154.7616582472237,11051687.210885,RAY,2.0245,1740.789115,0.0001574886193676749
pool1g5gmej3cj67td4pmvmacnls8nuq0gjld2pwfeg3jwpxujdx6lmu,623,0.01,340.0,hollow,1683,11040764.0,3522.5874520653074,371.8258745206531,340.0,31.825874520653073,3150.7615775446543,11017751.619597,WAVE,1.9235,23012.380403,0.0020843105063200335
pool1c86ul4pnqvu7jzag8fjdy6dgrn6pt4ad4vmyq038hyg0wl2kaed,623,0.02,340.0,hollow,436,11035971.0,3521.0582316546775,403.62116463309354,340.0,63.62116463309355,3117.437067021584,11035900.293265,pool1c86ul4pnqvu7jzag8fjdy6dgrn6pt4ad4vmyq038hyg0wl2kaed,2.2352,70.706735,6.406933744207918e-06
pool1lhvpgr8lhsf6h03v9zqxm74pa63rdxx4yuvkqfw4tv9fua8t37a,623,0.03,340.0,hollow,120,10988421.0,3505.8872676393516,434.97661802918054,340.0,94.97661802918054,3070.9106496101713,10986515.419329,pool1lhvpgr8lhsf6h03v9zqxm74pa63rdxx4yuvkqfw4tv9fua8t37a,2.0245,1905.580671,0.00017341715165445517
pool1hmmt5a9vyjtkz0tk6ywyyuhumt57hts5m89m9avgyyupveaejfr,623,0.0,340.0,hollow,26,10905978.0,3479.5835917967543,340.0,340.0,0.0,3139.5835917967543,10903511.673104,FIMI,2.0576,2466.326896,0.00022614449579854277
pool13fpvzhz7p0f4c960k44erfykflr7qdp86t6jnxlfamhqcmfha42,623,0.1,340.0,hollow,4,10795011.0,3444.179251862187,650.4179251862188,340.0,310.4179251862187,2793.761326675968,10730628.556927,pool13fpvzhz7p0f4c960k44erfykflr7qdp86t6jnxlfamhqcmfha42,2.2642,64382.443073,0.005964092400924835
pool1qzlw7den2mlj0fmm65g0fnf46vyhzkhmdaf0f8v3s6skuue6rlk,623,0.02,340.0,hollow,756,10792253.0,3443.299304044011,402.06598608088024,340.0,62.06598608088022,3041.233317963131,10782253.0,WESTBERG,1.9557,10000.0,0.0009265905830784359
pool1dghwejqptsjtf9k8paspg9rhl8humxx0nh7sk37j0ada2dr9mqh,623,0.04,170.0,hollow,370,10777578.0,3438.6172031623096,300.7446881264924,170.0,130.74468812649238,3137.8725150358173,10763603.296717,EMURGO,2.9315,13974.703283,0.0012966459888297723
pool1k7zrx5rw6cvef9m5qtp9sy4e53u93kwqx73ykz7md9gmwgf56yk,623,0.01,340.0,hollow,13,10593210.0,3379.794063444589,370.3979406344459,340.0,30.39794063444589,3009.396122810143,10592794.815153,pool1k7zrx5rw6cvef9m5qtp9sy4e53u93kwqx73ykz7md9gmwgf56yk,2.2074,415.184847,3.91934878096441e-05
pool1g0nq3m3fnvd245k4favcvutn09vce0yshg535f68d2xa54vy0cc,623,0.01,340.0,hollow,319,10576063.0,3374.3232638658133,370.34323263865815,340.0,30.343232638658133,3003.980031227155,10576060.582787,ONE_PERCENT,2.2232,2.417213,2.285550870867543e-07
pool1qetkrhjs9fll3nthuxk6zp0ssanf3rszg5wh8x79mg67gsg7vjv,623,0.03,340.0,hollow,40,10554416.0,3367.416726367606,430.8225017910282,340.0,90.82250179102817,2936.5942245765777,10473394.31999,pool1qetkrhjs9fll3nthuxk6zp0ssanf3rszg5wh8x79mg67gsg7vjv,1.9553,81021.68001,0.007676566852206697
pool1qkd5y9azf2xx0gmrj68lrkcn59ldjmnpzd3y2rq3tvjp2vqljan,623,0.01,340.0,hollow,529,10489588.0,3346.7331668474053,370.067331668474,340.0,30.067331668474054,2976.665835178931,10305615.022947,pool1qkd5y9azf2xx0gmrj68lrkcn59ldjmnpzd3y2rq3tvjp2vqljan,2.2222,183972.977053,0.01753862754695418
pool1gas95lqlch5pj5e4lwg78gxlq7km9xfurfd557x4tgwk5kktd04,623,0.015,170.0,hollow,628,10433135.0,3328.721675121702,217.38082512682553,170.0,47.38082512682553,3111.3408499948764,10180632.584627,NEDS,1.9545,252502.415373,0.024201969530059757
pool1spus7k8cy5qcs82xhw60dwwk2d4vrfs0m5vr2zst04gtq700gjn,623,0.05,340.0,hollow,112,10428556.0,3327.2607320254624,489.36303660127317,340.0,149.36303660127314,2837.8976954241894,10375480.616582,YUTA,2.1752,53075.383418,0.0050894278573179255
pool138s0uwydwtrhkaqj4uwkh37yqw098v9v6nf5q08k9nugumlf8mw,623,0.0,340.0,hollow,26,10403349.0,3319.2183663065493,340.0,340.0,0.0,2979.2183663065493,10400915.608221,pool138s0uwydwtrhkaqj4uwkh37yqw098v9v6nf5q08k9nugumlf8mw,2.2216,2433.391779,0.0002339046569522949
pool125kh7e0y9lwya4sz5etmsk7hvga9jtfpuhw00vz9zvk6sh8xh5r,623,0.0,170.0,hollow,59,10331897.0,3296.4214005689455,170.0,170.0,0.0,3126.4214005689455,10243034.454473,pool125kh7e0y9lwya4sz5etmsk7hvga9jtfpuhw00vz9zvk6sh8xh5r,2.4508,88862.545527,0.008600796690772275
pool1pfdd8d8n7jx0xnk4uev3x36se87c747w6l2d5x7fanh5w9evhw2,623,0.0,340.0,hollow,389,10314034.0,3290.7221591345447,340.0,340.0,0.0,2950.7221591345447,9765349.821349,BRAVO,2.1282,548684.178651,0.05319782527874157
pool1q9049mstrv5czwyylpf3xen08pmvsfsgtru4wf3zvc9uxat2sm0,623,0.04,340.0,hollow,1738,10239343.0,3266.891781147821,457.0756712459129,340.0,117.07567124591284,2809.816109901908,10189320.429797,pool1q9049mstrv5czwyylpf3xen08pmvsfsgtru4wf3zvc9uxat2sm0,2.2721,50022.570203,0.004885330064927018
pool1mxqjlrfskhd5kql9kak06fpdh8xjwc76gec76p3taqy2qmfzs5z,623,0.07,340.0,balanced,1052,10189360.0,3250.9445614973893,543.7661193048173,340.0,203.76611930481727,2707.178442192572,5188801.956813,IOG,2.2144,5000558.043187,0.49076272142578137
pool1llxh8l0h8g9ghz3nrzh7ndvev4x43vnk72nsemzm795vxqs6dp8,623,0.05,340.0,hollow,61,10162076.0,3242.2395229654408,485.11197614827205,340.0,145.11197614827205,2757.127546817169,10103469.569806,YUTA,1.6762,58606.430194,0.005767171018402145
pool1uzla0r73fvpnvxr07m98nfzlxcv3q26mkjz00cqjfh7uqsyjkju,623,0.01,340.0,hollow,204,10093636.0,3220.403544475243,368.80403544475246,340.0,28.80403544475243,2851.5995090304905,10093633.582787,ONE_PERCENT,2.4173,2.417213,2.3947891522935837e-07
pool1mvtxupzcgdtslv2sw0l3f4zlhd3a69fue6gu0vhqz47w7j5zryx,623,0.1,170.0,hollow,4,10053453.0,3207.583042960462,473.7583042960462,170.0,303.7583042960462,2733.8247386644157,10053443.179273,FIGMENT,2.0947,9.820727,9.768511376141112e-07
pool1rw29y8c5md2rm4ynkrqhpm9saatd0a0xzyyc6xudelgkww5junh,623,1.0,999999.0,hollow,19,10047324.0,3205.6275679141963,3205.6275679141963,3205.6275679141963,0.0,0.0,10006931.127906,YUTA,0.0,40392.872094,0.0040202617228229124
pool1mdzxt5rl2sgnehedgnl0jwk8vumsglequrap26qgg0uwg4cuq52,623,0.1,170.0,hollow,6,10046445.0,3205.3471204406005,473.5347120440601,170.0,303.5347120440601,2731.8124083965404,10046435.179273,FIGMENT,2.0771,9.820727,9.775325500711943e-07
pool170hmssk80z2ameg7jhj5m8psnkjejcc77vfpd0875yggxhhntd0,623,0.02,340.0,hollow,6108,9702338.0,3095.558794164644,395.1111758832929,340.0,55.11117588329288,2700.447618281351,9674972.439261,pool170hmssk80z2ameg7jhj5m8psnkjejcc77vfpd0875yggxhhntd0,1.5959,27365.560739,0.0028205119981390054
pool1u0mc9ywfxl529atxyajuz3pgqnwgnk6w7lejjmjg22ucvn7z9vh,623,0.04,340.0,hollow,1860,9689548.0,3091.478107944749,450.05912431778995,340.0,110.05912431778995,2641.418983626959,9664112.309213,pool1u0mc9ywfxl529atxyajuz3pgqnwgnk6w7lejjmjg22ucvn7z9vh,1.7631,25435.690787,0.0026250647385203107
pool1qmsck80ldwm23t4t5elxc857r82ph3urkt7tpyq65ntn2dv2ust,623,0.0,340.0,hollow,120,9682565.0,3089.250161746662,340.0,340.0,0.0,2749.250161746662,9657346.842425,pool1qmsck80ldwm23t4t5elxc857r82ph3urkt7tpyq65ntn2dv2ust,2.6152,25218.157575,0.0026044914312478152
pool1u99x2rr6trfznwakv0959llmxmtgc2nvanc067uugl3ejuvvnc8,623,0.01,340.0,hollow,4324,9518571.0,3036.9274052223855,366.96927405222385,340.0,26.969274052223856,2669.958131170162,9413156.864908,WAVE,1.8499,105414.135092,0.011074575699650714
pool1ty7lh3nvtwxlcpqg2x30fkr3j9ys6nprztr9m4zp3aajxyjk2vz,623,0.01,340.0,hollow,554,9503679.0,3032.1760698676803,366.9217606986768,340.0,26.921760698676803,2665.2543091690036,9237445.506493,pool1ty7lh3nvtwxlcpqg2x30fkr3j9ys6nprztr9m4zp3aajxyjk2vz,2.0105,266233.493507,0.02801372957851375
pool1u4sxd6x0qsy7evljt24vtnyhpxd098n609sfcmly6c096mr3jgq,623,0.0199,340.0,hollow,592,9489357.0,3027.6065946494364,393.48337123352377,340.0,53.48337123352378,2634.1232234159124,9463854.961444,pool1u4sxd6x0qsy7evljt24vtnyhpxd098n609sfcmly6c096mr3jgq,2.3423,25502.038556,0.002687435888016438
pool167zl76srpt5a2gthpsq0ye9z4fpray5vsh7xyzcn63hd5mnw7fa,623,0.03,340.0,hollow,569,9403770.0,3000.299816580463,419.8089944974139,340.0,79.80899449741388,2580.490822083049,9402767.169382,NUFI,1.3176,1002.830618,0.00010664133831431436
pool1heks0vmxkfka2amg9c8yn8qdsxvgmzelfx6jhpfkj8ht5mn0r2m,623,0.029,340.0,hollow,521,9400087.0,2999.124744856626,417.11461760084217,340.0,77.11461760084215,2582.010127255784,9398932.414219,pool1heks0vmxkfka2amg9c8yn8qdsxvgmzelfx6jhpfkj8ht5mn0r2m,2.0784,1154.585781,0.00012282713777010787
pool1vh4y864hcq2r66ak37w4dsnkhnsfxaaacs0p5s4vj5676m6txwm,623,0.01,340.0,hollow,1489,9299141.0,2966.9176337421973,366.269176337422,340.0,26.269176337421975,2600.6484574047754,9248040.667532999,JOY,2.0808,51100.332467,0.005495166969400722
pool1mwp8ewtzmun0426v9z0h9um2amswgfzn78rckfl2fc3t5sy0m5g,623,0.01,340.0,hollow,46,9246252.0,2950.0432464486835,366.10043246448686,340.0,26.100432464486836,2583.9428139841966,9193637.696386,pool1mwp8ewtzmun0426v9z0h9um2amswgfzn78rckfl2fc3t5sy0m5g,1.5672,52614.303614,0.005690338486772802
pool1larpvn53yyufaf8fh89nrrpgruqcq8mgxrtdxp5y87cqse3yfg2,623,0.05,340.0,hollow,64,9136445.0,2915.0090078444587,468.75045039222294,340.0,128.75045039222294,2446.258557452236,9077674.523366,YUTA,2.0335,58770.476634,0.006432532197588887
pool1zytydvyy3qztrs8l2xyggvkfcjctp23m2hc3aj7sudnzgny79cg,623,0.01,340.0,hollow,916,9116615.0,2908.6821894128307,365.6868218941283,340.0,25.686821894128308,2542.9953675187026,9091602.983671,pool1zytydvyy3qztrs8l2xyggvkfcjctp23m2hc3aj7sudnzgny79cg,2.2851,25012.016329,0.00274356395756539
pool1a6ysvnx24xsjh2f6ehgmx7yu9q45fd7lsk88v2swxkek7pkxtgp,623,0.96,340.0,hollow,63,9029856.0,2881.001481379063,2779.3614221239004,340.0,2439.3614221239004,101.64005925516267,9009603.646455,pool1a6ysvnx24xsjh2f6ehgmx7yu9q45fd7lsk88v2swxkek7pkxtgp,0.6017,20252.353545,0.002242821319077514
pool1lfxjjg2fmaea3dnvu6wpxylrtrzq0pkgjutjesuzwem4xymtqaj,623,0.1,170.0,hollow,5,9027130.0,2880.1317432527585,441.0131743252759,170.0,271.0131743252759,2439.1185689274826,9027124.953291,pool1lfxjjg2fmaea3dnvu6wpxylrtrzq0pkgjutjesuzwem4xymtqaj,0.0,5.046709,5.590601885649148e-07
pool15z87p296y3m7eq8pwuu8qs6h2v4d2ctnx3yd2vqpl6txkkdvl5h,623,0.02,340.0,hollow,62,8936230.0,2851.1298372802426,390.22259674560485,340.0,50.222596745604854,2460.907240534638,8920781.810508,MUEN,2.3388,15448.189492,0.0017287144010393644
pool1lxqewhueg4hzyad766zhdwsjet5348ww8mzejf6fprxaw8wfq5s,623,0.02,340.0,hollow,65,8821772.0,2814.611683773068,389.49223367546136,340.0,49.49223367546136,2425.1194500976067,8633877.319642,pool1lxqewhueg4hzyad766zhdwsjet5348ww8mzejf6fprxaw8wfq5s,1.9127,187894.680358,0.021298972627948217
pool1c3kxs76qj58284f923cx7ed8vw25en3nfghyurv0z9m2g3x9c4j,623,0.045,340.0,hollow,47,8762888.0,2795.8245745180006,450.51210585331,340.0,110.51210585331002,2345.3124686646906,8742286.781793,pool1c3kxs76qj58284f923cx7ed8vw25en3nfghyurv0z9m2g3x9c4j,1.5945,20601.218207,0.002350962172174288
pool10scv5quxduhrcc26wpurhk743dngspe8dc3zpkkam0svyx6ejx3,623,0.2,340.0,hollow,24,8608200.0,2746.4709240111083,821.2941848022217,340.0,481.2941848022217,1925.1767392088866,8607199.480901,pool10scv5quxduhrcc26wpurhk743dngspe8dc3zpkkam0svyx6ejx3,1.659,1000.519099,0.00011622860749053228
pool1dpu6kslgxlg3ccrwxldl8e6r7ylnq0yalafmucp0yc7k6qegtt0,623,0.0095,250.0,hollow,416,8486793.0,2707.7356721034603,273.3484888849829,250.0,23.34848888498287,2434.3871832184773,8451160.236496,pool1dpu6kslgxlg3ccrwxldl8e6r7ylnq0yalafmucp0yc7k6qegtt0,2.1723,35632.763504,0.004198613481441105
pool1qgmwcxs8d8qmr0vtvsqd9u8gugrventh5dcqukmu79e2sgfuu8t,623,0.05,170.0,hollow,5760,8469043.0,2702.0724836434806,296.60362418217403,170.0,126.60362418217403,2405.4688594613067,8365538.758283,pool1qgmwcxs8d8qmr0vtvsqd9u8gugrventh5dcqukmu79e2sgfuu8t,1.7756,103504.241717,0.012221480244816327
pool1zj4h7kc6v53q9r8x3fwzfuayf2frwme8u5k86gu0uzeeuvqxgul,623,0.03,340.0,hollow,1479,8432887.0,2690.536808040155,410.51610424120463,340.0,70.51610424120464,2280.0207037989503,8421766.688492,pool1zj4h7kc6v53q9r8x3fwzfuayf2frwme8u5k86gu0uzeeuvqxgul,1.5777,11120.311508,0.001318683804016347
pool1ppqdq5yfkkllrcj0u47pakg9e4ha568pz3a9kkrr6w2kyw8gxv7,623,0.02,170.0,hollow,176,8401442.0,2680.504190512039,220.21008381024077,170.0,50.210083810240775,2460.2941067017982,8298322.024636,COOL,2.6515,103119.975364,0.012274080492848727
pool1rcd7qslz3xnpnk9u6tcwegy5r2574uf8suqu24ptg637jha3sr5,623,0.02,340.0,hollow,143,8285707.0,2643.5786064886165,386.07157212977233,340.0,46.07157212977233,2257.507034358844,8278594.875547,pool1rcd7qslz3xnpnk9u6tcwegy5r2574uf8suqu24ptg637jha3sr5,2.0096,7112.124453,0.0008583606025412196
pool15r7xg0vrrv2yu8wj3866eap8ftkuxvdk5rjz2lh4xajjq5v3p5d,623,0.03,340.0,hollow,1138,8278384.0,2641.242182314395,409.0372654694319,340.0,69.03726546943184,2232.204916844963,8277381.170499,NUFI,2.173,1002.829501,0.00012113831648785561
pool1p8fhygz7ga9hghhwmkr64p3ftn77lxu9nyddvsqszattcdyajc0,623,0.02,340.0,hollow,1120,8205740.0,2618.0649055545773,385.56129811109156,340.0,45.561298111091546,2232.5036074434856,8205715.202461,SUNNY,2.0399,24.797539,3.021974739633476e-06
pool1q0a7a94cfk4ph7gugj636tsuhhd98l2sfjv2adhaff2mvs7kmtl,623,0.03,340.0,hollow,1069,8199802.0,2616.1703696066697,408.2851110882001,340.0,68.2851110882001,2207.8852585184695,8198799.169603,NUFI,1.7049,1002.830397,0.00012229934295974464
pool16rahfu936wdfq34wf6t8rqxvdjxayra5f7y80xq0udnqglrqel9,623,0.0,170.0,hollow,45,7997508.0,2551.6278881236763,170.0,170.0,0.0,2381.6278881236763,7963999.762212,pool16rahfu936wdfq34wf6t8rqxvdjxayra5f7y80xq0udnqglrqel9,2.3591,33508.237788,0.004189834857057973
pool1a3kdettzvvlqvkl9m9hwe63ggeq5fgvz0twqew5c62dzx99vsed,623,0.01,340.0,hollow,1113,7859374.0,2507.555838843066,361.67555838843066,340.0,21.67555838843066,2145.8802804546353,7859319.436477,pool1a3kdettzvvlqvkl9m9hwe63ggeq5fgvz0twqew5c62dzx99vsed,1.7434,54.563523,6.942476970812179e-06
pool19qgfp80d2sv3p2azmygfq87g7va4s3ewd6aaulas6eqsyz4r2yl,623,0.0,170.0,hollow,6,7818123.0,2494.3945888620733,170.0,170.0,0.0,2324.3945888620733,7815699.924103,P2P,2.2524,2423.075897,0.00030993064409449685
pool1g8y2gz4sk7xhyaj469jlj3njyu5dlvqa7t7v9c2gk0yc69879z8,623,0.01,340.0,hollow,514,7789553.0,2485.279248338038,361.4527924833804,340.0,21.45279248338038,2123.8264558546575,7789550.582787,ONE_PERCENT,1.8135,2.417213,3.103147253764112e-07
pool12ktz62g9d32nq0cdk9jyyqg6kquj7lnmx776at5h598supql0t2,623,0.5,680.0,hollow,7,7650297.0,2440.8492217361827,1560.4246108680913,680.0,880.4246108680913,880.4246108680913,7635682.090228,pool12ktz62g9d32nq0cdk9jyyqg6kquj7lnmx776at5h598supql0t2,0.9284,14614.909772,0.0019103715544638333
pool12qtv7kyrx8g0d5890alk6dkc6n6nyfx80synspvqafjrqd3ergz,623,0.0,340.0,hollow,72,7641378.0,2438.00358917987,340.0,340.0,0.0,2098.00358917987,7594284.766844,pool12qtv7kyrx8g0d5890alk6dkc6n6nyfx80synspvqafjrqd3ergz,1.9834,47093.233156,0.006162924168389524
pool10efuydxjnasr0309lqklmj9xahupdnzqd59r5dqjeh4twz06tr0,623,0.0,170.0,hollow,439,7613132.0,2428.9916217860336,170.0,170.0,0.0,2258.9916217860336,7513123.744246,4ADA,2.5749,100008.255754,0.013136282906167921
pool1cc76kmtcpf6vht32ya5ke9er74dnpy4jh5qpy4klqwp87ygdsu6,623,0.029,340.0,hollow,1466,7603900.0,2426.0461256811022,400.495337644752,340.0,60.49533764475197,2025.5507880363502,7102870.240828,pool1cc76kmtcpf6vht32ya5ke9er74dnpy4jh5qpy4klqwp87ygdsu6,2.6263,501029.759172,0.06589115574534121
pool1nyf8x2xrlmfqwy9shqrlx2csentnzyjmxr0r3w0ljuaqz5ek7qz,623,0.01,340.0,hollow,118,7516994.0,2398.3185168753,360.583185168753,340.0,20.583185168752998,2037.7353317065467,7516991.582787,ONE_PERCENT,1.8081,2.417213,3.215664399891765e-07
pool16tcjctesjnks0p8sfrlf8f3d3vrp2fdn2msy80sgg3cdjtayu3z,623,0.01,340.0,hollow,718,7427382.0,2369.7275510006125,360.2972755100061,340.0,20.297275510006127,2009.4302754906064,7427372.226591,pool16tcjctesjnks0p8sfrlf8f3d3vrp2fdn2msy80sgg3cdjtayu3z,2.2653,9.773409,1.3158619012728845e-06
pool1dmqzwuql5mylffvn7ln3pr9j7kh4gdsssrmma5wgx56f6rtyf42,623,0.03,170.0,balanced,496,7386936.0,2356.8231385807626,235.60469415742287,170.0,65.60469415742287,2121.21844442334,6153440.334793,pool1dmqzwuql5mylffvn7ln3pr9j7kh4gdsssrmma5wgx56f6rtyf42,2.3041,1233495.665207,0.1669833967976709
pool1dhf4dt395f0c0ujnscazvzvw73ynzgwvtf5k4y9c907hwjdyaq4,623,0.0,340.0,hollow,208,7332738.0,2339.53111107913,340.0,340.0,0.0,1999.53111107913,7278122.656875,pool1dhf4dt395f0c0ujnscazvzvw73ynzgwvtf5k4y9c907hwjdyaq4,1.9625,54615.343125,0.007448151444249065
pool1rkyc3ss904h066sffergss99r9p2kqa4k6ds0g4u5ud4x7yaajd,623,0.01,340.0,hollow,517,7312765.0,2333.158668086951,359.9315866808695,340.0,19.93158668086951,1973.2270814060814,7312762.582787,ONE_PERCENT,2.049,2.417213,3.305470639354608e-07
pool1enul577he3e0s500lv8z98m6k936uecz2rpckxxmmk8c7k0n2rd,623,0.0169,340.0,hollow,632,7310463.0,2332.424208377944,373.67196912158727,340.0,33.67196912158725,1958.752239256357,7109577.453271,pool1enul577he3e0s500lv8z98m6k936uecz2rpckxxmmk8c7k0n2rd,1.9665,200885.546729,0.027479182471616365
pool1jvknf3dwtnqln5hcjrh5m7s979revuj5dlxr0337nwmm6p7250q,623,1.0,170.0,hollow,7,7261542.0,2316.8158228764983,2316.8158228764983,170.0,2146.8158228764983,0.0,7259352.046454,pool1jvknf3dwtnqln5hcjrh5m7s979revuj5dlxr0337nwmm6p7250q,0.0,2189.953546,0.000301582438826354
pool1lq7t0qg273vp8t2wzmeyj7sdq2vhu2v87jjplgurpfxcs9afnr3,623,0.2,340.0,hollow,10,7237075.0,2309.009556282114,733.8019112564227,340.0,393.8019112564228,1575.2076450256911,7236501.427601,pool1lq7t0qg273vp8t2wzmeyj7sdq2vhu2v87jjplgurpfxcs9afnr3,0.0,573.572399,7.925472639153249e-05
pool1tp7fzx8w3lrwwuwff9x7nlqr4r5n0awpq0krwnahvj387n7y22h,623,0.999,345.0,hollow,25,7187949.0,2293.335764942116,2291.3874291771735,345.0,1946.3874291771738,1.9483357649423851,7183564.701662,pool1tp7fzx8w3lrwwuwff9x7nlqr4r5n0awpq0krwnahvj387n7y22h,0.0021,4384.298338,0.0006099512305944296
pool10jn0wjlh9y3w2ygq84u2llvlnxfz3lc4g0ssqlmpp3w3y2d2lw5,623,0.05,340.0,hollow,94,7182280.0,2291.527054216503,437.5763527108252,340.0,97.57635271082516,1853.950701505678,7079821.792031,pool10jn0wjlh9y3w2ygq84u2llvlnxfz3lc4g0ssqlmpp3w3y2d2lw5,2.1242,102458.207969,0.014265415434792294
pool1les50pm26wpf8gym7cda470xgfswukzhyykvhyfsfl4dcu2ezj4,623,0.03,340.0,hollow,8,7153688.0,2282.4046945293067,398.2721408358792,340.0,58.2721408358792,1884.1325536934273,7126125.932579,pool1les50pm26wpf8gym7cda470xgfswukzhyykvhyfsfl4dcu2ezj4,1.9418,27562.067421,0.003852847289537928
pool1q9kwa675j2z53jecrs6pn3fqsc9ypxrsypu5dgu6hammqkagy22,623,0.01,340.0,hollow,107,7141930.0,2278.6532708722675,359.38653270872265,340.0,19.386532708722676,1919.266738163545,7124745.823074,pool1q9kwa675j2z53jecrs6pn3fqsc9ypxrsypu5dgu6hammqkagy22,1.837,17184.176926,0.002406097081041119
pool1a3ekt9me035qgju0en2w39vjns9ggtewnc9fugsmpgczvgtl6u9,623,0.01,340.0,hollow,50,7130081.0,2274.8728134039693,359.3487281340397,340.0,19.348728134039693,1915.5240852699296,6870231.649855,pool1a3ekt9me035qgju0en2w39vjns9ggtewnc9fugsmpgczvgtl6u9,2.2886,259849.350145,0.036444095115469234
pool1axngzl8clfn6pnjaf4w5r0q4tgcwktv0zcuxnn32hl995pthddr,623,0.9999,7000.0,hollow,13,7075351.0,2257.4110497749725,2257.4110497749725,2257.4110497749725,0.0,0.0,7072665.401975,pool1axngzl8clfn6pnjaf4w5r0q4tgcwktv0zcuxnn32hl995pthddr,0.0,2685.598025,0.000379570995841761
pool14n77mmxh6a2d9k05jamzdwsws2ayvkyje8uc7led958p63at3aj,623,0.0,170.0,hollow,156,7050461.0,2249.469823816162,170.0,170.0,0.0,2079.469823816162,6843835.278372,SECUR,2.5306,206625.721628,0.029306696629908313
pool1072lq3k32sfxs96s9qhrx3s9la2t68vrqwfsp7h9qnwk56yr2mv,623,1.0,340.0,hollow,25,6999753.0,2233.291290834266,2233.291290834266,340.0,1893.291290834266,0.0,6896458.252631,SPIRE,0.0,103294.747369,0.01475691318950826
pool1cspe7naf0mtntwyysqxk6czah3jlh6v4cja8pdfju932yxsehnm,623,0.0,340.0,hollow,508,6787102.0,2165.444378766483,340.0,340.0,0.0,1825.4443787664832,6731182.514126,pool1cspe7naf0mtntwyysqxk6czah3jlh6v4cja8pdfju932yxsehnm,2.5425,55919.485874,0.008239081403815648
pool18v9r8afalh50l4lstct2awdc3zspnvurcs7t45nv29uc2mnxc6c,623,0.0,340.0,hollow,1017,6728906.0,2146.8767778866536,340.0,340.0,0.0,1806.8767778866536,6388663.461524,pool18v9r8afalh50l4lstct2awdc3zspnvurcs7t45nv29uc2mnxc6c,2.2131,340242.538476,0.05056431736094991
pool1zc7vxe3ymyej76h8wu8gm79chtt7w9c3adkza4uhrjvagr9w4zp,623,0.025,340.0,hollow,803,6702382.0,2138.4142195366535,384.9603554884163,340.0,44.96035548841634,1753.4538640482372,6697244.397513,KAIZN,1.6311,5137.602487,0.0007665338214085679
pool1853ffwhtuka742fq4av7s3ssdpvzhdkpw53th3es36zkwrllj9g,623,0.0,340.0,hollow,1334,6684513.0,2132.7130637850264,340.0,340.0,0.0,1792.7130637850264,6679480.77839,ATLAS,2.0671,5032.22161,0.0007528179853939995
pool1g2y0j7rsv7dpu8p6jt2dva3rxfqjl2zu0ag9dd0cfm8guzg0lh0,623,0.03,340.0,hollow,22,6585961.0,2101.2697652437355,392.8380929573121,340.0,52.838092957312064,1708.4316722864235,6584533.086537,pool1g2y0j7rsv7dpu8p6jt2dva3rxfqjl2zu0ag9dd0cfm8guzg0lh0,1.1999,1427.913463,0.00021681170948324778
pool1lkpj6fa4l0sy39qfvyl4pcsnnd22y8np8j98vzwula2kuxgers4,623,0.01,340.0,hollow,676,6569840.0,2096.12631391059,357.5612631391059,340.0,17.5612631391059,1738.565050771484,6519284.182906,JOY,2.161,50555.817094,0.007695136729966026
pool1efacpnedlfrhe9sa6s4jzq839s5q4qdrl70em0za57xg6t38d3s,623,0.04,340.0,hollow,100,6567088.0,2095.24828040964,410.2099312163856,340.0,70.2099312163856,1685.0383491932544,6417080.18399,STI,1.672,150007.81601,0.022842364227493223
pool1lqpymyzg9glc88r7urptuv0d8t2tu9ty7xtshvxmgpu0j4lp8p3,623,0.01,170.0,hollow,2090,6556951.0,2092.014041456467,189.22014041456467,170.0,19.22014041456467,1902.7939010419025,6189161.6713539995,pool1lqpymyzg9glc88r7urptuv0d8t2tu9ty7xtshvxmgpu0j4lp8p3,2.1957,367789.328646,0.05609151702460488
pool1h59405hmvnxz2kyjpll3f65lnqhm7we3u96cws9vzzxzzws9gjc,623,0.05,340.0,hollow,601,6535978.0,2085.3225455933034,427.26612727966517,340.0,87.26612727966517,1658.0564183136382,6527255.703976,pool1h59405hmvnxz2kyjpll3f65lnqhm7we3u96cws9vzzxzzws9gjc,1.9251,8722.296024,0.0013345051075753314
pool1zmhvvzlqp0xrhhqjhxyvfuct83wk4w85jckfkypz4fskcjzze2x,623,1.0,170.0,hollow,4,6515177.0,2078.685926823949,2078.685926823949,170.0,1908.685926823949,0.0,6502509.040177,pool1zmhvvzlqp0xrhhqjhxyvfuct83wk4w85jckfkypz4fskcjzze2x,0.0,12667.959823,0.0019443769252930503
pool1qvhss6kxmtl27nr4ugvypayhvt4a4vzll8p9csdg2v8q7d22llu,623,0.02,340.0,hollow,922,6508011.0,2076.3995939504725,374.72799187900944,340.0,34.72799187900945,1701.671602071463,6457986.0,pool1qvhss6kxmtl27nr4ugvypayhvt4a4vzll8p9csdg2v8q7d22llu,1.991,50025.0,0.007686680308315398
pool106p2jjwuwagq2as7cdzx4y6cyc2pdj7a3h3vv5cvkvnskegff3w,623,0.0,340.0,hollow,1627,6480188.0,2067.522585921063,340.0,340.0,0.0,1727.5225859210632,6477520.211122,pool106p2jjwuwagq2as7cdzx4y6cyc2pdj7a3h3vv5cvkvnskegff3w,1.788,2667.788878,0.00041168387059140873
pool1ev8fwfccn8gr0zcz3uyps0t0mcrefc6s95wjc6aed3ngc86y5rk,623,0.009,340.0,hollow,469,6448943.0,2057.553778967144,355.4579840107043,340.0,15.457984010704294,1702.0957949564395,6433745.175841,pool1ev8fwfccn8gr0zcz3uyps0t0mcrefc6s95wjc6aed3ngc86y5rk,1.7581,15197.824159,0.002356638003933358
pool1522rtve5zlgnlh3zm5a4mcy3u7gpndg3kkac3xyzxmp6x6weca3,623,0.25,340.0,hollow,56,6421301.0,2048.734519507383,767.1836298768458,340.0,427.18362987684577,1281.5508896305373,6409340.523891,pool1522rtve5zlgnlh3zm5a4mcy3u7gpndg3kkac3xyzxmp6x6weca3,1.1874,11960.476109,0.001862625051994915
pool1hwlghkwnjsjk8370qt3dvp23d7urwm36f95fmxcz3np2kghknj9,623,0.0,340.0,hollow,359,6418451.0,2047.8252188250763,340.0,340.0,0.0,1707.8252188250763,6413384.125783,pool1hwlghkwnjsjk8370qt3dvp23d7urwm36f95fmxcz3np2kghknj9,1.8308,5066.874217,0.0007894232139499077
pool1q66d2n39uvln4hazyzv8fyq977mpqus78sjd2369qfn7cptdeyh,623,0.05,340.0,hollow,54,6416699.0,2047.2662381951109,425.36331190975557,340.0,85.36331190975555,1621.9029262853553,6359381.282461,YUTA,1.8112,57317.717539,0.008932586293824908
pool1qqqqrwzy7njvjq9wph7usj5gghm3py9c97688ek8pgc7uem9cfz,623,0.04,340.0,hollow,1343,6413353.0,2046.198687288796,408.2479474915518,340.0,68.24794749155184,1637.9507397972443,6263353.0,pool1qqqqrwzy7njvjq9wph7usj5gghm3py9c97688ek8pgc7uem9cfz,1.9323,150000.0,0.02338870166666329
pool1e9wmzv9r2pkvhwddc3ay42axm9aggheae6u4e52tgx6326krg03,623,0.9999,340.0,hollow,6,6383460.0,2036.6612398164482,2036.4915736924665,340.0,1696.4915736924665,0.16966612398164216,6379245.304654,MUEN,0.0002,4214.695346,0.0006602524878357506
pool1djg8jsygtculv3q2qdrxtnpxfq003pdxcvlw2pvfupq7jm5xpgp,623,0.02,340.0,hollow,133,6348587.0,2025.5349090465963,373.7106981809319,340.0,33.71069818093193,1651.8242108656646,6147807.1702539995,pool1djg8jsygtculv3q2qdrxtnpxfq003pdxcvlw2pvfupq7jm5xpgp,1.5677,200779.829746,0.03162590821327643
pool1dmnyhw9uthknzcq4q6pwdc4vtfxz5zzrvd9eg432u60lzl959tw,623,1.0,340.0,hollow,208,6300740.0,2010.269186328588,2010.269186328588,340.0,1670.269186328588,0.0,6241224.33025,pool1dmnyhw9uthknzcq4q6pwdc4vtfxz5zzrvd9eg432u60lzl959tw,0.0,59515.66975,0.009445822197075264
pool1k0xa8wlsntmjhtw2shj3tspqd4kjyquw9tuyx5s7zz5jsyw4y2p,623,0.0,170.0,balanced,734,6289756.0,2006.7647095936911,170.0,170.0,0.0,1836.7647095936911,3145630.920048,pool1k0xa8wlsntmjhtw2shj3tspqd4kjyquw9tuyx5s7zz5jsyw4y2p,1.8245,3144125.079952,0.49988029423589725
pool1q80jjs53w0fx836n8g38gtdwr8ck5zre3da90peuxn84sj3cu0r,623,0.0,340.0,hollow,1112,6265429.0,1999.0031104012446,340.0,340.0,0.0,1659.0031104012446,6251576.697287,pool1q80jjs53w0fx836n8g38gtdwr8ck5zre3da90peuxn84sj3cu0r,1.6405,13852.302713,0.0022109104920030216
pool1hkr5zcthjvcn3ffncc4jqk5ctxxfrk37h7uddqnvxd4cu872nrt,623,0.9999,20000.0,hollow,20,6174866.0,1970.1087252462507,1970.1087252462507,1970.1087252462507,0.0,0.0,6170288.5944,pool1hkr5zcthjvcn3ffncc4jqk5ctxxfrk37h7uddqnvxd4cu872nrt,0.0,4577.4056,0.0007412963455401299
pool140x77a7cz2j689lmxf836qpjtc3y83rka28v6gpswxdw2mag62e,623,0.0299,340.0,hollow,71,6165846.0,1967.2308683499682,388.65420296366403,340.0,48.65420296366405,1578.5766653863043,5933774.910583,pool140x77a7cz2j689lmxf836qpjtc3y83rka28v6gpswxdw2mag62e,2.1143,232071.089417,0.037638158562020525
pool17qvfg2g843gw6lurru282kkex6vp3pyj6zwj99j4u6k7zvmva5a,623,0.01,340.0,hollow,429,6165096.0,1966.9915786967294,356.2699157869673,340.0,16.269915786967296,1610.721662909762,6114717.138267,ONE_PERCENT,2.1733,50378.861733,0.008171626481242141
pool10p3g22454ly7eaurlur5wc9d9ual2fnfwy7a6e7k09z3yf929k9,623,0.029,340.0,hollow,165,6090360.0,1943.1468433308116,386.4912584565935,340.0,46.49125845659354,1556.6555848742182,5719909.1584210005,pool10p3g22454ly7eaurlur5wc9d9ual2fnfwy7a6e7k09z3yf929k9,1.7642,370450.841579,0.06082577082126508
pool107rsdzswa5s3y8wk5z62tgh5lhm790dsyqjp4lq66fht7qnaq9d,623,0.005,340.0,hollow,31,6071671.0,1937.1840642249772,347.98592032112487,340.0,7.985920321124886,1589.1981439038523,6059778.377881,pool107rsdzswa5s3y8wk5z62tgh5lhm790dsyqjp4lq66fht7qnaq9d,2.0325,11892.622119,0.001958706609597259
pool1udkx9rmgzf08z7zz4p7ykpdqsdv5nf0w8uf38wrsdn5dzk9nq4g,623,0.0,340.0,hollow,140,6061114.0,1933.815823065991,340.0,340.0,0.0,1593.815823065991,6060259.346903,JOY,1.7847,854.653097,0.0001410059432968923
pool1s3z5qsg75dar26ykyzcz2u8wc2swgq7pyp7f9sdh5n06qh3jhq2,623,0.01,340.0,hollow,391,6033502.0,1925.0061351923596,355.8500613519236,340.0,15.850061351923596,1569.156073840436,6033499.582787,ONE_PERCENT,1.5553,2.417213,4.006318386900344e-07
pool1ar6nsa2uzng70uf8fdrttu5jhgxzgu2f4za8h845zr435nfcruw,623,0.015,170.0,hollow,289,5967846.0,1904.0583998949835,196.01087599842475,170.0,26.01087599842475,1708.0475238965587,5933635.272584,pool1ar6nsa2uzng70uf8fdrttu5jhgxzgu2f4za8h845zr435nfcruw,2.0611,34210.727416,0.005732508415264067
pool1gnnwyf9vwcgtm3us0w0duuy43r9k7yhnchvyx0xqv9766ysw2a9,623,0.0,170.0,hollow,23,5955401.0,1900.087786915578,170.0,170.0,0.0,1730.087786915578,5940071.860946,pool1gnnwyf9vwcgtm3us0w0duuy43r9k7yhnchvyx0xqv9766ysw2a9,2.4155,15329.139054,0.002573989401217483
pool1ea34czsr90yc63fmv4gj4tetp7ds7c4jhpj6vqg4yw40wvygdl3,623,0.03,170.0,hollow,348,5918881.0,1888.4359760672141,221.55307928201643,170.0,51.55307928201642,1666.8828967851978,5908838.227096,pool1ea34czsr90yc63fmv4gj4tetp7ds7c4jhpj6vqg4yw40wvygdl3,2.5048,10042.772904,0.001696735059211361
pool16jefdagcsgzyek9jytzfezx5ajvfkytjgghaps64hzz6uzkpc0e,623,0.01,340.0,hollow,34,5909529.0,1885.4521936177646,355.4545219361776,340.0,15.454521936177645,1529.997671681587,5809676.503478,pool16jefdagcsgzyek9jytzfezx5ajvfkytjgghaps64hzz6uzkpc0e,1.7141,99852.496522,0.016896862088670687
pool19m547w9wkcqm5hcstz67fly4ucz0zsp3dqv4n956xyusy4dlpue,623,0.01,340.0,hollow,390,5839098.0,1862.9809808614361,355.2298098086144,340.0,15.229809808614363,1507.7511710528217,5836905.559677,pool19m547w9wkcqm5hcstz67fly4ucz0zsp3dqv4n956xyusy4dlpue,1.4757,2192.440323,0.0003754758565449663
pool1rxgxstg6t7azlsrk4vuuwp0jgl9e776dg86zqzaa0qt6vz43n9r,623,0.9999,340.0,hollow,7,5822332.0,1857.6317404265053,1857.4799772524627,340.0,1517.4799772524627,0.15176317404257134,5822309.345001,IBEX,0.0002,22.654999,3.891052416797943e-06
pool1qu48wpwwarmkewhlwge9xs87sgt8gdnqq26nnre2v6c8up4fxwr,623,0.02,340.0,hollow,221,5795990.0,1849.2272496990245,370.18454499398047,340.0,30.18454499398049,1479.042704705044,5596323.983944,pool1qu48wpwwarmkewhlwge9xs87sgt8gdnqq26nnre2v6c8up4fxwr,2.1392,199666.016056,0.03444899250274759
pool1chtam5czevzk2ttctvltpsc8twlwf6zzyh7kj3jkz72gks975sn,623,0.03,340.0,hollow,21,5793119.0,1848.3112489064272,385.24933746719284,340.0,45.24933746719282,1463.0619114392343,5792110.526165,NUFI,2.2121,1008.473835,0.00017408132562096514
pool1jj2hvts3ryffy5txm7w0am3zt7s7sehdf8rrwfesjmr7shv0mgl,623,0.01,340.0,hollow,365,5792712.0,1848.1813943879365,355.08181394387935,340.0,15.081813943879366,1493.0995804440572,5678677.541173,FIMI,2.1415,114034.458827,0.019685849879469235
pool1d9g45764jtjzagrmy5ndtrx4pua7l9sr4nh08l3mqs43xe6wnh9,623,0.015,340.0,hollow,15,5775081.0,1842.556173219604,362.53834259829404,340.0,22.538342598294058,1480.01783062131,5605294.432819,pool1d9g45764jtjzagrmy5ndtrx4pua7l9sr4nh08l3mqs43xe6wnh9,1.9172,169786.567181,0.029399859011674467
pool1qqqqzyqf8mlm70883zht60n4q6uqxg4a8x266sewv8ad2grkztl,623,0.04,340.0,hollow,1867,5757664.0,1836.9992293656621,399.87996917462647,340.0,59.87996917462649,1437.1192601910357,5657400.338431,pool1qqqqzyqf8mlm70883zht60n4q6uqxg4a8x266sewv8ad2grkztl,1.4228,100263.661569,0.017413948012423096
pool1pu5jlj4q9w9jlxeu370a3c9myx47md5j5m2str0naunn2q3lkdy,623,0.049,340.0,hollow,181,5740338.0,1831.47131932298,413.082094646826,340.0,73.08209464682602,1418.3892246761538,5378083.799702,5BINARIES,1.9367,362254.200298,0.06310677181343677
pool1pnzwgsgzd6t4788sfr7dxjyusepyq9xaxnpyfcngewqf29t9ayd,623,0.0095,340.0,hollow,2616,5723616.0,1826.1361172143727,354.11829311353654,340.0,14.11829311353654,1472.0178241008362,5723146.131589,pool1pnzwgsgzd6t4788sfr7dxjyusepyq9xaxnpyfcngewqf29t9ayd,2.4144,469.868411,8.209293058793601e-05
pool1q8a7ym63gurl72wr32je0tv0lp4p2uh8vzzc6rn6un7ryslvqmu,623,0.02,340.0,hollow,393,5696609.0,1817.519456327687,369.55038912655374,340.0,29.550389126553743,1447.9690672011334,5696593.081113,pool1q8a7ym63gurl72wr32je0tv0lp4p2uh8vzzc6rn6un7ryslvqmu,2.6748,15.918887,2.794449645394304e-06
pool15k0zeppza4qzgf6z7wmwsgvl5rz9f6489zxhrxqa8dj6jzju6ct,623,0.01,340.0,hollow,607,5672585.0,1809.854530155149,354.69854530155146,340.0,14.69854530155149,1455.1559848535976,5629710.57816,pool15k0zeppza4qzgf6z7wmwsgvl5rz9f6489zxhrxqa8dj6jzju6ct,1.8178,42874.42184,0.007558180589625365
pool1j6zqawj6f58lp4p00t26eqe58gxx4pa3cudlzpkv23y92nlxjzd,623,0.032,200.0,hollow,703,5666644.0,1807.9590370486283,251.4546891855561,200.0,51.454689185556106,1556.504347863072,5616362.743932,pool1j6zqawj6f58lp4p00t26eqe58gxx4pa3cudlzpkv23y92nlxjzd,2.6232,50281.256068,0.008873198328322725
pool12eht6dqxpzqj87xuextrpufz2gxmt4reuesuw26r2utzw0kw906,623,0.0,200.0,hollow,291,5662608.0,1806.6713396613338,200.0,200.0,0.0,1606.6713396613338,5561704.579238,pool12eht6dqxpzqj87xuextrpufz2gxmt4reuesuw26r2utzw0kw906,2.085,100903.420762,0.017819248791722822
pool10p6wd9k0fwk2zqkqnqr8efyr7gms627ujk9dxgk6majskhawr6r,623,0.01,340.0,hollow,623,5637645.0,1798.706822842941,354.5870682284294,340.0,14.587068228429409,1444.1197546145115,5628110.881652,pool10p6wd9k0fwk2zqkqnqr8efyr7gms627ujk9dxgk6majskhawr6r,2.3499,9534.118348,0.0016911526617940647
pool1wz27a9pvd2jat98s375lxaaj7qxy405km4vzp83wn5vtwp59kvh,623,0.0,500.0,hollow,1957,5637281.0,1798.5906875979024,500.0,500.0,0.0,1298.5906875979024,5636279.38726,pool1wz27a9pvd2jat98s375lxaaj7qxy405km4vzp83wn5vtwp59kvh,1.6554,1001.61274,0.00017767656783474161
pool1tj3u8pz6732uy2ut3s90e0j880jyu9j0ve9vtu9zj5xzglhdlqy,623,0.0,340.0,hollow,24,5591608.0,1784.018585821415,340.0,340.0,0.0,1444.018585821415,5587072.17352,pool1tj3u8pz6732uy2ut3s90e0j880jyu9j0ve9vtu9zj5xzglhdlqy,1.9558,4535.82648,0.0008111846323991238
pool1fuzqy5r9x98826zv6wp40tr27uplemmstkd57cuw8jh5v5m90vn,623,0.005,340.0,hollow,567,5587265.0,1782.6329392027283,347.2131646960136,340.0,7.213164696013641,1435.4197745067147,5287109.733306,pool1fuzqy5r9x98826zv6wp40tr27uplemmstkd57cuw8jh5v5m90vn,1.953,300155.266694,0.05372132281071329
pool18xjkr4xpscwxsatewj9lqc6z74vw90qycjd0wrypeqej673j5u8,623,0.03,340.0,hollow,13,5571658.0,1777.6534810452688,383.1296044313581,340.0,43.12960443135806,1394.5238766139107,5569197.644052,pool18xjkr4xpscwxsatewj9lqc6z74vw90qycjd0wrypeqej673j5u8,1.9067,2460.355948,0.0004415841654315466
pool1py6q7y3f7jz60mt5jhsrdx6lqtuvc02chqgvwzjzayctqhgzzge,623,0.9999,500.0,hollow,18,5547658.0,1769.9962121416343,1769.8692125204202,500.0,1269.8692125204202,0.12699962121405406,5542776.910143,pool1py6q7y3f7jz60mt5jhsrdx6lqtuvc02chqgvwzjzayctqhgzzge,0.0002,4881.089857,0.0008798469294610446
pool1fxmancs3dmc9l0s7u7zrj8334m9nvzam5t5hnuuf4c7cjr6867m,623,0.01,340.0,hollow,1218,5534194.0,1765.7004842866954,354.25700484286693,340.0,14.257004842866955,1411.4434794438284,5355187.947959,pool1fxmancs3dmc9l0s7u7zrj8334m9nvzam5t5hnuuf4c7cjr6867m,1.8205,179006.052041,0.03234546024967683
pool1yraracv4ntq9azvjw2nkw8g4xluujalz8fpt2stz8rw6k0zueuv,623,1.0,340.0,private,1,5518498.0,1760.6926304237184,1760.6926304237184,340.0,1420.6926304237184,0.0,9765.306560999714,ADALITE_PLATFORM,0.0,5508732.693439,0.9982304412249493
pool1ztk6dcj2nc3plnujf3ek6jqngtx8hcryufz56lyumemlcy2xxn0,623,0.99,340.0,hollow,1585,5491889.0,1752.2029525796847,1738.0809230538878,340.0,1398.0809230538878,14.122029525796961,5491872.12175,pool1ztk6dcj2nc3plnujf3ek6jqngtx8hcryufz56lyumemlcy2xxn0,0.0212,16.87825,3.0733050139942745e-06
pool1hjpax8lf2hmct63xxrspe9zzmmywcrzw89yg3nacu0axzy0latu,623,0.02,340.0,hollow,4,5444971.0,1737.2336299788212,367.94467259957645,340.0,27.944672599576425,1369.2889573792447,5348485.218121,pool1hjpax8lf2hmct63xxrspe9zzmmywcrzw89yg3nacu0axzy0latu,1.8099,96485.781879,0.017720164511252676
pool1qqqq4md2rfdt75qvh3x9cgmkrgkl74ctcj3fnxpu3ylcudl22ex,623,0.02,340.0,hollow,1178,5403950.0,1724.1457621581549,367.6829152431631,340.0,27.682915243163098,1356.4628469149918,5393947.08768,pool1qqqq4md2rfdt75qvh3x9cgmkrgkl74ctcj3fnxpu3ylcudl22ex,2.2889,10002.91232,0.0018510371709582803
pool1hnnfvsq3xlln6vz7d2xmk6kqekd5z4ctmfpdad8g8kr0yk8kdfd,623,0.02,170.0,hollow,498,5225075.0,1667.075179860754,199.94150359721507,170.0,29.94150359721508,1467.1336762635387,5223811.828925,pool1hnnfvsq3xlln6vz7d2xmk6kqekd5z4ctmfpdad8g8kr0yk8kdfd,2.3671,1263.171075,0.00024175175954412137
pool1pgmuramw9waw9ckxsvpxmcn9p6fd4xl5jmavu8jje0x5vuc00l0,623,0.03,340.0,hollow,11,5158414.0,1645.806796428038,379.17420389284115,340.0,39.17420389284114,1266.6325925351969,5156519.569183,pool1pgmuramw9waw9ckxsvpxmcn9p6fd4xl5jmavu8jje0x5vuc00l0,2.3342,1894.430817,0.0003672506349819925
pool13rt3ngkek4l876980ect869cu978d36dcyh22ts4nwuf7ncq02u,623,0.0,170.0,hollow,290,5149369.0,1642.9209632099808,170.0,170.0,0.0,1472.9209632099808,5149355.70992,pool13rt3ngkek4l876980ect869cu978d36dcyh22ts4nwuf7ncq02u,4.1168,13.29008,2.5809142828956324e-06
pool1y53awxsm6cmksp8qht8qfq5f5c69t6mrgrdcresk5y0ecv2yj93,623,0.02,340.0,hollow,1040,5130664.0,1636.9530792582107,365.9390615851642,340.0,25.939061585164215,1271.0140176730465,5130650.748767,KIWI,2.0366,13.251233,2.5827520570436884e-06
pool1y49e700dnx8lpvznmysgzw203mjq6l7um85ka4ys6x0zcwgs77w,623,0.03,340.0,hollow,32,5119827.0,1633.4955032953487,378.80486509886043,340.0,38.80486509886046,1254.6906381964882,5098864.615753,pool1y49e700dnx8lpvznmysgzw203mjq6l7um85ka4ys6x0zcwgs77w,1.9114,20962.384247,0.004094354017625986
pool1pj5jnehwjtt4esfl0325hr338n98v3kcww3sggce59ugyf2f883,623,1.0,340.0,hollow,7,5083425.0,1621.881340685761,1621.881340685761,340.0,1281.881340685761,0.0,5080404.327006,pool1pj5jnehwjtt4esfl0325hr338n98v3kcww3sggce59ugyf2f883,0.0,3020.672994,0.000594220037474734
pool1uq8l234306m76unyz8kuwnkvmtvazaks6vuvyx3a3khngavvcw0,623,0.01,500.0,hollow,915,5079699.0,1620.6925496884717,511.2069254968847,500.0,11.206925496884717,1109.485624191587,5079696.645553,pool1uq8l234306m76unyz8kuwnkvmtvazaks6vuvyx3a3khngavvcw0,1.7687,2.354447,4.6350128226101583e-07
pool1wun8t7nt4daw2zgv0vj7cmwru97vsw0fccucjzuvs7y0qlc8xyv,623,0.05,340.0,hollow,5,5077657.0,1620.0410437259209,404.00205218629605,340.0,64.00205218629604,1216.038991539625,5077344.231351,pool1wun8t7nt4daw2zgv0vj7cmwru97vsw0fccucjzuvs7y0qlc8xyv,1.719,312.768649,6.159704150949936e-05
pool1ddgcpgjcyawxw95se9x8qnc8gxgwjr4fqrk4vk6v9x47s0ggpjp,623,0.01,340.0,hollow,601,5075224.0,1619.2647880908148,352.79264788090813,340.0,12.792647880908149,1266.4721402099067,5024812.789501,ONE_PERCENT,2.0878,50411.210499,0.009932805034615222
pool1qqlf3epa7m8780p2jx5689u2ql06tw026l5377tptk2zswrc645,623,0.03,340.0,hollow,74,5060583.0,1614.5935350067268,378.2378060502018,340.0,38.237806050201804,1236.3557289565251,5050833.402186,pool1qqlf3epa7m8780p2jx5689u2ql06tw026l5377tptk2zswrc645,1.444,9749.597814,0.001926576011894282
pool1ytszp582dm9u5un6mevt9czgcnuqhflwfr9ly4ukpeqcughryqh,623,0.02,340.0,balanced,84,5006812.0,1597.4377430810048,365.1487548616201,340.0,25.148754861620095,1232.2889882193847,4090207.222079,pool1ytszp582dm9u5un6mevt9czgcnuqhflwfr9ly4ukpeqcughryqh,1.7421,916604.777921,0.18307153891957598
pool1l3wdq3cec23jadkt2cx384vtgd75ncau33smrptwj87n2wedc0d,623,1.0,340.0,hollow,12,4998652.0,1594.834271653769,1594.834271653769,340.0,1254.834271653769,0.0,4942444.283336,pool1l3wdq3cec23jadkt2cx384vtgd75ncau33smrptwj87n2wedc0d,0.0,56207.716664,0.011244574870185002
pool12lsfsh2s8yt8dvrt9m8kgrgr6ktntngvn2vad60xlqz7kxz9fxr,623,0.05,340.0,hollow,63,4992023.0,1592.719270172011,402.6359635086005,340.0,62.635963508600554,1190.0833066634104,4934308.896254,YUTA,2.1065,57714.103746,0.011561265592325997
pool18gysxqfwz4j8rm3vlh6677vs9n23prvfr7gwe88mhn5uudgx9ng,623,0.0195,170.0,hollow,325,4957241.0,1581.6219732134186,197.52662847766166,170.0,27.526628477661664,1384.095344735757,4923125.217336,pool18gysxqfwz4j8rm3vlh6677vs9n23prvfr7gwe88mhn5uudgx9ng,2.0078,34115.782664,0.006882010106831602
pool1a600v0jd2z3yajazd80phln3exekumm7g56d9yvlrh6vx8dx2fc,623,0.05,340.0,hollow,69,4956204.0,1581.2911153862074,402.06455576931035,340.0,62.064555769310374,1179.226559616897,4898330.946123,YUTA,1.8331,57873.053877,0.01167689099903878
pool16cerhwlk8nq7rpuerr4g08tpgeq7awnhgxzkyalc8n8xjwzxqm3,623,1.0,340.0,hollow,16,4843214.0,1545.2413314936382,1545.2413314936382,340.0,1205.2413314936382,0.0,4838642.917669,pool16cerhwlk8nq7rpuerr4g08tpgeq7awnhgxzkyalc8n8xjwzxqm3,0.0,4571.082331,0.0009438117603310528
pool1mcwcfl96ew79rmj4zxehr33p55e4e62dt4whyr2vqesswp9mmvz,623,0.0,340.0,hollow,270,4789974.0,1528.2549566424088,340.0,340.0,0.0,1188.2549566424088,4784186.773459,pool1mcwcfl96ew79rmj4zxehr33p55e4e62dt4whyr2vqesswp9mmvz,2.1376,5787.226541,0.0012081958150503532
pool1nhlv5z2lsptzgcp9ype0mppc7zyndm66ypm4sw5hy27ewdchqx0,623,0.035,340.0,hollow,1998,4721511.0,1506.4116399361785,380.82440739776627,340.0,40.82440739776625,1125.5872325384123,4718523.846475,P2P,1.9121,2987.153525,0.000632668975037864
pool1h6q8jj55dn6727yydlypu0rz4sflf2enxhs0thqydmddgu3shl5,623,0.03,170.0,hollow,594,4674483.0,1491.4072215195067,209.6422166455852,170.0,39.6422166455852,1281.7650048739215,4248936.308592,pool1h6q8jj55dn6727yydlypu0rz4sflf2enxhs0thqydmddgu3shl5,2.5016,425546.691408,0.09103609776910089
pool13xzckaj3srgldr67dksx874jxe3c9xnc245xyr44p7cdxh07hft,623,0.055,240.0,hollow,100,4673683.0,1491.1519792227189,308.81335885724957,240.0,68.81335885724954,1182.3386203654693,4668680.359294,DAPP,1.6506,5002.640706,0.0010703851129826307
pool10fxpa6wkv0wc6wcmahcnz4wvvfx9m7547sevxrge3nfuv7yh8m0,623,0.0,340.0,hollow,457,4628772.0,1476.8229957339217,340.0,340.0,0.0,1136.8229957339217,4596015.020466,pool10fxpa6wkv0wc6wcmahcnz4wvvfx9m7547sevxrge3nfuv7yh8m0,2.1439,32756.979534,0.007076818545825977
pool1rpjjz68kmmetyxztmrstrwgz8lxf6v0d7vqgw98r5x8rc50jrdf,623,0.02,340.0,hollow,1472,4626096.0,1475.9692102511665,362.71938420502335,340.0,22.71938420502333,1113.2498260461432,4500317.062527,pool1rpjjz68kmmetyxztmrstrwgz8lxf6v0d7vqgw98r5x8rc50jrdf,2.7269,125778.937473,0.027189002881263163
pool1qzlwlyu92fsx94qu6u5nw3sy334f5yat3dv3jgx0grrsv0kp422,623,0.025,400.0,balanced,690,4611192.0,1471.2140462620096,426.78035115655024,400.0,26.78035115655024,1044.4336951054593,4111164.922821,WESTBERG,1.6404,500027.077179,0.10843770486655077
pool19ae6xhzsscypyha0sszv90xwjsh20hxecxjpcqynshfawvwxqnn,623,0.018,340.0,balanced,172,4579865.0,1461.2190769726697,360.1819433855081,340.0,20.181943385508053,1101.0371335871616,3208781.6699510003,pool19ae6xhzsscypyha0sszv90xwjsh20hxecxjpcqynshfawvwxqnn,2.324,1371083.330049,0.29937199678352966
pool168t0xlm0dtdgf7d5w2mrm7ulsw4czpw297yvrpke9pmjcc9hz7k,623,0.048,170.0,hollow,18,4440728.0,1416.8270176624615,229.84769684779815,170.0,59.847696847798154,1186.9793208146634,4430728.0,JOY,1.7724,10000.0,0.0022518830245851582
pool1r3ax7pd3cgad5kttench60ttr23kvfpx3vzvd6c3azppgw7q93t,623,0.99,170.0,hollow,981,4426285.0,1412.2189370468284,1399.7967476763602,170.0,1229.7967476763602,12.422189370468232,4413339.901315,pool1r3ax7pd3cgad5kttench60ttr23kvfpx3vzvd6c3azppgw7q93t,0.0179,12945.098685,0.002924596740833453
pool1etfxpqw7456eh337p7x5jsvxxa67fsduvnmucevrqweckex3nhl,623,0.0,170.0,hollow,8,4347399.0,1387.0501322663238,170.0,170.0,0.0,1217.0501322663238,4310103.438353,pool1etfxpqw7456eh337p7x5jsvxxa67fsduvnmucevrqweckex3nhl,2.2282,37295.561647,0.008578821876482928
pool1zk6uxgptztrxxamzd0ugrtu84xg8mjymd2xcdvxqazpruqt9r3x,623,0.039,500.0,hollow,625,4295891.0,1370.61635698764,533.954037922518,500.0,33.95403792251796,836.6623190651221,4285791.190405,OCEAN,1.6467,10099.809595,0.002351039538712691
pool165zu45p489lpuypt4fsuc5g8l9g9ha4dddlls84jlsp3k4vsw9p,623,0.05,340.0,hollow,9,4285304.0,1367.2385442425243,391.3619272121262,340.0,51.36192721212622,975.8766170303982,4279481.073989,pool165zu45p489lpuypt4fsuc5g8l9g9ha4dddlls84jlsp3k4vsw9p,1.8025,5822.926011,0.0013588128195805944
pool1vce30junxx06g2ha8ww02cqgy644yj69ehhg2x95qe7323zfznp,623,0.0,340.0,hollow,21,4250305.0,1356.0720128109283,340.0,340.0,0.0,1016.0720128109283,4249776.817054,pool1vce30junxx06g2ha8ww02cqgy644yj69ehhg2x95qe7323zfznp,2.373,528.182946,0.00012426942207676862
pool1vdcu0y6ujrwmnv4u50j6upxkjug7cx7zsaynjvgkcm2ycmajelc,623,0.02,170.0,hollow,601,4233235.0,1350.6257803032183,193.61251560606436,170.0,23.612515606064367,1157.013264697154,4130490.127816,COOL,2.2265,102744.872184,0.024271006023525745
pool1fyp482ntshhm9zfz4nv7pmsaeakscf5mnuzcxuvtqf6t56fc7l0,623,0.019,170.0,hollow,1881,4166951.0,1329.4776798028638,192.03007591625442,170.0,22.03007591625441,1137.4476038866094,4152157.313629,pool1fyp482ntshhm9zfz4nv7pmsaeakscf5mnuzcxuvtqf6t56fc7l0,1.319,14793.686371,0.0035502424604944957
pool1mg37s4w4uzsmw27nsnz2mwfll8sdawngvy3n657t7nd0yjcd77e,623,0.02,340.0,hollow,971,4159875.0,1327.2200616877756,359.7444012337555,340.0,19.74440123375551,967.47566045402,4152690.932209,pool1mg37s4w4uzsmw27nsnz2mwfll8sdawngvy3n657t7nd0yjcd77e,2.1979,7184.067791,0.0017269912656029329
pool1lnk67xp7jsc2e3yyun3fpaqvkx0f3c8q0ml29ge85udeghn2gvn,623,0.0,340.0,balanced,32,4133315.0,1318.7460174344199,340.0,340.0,0.0,978.7460174344199,3598566.2625120003,pool1lnk67xp7jsc2e3yyun3fpaqvkx0f3c8q0ml29ge85udeghn2gvn,1.6087,534748.737488,0.12937526839546465
pool1drv9qkh2tgqqucc0jp8cwswpmmkfzdd898ja7ac0uwm9j5d44tq,623,0.0,170.0,balanced,117,4127092.0,1316.7605514182817,170.0,170.0,0.0,1146.7605514182817,3072160.328414,pool1drv9qkh2tgqqucc0jp8cwswpmmkfzdd898ja7ac0uwm9j5d44tq,2.6108,1054931.671586,0.2556113775961379
pool18j287g2sccele52hhxc0csk2ghfghwndqm9yahdqnhjks840wtq,623,0.025,340.0,hollow,1124,4081498.0,1302.213654818602,364.05534137046504,340.0,24.05534137046505,938.1583134481369,4045709.851719,pool18j287g2sccele52hhxc0csk2ghfghwndqm9yahdqnhjks840wtq,1.9839,35788.148281,0.008768385597885875
pool1supp67ypelmgzuzqqvarc6czgmg3ggwpnrnfr90xpfcqqf8h05t,623,0.01,340.0,hollow,661,4074992.0,1300.1378968399752,349.60137896839973,340.0,9.601378968399752,950.5365178715754,4074990.090344,ONE_PERCENT,1.619,1.909656,4.686281592700059e-07
pool1t9m69j5thv2ke9jt9hhsgxlag44z7erp2s2ukcpruwhwqarc9np,623,0.03,170.0,hollow,53,4049205.0,1291.9104804558908,203.65731441367672,170.0,33.65731441367672,1088.2531660422142,3930649.353682,pool1t9m69j5thv2ke9jt9hhsgxlag44z7erp2s2ukcpruwhwqarc9np,2.0527,118555.646318,0.029278746400342785
pool1fh4sh2telea0tfdy39h0drx6uq566yt9gf24edpz7335sclx39z,623,0.02,340.0,hollow,984,4031001.0,1286.102441992484,358.9220488398497,340.0,18.92204883984968,927.1803931526343,3927752.61901,pool1fh4sh2telea0tfdy39h0drx6uq566yt9gf24edpz7335sclx39z,1.6079,103248.38099,0.025613583571425562
pool1j6490a90qefvsqxdurf99z9ld50rtthaz9ms6c8xh78s52veuq2,623,0.01,340.0,hollow,2844,4027717.0,1285.05467236417,349.4505467236417,340.0,9.4505467236417,935.6041256405283,4001200.773922,pool1j6490a90qefvsqxdurf99z9ld50rtthaz9ms6c8xh78s52veuq2,0.8949,26516.226078,0.006583438230143776
pool1fmgus36uc0jf0wlspfvzwfn04mz34kwrensmqgfzkv7t58dejw4,623,0.01,340.0,hollow,112,4026199.0,1284.5703501060152,349.44570350106017,340.0,9.445703501060152,935.124646604955,3812351.235886,FIMI,1.2118,213847.764114,0.05311405723214376
pool1g6g2d09le8hd6nv9jhyavewdnw8tu0ndst4lqysd00ru24cav0a,623,0.01,170.0,hollow,374,4010151.0,1279.4501896324516,181.09450189632452,170.0,11.094501896324516,1098.355687736127,3759878.823502,ONYX,2.1391,250272.176498,0.0624096639996848
pool150n38x8gquu4yt5s0s6m3ajjqe89y68x96dh32tq8a4es2l6dvp,623,1.0,340.0,hollow,6,4007584.0,1278.6311809126337,1278.6311809126337,340.0,938.6311809126337,0.0,4007584.0,ETORO,0.0,0,0.0
pool1a5jd3x2udlvpm9mt4gpau4jlags6qtth6jdsguryh2zy27f5ttj,623,0.02,340.0,hollow,321,3944861.0,1258.6192276858558,358.3723845537171,340.0,18.372384553717115,900.2468431321387,3924506.659514,CRDNS,1.9251,20354.340486,0.00515971043998762
pool1w7pt822hfgw30xnkwpjzz0sr5psejksqdcdw4l0ms33lsgynp2e,623,0.015,170.0,hollow,233,3940610.0,1257.2629339312996,186.3089440089695,170.0,16.308944008969494,1070.95398992233,3837956.446348,COOL,1.7563,102653.553652,0.026050168286635825
pool1jpz5m45ff4r6tnq7n5tw63fkhpmw3cyv8sn569w24x8lj3kl68c,623,0.01,170.0,hollow,348,3874341.0,1236.1196192240097,180.66119619224008,170.0,10.661196192240098,1055.4584230317696,3857163.280364,pool1jpz5m45ff4r6tnq7n5tw63fkhpmw3cyv8sn569w24x8lj3kl68c,1.775,17177.719636,0.004433713923477568
pool1hezakp5r240dy4fcsm7mfd3qqahcvyrhj8hl770yxmxxzdwvcre,623,0.9,340.0,hollow,11,3855470.0,1230.0987724956562,1141.0888952460905,340.0,801.0888952460906,89.00987724956576,3834199.917535,pool1hezakp5r240dy4fcsm7mfd3qqahcvyrhj8hl770yxmxxzdwvcre,0.223,21270.082465,0.005516858506226218
pool1y9rdlv5tksudwrx47afjx47grd4tyh24zccffjtp32u0cfpegvk,623,0.5,390.0,hollow,25,3836205.0,1223.9522189361346,806.9761094680673,390.0,416.9761094680673,416.9761094680673,3835434.362592,pool1y9rdlv5tksudwrx47afjx47grd4tyh24zccffjtp32u0cfpegvk,0.7638,770.637408,0.00020088535623096265
pool1nhls8e9swnyshldgjknku4npreax075nw0ltrkmrarh4w3skxt9,623,0.025,340.0,hollow,582,3801482.0,1212.8737460969303,361.82184365242324,340.0,21.821843652423258,851.051902444507,3700602.195605,pool1nhls8e9swnyshldgjknku4npreax075nw0ltrkmrarh4w3skxt9,1.7465,100879.804395,0.026536967528716433
pool1hqwxta8p0j8ffkyle5mf6yg80tucqzh8q9mszws60xe5ja06nwa,623,0.0,170.0,hollow,115,3742910.0,1194.1861813376104,170.0,170.0,0.0,1024.1861813376104,3742910.0,pool1hqwxta8p0j8ffkyle5mf6yg80tucqzh8q9mszws60xe5ja06nwa,1.5305,0.0,0.0
pool1pqm2cev326p2mrruzw9xru65uvt3r7f0rdf5gtx54zdskxqhmur,623,0.05,340.0,hollow,528,3739630.0,1193.1396879207803,382.65698439603904,340.0,42.656984396039014,810.4827035247413,3723314.012495,pool1pqm2cev326p2mrruzw9xru65uvt3r7f0rdf5gtx54zdskxqhmur,2.0747,16315.987505,0.004362995137219458
pool1peayemzlkmcwn64c455mx8sxdaztq0xuv9hdxlp0kcsxz57up3z,623,0.01,340.0,hollow,41,3722361.0,1187.6299638917442,348.47629963891745,340.0,8.476299638917443,839.1536642528267,3671531.700437,pool1peayemzlkmcwn64c455mx8sxdaztq0xuv9hdxlp0kcsxz57up3z,2.3877,50829.299563,0.013655123606495985
pool19q034g07ka2ltwc3wwjeu79w29nlafc0w2ppne5ppu5wud60rgq,623,0.0,170.0,hollow,166,3688445.0,1176.8089667194247,170.0,170.0,0.0,1006.8089667194247,3626341.965861,pool19q034g07ka2ltwc3wwjeu79w29nlafc0w2ppne5ppu5wud60rgq,2.1653,62103.034139,0.016837185897851263
pool1h3aejp7fln74mwaraqjn65ve3j5zwqr7wk0pasct87wpkv0aspm,623,0.03,340.0,hollow,146,3687950.0,1176.6510355482874,365.0995310664486,340.0,25.09953106644862,811.5515044818387,3685648.791144,pool1h3aejp7fln74mwaraqjn65ve3j5zwqr7wk0pasct87wpkv0aspm,1.9498,2301.208856,0.0006239804921433317
pool1mfgqn8n658vjdcvg3xgtr3qyet64fht0dzsukqeznxw36z8g2k6,623,0.0189,340.0,hollow,148,3687252.0,1176.4283366443399,355.808495562578,340.0,15.808495562578024,820.6198410817619,3675628.350956,pool1mfgqn8n658vjdcvg3xgtr3qyet64fht0dzsukqeznxw36z8g2k6,1.758,11623.649044,0.0031523880233843525
pool136wr0g23dw9daekuyqtgk366vywms6meespgpm3hdguxqczaaug,623,0.05,340.0,hollow,1099,3657840.0,1167.0443536029359,381.3522176801468,340.0,41.352217680146794,785.692135922789,3656510.697733,pool136wr0g23dw9daekuyqtgk366vywms6meespgpm3hdguxqczaaug,1.9234,1329.302267,0.0003634118132559106
pool1nffpy6r7l4ueeedzvvzsta2vty9g6mtet6huuhfzyvndkwd35dl,623,0.01,340.0,hollow,32,3651278.0,1164.9507286635337,348.2495072866353,340.0,8.249507286635337,816.7012213768984,3649918.792183,pool1nffpy6r7l4ueeedzvvzsta2vty9g6mtet6huuhfzyvndkwd35dl,1.5743,1359.207817,0.00037225536291676505
pool165ljt7xrrpceutz5ppe96suuw0jcnrvhg0f5vu60df0r5mt0x0c,623,0.99,340.0,hollow,532,3642292.0,1162.0837195648646,1153.862882369216,340.0,813.862882369216,8.220837195648528,3563039.757302,pool165ljt7xrrpceutz5ppe96suuw0jcnrvhg0f5vu60df0r5mt0x0c,0.0209,79252.242698,0.021758893218336146
pool1e556526sqwugxwnmeumt9lhj5jukklg8vv3ynk75xt9vs7adr5y,623,0.009,500.0,balanced,328,3621253.0,1155.371166212216,505.89834049590996,500.0,5.898340495909943,649.472825716306,3121074.288669,pool1e556526sqwugxwnmeumt9lhj5jukklg8vv3ynk75xt9vs7adr5y,1.3684,500178.711331,0.13812310582303972
pool1qzlw72zfwhhc0ptvzdpld06szu39x9mlm6782efy6sluz932fx6,623,0.02,340.0,hollow,795,3619051.0,1154.6686117903075,356.29337223580615,340.0,16.29337223580615,798.3752395545014,3609049.032401,WESTBERG,2.0937,10001.967599,0.002763698991531205
pool15j6hdfel6c6zcr8gu39qgp5xkrs264yn9hm8ynhaydjtxvmznxq,623,0.0,260.0,hollow,134,3618916.0,1154.6255396527247,260.0,260.0,0.0,894.6255396527247,3597215.701605,pool15j6hdfel6c6zcr8gu39qgp5xkrs264yn9hm8ynhaydjtxvmznxq,2.0481,21700.298395,0.0059963531607254775
pool15f9qklmaajysmwx9n3rkgc5s2g3rfffz4x8spnedtzdgq43tpe2,623,0.02,170.0,hollow,349,3598485.0,1148.1069704456347,189.56213940891269,170.0,19.562139408912696,958.544831036722,3598477.782417,pool15f9qklmaajysmwx9n3rkgc5s2g3rfffz4x8spnedtzdgq43tpe2,2.308,7.217583,2.005728243969337e-06
pool1429egqgv60r3nxlp6cvs08qcffv7duddjvyjd0pt6wzhj7akda8,623,0.01,340.0,hollow,204,3586866.0,1144.3998951376627,348.04399895137664,340.0,8.043998951376627,796.3558961862861,3501684.745431,pool1429egqgv60r3nxlp6cvs08qcffv7duddjvyjd0pt6wzhj7akda8,2.0281,85181.254569,0.023748100589483966
pool10pd44d65586rldtdzuu88e7mn4sxjctvdksmt05nnqfzqu7g7hd,623,0.01,340.0,hollow,29,3584807.0,1143.742965276305,348.037429652763,340.0,8.03742965276305,795.7055356235421,3583439.484725,pool10pd44d65586rldtdzuu88e7mn4sxjctvdksmt05nnqfzqu7g7hd,1.5523,1367.515275,0.0003814752858382613
pool1085up093vl7qgwnqsuset7kdt3yflscdp6h8eeakuhyzwlhmq68,623,0.0,170.0,hollow,52,3556173.0,1134.607205368527,170.0,170.0,0.0,964.607205368527,3552341.28109,pool1085up093vl7qgwnqsuset7kdt3yflscdp6h8eeakuhyzwlhmq68,1.7887,3831.71891,0.0010774838316358626
pool19uynx6nxcdksmaqdcshjg487fap3rs3axyhrdqa7gdqgzgxss4y,623,0.05,340.0,hollow,100,3530029.0,1126.2658871095011,379.3132943554751,340.0,39.31329435547506,746.952592754026,3474217.474325,YUTA,1.6319,55811.525675,0.015810500614867468
pool1apupv5qtfp2aa2xlrzzjzx0uj686g3n695a329nq8j5jvvzumz0,623,0.01,170.0,hollow,18,3529046.0,1125.9522581373233,179.55952258137324,170.0,9.559522581373233,946.39273555595,3517901.222995,pool1apupv5qtfp2aa2xlrzzjzx0uj686g3n695a329nq8j5jvvzumz0,1.7769,11144.777005,0.003158014093610568
pool1n2yp66zk6m33sg8k20hsvmk9tw7xeeswzdcfxhnx9hm9jkxv5k4,623,0.01,340.0,hollow,916,3526739.0,1125.2162031639614,347.85216203163964,340.0,7.852162031639614,777.3640411323217,3395874.030128,pool1n2yp66zk6m33sg8k20hsvmk9tw7xeeswzdcfxhnx9hm9jkxv5k4,1.9465,130864.969872,0.03710650827067158
pool1agwy5atgc4ptg3whplaxyz28g4dgvsna8auktszctkq8xmtl7dh,623,0.0,170.0,hollow,23,3521351.0,1123.4971462950955,170.0,170.0,0.0,953.4971462950955,3408909.853012,pool1agwy5atgc4ptg3whplaxyz28g4dgvsna8auktszctkq8xmtl7dh,1.7817,112441.146988,0.031931252234724684
pool1t847w2hfv33qrra7q33nzq8epvcxv6ydshcq7w7j23c87xv2c2k,623,0.0,340.0,hollow,1230,3520835.0,1123.3325150136673,340.0,340.0,0.0,783.3325150136673,3520179.480363,pool1t847w2hfv33qrra7q33nzq8epvcxv6ydshcq7w7j23c87xv2c2k,2.393,655.519637,0.00018618300403171407
pool12wpfng6cu7dz38yduaul3ngfm44xhv5xmech68m5fwe4wu77udd,623,0.02,200.0,hollow,929,3513054.0,1120.8499646245348,218.4169992924907,200.0,18.416999292490697,902.4329653320441,3513045.176419,pool12wpfng6cu7dz38yduaul3ngfm44xhv5xmech68m5fwe4wu77udd,1.3587,8.823581,2.5116553858836217e-06
pool1mtxmk0skqkr5y0wxnxps4n35j6wn9q8dfr82y423vvlp53vccux,623,0.03,340.0,hollow,41,3470628.0,1107.3138275201347,363.01941482560403,340.0,23.01941482560404,744.2944126945307,3468413.953514,KILN,2.1929,2214.046486,0.0006379382884019838
pool1ua0lx5ap5tj9f5l7tyjflp766ca5yu93djh5hqvm4e0kjgw5k7v,623,0.01,340.0,hollow,434,3460107.0,1103.957072264504,347.63957072264503,340.0,7.63957072264504,756.317501541859,3409712.516073,ONE_PERCENT,1.7464,50394.483927,0.014564429344815059
pool1kprt6l4quz03dhqx8jw22spdjvp5dkshdnn567vlexqkj35hd8a,623,0.0,170.0,hollow,328,3438240.0,1096.98034313468,170.0,170.0,0.0,926.98034313468,3403182.677789,pool1kprt6l4quz03dhqx8jw22spdjvp5dkshdnn567vlexqkj35hd8a,2.116,35057.322211,0.01019629874906929
pool1g4th3pqfzh4zajzrhlh8y6wpuztrkzxwt5wd7q578894j06gwfc,623,0.0,340.0,hollow,274,3437868.0,1096.8616554666737,340.0,340.0,0.0,756.8616554666737,3403511.980733,pool1g4th3pqfzh4zajzrhlh8y6wpuztrkzxwt5wd7q578894j06gwfc,1.6262,34356.019267,0.009993408492414486
pool1qzlw756y0z6ehg9jkerrfrydr7qlvzl5pgset33h3h2akst593a,623,0.02,340.0,hollow,737,3419966.0,1091.1499709703044,355.02299941940606,340.0,15.022999419406087,736.1269715508984,3409964.020298,WESTBERG,1.7109,10001.979702,0.0029245845432381494
pool1gdgjzmp96kk0d0sj482655wqlq8jtc4t9xw8xzfwfx4tjyq73hw,623,0.02,340.0,hollow,29,3408423.0,1087.4671436805272,354.94934287361053,340.0,14.949342873610545,732.5178008069167,3408388.504813,pool1gdgjzmp96kk0d0sj482655wqlq8jtc4t9xw8xzfwfx4tjyq73hw,1.662,34.495187,1.0120571008938739e-05
pool1dxkf7k3qwnpgpxqfye8y9jvk7lver3fk8dq7c4dpzezyyx8cf5c,623,0.0,170.0,hollow,293,3392821.0,1082.4892807874228,170.0,170.0,0.0,912.4892807874228,3392175.191379,pool1dxkf7k3qwnpgpxqfye8y9jvk7lver3fk8dq7c4dpzezyyx8cf5c,2.4887,645.808621,0.00019034562123967049
pool1uy2z02pn4lczk7p2plvnkzrmltxmqs2t04d9ghx5t0vw6e4t0qn,623,0.02,170.0,hollow,79,3375062.0,1076.8232208516042,188.13646441703207,170.0,18.136464417032084,888.6867564345721,3325062.0,pool1uy2z02pn4lczk7p2plvnkzrmltxmqs2t04d9ghx5t0vw6e4t0qn,1.675,50000.0,0.014814542666179169
pool1pmrgd8snhv0nnj97xcg70nqqhg0v9g3d0e93jl8vn23wxtsxz53,623,0.015,170.0,hollow,317,3370805.0,1075.465012779822,183.58197519169732,170.0,13.58197519169733,891.8830375881247,3267983.488715,COOL,2.5493,102821.511285,0.030503547753429817
pool1j8grqucdwwcr0cwzxrtw30vqcptg0jdlrmauq5w7ytvqx6nf5np,623,0.01,170.0,hollow,88,3364137.0,1073.3375682360956,179.03337568236097,170.0,9.033375682360957,894.3041925537347,3040441.146758,pool1j8grqucdwwcr0cwzxrtw30vqcptg0jdlrmauq5w7ytvqx6nf5np,1.5773,323695.853242,0.0962195812007656
pool1xvaagsvl9prlr20hvg2qv434yss5c88r2ml6n43wcpepxmw85lj,623,0.0,340.0,hollow,65,3333039.0,1063.4156620542112,340.0,340.0,0.0,723.4156620542112,3332554.081439,pool1xvaagsvl9prlr20hvg2qv434yss5c88r2ml6n43wcpepxmw85lj,2.4387,484.918561,0.00014548841492703805
pool19ht066hngsjfnv3mfsc8u9fgzl4w5qcrmh8l6zppwph6s2t7jn4,623,0.02,170.0,balanced,138,3328330.0,1061.9132420847438,187.83826484169487,170.0,17.838264841694876,874.074977243049,2305948.839593,pool19ht066hngsjfnv3mfsc8u9fgzl4w5qcrmh8l6zppwph6s2t7jn4,1.9798,1022381.160407,0.30717541842515617
pool1kks6sgxvx7p6fe3hhnne68xzwa9jg8qgy50yt3w3lrelvns7390,623,0.02,200.0,hollow,300,3327815.0,1061.7489298561866,217.23497859712373,200.0,17.23497859712373,844.5139512590629,3325238.364119,pool1kks6sgxvx7p6fe3hhnne68xzwa9jg8qgy50yt3w3lrelvns7390,2.6845,2576.635881,0.0007742725725438464
pool14hhs6ruwnuaf4fzsmx89mvmjl2qhyy5jnzyk2le03886kj6z9yp,623,0.01,300.0,hollow,17,3321832.0,1059.8400365290847,307.59840036529084,300.0,7.598400365290847,752.2416361637938,3320072.611725,pool14hhs6ruwnuaf4fzsmx89mvmjl2qhyy5jnzyk2le03886kj6z9yp,2.1188,1759.388275,0.0005296439660404259
pool1hjjj584gq0ynqf06g036a4a0stpm90asrdfskpasqjxf5948ygv,623,0.02,340.0,balanced,261,3318007.0,1058.619659297568,354.37239318595135,340.0,14.37239318595136,704.2472661116167,2247142.44503,pool1hjjj584gq0ynqf06g036a4a0stpm90asrdfskpasqjxf5948ygv,2.3303,1070864.55497,0.3227433079466077
pool1druxd2syfrvqvepxh60fz0qhralcesruphh5atujuh0jktjy0ma,623,0.0199,170.0,hollow,1054,3295259.0,1051.3618445884065,187.5391007073093,170.0,17.53910070730929,863.8227438810972,3255206.767931,pool1druxd2syfrvqvepxh60fz0qhralcesruphh5atujuh0jktjy0ma,1.3964,40052.232069,0.012154501988766284
pool154xmvhp4jnz7phwcla09uvzqnn3ch54lh2yzrt2znxdgc4trp8x,623,0.0,170.0,hollow,76,3282944.0,1047.432708482229,170.0,170.0,0.0,877.4327084822289,3282839.494593,pool154xmvhp4jnz7phwcla09uvzqnn3ch54lh2yzrt2znxdgc4trp8x,1.7013,104.505407,3.183283266482767e-05
pool1wwzctexlp70mj00vv65mlhwhwresn58s9x7jl4tswvkg77eu7n7,623,0.01,340.0,hollow,600,3274324.0,1044.6824727343403,347.0468247273434,340.0,7.046824727343403,697.6356480069969,3174321.935144,pool1wwzctexlp70mj00vv65mlhwhwresn58s9x7jl4tswvkg77eu7n7,1.1796,100002.064856,0.03054128572981782
pool1q0jmr57udknpq8k5qtgt5vgdjq9pzrzevf68966wxn8zgz7qy3w,623,0.015,340.0,hollow,222,3266748.0,1042.2653281837597,350.5339799227564,340.0,10.533979922756396,691.7313482610034,3245757.354985,pool1q0jmr57udknpq8k5qtgt5vgdjq9pzrzevf68966wxn8zgz7qy3w,1.8318,20990.645015,0.006425547674629325
pool1d76p7zfn2ydq577z4wsvmnl2lx4cxa3s5vplfuhvr8qfw8hd05j,623,0.019,170.0,hollow,203,3247609.0,1036.158975285982,186.45702053043365,170.0,16.45702053043366,849.7019547555484,3234590.813653,pool1d76p7zfn2ydq577z4wsvmnl2lx4cxa3s5vplfuhvr8qfw8hd05j,2.8035,13018.186347,0.00400854485469156
pool1gqvrgg7zycvf65ydkjeph72t0yx0f5ykzd9f477zh4f3smwk997,623,0.01,170.0,balanced,495,3231297.0,1030.9545848544785,178.6095458485448,170.0,8.609545848544785,852.3450390059337,2580970.204535,pool1gqvrgg7zycvf65ydkjeph72t0yx0f5ykzd9f477zh4f3smwk997,2.7984,650326.795465,0.20125875011334457
pool1xtrwqwu6jn896szjwsyxxjczl6hc9sq4lh5ax68f7dt3gc0y9rx,623,0.04,340.0,hollow,1120,3216981.0,1026.3870239534606,367.4554809581384,340.0,27.455480958138423,658.9315429953222,3214481.0,pool1xtrwqwu6jn896szjwsyxxjczl6hc9sq4lh5ax68f7dt3gc0y9rx,1.8807,2500.0,0.0007771261316122165
pool1df9rj4n0t3zlpak7xnh4ue6t3yh9zlw7a02w4l8askp77up25rt,623,0.02,300.0,hollow,1034,3206929.0,1023.1799044943216,314.46359808988643,300.0,14.463598089886432,708.7163064044352,3081478.016024,pool1df9rj4n0t3zlpak7xnh4ue6t3yh9zlw7a02w4l8askp77up25rt,1.7106,125450.983976,0.03911872822129832
pool1x89ssjp53eczthatft9w74749558nsz3pq5jn056634pgt5m58s,623,0.0,340.0,hollow,36,3203044.0,1021.9403840905458,340.0,340.0,0.0,681.9403840905458,3202199.486657,JOY,2.2021,844.513343,0.000263659613480177
pool189j5mz6wa0gfrakwvn2tar7qt309qxrmsgde5v6qwm892n6re3v,623,0.048,170.0,hollow,52,3189433.0,1017.5977554635721,210.68469226225147,170.0,40.68469226225146,806.9130632013206,3089433.0,JOY,2.5585,100000.0,0.03135353525219059
pool15ftrqf7j80w57leflatx66x00qfhu483a290gmp7q85pjxrf480,623,0.0,340.0,hollow,6,3174995.0,1012.9912701122939,340.0,340.0,0.0,672.9912701122939,3174465.374114,pool15ftrqf7j80w57leflatx66x00qfhu483a290gmp7q85pjxrf480,1.9261,529.625886,0.0001668115653725439
pool1xzu4pva0k4y6geukd9uvvl3t3s8q8alzwahf575y5fj6cnkd5y2,623,1.0,170.0,hollow,18,3170663.0,1011.6091330751879,1011.6091330751879,170.0,841.6091330751879,0.0,3147597.924571,pool1xzu4pva0k4y6geukd9uvvl3t3s8q8alzwahf575y5fj6cnkd5y2,0.0,23065.075429,0.007274527576409098
pool1vafsg5t78rnx3qr3fv7ys9h50pnvxqhd4l8tj629l5zk7tc39ch,623,0.0216,340.0,hollow,694,3149411.0,1004.8286214610196,354.360298223558,340.0,14.360298223558024,650.4683232374616,3130523.577786,WAVE,2.2503,18887.422214,0.005997128419885495
pool1k8s63hvxl5un403f0lwqm87f7svwn2j7vpeflgupvkhqkjpknut,623,0.06,170.0,hollow,2,3126347.0,997.4699860446268,219.6481991626776,170.0,49.64819916267761,777.8217868819493,3125616.007806,BLOCKDAEMON,1.9571,730.992194,0.00023381671772199314
pool1gntlh2yq89tpsd7kgaeuremj3s60rscqahyl52qzv0x87mt22rq,623,0.0,340.0,hollow,226,3108367.0,991.7334154243206,340.0,340.0,0.0,651.7334154243206,3081469.071613,pool1gntlh2yq89tpsd7kgaeuremj3s60rscqahyl52qzv0x87mt22rq,1.5087,26897.928387,0.008653395299525442
pool1qzlw76zztkg02rywyypyw6s0gtkg2zpkaxhl6cq7eauqg8h9659,623,0.025,400.0,balanced,417,3094113.0,987.1856358013036,414.6796408950326,400.0,14.679640895032591,572.5059949062711,2594089.293498,WESTBERG,2.2603,500023.706502,0.16160486268665689
pool1c2wf97p3j9gfvfjshj99ufxerpy3aznm8tzr2fd0ua465s26th4,623,0.02,340.0,hollow,175,3088752.0,985.4751933599543,352.9095038671991,340.0,12.909503867199087,632.5656894927553,3077396.685888,P2P,1.4919,11355.314112,0.003676343750485633
pool16e2x06wk8ufyakgrzq0c9p5tmfhl6w0c80raxr0xtg5g7aakhgh,623,0.01,340.0,hollow,500,3087538.0,985.0878631745788,346.4508786317458,340.0,6.4508786317457885,638.636984542833,2954923.16247,pool16e2x06wk8ufyakgrzq0c9p5tmfhl6w0c80raxr0xtg5g7aakhgh,1.9759,132614.83753,0.04295164546314895
pool10kjjh9zfs77vzxpp4qpdxwvnh3x8zdf8qcv7pckvdhw02fu6unz,623,0.99,170.0,hollow,941,3070185.0,979.5513387043801,971.4558253173363,170.0,801.4558253173363,8.095513387043752,2970086.1915060002,pool10kjjh9zfs77vzxpp4qpdxwvnh3x8zdf8qcv7pckvdhw02fu6unz,0.0187,100098.808494,0.032603510372827695
pool1j6dh3ynys827j38976q0q3s3c9hpzgx40kjcq4472h6m7d3t0hm,623,0.03,340.0,hollow,485,3046884.0,972.1170877575639,358.9635126327269,340.0,18.963512632726918,613.1535751248371,2849555.652425,pool1j6dh3ynys827j38976q0q3s3c9hpzgx40kjcq4472h6m7d3t0hm,1.5127,197328.347575,0.064763984311513
pool1gppqnqfguctp6gu0q8l5wjhye0ny28yzfx93hkr384cfsezru0f,623,0.0,340.0,hollow,1288,3025422.0,965.2695750404887,340.0,340.0,0.0,625.2695750404887,2902626.274867,pool1gppqnqfguctp6gu0q8l5wjhye0ny28yzfx93hkr384cfsezru0f,2.0992,122795.725133,0.040587965954171024
pool17rns3wjyql9jg9xkzw9h88f0kstd693pm6urwxmvejqgsyjw7ta,623,0.0,840.0,hollow,275,2996185.0,955.941426251507,840.0,840.0,0.0,115.94142625150698,2995425.115903,pool17rns3wjyql9jg9xkzw9h88f0kstd693pm6urwxmvejqgsyjw7ta,1.8095,759.884097,0.00025361721555911936
pool1sr953s548fudyhmfm082xp0mensv2gxzt4qpe466ykw0z3jjzvv,623,0.0,340.0,hollow,347,2979118.0,950.4961509024099,340.0,340.0,0.0,610.4961509024099,2978615.224749,pool1sr953s548fudyhmfm082xp0mensv2gxzt4qpe466ykw0z3jjzvv,0.6869,502.775251,0.00016876647752791263
pool1r2g9wv7jyt7haygrmrc2tst2m8m9ssrr3c690ffp49uhywhvmdl,623,0.0,170.0,balanced,127,2973645.0,948.7499745395103,170.0,170.0,0.0,778.7499745395103,2153730.989549,pool1r2g9wv7jyt7haygrmrc2tst2m8m9ssrr3c690ffp49uhywhvmdl,1.8348,819914.010451,0.27572693124128805
pool1m3h5p82m6v99nda37rmed8vrkqt43e2a8d89k76gw5ets0gdyag,623,0.045,340.0,hollow,1461,2968649.0,947.1559863960703,367.32201938782316,340.0,27.32201938782316,579.8339670082471,2958648.624177,pool1m3h5p82m6v99nda37rmed8vrkqt43e2a8d89k76gw5ets0gdyag,1.5352,10000.375823,0.0033686622510778474
pool1t8gjk7jzvujfv9s8q992e6s7tp8na0q3j62g7s4ppzfmccus4jk,623,0.03,340.0,balanced,408,2909411.0,928.2559324246745,357.6476779727402,340.0,17.647677972740233,570.6082544519343,2525195.280302,pool1t8gjk7jzvujfv9s8q992e6s7tp8na0q3j62g7s4ppzfmccus4jk,1.8823,384215.719698,0.1320596229607986
pool1pf6yhzdr9vpct5rc3dtwersl4lyuglp80l4jc67kf2qj29xjg2u,623,0.01,340.0,hollow,753,2873496.0,916.7971485632563,345.7679714856326,340.0,5.767971485632564,571.0291770776237,2861555.219065,pool1pf6yhzdr9vpct5rc3dtwersl4lyuglp80l4jc67kf2qj29xjg2u,1.718,11940.780935,0.004155488970578
pool1jql92je87mrx5gpjhmwr6a8a766cktcf5p0p8wd0wxq87nu80yf,623,0.02,170.0,hollow,969,2859965.0,912.4800441659614,184.84960088331923,170.0,14.849600883319228,727.6304432826422,2659947.240202,DIGI,2.0763,200017.759798,0.06993713552368648
pool1aq2kqdp9xf9w47vttvmqnahwd4scz2qyddsr9l4mfru4qddg3kr,623,0.99,340.0,hollow,597,2859762.0,912.4152764331516,906.6911236688201,340.0,566.6911236688201,5.724152764331507,2859745.711141,pool1aq2kqdp9xf9w47vttvmqnahwd4scz2qyddsr9l4mfru4qddg3kr,0.0204,16.288859,5.695879237502981e-06
pool1xwqye6mlftwjg706acz5fjqz7gmf4qdye99zsjl03a4ru68ghee,623,0.02,170.0,balanced,34,2858133.0,911.8955393063173,184.83791078612634,170.0,14.837910786126347,727.057628520191,2131550.09993,pool1xwqye6mlftwjg706acz5fjqz7gmf4qdye99zsjl03a4ru68ghee,1.8892,726582.90007,0.2542159164986374
pool1uu65k00dp467qsszmqwl6udwnet3zszgx8n3kmn2aq84sae8ha9,623,0.9999,170.0,hollow,545,2838675.0,905.6874085426956,905.6138398018413,170.0,735.6138398018413,0.07356874085428444,2836172.156579,pool1uu65k00dp467qsszmqwl6udwnet3zszgx8n3kmn2aq84sae8ha9,0.0002,2502.843421,0.000881694248549059
pool1a2gt2mvuf5zvtqlvw2xgks2efze3p4r985ft62q64lua7gx7lal,623,0.0,170.0,hollow,441,2837370.0,905.2710445460606,170.0,170.0,0.0,735.2710445460606,2725345.952441,pool1a2gt2mvuf5zvtqlvw2xgks2efze3p4r985ft62q64lua7gx7lal,2.3939,112024.047559,0.03948164940032495
pool1anxttanf5g4cjgagns6cf084wq6x9k2pfygjdjyk3swf77wj2ax,623,0.1,170.0,hollow,4,2835095.0,904.5451992645702,243.454519926457,170.0,73.45451992645702,661.0906793381132,2835089.953291,pool1anxttanf5g4cjgagns6cf084wq6x9k2pfygjdjyk3swf77wj2ax,0.0,5.046709,1.7800846179757645e-06
pool10qmnswfc22zm0fscg80gkwqz65ujwjkqmctv8g9l9l58wqtelgg,623,0.008,170.0,hollow,453,2833870.0,904.1543594976138,175.8732348759809,170.0,5.87323487598091,728.2811246216329,2797538.774392,pool10qmnswfc22zm0fscg80gkwqz65ujwjkqmctv8g9l9l58wqtelgg,2.0388,36331.225608,0.012820357182227836
pool1s6x6kltycpxq82hyqhlqllqj3q5l2m8w499gvtu4xrfv29c0q2q,623,0.0199,340.0,hollow,1955,2831727.0,903.4706291950935,351.21306552098235,340.0,11.21306552098236,552.2575636741111,2821710.448656,pool1s6x6kltycpxq82hyqhlqllqj3q5l2m8w499gvtu4xrfv29c0q2q,2.0437,10016.551344,0.003537258833213795
pool1q0memmdw4ktr88fkma53tqgkaqeq3wfc476le59rped4cu8tn4h,623,0.0,340.0,hollow,391,2805699.0,895.1663210691019,340.0,340.0,0.0,555.1663210691019,2778619.541912,pool1q0memmdw4ktr88fkma53tqgkaqeq3wfc476le59rped4cu8tn4h,1.5876,27079.458088,0.009651590597565882
pool1nt65pu06tlggjeaer8862fdju98ddrrxa9wnw3k4lhfvgrrgt85,623,0.0,340.0,hollow,37,2761966.0,881.2131818623249,340.0,340.0,0.0,541.2131818623249,2736958.351506,pool1nt65pu06tlggjeaer8862fdju98ddrrxa9wnw3k4lhfvgrrgt85,1.8084,25007.648494,0.009054292664717814
pool1v4xevkf7fx08pzy7atsk59dds6p0sdyl6xmhwf4mh79x6l5p6kx,623,0.02,340.0,hollow,535,2723319.0,868.8827455573763,350.57765491114753,340.0,10.577654911147526,518.3050906462288,2723319.0,pool1v4xevkf7fx08pzy7atsk59dds6p0sdyl6xmhwf4mh79x6l5p6kx,2.0826,0.0,0.0
pool1568zhphxsnj5mfszwgta5zlvulu67g8f4jn6d3xs2tvas8ffu76,623,0.9999,20000.0,hollow,27,2719943.0,867.8056230649318,867.8056230649318,867.8056230649318,0.0,0.0,2708356.735847,WEP,0.0,11586.264153,0.004259745205322318
pool1ptzt9j6y4jefzkq4vj3z7wa4h492ktlkecggseqvc8f060xuved,623,0.0,200.0,hollow,32,2719264.0,867.5889861655331,200.0,200.0,0.0,667.5889861655331,2635136.83661,pool1ptzt9j6y4jefzkq4vj3z7wa4h492ktlkecggseqvc8f060xuved,1.7289,84127.16339,0.03093747550440119
pool127xwsah7jllutuhen8vl7sve5278h7hhxtnys3cl438dyhuwgjg,623,0.02,340.0,hollow,159,2710771.0,864.8792701322594,350.4975854026452,340.0,10.49758540264519,514.3816847296142,2710760.325069,pool127xwsah7jllutuhen8vl7sve5278h7hhxtnys3cl438dyhuwgjg,1.8301,10.674931,3.937968570565348e-06
pool10mf43thtl3keag50mrlvqa78xkwg7harmu4w5yzr3k7jvw0ap43,623,0.0,190.0,hollow,374,2706385.0,863.4799042401203,190.0,190.0,0.0,673.4799042401203,2702437.040021,pool10mf43thtl3keag50mrlvqa78xkwg7harmu4w5yzr3k7jvw0ap43,1.6561,3947.959979,0.0014587577077910202
pool1jyutduy73e5u9877uns3k9rm0tf4r24j8lrn4xtkjpl3q5sn5mw,623,0.03,170.0,hollow,469,2694253.0,859.6091548093331,190.68827464428,170.0,20.688274644279993,668.9208801650531,2694253.0,pool1jyutduy73e5u9877uns3k9rm0tf4r24j8lrn4xtkjpl3q5sn5mw,2.3994,0.0,0.0
pool1w3xys99a8xmwcwse4tqpqmyqqzykryfc4w7cvvjusej0vnxdlrf,623,0.9999,2000.0,hollow,43,2647068.0,844.5546450919165,844.5546450919165,844.5546450919165,0.0,0.0,2642289.368979,pool1w3xys99a8xmwcwse4tqpqmyqqzykryfc4w7cvvjusej0vnxdlrf,0.0001,4778.631021,0.0018052543497182544
pool1n6z7rf722heq35v2dxvstfwezgdt8cv0mftpv4r9jay3wjk2kkt,623,0.01,340.0,hollow,16,2626005.0,837.8344344703644,344.97834434470366,340.0,4.978344344703644,492.8560901256607,2545959.518502,pool1n6z7rf722heq35v2dxvstfwezgdt8cv0mftpv4r9jay3wjk2kkt,2.0086,80045.481498,0.030481846568456646
pool1dswpls43u0s6cpt0dh2d6npm0rnxh5qcjm9xax9y6fp3uq880xm,623,0.0,170.0,hollow,275,2618018.0,835.2861591898089,170.0,170.0,0.0,665.2861591898089,2602856.212307,pool1dswpls43u0s6cpt0dh2d6npm0rnxh5qcjm9xax9y6fp3uq880xm,1.0058,15161.787693,0.005791322937046269
pool1chfk2749hyrwqqpj9fapredjsgw3fdauyxw3hn82kavqva6nv3w,623,0.0,340.0,hollow,7,2583746.0,824.3515791954189,340.0,340.0,0.0,484.35157919541894,2568551.559847,pool1chfk2749hyrwqqpj9fapredjsgw3fdauyxw3hn82kavqva6nv3w,1.959,15194.440153,0.005880779361825814
pool1tcmk6at0dmkytxgq5j4u7fgsx9kytvfu7gz22lrs8hp9ztu7arw,623,0.1,340.0,balanced,398,2571100.0,820.3168365889454,388.03168365889456,340.0,48.03168365889454,432.28515293005086,1571061.6883160002,pool1tcmk6at0dmkytxgq5j4u7fgsx9kytvfu7gz22lrs8hp9ztu7arw,1.6633,1000038.311684,0.3889534874894014
pool15m78a3nfcepn8ekyzx6sa8yexg7cqseer2ktu26f7l9jjq0e502,623,0.05,340.0,hollow,12,2570802.0,820.221758833392,364.0110879416696,340.0,24.0110879416696,456.2106708917224,2568284.733528,pool15m78a3nfcepn8ekyzx6sa8yexg7cqseer2ktu26f7l9jjq0e502,1.7896,2517.266472,0.0009791755537766034
pool1r8938r4ts8f4t8nsp9xl9dktzapt7f67jgpsp4wrju39xrdnaye,623,0.0085,340.0,hollow,196,2554634.0,815.0633120153102,344.0380381521301,340.0,4.038038152130137,471.0252738631801,2473561.089493,pool1r8938r4ts8f4t8nsp9xl9dktzapt7f67jgpsp4wrju39xrdnaye,2.823,81072.910507,0.031735626515187694
pool1hw3cgyx7tvxh2fpd46k9sqgruu5pfnzt4nxuyv2w7nlmusutda2,623,0.0333,333.0,hollow,106,2539210.0,810.1422405332411,348.88883660975694,333.0,15.888836609756929,461.25340392348414,2505546.396132,pool1hw3cgyx7tvxh2fpd46k9sqgruu5pfnzt4nxuyv2w7nlmusutda2,1.7321,33663.603868,0.013257510748618664
pool15wj590e6gsmpmttrxjd0emck09a0h9tazd2ww77q6duyvg8lyum,623,0.03,340.0,hollow,1033,2532284.0,807.9324803488006,354.037974410464,340.0,14.037974410464017,453.8945059383366,2504961.722308,pool15wj590e6gsmpmttrxjd0emck09a0h9tazd2ww77q6duyvg8lyum,0.0,27322.277692,0.010789578772365185
pool1c2utlagkpht4zj0jetsf245c258geuxnjqp9kf4f2z9rutx9dz4,623,0.05,170.0,hollow,438,2506934.0,799.8444900693366,201.49222450346684,170.0,31.492224503466833,598.3522655658699,2372754.74813,pool1c2utlagkpht4zj0jetsf245c258geuxnjqp9kf4f2z9rutx9dz4,1.9329,134179.25187,0.05352324866550137
pool1ck8rqpxp7j8kyzutk856fnvgm8xsqmuh922wkeeg32ekjjrvtc0,623,0.0,340.0,hollow,29,2489291.0,794.2154402665523,340.0,340.0,0.0,454.21544026655226,2488795.659987,pool1ck8rqpxp7j8kyzutk856fnvgm8xsqmuh922wkeeg32ekjjrvtc0,1.2992,495.340013,0.00019898839187543763
pool1arsqn9w87wpqlm0sre66gs79dcs0jmwulytgke3vut7u62lttu7,623,0.018,170.0,hollow,468,2487772.0,793.7307989555264,181.22715438119948,170.0,11.227154381199474,612.5036445743269,2487526.564785,pool1arsqn9w87wpqlm0sre66gs79dcs0jmwulytgke3vut7u62lttu7,2.4373,245.435215,9.865663533474933e-05
pool1hfn7yuwfyhmmqe4qpaxfewuly7cnemc6kqkv5npytj9vcrskh6j,623,0.025,340.0,hollow,236,2477465.0,790.4423210142864,351.26105802535716,340.0,11.261058025357162,439.1812629889293,2427367.443314,pool1hfn7yuwfyhmmqe4qpaxfewuly7cnemc6kqkv5npytj9vcrskh6j,2.3193,50097.556686,0.020221297449610792
pool1egunxfppwtglyu3t864uq76y0zu05s7pjda3e9g95nwlwc5ye2h,623,0.009,170.0,balanced,130,2459773.0,784.7976376208238,175.53317873858742,170.0,5.533178738587414,609.2644588822363,1780714.038983,pool1egunxfppwtglyu3t864uq76y0zu05s7pjda3e9g95nwlwc5ye2h,1.8693,679058.961017,0.27606570241115747
pool18vj02k4taarxxsdr36jxftcc5x270vsysp078j0n3v0njh0dt9x,623,0.0,170.0,hollow,9,2453994.0,782.9538310794028,170.0,170.0,0.0,612.9538310794028,2450757.368627,pool18vj02k4taarxxsdr36jxftcc5x270vsysp078j0n3v0njh0dt9x,2.2579,3236.631373,0.0013189239146468982
pool1py2uxkvuj926h42s40wxl26dh0ggaq882v4m0hkd99m86vzmwnz,623,0.05,340.0,hollow,43,2452787.0,782.5687342641243,362.1284367132062,340.0,22.128436713206213,420.44029755091805,2349010.511434,pool1py2uxkvuj926h42s40wxl26dh0ggaq882v4m0hkd99m86vzmwnz,1.9934,103776.488566,0.0423096210824666
pool1jsxk3ymqv2gdc6mhqk52544g2aun4zhq5wgx6n32l5s3jlne70n,623,0.03,170.0,hollow,47,2433993.0,776.5724546068365,188.1971736382051,170.0,18.197173638205093,588.3752809686314,2391179.337334,pool1jsxk3ymqv2gdc6mhqk52544g2aun4zhq5wgx6n32l5s3jlne70n,1.3392,42813.662666,0.017589887343965244
pool189lfh7azuvxu0hyskwahnp35rtez0mzhsmule3742p3jkza00cq,623,0.0,170.0,hollow,145,2419329.0,771.8938633067157,170.0,170.0,0.0,601.8938633067157,2418316.529107,pool189lfh7azuvxu0hyskwahnp35rtez0mzhsmule3742p3jkza00cq,2.3834,1012.470893,0.000418492438605911
pool1kvd03hq8kp0hnxq9lq598a5amrvauj9m386rwx7ydawvjdskwnh,623,0.0,170.0,hollow,416,2410139.0,768.9617674223657,170.0,170.0,0.0,598.9617674223657,2410139.0,pool1kvd03hq8kp0hnxq9lq598a5amrvauj9m386rwx7ydawvjdskwnh,1.4559,0.0,0.0
pool1twd9vvegn3fqq0f4n08p3aml2ud8q87njs49900rycj4sr5hhcy,623,0.01,340.0,hollow,291,2402860.0,766.6393815744675,344.26639381574466,340.0,4.266393815744675,422.37298775872284,2393444.036664,OCEAN,2.3482,9415.963336,0.003918648334068568
pool1e4tjrl3ve7dcqwa70pexds6f8llk0txx09gm3r4m472ej4p6473,623,0.01,340.0,hollow,271,2393053.0,763.5104300687199,344.2351043006872,340.0,4.2351043006871985,419.27532576803264,2393050.582787,ONE_PERCENT,2.1761,2.417213,1.0100958900617745e-06
pool1cew2q6pge250exctkq26lyl0w95923xxa54thd79nv8xy9j3xe6,623,0.02,170.0,hollow,81,2392833.0,763.4402384371033,181.86880476874205,170.0,11.868804768742066,581.5714336683612,2391558.196998,pool1cew2q6pge250exctkq26lyl0w95923xxa54thd79nv8xy9j3xe6,1.641,1274.803002,0.0005327588686715705
pool1efxh54fk0dj5uu2e4eu08klxl5ys3saphv3kec33kw3xv8738sc,623,0.025,340.0,hollow,436,2351481.0,750.246764116141,350.2561691029035,340.0,10.256169102903526,399.99059501323745,2346434.311031,KAIZN,2.2565,5046.688969,0.0021461746741734252
pool1fkg3cr9en57ccsmnde20eevkaeu3elp0h4yyqk3udkkxzhl70ju,623,0.03,340.0,hollow,7,2331918.0,744.0051328010659,352.12015398403196,340.0,12.120153984031976,391.8849788170339,2324061.316637,pool1fkg3cr9en57ccsmnde20eevkaeu3elp0h4yyqk3udkkxzhl70ju,1.6514,7856.683363,0.003369193669331426
pool10q2fhzwe4f5k2llny65z5z2fuhrpk3x56fdc0782djdq58p9uee,623,0.0,340.0,hollow,41,2315768.0,738.8524289346618,340.0,340.0,0.0,398.8524289346618,2288394.293462,pool10q2fhzwe4f5k2llny65z5z2fuhrpk3x56fdc0782djdq58p9uee,2.2574,27373.706538,0.011820573795820652
pool1lmzhzkdvkh67a8hjcexlhajkk8f7kz2tf35frjut6creqs2kedg,623,1.0,340.0,hollow,2,2287305.0,729.7712270678223,729.7712270678223,340.0,389.77122706782234,0.0,2233860.557732,pool1lmzhzkdvkh67a8hjcexlhajkk8f7kz2tf35frjut6creqs2kedg,0.0,53444.442268,0.023365682437628564
pool137j9xuzycq4jxfpsmjnc75w2wnpz68khlwvsh69kt5negg6ldhg,623,0.01,170.0,hollow,212,2275923.0,726.1397672902737,175.56139767290273,170.0,5.561397672902737,550.578369617371,2271431.603595,pool137j9xuzycq4jxfpsmjnc75w2wnpz68khlwvsh69kt5negg6ldhg,1.9963,4491.396405,0.0019734395254145244
pool1cg559cdc25fkvs73umj6w5nxlwy3mpmj02xt7p4v69eqs5ncz9k,623,0.0,170.0,hollow,502,2251571.0,718.3701917760525,170.0,170.0,0.0,548.3701917760525,2056520.3212310001,pool1cg559cdc25fkvs73umj6w5nxlwy3mpmj02xt7p4v69eqs5ncz9k,1.6054,195050.678769,0.08662870447745152
pool185ev4czpm5hc9xud25xlcz5lhpnl2jztqas6mgxujqke7j5mdzc,623,0.0,340.0,hollow,1180,2242344.0,715.426290935476,340.0,340.0,0.0,375.426290935476,2237622.247013,pool185ev4czpm5hc9xud25xlcz5lhpnl2jztqas6mgxujqke7j5mdzc,1.5632,4721.752987,0.002105721953009886
pool1wxn9nsl8rvxa6r8e5eaak0ml6etfxnz2n9vqrmsw5nzgyexgkrn,623,0.01,340.0,balanced,741,2218607.0,707.8529329369105,343.6785293293691,340.0,3.6785293293691055,364.1744036075414,1678221.474914,pool1wxn9nsl8rvxa6r8e5eaak0ml6etfxnz2n9vqrmsw5nzgyexgkrn,0.0,540385.525086,0.2435697377165041
pool13r4e7tttcxp4qfs4gqtv0hz5k48qdhhxrskz8pjrj6fqy5qmee0,623,0.0,170.0,hollow,86,2218555.0,707.8363421876193,170.0,170.0,0.0,537.8363421876193,2181505.284188,pool13r4e7tttcxp4qfs4gqtv0hz5k48qdhhxrskz8pjrj6fqy5qmee0,1.4843,37049.715812,0.016699931176824556
pool19rz6ve8nz6uvq97yspwh3fvt7w03dsjsnmft6du83hvtc324dus,623,0.05,340.0,hollow,10,2216655.0,707.2301417327482,358.3615070866374,340.0,18.36150708663741,348.86863464611076,2166242.619581,WEP,1.4231,50412.380419,0.022742546954307278
pool1cjz6kg9a8ug9uk0nc59q60a67c2628ms58rd98gq587jwa2x5qt,623,0.0,340.0,hollow,1710,2209544.0,704.9613567671755,340.0,340.0,0.0,364.9613567671755,2208848.696262,pool1cjz6kg9a8ug9uk0nc59q60a67c2628ms58rd98gq587jwa2x5qt,0.0,695.303738,0.00031468200587994626
pool1dkww2vlysa8lsnuf5rca979zdsyr3zvt59hu7e420yxfunkka2z,623,0.018,340.0,hollow,135,2207766.0,704.3940807625646,346.5590934537262,340.0,6.559093453726162,357.83498730883844,2166646.362066,pool1dkww2vlysa8lsnuf5rca979zdsyr3zvt59hu7e420yxfunkka2z,2.0875,41119.637934,0.01862499827155595
pool1qqq9tqyj69j9kygpxza3h82ynh8d0xlueucnu2yqum8nse8hj7y,623,0.025,170.0,hollow,340,2206312.0,703.9301778881527,183.34825444720383,170.0,13.348254447203818,520.5819234409489,2148047.659077,pool1qqq9tqyj69j9kygpxza3h82ynh8d0xlueucnu2yqum8nse8hj7y,1.849,58264.340923,0.026408024306172475
pool1n4fq4gw6snzqjep3pylj8dc6aaa4xgn78gl58k360dqdw6a58g8,623,0.0369,340.0,hollow,46,2199424.0,701.7325417128096,353.3479307892027,340.0,13.347930789202676,348.38461092360694,2028946.149595,pool1n4fq4gw6snzqjep3pylj8dc6aaa4xgn78gl58k360dqdw6a58g8,2.5639,170477.850405,0.07751022558860865
pool1m3gg43uhtetn4hmw79u8836dyq8qe4cex8qnn6mks5egza7n6tp,623,1.0,340.0,hollow,1963,2175380.0,694.0612344828518,694.0612344828518,340.0,354.0612344828518,0.0,2172304.773733,pool1m3gg43uhtetn4hmw79u8836dyq8qe4cex8qnn6mks5egza7n6tp,1.2383,3075.226267,0.0014136501516976345
pool1l5kwfudnqrhw3k4lwzcppu36nun9puvvr7xnanuz8a2zx4jaek5,623,0.042,340.0,hollow,267,2168239.0,691.7828779311495,354.77488087310826,340.0,14.77488087310828,337.00799705804127,2168239.0,pool1l5kwfudnqrhw3k4lwzcppu36nun9puvvr7xnanuz8a2zx4jaek5,2.3623,0.0,0.0
pool19ru9alj7n5anmzs0f9gpzlj8kaq44yhcp45mldjvldxck8f6yg6,623,0.01,340.0,hollow,791,2166976.0,691.3799141550958,343.513799141551,340.0,3.5137991415509577,347.8661150135448,2165348.39298,RAY,2.1211,1627.60702,0.0007510960066009037
pool1j3umdcuxcewcxz98wm3sx5xqwgxx0v7z376xyjfq4jgejpvv8fz,623,0.02,340.0,hollow,494,2166922.0,691.3626853000626,347.02725370600126,340.0,7.027253706001252,344.33543159406133,2166909.895977,pool1j3umdcuxcewcxz98wm3sx5xqwgxx0v7z376xyjfq4jgejpvv8fz,3.1723,12.104023,5.585813887163451e-06
pool1xc6la5z92seku86c4rdnuvxjdc3fh8pdtanlgxdy99cxjrkhzkd,623,0.2,340.0,hollow,6,2139767.0,682.6988045884711,408.53976091769425,340.0,68.53976091769424,274.1590436707769,2089668.50354,pool1xc6la5z92seku86c4rdnuvxjdc3fh8pdtanlgxdy99cxjrkhzkd,0.0,50098.49646,0.023413061543616664
pool1gm4mcrf8mytfetsj6ykulrmv4j70y7fhceawgdg2h09t5rtt7cf,623,0.02,170.0,hollow,81,2115049.0,674.8124557234695,180.0962491144694,170.0,10.09624911446939,494.7162066090001,2106608.80096,pool1gm4mcrf8mytfetsj6ykulrmv4j70y7fhceawgdg2h09t5rtt7cf,1.8188,8440.19904,0.003990545391619769
pool1ncg357pkgx29g6jrwunk94pwxe409ktxyrw8s0k66vwkc4qdgnu,623,0.01,340.0,hollow,49,2087259.0,665.9459764388027,343.25945976438805,340.0,3.2594597643880276,322.6865166744147,2054533.129914,pool1ncg357pkgx29g6jrwunk94pwxe409ktxyrw8s0k66vwkc4qdgnu,2.2473,32725.870086,0.01567887362612881
pool1vpa84enqxhh5hnyypeqfshsgqhnjfzyddgq7z4tfmavh68c9s9p,623,0.01,340.0,hollow,54,2087071.0,665.8859944990576,343.2588599449906,340.0,3.2588599449905757,322.62713455406697,2048745.540734,pool1vpa84enqxhh5hnyypeqfshsgqhnjfzyddgq7z4tfmavh68c9s9p,3.0964,38325.459266,0.018363275262796522
pool1h4gwh638485yd0xcw0pkrm935nvm4aecqsxjx2yzzz0u6dfj73q,623,0.25,340.0,hollow,69,2048250.0,653.5000429945578,418.37501074863945,340.0,78.37501074863945,235.12503224591836,2048203.13759,pool1h4gwh638485yd0xcw0pkrm935nvm4aecqsxjx2yzzz0u6dfj73q,2.062,46.86241,2.2879243256438422e-05
pool1lrnyqdlrj97d0ju5j6d9xa8prw0xeyumfd53rz5wk3gf7czqzjz,623,0.01,340.0,hollow,572,2038013.0,650.2338987542867,343.10233898754285,340.0,3.1023389875428666,307.1315597667438,1924013.890751,pool1lrnyqdlrj97d0ju5j6d9xa8prw0xeyumfd53rz5wk3gf7czqzjz,2.8096,113999.109249,0.055936399448384286
pool1utqhj9g53a5cwg7tyd8neky7jvjlgzuf470adc0e69cp5uuquzx,623,0.01,340.0,hollow,88,2025880.0,646.3628302706285,343.06362830270626,340.0,3.063628302706285,303.2992019679222,1871404.79138,pool1utqhj9g53a5cwg7tyd8neky7jvjlgzuf470adc0e69cp5uuquzx,2.5604,154475.20862,0.07625091743834778
pool190a9js7lk9lvmrngre7w268z9tz9xs9yz77audvw8ag4jerfdhx,623,0.03,340.0,hollow,144,2022666.0,645.3373943432834,349.1601218302985,340.0,9.160121830298504,296.1772725129849,1891427.233915,pool190a9js7lk9lvmrngre7w268z9tz9xs9yz77audvw8ag4jerfdhx,2.3158,131238.766085,0.06488405208027426
pool1l54qvzlg2jfalkcram9kxsa8vcmgy0fz845q5gptjq8k20kzg2r,623,0.01,340.0,hollow,132,2018006.0,643.8506079644944,343.03850607964495,340.0,3.0385060796449443,300.8121018848495,1884789.311749,pool1l54qvzlg2jfalkcram9kxsa8vcmgy0fz845q5gptjq8k20kzg2r,1.4192,133216.688251,0.06601401990430159
pool193rdch53x9c53rmftlqgzj22vmz6w8z8hhut2ckzd2zej45zpap,623,0.01,170.0,hollow,86,2016128.0,643.251426672785,174.73251426672786,170.0,4.73251426672785,468.5189124060571,2005946.465916,pool193rdch53x9c53rmftlqgzj22vmz6w8z8hhut2ckzd2zej45zpap,2.2929,10181.534084,0.005050043491286268
pool1jgwu8lq3dqddnnx7prymcgcyrqy0fdlghg33he2hmw9t2gma3zd,623,0.02,340.0,hollow,635,2010670.0,641.51003610295,346.030200722059,340.0,6.030200722059001,295.479835380891,2010657.101983,KIWI,2.2848,12.898017,6.4147856187241066e-06
pool1dww6s8stvm7dl2n8740s3v5rnxmsuqcl8jcnu64g7cds5w29pft,623,0.01,340.0,hollow,96,2009063.0,640.9973181392776,343.00997318139275,340.0,3.009973181392776,297.98734495788483,2009060.582787,ONE_PERCENT,1.7963,2.417213,1.2031544058100717e-06
pool1tc6cy0cqknsm49cvsz0mksajfvlmh3vvcp8ngtmspycgx932w6g,623,0.0,170.0,hollow,11,1967057.0,627.5951832406913,170.0,170.0,0.0,457.5951832406913,1954310.974237,pool1tc6cy0cqknsm49cvsz0mksajfvlmh3vvcp8ngtmspycgx932w6g,1.6127,12746.025763,0.006479743984541373
pool1gq07hfmull6etsr23l36cvwgfkym6jqn4q2dz5vz4y446yat70t,623,1.0,340.0,hollow,2,1941746.0,619.5196360231957,619.5196360231957,340.0,279.51963602319574,0.0,1941746.0,pool1gq07hfmull6etsr23l36cvwgfkym6jqn4q2dz5vz4y446yat70t,0.0,0,0.0
pool1gztqypddgmycs0fjat62k5f2kt4zjck4l4f2ffrsmagj2w8zkq3,623,0.01,340.0,balanced,7,1938633.0,618.5264244358201,342.7852642443582,340.0,2.785264244358201,275.7411601914619,1704190.36236,pool1gztqypddgmycs0fjat62k5f2kt4zjck4l4f2ffrsmagj2w8zkq3,0.0,234442.63764,0.12093193381109266
pool1ekhy5xsgjaq38em75vevk8df0k0rljju77tljw288ys5kumqce5,623,0.0,340.0,hollow,1660,1930904.0,616.0604647959789,340.0,340.0,0.0,276.0604647959789,1930900.275376,pool1ekhy5xsgjaq38em75vevk8df0k0rljju77tljw288ys5kumqce5,0.0,3.724624,1.928953484999772e-06
pool1dqlgn7smehsnj5ztz8almy2036lfhrdjv79nmg9tmje0zzt620h,623,0.0,340.0,hollow,396,1926898.0,614.7823389948138,340.0,340.0,0.0,274.7823389948138,1916882.356687,pool1dqlgn7smehsnj5ztz8almy2036lfhrdjv79nmg9tmje0zzt620h,2.9172,10015.643313,0.005197806688781659
pool1helzgcd9sjm9xtyh9mw2wy06gekh6r52s6mx987q0p8lvklwura,623,0.015,340.0,hollow,933,1910664.0,609.6028346872471,344.0440425203087,340.0,4.0440425203087065,265.55879216693836,1878278.495795,pool1helzgcd9sjm9xtyh9mw2wy06gekh6r52s6mx987q0p8lvklwura,2.3886,32385.504205,0.016949868844024905
pool104v7kzpq86r0wnfsz8r7jeld2raap92qq84trjcqk62zyh9akqt,623,0.0,170.0,hollow,177,1892180.0,603.7054614199645,170.0,170.0,0.0,433.70546141996454,1867095.560476,pool104v7kzpq86r0wnfsz8r7jeld2raap92qq84trjcqk62zyh9akqt,2.1317,25084.439524,0.013256899197750744
pool1030vz0wxheg0dvarr8hmeavelpszmp52qucs68c7wc9uga6n6e4,623,0.01,340.0,hollow,1533,1887358.0,602.166988476076,342.62166988476076,340.0,2.6216698847607596,259.5453185913152,1794935.62499,pool1030vz0wxheg0dvarr8hmeavelpszmp52qucs68c7wc9uga6n6e4,1.4045,92422.37501,0.04896918073306707
pool1af7dmzgcyp9kc5lyrtrtpsce58l6j5cjvc8wavkwmzlr53ym50v,623,0.02,200.0,balanced,109,1869616.0,596.5063524390641,207.9301270487813,200.0,7.930127048781283,388.57622539028284,1619443.165635,pool1af7dmzgcyp9kc5lyrtrtpsce58l6j5cjvc8wavkwmzlr53ym50v,1.8501,250172.834365,0.1338097418748021
pool1jmx55w5ydjkn4xd58gmr9xgt5t46ngs48aek779t92e7zcqfw97,623,0.01,340.0,hollow,415,1865522.0,595.2001499852526,342.5520014998525,340.0,2.552001499852526,252.64814848540004,1761230.090483,pool1jmx55w5ydjkn4xd58gmr9xgt5t46ngs48aek779t92e7zcqfw97,1.8471,104291.909517,0.05590494752514309
pool1q2fh3cl6rx0wv5gry4qx5l4h65qpjf7x99xmq66nqj2fj5g6u9z,623,0.0,170.0,hollow,172,1862800.0,594.3316880704319,170.0,170.0,0.0,424.33168807043194,1862616.427842,pool1q2fh3cl6rx0wv5gry4qx5l4h65qpjf7x99xmq66nqj2fj5g6u9z,2.1079,183.572158,9.854635924414859e-05
pool12dcwy586prq83qggtfvaxwdpys9dw4sl2yahrdjyjxsqzcq84rk,623,0.0,170.0,hollow,30,1849137.0,589.972468694167,170.0,170.0,0.0,419.972468694167,1814764.705657,pool12dcwy586prq83qggtfvaxwdpys9dw4sl2yahrdjyjxsqzcq84rk,1.1823,34372.294343,0.018588289749758943
pool18heqrjtge2emf2hes4mdxkr76y99zztkqk4qtjr9dul0vuur0yu,623,0.0,170.0,hollow,26,1846268.0,589.0571060073117,170.0,170.0,0.0,419.05710600731175,1747008.839471,pool18heqrjtge2emf2hes4mdxkr76y99zztkqk4qtjr9dul0vuur0yu,1.982,99259.160529,0.05376205433284875
pool1j3kzujz0m07detlksr26sx7smft8xn280695zgu60zjhge9566f,623,1.0,290.0,hollow,3,1839404.0,586.8671271008723,586.8671271008723,290.0,296.86712710087227,0.0,1818752.655808,pool1j3kzujz0m07detlksr26sx7smft8xn280695zgu60zjhge9566f,0.0,20651.344192,0.01122719326042566
pool1mcvq2z34f9cfdmkd97famsh20ekqtndw246ny5e8ug3mxfdf4zq,623,0.01,170.0,balanced,91,1832837.0,584.7719068971153,174.14771906897116,170.0,4.147719068971153,410.62418782814416,1562465.644109,pool1mcvq2z34f9cfdmkd97famsh20ekqtndw246ny5e8ug3mxfdf4zq,1.5909,270371.355891,0.1475152214250367
pool150hft90uw7tzr9uvj7tqkjp4u98a9hl20llj3n9ew76kkfm768r,623,0.0033,170.0,hollow,81,1826897.0,582.8767328434657,171.36249321838343,170.0,1.3624932183834366,411.51423962508227,1794567.494178,pool150hft90uw7tzr9uvj7tqkjp4u98a9hl20llj3n9ew76kkfm768r,3.1143,32329.505822,0.017696403148070198
pool18p7p752cjnf9z8g70ygkre5cstwmgfatzuqm0tm3n2xf739j8k8,623,0.0,170.0,hollow,170,1815716.0,579.309402692985,170.0,170.0,0.0,409.30940269298503,1815661.910979,pool18p7p752cjnf9z8g70ygkre5cstwmgfatzuqm0tm3n2xf739j8k8,2.3103,54.089021,2.9789361882585163e-05
pool1k99yncea8tq9pfeks3yymyj6fwjf4apx0s490j09m4y66vtyufr,623,0.0,340.0,hollow,83,1813705.0,578.6677873694346,340.0,340.0,0.0,238.66778736943456,1731940.601668,pool1k99yncea8tq9pfeks3yymyj6fwjf4apx0s490j09m4y66vtyufr,1.9605,81764.398332,0.04508142081099186
pool1nhd907krga9dh69kf0jg4tl0764rravepy337gptvsknxyyx94k,623,0.01,170.0,hollow,822,1806504.0,576.3702876454732,174.06370287645473,170.0,4.063702876454732,402.3065847690185,1708696.88753,pool1nhd907krga9dh69kf0jg4tl0764rravepy337gptvsknxyyx94k,1.41,97807.11247,0.05414165286653115
pool18t0u9vf408ftjf9xdpj47gdwkeq3jz3jqyshumm7fvtfkcq7ul7,623,0.0,340.0,balanced,42,1802918.0,575.2261640501218,340.0,340.0,0.0,235.22616405012184,108874.71022400004,pool18t0u9vf408ftjf9xdpj47gdwkeq3jz3jqyshumm7fvtfkcq7ul7,1.5144,1694043.289776,0.939611945621487
pool1zkdaju2rjefa52uh6yh6etsxla0x6aqs6p6wm245y5szk7k3msd,623,0.025,340.0,hollow,637,1778076.0,567.3002526291182,345.68250631572795,340.0,5.682506315727955,221.61774631339023,1762714.930618,pool1zkdaju2rjefa52uh6yh6etsxla0x6aqs6p6wm245y5szk7k3msd,2.5066,15361.069382,0.00863915230957507
pool1jayej3rwf5ynfmmu7583x3w2j73dcedtflgnazdezfn3kl6062x,623,0.9999,340.0,hollow,19,1774408.0,566.129966698346,566.1073537016762,340.0,226.1073537016762,0.022612996669863605,1609474.338227,pool1jayej3rwf5ynfmmu7583x3w2j73dcedtflgnazdezfn3kl6062x,0.0002,164933.661773,0.09295137407687522
pool1da9msyhpfmt58vrdkk7lpzgwldvc0t7q46kvpcyvvpff7347lsp,623,0.1,170.0,hollow,3,1770828.0,564.9877574202205,209.49877574202205,170.0,39.498775742022055,355.48898167819846,1770818.179273,FIGMENT,2.3132,9.820727,5.545839008644543e-06
pool1gpz25s2aasmqnh9tg8a2rxmyxuvmj5s779htxk295e9ajnzjflc,623,0.0,340.0,hollow,136,1753145.0,559.3459455025969,340.0,340.0,0.0,219.34594550259692,1690201.208659,pool1gpz25s2aasmqnh9tg8a2rxmyxuvmj5s779htxk295e9ajnzjflc,2.5934,62943.791341,0.0359033573041591
pool1f6lnuxzw90mmd399nxqjvzyyxgmf4h3cp7j6pp5s7xmps86arct,623,0.01,170.0,hollow,183,1746535.0,557.2370060253876,173.87237006025387,170.0,3.8723700602538758,383.36463596513374,1710147.958457,pool1f6lnuxzw90mmd399nxqjvzyyxgmf4h3cp7j6pp5s7xmps86arct,1.8284,36387.041543,0.020833846182870656
pool15zn2lqq4849ujttuthaycpamnyr8ae9k2pn2fkrlfzzsx4ek0tc,623,0.0,335.0,hollow,933,1725732.0,550.5997491502914,335.0,335.0,0.0,215.59974915029136,1713358.340177,pool15zn2lqq4849ujttuthaycpamnyr8ae9k2pn2fkrlfzzsx4ek0tc,0.0,12373.659823,0.007170093515679143
pool1ntwurms3f0j4kqe5wfpg9chlasylp0lmuw72m4fn66vnuyrvs8v,623,0.0,170.0,hollow,45,1705094.0,544.0151359989076,170.0,170.0,0.0,374.01513599890757,1704105.007391,pool1ntwurms3f0j4kqe5wfpg9chlasylp0lmuw72m4fn66vnuyrvs8v,3.3251,988.992609,0.0005800223383578852
pool1rj6apcqxcvavaxp22f75zs9upphena7ntsnut2efvq98g4404up,623,0.01,930.0,hollow,401,1697804.0,541.6892405694286,541.6892405694286,541.6892405694286,0.0,0.0,1684147.151931,pool1rj6apcqxcvavaxp22f75zs9upphena7ntsnut2efvq98g4404up,1.4179,13656.848069,0.008043830777286425
pool1m83drqwlugdt9jn7jkz8hx3pne53acfkd539d9cj8yr92dr4k9y,623,0.01,340.0,hollow,124,1688400.0,538.6888673706878,341.98688867370686,340.0,1.9868886737068783,196.70197869698097,1666153.124342,pool1m83drqwlugdt9jn7jkz8hx3pne53acfkd539d9cj8yr92dr4k9y,3.2395,22246.875658,0.01317630635986733
pool1gu33fszp9ek0w9fkdt2xpnp4vznvvv2vhktc0dypa8fr53lc9pc,623,0.01,170.0,balanced,177,1678363.0,535.4865337046137,173.65486533704615,170.0,3.6548653370461377,361.8316683675676,1413623.534371,pool1gu33fszp9ek0w9fkdt2xpnp4vznvvv2vhktc0dypa8fr53lc9pc,0.0,264739.465629,0.15773671466125028
pool14ajz2t680q2c7tekek3eqazhnapfl3l4w3cep9tnh9ym6jhph8m,623,0.03,170.0,hollow,23,1676511.0,534.8956477875499,180.9468694336265,170.0,10.946869433626498,353.94877835392344,1614751.797218,pool14ajz2t680q2c7tekek3eqazhnapfl3l4w3cep9tnh9ym6jhph8m,1.9635,61759.202782,0.036837934723959465
pool1vqm5n5d503uumuc89s5y4wuczrwe3tlgylt2u2uj7y276avr5pl,623,0.03,340.0,hollow,800,1658079.0,529.0148652695586,345.67044595808676,340.0,5.670445958086759,183.34441931147188,1657041.336384,pool1vqm5n5d503uumuc89s5y4wuczrwe3tlgylt2u2uj7y276avr5pl,3.8704,1037.663616,0.0006258227840772364
pool1n7s5kpymwd0zsld8q23tpf7z5esjaqwmnnzzssee5630zpx5ww0,623,0.0,170.0,hollow,216,1641881.0,523.8468468653473,170.0,170.0,0.0,353.8468468653473,1487054.648147,pool1n7s5kpymwd0zsld8q23tpf7z5esjaqwmnnzzssee5630zpx5ww0,1.2322,154826.351853,0.09429815671964047
pool1dy7tz7eyf2qal2jcns4qwm4xqn34gc4rj9dz34kfs6zuju477k7,623,0.0,340.0,hollow,243,1638620.0,522.8064154530659,340.0,340.0,0.0,182.80641545306594,1611860.458727,pool1dy7tz7eyf2qal2jcns4qwm4xqn34gc4rj9dz34kfs6zuju477k7,1.3802,26759.541273,0.016330535006896046
pool1ah6f5h5xss3qcc5wv5smvkwsqrqz2v2v4u0pvmrrttzs6z52kx8,623,0.1,170.0,hollow,4,1628705.0,519.6430062372519,204.9643006237252,170.0,34.964300623725194,314.67870561352674,1628699.953291,pool1ah6f5h5xss3qcc5wv5smvkwsqrqz2v2v4u0pvmrrttzs6z52kx8,0.0,5.046709,3.0986022637617e-06
pool1je2n5smmnyn3lh92xrp8nepjyfp596ypga6pmdecwtcrcj9uvec,623,0.015,170.0,hollow,279,1613678.0,514.8485987449637,175.17272898117446,170.0,5.172728981174456,339.67586976378925,1461206.222538,pool1je2n5smmnyn3lh92xrp8nepjyfp596ypga6pmdecwtcrcj9uvec,2.6098,152471.777462,0.09448711419626468
pool1js570lkcs6t3pwsj3eda0zz43mc5gm922ae5rdxcfn84gu5uyrg,623,0.02,340.0,balanced,26,1604860.0,512.0351905286201,343.4407038105724,340.0,3.4407038105724017,168.59448671804768,1412447.891755,pool1js570lkcs6t3pwsj3eda0zz43mc5gm922ae5rdxcfn84gu5uyrg,1.9545,192412.108245,0.1198933914765151
pool1cpr59c88ps8499gtgegr3muhclr7dln35g9a3rqmv4dkxg9n3h8,623,0.01,170.0,hollow,228,1590373.0,507.41307158666365,173.37413071586664,170.0,3.3741307158666367,334.038940870797,1590283.932604,pool1cpr59c88ps8499gtgegr3muhclr7dln35g9a3rqmv4dkxg9n3h8,2.0345,89.067396,5.6004092121785265e-05
pool1vn0mxlvhm4l8pcft3jp5pxh4nhh89qevdg2xu6s6sdqvvs4ft28,623,0.1,170.0,hollow,3,1584056.0,505.3976146006529,203.53976146006528,170.0,33.53976146006529,301.8578531405876,1584050.953291,pool1vn0mxlvhm4l8pcft3jp5pxh4nhh89qevdg2xu6s6sdqvvs4ft28,0.5946,5.046709,3.1859410273374174e-06
pool1c30lqt59t8sjn5lg04r5wk5eucxa5h9cj05xs9gzc8lngl4cmta,623,0.019,170.0,hollow,170,1579545.0,503.95836709964055,176.34520897489318,170.0,6.34520897489317,327.6131581247474,1550228.052129,pool1c30lqt59t8sjn5lg04r5wk5eucxa5h9cj05xs9gzc8lngl4cmta,1.883,29316.947871,0.018560375216280636
pool1q7wrwstqkzhrffdzpw8ftfd4epmxywdjnp8384atjcnezchv242,623,0.01,170.0,hollow,305,1560429.0,497.8593524178957,173.27859352417894,170.0,3.278593524178957,324.58075889371673,1555001.611837,pool1q7wrwstqkzhrffdzpw8ftfd4epmxywdjnp8384atjcnezchv242,2.6058,5427.388163,0.003478138488197797
pool1sdvrd0sxh2mprqc3m9zmvrfccavzpz9r2uancg866hpec7nnt0s,623,0.0,170.0,hollow,20,1559406.0,497.53296133087827,170.0,170.0,0.0,327.53296133087827,1518693.02087,pool1sdvrd0sxh2mprqc3m9zmvrfccavzpz9r2uancg866hpec7nnt0s,2.2149,40712.97913,0.026108004669726806
pool1cduc7ut6grhqyavrmm3gzcdf4qfdsjk7vdwcxy9c0r5fyaxh2sq,623,0.0189,340.0,hollow,294,1558281.0,497.1740268510204,342.9705891074843,340.0,2.970589107484286,154.20343774353614,1544767.069038,CRDNS,1.9654,13513.930962,0.008672332501005917
pool1vc8jhqtwjrjwsfk6a0enx47hd2ufg98c34ta6lvl0zv0uhpech9,623,0.0,170.0,hollow,177,1557484.0,496.9197417128455,170.0,170.0,0.0,326.9197417128455,1427689.710161,pool1vc8jhqtwjrjwsfk6a0enx47hd2ufg98c34ta6lvl0zv0uhpech9,1.3673,129794.289839,0.08333587365199258
pool1vflcm2fde9qyzcr0lkkv4httte3xep6sycasrtaxw6rt2me3vwp,623,0.0,170.0,hollow,27,1541205.0,491.72588002608444,170.0,170.0,0.0,321.72588002608444,1474196.038458,pool1vflcm2fde9qyzcr0lkkv4httte3xep6sycasrtaxw6rt2me3vwp,1.1973,67008.961542,0.04347829233748918
pool1qeqylk3pnenvt3j4mah2dafcnd3h8uc3fqhvfzrxlxf3xuvdvvp,623,0.9999,340.0,hollow,3,1533601.0,489.29980199511624,489.28487201491674,340.0,149.28487201491674,0.014929980199497095,1530256.066693,pool1qeqylk3pnenvt3j4mah2dafcnd3h8uc3fqhvfzrxlxf3xuvdvvp,0.0002,3344.933307,0.002181097499936424
pool1sm2kmdn4f9rat3kl67y9drqcnnqc34zg4f4ufmnrfaj45gcv89d,623,0.0025,170.0,balanced,57,1532199.0,488.85248986999557,170.79713122467498,170.0,0.797131224674989,318.05535864532055,1362625.102794,pool1sm2kmdn4f9rat3kl67y9drqcnnqc34zg4f4ufmnrfaj45gcv89d,1.9768,169573.897206,0.11067354645578022
pool1zwqrrwpr5zx7c3f4ukpu4r4fz5c2hkwx9vwqka5068urgqvpjzr,623,0.03,170.0,hollow,238,1531825.0,488.73316409624726,179.5619949228874,170.0,9.561994922887418,309.1711691733599,1531825.0,pool1zwqrrwpr5zx7c3f4ukpu4r4fz5c2hkwx9vwqka5068urgqvpjzr,1.5048,0.0,0.0
pool1qqenhz258k5k9nyjull6gkzg7s4f3ae8v7qxwpegeef9v0nsy3e,623,0.01,200.0,hollow,236,1526631.0,487.0760034843524,202.87076003484353,200.0,2.870760034843524,284.2052434495089,1457546.248629,pool1qqenhz258k5k9nyjull6gkzg7s4f3ae8v7qxwpegeef9v0nsy3e,2.2274,69084.751371,0.04525307777124925
pool1sfjdu0xmz7vdmp6cufxd55gprp95g4p703zzr3upt70dst0fur2,623,0.01,340.0,hollow,20,1519935.0,484.93962546023835,341.4493962546024,340.0,1.4493962546023835,143.49022920563596,1516860.217982,pool1sfjdu0xmz7vdmp6cufxd55gprp95g4p703zzr3upt70dst0fur2,0.0,3074.782018,0.002022969415139463
pool12n6lycv28kjtkzecfz2a3uujyxy6ewuwjcmjq84my67psqmgagv,623,0.0,340.0,hollow,15,1514920.0,483.33957531224974,340.0,340.0,0.0,143.33957531224974,1407383.613156,pool12n6lycv28kjtkzecfz2a3uujyxy6ewuwjcmjq84my67psqmgagv,2.6002,107536.386844,0.07098486180392363
pool128r8qqgl9zgy3ff4759a2qslyauu5takaec3nxx4a6mvj3ys8da,623,0.0,700.0,hollow,6880,1512438.0,482.54768608646555,482.54768608646555,482.54768608646555,0.0,0.0,1512429.15871,pool128r8qqgl9zgy3ff4759a2qslyauu5takaec3nxx4a6mvj3ys8da,3.1098,8.84129,5.845720617969134e-06
pool17ynruzy9lvq0x55ks22vtf4lrrdrw2ucydh4tfzhg9kkyeaw8nf,623,0.0,340.0,hollow,760,1509394.0,481.5764891471879,340.0,340.0,0.0,141.57648914718789,1508043.43781,pool17ynruzy9lvq0x55ks22vtf4lrrdrw2ucydh4tfzhg9kkyeaw8nf,2.3275,1350.56219,0.00089477113994093
pool1qqqqx69ztfvd83rtafs3mk4lwanehrglmp2vwkjpaguecs2t4c2,623,0.0249,340.0,hollow,1250,1508733.0,481.36559519946695,343.52000332046674,340.0,3.520003320466727,137.8455918790002,1508717.112006,pool1qqqqx69ztfvd83rtafs3mk4lwanehrglmp2vwkjpaguecs2t4c2,1.9165,15.887994,1.0530686344104623e-05
pool167qekemyleju9g7eugaguqxh5telvmmmrs3a7sp897f6za308hg,623,0.0,170.0,hollow,583,1505671.0,480.3886553085116,170.0,170.0,0.0,310.3886553085116,1504661.256055,pool167qekemyleju9g7eugaguqxh5telvmmmrs3a7sp897f6za308hg,2.5138,1009.743945,0.0006706272120536292
pool104hlwrk98e6h07e05ywee3thn379ddmmfveje8d6cuvp54zcah6,623,0.0,340.0,balanced,17,1501898.0,479.18486882628605,340.0,340.0,0.0,139.18486882628605,1169573.965203,pool104hlwrk98e6h07e05ywee3thn379ddmmfveje8d6cuvp54zcah6,0.9994,332324.034797,0.22126937701295293
pool1yd67lvc04eztwrpnefqh3g4dsydmezwgrg6ce4km728v6sg8zwf,623,0.02,170.0,hollow,199,1500261.0,478.66257927648394,176.17325158552967,170.0,6.173251585529679,302.48932769095427,1499757.503919,pool1yd67lvc04eztwrpnefqh3g4dsydmezwgrg6ce4km728v6sg8zwf,2.6103,503.496081,0.00033560565861540093
pool1l0pmgdsymmdntuyan4snj88q8nm9axemwefu5ymkuq2s6gr90cn,623,0.015,340.0,balanced,401,1492275.0,476.11462304879956,342.041719345732,340.0,2.0417193457319933,134.07290370306754,1211945.0516920001,pool1l0pmgdsymmdntuyan4snj88q8nm9axemwefu5ymkuq2s6gr90cn,2.5834,280329.948308,0.18785408072104673
pool1we0xjccr3vc4ypnmhzsgwp7sxpsytu8dtv0syeqmtrllvcex68q,623,0.0,170.0,hollow,194,1489747.0,475.30805739095007,170.0,170.0,0.0,305.30805739095007,1488695.560114,pool1we0xjccr3vc4ypnmhzsgwp7sxpsytu8dtv0syeqmtrllvcex68q,2.0596,1051.439886,0.0007057841942289529
pool19rjjay24ez2ezgqkyqvna6uwc5ur9lt489gwvrv7ve5exlcld3x,623,0.0,340.0,hollow,62,1489559.0,475.24807545120495,340.0,340.0,0.0,135.24807545120495,1465551.24777,pool19rjjay24ez2ezgqkyqvna6uwc5ur9lt489gwvrv7ve5exlcld3x,1.4115,24007.75223,0.01611735569386644
pool1ktgug7wwf9k4hcsuk68ftkh8xs5n0333fzxyw9sagz8njhlskgm,623,0.0,340.0,hollow,148,1483461.0,473.3024910439398,340.0,340.0,0.0,133.30249104393982,1353547.252124,pool1ktgug7wwf9k4hcsuk68ftkh8xs5n0333fzxyw9sagz8njhlskgm,2.4937,129913.747876,0.08757476460520364
pool1q8fqknvzyj9p4ezhxqdghlc7rnmwvwuku9eevgvl25cpjy385gg,623,0.0,170.0,hollow,255,1474329.0,470.3889002261069,170.0,170.0,0.0,300.3889002261069,1468546.045331,pool1q8fqknvzyj9p4ezhxqdghlc7rnmwvwuku9eevgvl25cpjy385gg,2.2741,5782.954669,0.003922431607192153
pool1upa4pa4qmcgaps4uactx9eas44rfwk9h0rxgua3l4xnf6wevfkt,623,0.0,170.0,hollow,17,1473046.0,469.9795553926334,170.0,170.0,0.0,299.9795553926334,1472157.377371,pool1upa4pa4qmcgaps4uactx9eas44rfwk9h0rxgua3l4xnf6wevfkt,2.5301,888.622629,0.0006032551794037661
pool1lx7hdfz430vmrwhkrdgxu8c0xclffltavmkejpqzzz4ax0lnfvd,623,0.0,340.0,hollow,103,1456169.0,464.59490008902344,340.0,340.0,0.0,124.59490008902344,1455165.381778,IOG,1.9868,1003.618222,0.000689218230850952
pool14qpadfdjzw6jkwxy67uhey6tjpyppsmwgz5awfsxwrtpsecslpc,623,0.02,170.0,hollow,191,1456093.0,464.5706520708286,175.89141304141657,170.0,5.891413041416572,288.67923902941203,1357715.664703,pool14qpadfdjzw6jkwxy67uhey6tjpyppsmwgz5awfsxwrtpsecslpc,1.4994,98377.335297,0.06756253570135973
pool1659knc82juzdqycvvwz0uzjsj5scxwewguhuzae93ed36xanxmz,623,0.0,170.0,balanced,6,1439706.0,459.3423326740011,170.0,170.0,0.0,289.3423326740011,748980.18211,pool1659knc82juzdqycvvwz0uzjsj5scxwewguhuzae93ed36xanxmz,2.6958,690725.81789,0.4797686596360646
pool1u2lghnv4ae3zy73ysjlgvxwj7tuqpmyfavk74j48g0gnqnyc692,623,0.0,340.0,hollow,75,1437876.0,458.758465920099,340.0,340.0,0.0,118.75846592009901,1415268.54448,pool1u2lghnv4ae3zy73ysjlgvxwj7tuqpmyfavk74j48g0gnqnyc692,2.1979,22607.45552,0.015722813038120117
pool17h6slydr6rd9vquqa38p5cf9xqnpc24w6a99rhllcjzljgugx6x,623,0.05,340.0,hollow,1426,1435112.0,457.8766037846971,345.89383018923485,340.0,5.893830189234857,111.98277359546228,1434215.760112,pool17h6slydr6rd9vquqa38p5cf9xqnpc24w6a99rhllcjzljgugx6x,2.834,896.239888,0.0006245086711002347
pool18mnua97ndq302yw2c6aaw6msx5rgf79mfnk4xe5y92tvjl45etl,623,0.0,170.0,hollow,15,1432869.0,457.1609681950783,170.0,170.0,0.0,287.1609681950783,1428622.499484,pool18mnua97ndq302yw2c6aaw6msx5rgf79mfnk4xe5y92tvjl45etl,1.3737,4246.500516,0.0029636348584553087
pool1cmqpzlsrrjup8zg6qaperz868u64dlt7uvvdszsr658mvzz9qq0,623,0.0,170.0,hollow,433,1426897.0,455.2555844495572,170.0,170.0,0.0,285.2555844495572,1425834.833403,pool1cmqpzlsrrjup8zg6qaperz868u64dlt7uvvdszsr658mvzz9qq0,1.5401,1062.166597,0.0007443891163833128
pool1jv4yvr5edp7qp690hk3qfudwmw28n2wygjxyhaecqkzeqh0wlem,623,0.0,340.0,hollow,486,1420649.0,453.2621421116444,340.0,340.0,0.0,113.26214211164438,1403668.613986,pool1jv4yvr5edp7qp690hk3qfudwmw28n2wygjxyhaecqkzeqh0wlem,1.5393,16980.386014,0.011952555496818708
pool18jrsaddmrwtrdycydmk3zv0fxawnv0q8xh7f6fyp2r247zz9tc5,623,0.03,340.0,hollow,65,1410557.0,450.04226053766604,343.30126781613,340.0,3.301267816129981,106.74099272153603,1410537.367616,pool18jrsaddmrwtrdycydmk3zv0fxawnv0q8xh7f6fyp2r247zz9tc5,1.8724,19.632384,1.3918178421715676e-05
pool18ljuhhw27t85zddz0pvsmsjsz5k0mlz03pzsxgh8qarcsw5wycc,623,0.0,340.0,hollow,98,1400650.0,446.8814037448199,340.0,340.0,0.0,106.88140374481992,1294988.70834,CAFE,5.1121,105661.29166,0.07543732671259773
pool1wnpac2c9am0h3yx2luh9tlsdhcpz2tmfyqjm8g8f67afk7fa6mh,623,0.05,170.0,hollow,45,1398340.0,446.1443916128451,183.80721958064225,170.0,13.807219580642254,262.33717203220283,1372743.553982,pool1wnpac2c9am0h3yx2luh9tlsdhcpz2tmfyqjm8g8f67afk7fa6mh,3.0037,25596.446018,0.018304880084957877
pool19ut4284xy9p82dd0cglzxweddfqw73yennkjk6mmp650chnr6lz,623,0.019,170.0,hollow,69,1395995.0,445.3962126303858,175.23252803997732,170.0,5.232528039977329,270.1636845904085,1266774.368538,pool19ut4284xy9p82dd0cglzxweddfqw73yennkjk6mmp650chnr6lz,3.083,129220.631462,0.09256525378815827
pool1j742gcsul7u8c05rsqmkgpkvj5qadj0pew69nctu6crqy9wjjn4,623,0.01,340.0,hollow,329,1387271.0,442.61279538391466,341.02612795383914,340.0,1.0261279538391466,101.58666743007552,1252305.593602,pool1j742gcsul7u8c05rsqmkgpkvj5qadj0pew69nctu6crqy9wjjn4,1.3452,134965.406398,0.09728842194351356
pool1p627hhec2ha6wu6ql377c3hv4mjd26w7ll0xyw2ezgnu6nyl0a4,623,0.0,170.0,hollow,22,1383859.0,441.5241869881146,170.0,170.0,0.0,271.5241869881146,1270772.550074,pool1p627hhec2ha6wu6ql377c3hv4mjd26w7ll0xyw2ezgnu6nyl0a4,2.0377,113086.449926,0.08171818799892186
pool1ezh8sewqgzy7267yvy0jssz8q7amce37x3dhmfl22j8lwz6wjrd,623,0.02,340.0,hollow,450,1379268.0,440.05941525742355,342.00118830514845,340.0,2.001188305148471,98.0582269522751,1278375.361716,pool1ezh8sewqgzy7267yvy0jssz8q7amce37x3dhmfl22j8lwz6wjrd,2.2586,100892.638284,0.07314940844273919
pool1sf784g6eje8vzq9f5wu583eurhfq2ee9hzyhl46yezkuqqtmw07,623,0.01,340.0,hollow,326,1377353.0,439.4484290094877,340.9944842900949,340.0,0.9944842900948772,98.45394471939284,1374180.790935,pool1sf784g6eje8vzq9f5wu583eurhfq2ee9hzyhl46yezkuqqtmw07,2.9123,3172.209065,0.0023031198719572978
pool1n940lfxkd7z73qzj5y554yrletrmgg5x2eya9tpglh3uwcqfnud,623,0.0,270.0,hollow,461,1367281.0,436.2349284929291,270.0,270.0,0.0,166.2349284929291,1364655.908177,pool1n940lfxkd7z73qzj5y554yrletrmgg5x2eya9tpglh3uwcqfnud,1.5953,2625.091823,0.0019199358602949943
pool1p3chxyfv5cfk95hwq5zqjuljrpyk3uk5ua5alpn8rjgkkvvy8ne,623,0.99,340.0,hollow,1012,1358986.0,433.5883849281104,432.6525010788293,340.0,92.65250107882927,0.9358838492810833,1338004.111527,pool1p3chxyfv5cfk95hwq5zqjuljrpyk3uk5ua5alpn8rjgkkvvy8ne,0.024,20981.888473,0.015439370584391597
pool1jezf7dcx26edfpxmpuh05yen64a9cj44xm2ggsapcxrtqewfek2,623,0.0299,170.0,balanced,36,1357278.0,433.0434426244684,177.8649989344716,170.0,7.864998934471606,255.1784436899968,346023.42423,pool1jezf7dcx26edfpxmpuh05yen64a9cj44xm2ggsapcxrtqewfek2,2.7344,1011254.57577,0.7450607582013412
pool1dqhaw0h2f4ehpdhh57quszcj22qhkglhg6yvaf39w3clxdl2kpy,623,0.01,340.0,hollow,544,1349104.0,430.4355044570389,340.90435504457037,340.0,0.9043550445703892,89.53114941246855,1343596.304966,pool1dqhaw0h2f4ehpdhh57quszcj22qhkglhg6yvaf39w3clxdl2kpy,2.115,5507.695034,0.004082483658783905
pool1c0xj2fa97zuz4phld87atg6yphz3hju409fm5xgnwuuvqww25qj,623,0.01,340.0,hollow,775,1348268.0,430.1687762568956,340.90168776256894,340.0,0.9016877625689563,89.26708849432669,1296078.308257,pool1c0xj2fa97zuz4phld87atg6yphz3hju409fm5xgnwuuvqww25qj,2.5746,52189.691743,0.03870869273987071
pool1crprz3rdcwvfxmc0s4gxquh3qeqmscww2qfvpl93q52yyn7agsc,623,0.01,340.0,hollow,52,1344564.0,428.98700442276805,340.8898700442277,340.0,0.8898700442276806,88.09713437854037,1294559.177681,pool1crprz3rdcwvfxmc0s4gxquh3qeqmscww2qfvpl93q52yyn7agsc,0.0,50004.822319,0.03719036231745012
pool1yyv7vx5zhhsd60jp4tl72vpznwvpvjp35m4z7jr42ugkxmndyv5,623,0.02,340.0,hollow,205,1342907.0,428.45833381554627,341.76916667631093,340.0,1.7691666763109255,86.68916713923534,1335315.516286,pool1yyv7vx5zhhsd60jp4tl72vpznwvpvjp35m4z7jr42ugkxmndyv5,3.1562,7591.483714,0.0056530226694774845
pool1030as3pp5684ghgf4kzcpv4p2jnmkmme7j363t95690zwxp7wa0,623,0.0,170.0,hollow,151,1331948.0,424.96183340242413,170.0,170.0,0.0,254.96183340242413,1276597.758065,pool1030as3pp5684ghgf4kzcpv4p2jnmkmme7j363t95690zwxp7wa0,1.9456,55350.241935,0.041555857987699216
pool1es67mveksd22l9alfh5cht6w2krc7lcrq3zvxcpaj5hwxgmhg3m,623,0.01,340.0,hollow,34,1328552.0,423.8783298525599,340.8387832985256,340.0,0.8387832985255989,83.0395465540343,1302420.369985,pool1es67mveksd22l9alfh5cht6w2krc7lcrq3zvxcpaj5hwxgmhg3m,3.3698,26131.630015,0.01966925646493325
pool1rqgf6qd0p3wyf9dxf2w7qcddvgg4vu56l35ez2xqemhqun2gn7y,623,0.01,170.0,hollow,58,1318196.0,420.5742183206416,172.50574218320642,170.0,2.505742183206416,248.06847613743517,1225480.526411,pool1rqgf6qd0p3wyf9dxf2w7qcddvgg4vu56l35ez2xqemhqun2gn7y,2.8862,92715.473589,0.07033511980691794
pool1phc0dedrry2jp2s2tqngcw87vzx3mychvm7qqe3470etzsf3ph7,623,0.0,170.0,hollow,165,1311457.0,418.4241210230752,170.0,170.0,0.0,248.4241210230752,1291282.314537,pool1phc0dedrry2jp2s2tqngcw87vzx3mychvm7qqe3470etzsf3ph7,2.4146,20174.685463,0.015383413610206054
pool1kf0c6a38vy9t7muc2jpfefdc0y6ey8386ujtn6rtly25y5yxwqf,623,0.1,170.0,hollow,3,1309739.0,417.8759881907234,194.78759881907234,170.0,24.78759881907234,223.08838937165103,1309729.179273,FIGMENT,4.7847,9.820727,7.498232090515744e-06
pool1mscll7kd2y9c56kv7thv7kv99wjvrr72uwpmuhphaltjz0pkuqa,623,0.04,340.0,hollow,181,1307538.0,417.17375282168587,343.08695011286744,340.0,3.086950112867435,74.08680270881842,1230182.932204,pool1mscll7kd2y9c56kv7thv7kv99wjvrr72uwpmuhphaltjz0pkuqa,2.4553,77355.067796,0.0591608563544616
pool1gxvkc0576e75065p5k0csvwme9y2qrefd5ga66nx0z65xxjt8jk,623,1.0,340.0,hollow,336,1299441.0,414.5903817253222,414.5903817253222,340.0,74.59038172532217,0.0,1299433.063437,pool1gxvkc0576e75065p5k0csvwme9y2qrefd5ga66nx0z65xxjt8jk,0.0,7.936563,6.107674761685986e-06
pool1hmtm4mukp5gs7fgrp0k997lveh4psq9qpeqa6ldugq9nsfcdxmp,623,0.03,340.0,balanced,26,1269780.0,405.1269545190429,341.9538086355713,340.0,1.953808635571287,63.17314588347159,1129878.671578,pool1hmtm4mukp5gs7fgrp0k997lveh4psq9qpeqa6ldugq9nsfcdxmp,2.3438,139901.328422,0.11017761220211375
pool1ywt7jqfsmxg0yplku4mtdwtm476rp72z6fns9mhevf7u72pkupj,623,0.03,340.0,hollow,18,1266170.0,403.97517365478785,341.9192552096436,340.0,1.9192552096436355,62.05591844514424,1266160.0,pool1ywt7jqfsmxg0yplku4mtdwtm476rp72z6fns9mhevf7u72pkupj,0.0,10.0,7.897833624236871e-06
pool1s2rj8t2a5tfv0rpsfak77g03h96uv3rqxp62t6jm3dh45g2e2pj,623,0.0,340.0,balanced,266,1263586.0,403.1507410361632,340.0,340.0,0.0,63.1507410361632,989644.577875,pool1s2rj8t2a5tfv0rpsfak77g03h96uv3rqxp62t6jm3dh45g2e2pj,3.2204,273941.422125,0.216796816461246
pool1fcp4d2pxh0e7q5ju63sjqcdpxpr3pvxg6ykl23t6c97d7dnvjvw,623,0.03,340.0,hollow,70,1259504.0,401.8483672168034,341.8554510165041,340.0,1.8554510165041023,59.992916200299305,1257371.01323,KILN,2.1506,2132.98677,0.0016935132957100574
pool1pzqdfptvl5f8vh28az37jag2wkfmqz9x8d6eufl8y0z9q34hlr7,623,0.04,340.0,hollow,39,1257096.0,401.0800879034721,342.4432035161389,340.0,2.443203516138883,58.63688438733317,1257091.780144,pool1pzqdfptvl5f8vh28az37jag2wkfmqz9x8d6eufl8y0z9q34hlr7,1.5856,4.219856,3.3568287545263053e-06
pool1r5srulgd6gpav0sympqrkt9f4ykl06lh9sgk0p20r54v7759kws,623,0.0,340.0,hollow,120,1256348.0,400.8414363559754,340.0,340.0,0.0,60.84143635597542,1171105.036902,pool1r5srulgd6gpav0sympqrkt9f4ykl06lh9sgk0p20r54v7759kws,1.9798,85242.963098,0.06784980204370127
pool1khwvcz8jz9auk53k698ywgr6ams27hrz20vnwqx2d4xggscp93f,623,0.015,345.0,hollow,31,1252781.0,399.7033747651728,345.8205506214776,345.0,0.8205506214775917,53.88282414369519,1227683.2,pool1khwvcz8jz9auk53k698ywgr6ams27hrz20vnwqx2d4xggscp93f,0.0,25097.8,0.020033669093001888
pool1lakxjm7v0q03xddynffn6m2wfm27pms3z9enztwvu7k0297tcr7,623,0.0,170.0,hollow,16,1252034.0,399.46504227054714,170.0,170.0,0.0,229.46504227054714,1227584.215758,pool1lakxjm7v0q03xddynffn6m2wfm27pms3z9enztwvu7k0297tcr7,2.7585,24449.784242,0.01952805134844581
pool1x7j89z3n7y7g8syk06nahcrwkdphhw6dymt8r3gf8ulyksrzh5t,623,0.015,340.0,hollow,368,1249560.0,398.67570546773084,340.88013558201595,340.0,0.8801355820159625,57.79556988571488,1246129.67427,pool1x7j89z3n7y7g8syk06nahcrwkdphhw6dymt8r3gf8ulyksrzh5t,1.4977,3430.32573,0.0027452269038701622
pool1frz0ds4nhg4t0e30jadc5kwx35kzj2vfp9eak9ehh2727m4dqnv,623,0.025,345.0,hollow,1228,1247314.0,397.95911271949905,346.3239778179875,345.0,1.3239778179874762,51.63513490151155,1246764.0,pool1frz0ds4nhg4t0e30jadc5kwx35kzj2vfp9eak9ehh2727m4dqnv,0.0,550.0,0.00044094750800520156
pool1e7mwu80pmsjqdf8lu7rsfdj5sldashslll0hpj7rhx3w6xpwkq7,623,0.0,250.0,hollow,10,1246336.0,397.64707901167594,250.0,250.0,0.0,147.64707901167594,1243146.964507,pool1e7mwu80pmsjqdf8lu7rsfdj5sldashslll0hpj7rhx3w6xpwkq7,2.9899,3189.035493,0.0025587285394949675
pool1ddywudgudfaphp8txj9qf7alj3uk6wzyd22u7cd2myhyv3lyxxx,623,0.0,340.0,hollow,15,1243019.0,396.5887806386194,340.0,340.0,0.0,56.588780638619426,1161822.504431,pool1ddywudgudfaphp8txj9qf7alj3uk6wzyd22u7cd2myhyv3lyxxx,1.7196,81196.495569,0.06532200679876977
pool19v4jgpxxl72eaq8pefctatvts3gkhtyzd8nwvzskkm3mkdv2tpy,623,0.02,340.0,hollow,97,1218490.0,388.76273276623397,340.9752546553247,340.0,0.9752546553246794,47.78747811090926,1218410.852629,pool19v4jgpxxl72eaq8pefctatvts3gkhtyzd8nwvzskkm3mkdv2tpy,1.6661,79.147371,6.49552897438633e-05
pool1y89sy2e927hvvt66wnukx5xnnrarzxrt55eypttaw3n06u0uam4,623,0.01,240.0,hollow,146,1216028.0,387.97722459786945,241.4797722459787,240.0,1.4797722459786946,146.49745235189076,1215979.310585,pool1y89sy2e927hvvt66wnukx5xnnrarzxrt55eypttaw3n06u0uam4,1.0282,48.689415,4.003971536839612e-05
pool1980svf2cxnfy66s5jgjv7y22xud75z9kfe6n0c3y54s62w56435,623,0.0,340.0,hollow,390,1212846.0,386.96199836239595,340.0,340.0,0.0,46.961998362395946,1210187.296539,pool1980svf2cxnfy66s5jgjv7y22xud75z9kfe6n0c3y54s62w56435,1.7331,2658.703461,0.0021921195774236794
pool10wcmpvjmmv7ph7cz2263f52yckvnnwu5kdppwqgu74s2qhe7l7m,623,0.01,340.0,balanced,23,1211589.0,386.5609489035681,340.46560948903567,340.0,0.4656094890356809,46.09533941453242,1006589.9637140001,pool10wcmpvjmmv7ph7cz2263f52yckvnnwu5kdppwqgu74s2qhe7l7m,5.6797,204999.036286,0.1691984957654782
pool1mq2q0fjekk5lt8j2krryf5rvwx5z4l5l0r6afhhj0mtg23ylyuk,623,0.02,340.0,balanced,38,1200027.0,382.8720596092421,340.85744119218487,340.0,0.8574411921848423,42.01461841705725,1013194.844764,pool1mq2q0fjekk5lt8j2krryf5rvwx5z4l5l0r6afhhj0mtg23ylyuk,2.0328,186832.155236,0.155689959672574
pool1vwquf4wt465lhketcy2j7jwpz5l6l0ce6a79ga3y4wg7gc8egp0,623,0.0,170.0,hollow,65,1196431.0,381.7247454851809,170.0,170.0,0.0,211.7247454851809,1164873.84807,pool1vwquf4wt465lhketcy2j7jwpz5l6l0ce6a79ga3y4wg7gc8egp0,1.5397,31557.15193,0.026376073446776286
pool13ws3wf9skw0ngg3aze482tdxqsnfmvf4vgy46cux599mxm8n27g,623,0.0,170.0,balanced,46,1194711.0,381.1759745470871,170.0,170.0,0.0,211.1759745470871,293501.00350600004,pool13ws3wf9skw0ngg3aze482tdxqsnfmvf4vgy46cux599mxm8n27g,0.0,901209.996494,0.7543330533442816
pool1szy2tdjj8a4av365wk3q2fqg9srllmt0383e6v9p664ng076x9e,623,0.01,340.0,hollow,425,1181101.0,376.83366497298437,340.3683366497298,340.0,0.36833664972984365,36.46532832325454,1179399.427821,RAY,5.0799,1701.572179,0.0014406661064549095
pool1jldq2rf7y2ukm2t8ds8d9upzgdgv07jhkckl0mvedwhxx5nkugt,623,0.035,340.0,hollow,121,1176456.0,375.3516643872601,341.2373082535541,340.0,1.2373082535541031,34.114356133705996,1166448.529647,pool1jldq2rf7y2ukm2t8ds8d9upzgdgv07jhkckl0mvedwhxx5nkugt,2.5438,10007.470353,0.008506455280095474
pool127gdv243hfcrapslaqq0nnh64u2gts72gtrt4888g6g2z0zsu64,623,0.01,340.0,balanced,871,1169491.0,373.12946114085116,340.3312946114085,340.0,0.33129461140851163,32.79816652944265,1019444.15821,pool127gdv243hfcrapslaqq0nnh64u2gts72gtrt4888g6g2z0zsu64,4.795,150046.84179,0.12830098033246942
pool1l8myd66tqjk75kh7uk9k8nyl20sd4qs33s4tzzn927ujyl7ahyk,623,0.03,170.0,balanced,108,1163016.0,371.0635938012248,176.03190781403674,170.0,6.031907814036743,195.03168598718804,809369.676404,pool1l8myd66tqjk75kh7uk9k8nyl20sd4qs33s4tzzn927ujyl7ahyk,1.6233,353646.323596,0.3040769203484733
pool180fejev4xgwe2y53ky0pxvgxr3wcvkweu6feq5mdljfzcsmtg6u,623,0.0,170.0,hollow,237,1162053.0,370.7563458864664,170.0,170.0,0.0,200.75634588646642,1100629.864035,pool180fejev4xgwe2y53ky0pxvgxr3wcvkweu6feq5mdljfzcsmtg6u,2.0564,61423.135965,0.052857430741110774
pool1ygsyw93csvam58nf63gttknj9dvj3zxh54h4eh0kals7kdf0nx6,623,0.0,170.0,hollow,51,1159892.0,370.06687263226837,170.0,170.0,0.0,200.06687263226837,1123663.033282,pool1ygsyw93csvam58nf63gttknj9dvj3zxh54h4eh0kals7kdf0nx6,1.967,36228.966718,0.031234775925689635
pool1a6wdglfp93m2z4nhptx9xhjazgyqusjpu387gdrp899cj98yuqq,623,0.05,340.0,hollow,5,1155920.0,368.7995946287168,341.43997973143587,340.0,1.439979731435841,27.35961489728095,1155918.993213,pool1a6wdglfp93m2z4nhptx9xhjazgyqusjpu387gdrp899cj98yuqq,3.2118,1.006787,8.709832860405565e-07
pool170028ak8q37qf4e5lf7z8eyuscgcrqgzn9lh58a4g9ngzd83a0h,623,0.0325,340.0,hollow,68,1141175.0,364.0951600460464,340.7830927014965,340.0,0.7830927014965072,23.31206734454986,1141162.905074,pool170028ak8q37qf4e5lf7z8eyuscgcrqgzn9lh58a4g9ngzd83a0h,1.8055,12.094926,1.0598660152912567e-05
pool18qahj5ggudguk69g9aaztf5dvapmazql4hdvd7v0947j7gy4wqf,623,0.02,170.0,hollow,168,1139232.0,363.475240317723,173.86950480635446,170.0,3.8695048063544597,189.60573551136852,1139229.74587,pool18qahj5ggudguk69g9aaztf5dvapmazql4hdvd7v0947j7gy4wqf,1.6874,2.25413,1.978639996067526e-06
pool1n75mtv5qwzquyq2cprnu7yqpnyg4ppagpzvcw6gk2un5vadg48a,623,0.01,340.0,private,7,1133239.0,361.56315646191126,340.2156315646191,340.0,0.21563156461911262,21.347524897292146,32455.748622999992,pool1n75mtv5qwzquyq2cprnu7yqpnyg4ppagpzvcw6gk2un5vadg48a,2.5524,1100783.251377,0.971360190901478
pool145ak0czqxe97ef38zjupk0pz5yk7pahcyrdfee2lrnsnwawj6dc,623,0.045,340.0,hollow,1110,1131917.0,361.1413685664694,340.9513615854911,340.0,0.9513615854911228,20.190006980978296,1121903.810251,pool145ak0czqxe97ef38zjupk0pz5yk7pahcyrdfee2lrnsnwawj6dc,3.5645,10013.189749,0.00884622260201057
pool156wg3relgtlhwu55z3wpqurtaprguefe9tzrakhuqyyc60553au,623,0.01,340.0,hollow,29,1119438.0,357.1599077894504,340.1715990778945,340.0,0.17159907789450415,16.98830871155593,1075035.056808,pool156wg3relgtlhwu55z3wpqurtaprguefe9tzrakhuqyyc60553au,1.8707,44402.943192,0.03966538851816715
pool1gr7jlqk9kmhwuztdwcwf6nyr2teeq9r8h4y62ev0xrrvyvwly64,623,0.05,340.0,hollow,885,1114411.0,355.55602900700995,340.7778014503505,340.0,0.7778014503504977,14.77822755665943,1104411.0,WESTBERG,3.0574,10000.0,0.008973350047693356
pool1u7zrgexnxsysctnnwljjjymr70he829fr5n3vefnv80guxr42dv,623,0.009,340.0,hollow,141,1112852.0,355.0586255811447,340.1355276302303,340.0,0.1355276302303025,14.923097950914439,1048638.809704,pool1u7zrgexnxsysctnnwljjjymr70he829fr5n3vefnv80guxr42dv,4.9932,64213.190296,0.05770146461164647
pool1k6altfangsst2mmxg8a9wvg3dppyszu8ckfzd3uv6azgw3z2txy,623,0.0,340.0,balanced,246,1107878.0,353.4716566008664,340.0,340.0,0.0,13.471656600866424,801638.7335890001,ELITE,3.5157,306239.266411,0.27641966571319226
pool1lr5ku0p3jhykdf3a2kcr0tyra30qvzrtl02dr6uyv98rxdsy3k9,623,0.0,340.0,hollow,346,1105200.0,352.61723301236924,340.0,340.0,0.0,12.61723301236924,1095148.382259,pool1lr5ku0p3jhykdf3a2kcr0tyra30qvzrtl02dr6uyv98rxdsy3k9,4.042,10051.617741,0.009094840518458198
pool1q5za50d3sr707xkmjtyrs0v76ezxyj8g8uhggfk0wfl77aufd9k,623,0.01,340.0,balanced,16,1084446.0,345.99560972795126,340.0599560972795,340.0,0.05995609727951262,5.935653630671766,356027.175971,pool1q5za50d3sr707xkmjtyrs0v76ezxyj8g8uhggfk0wfl77aufd9k,0.0,728418.824029,0.6716967225929185
pool1h04mh7qugt09hp8mhjpvfl4t0rutmz703dd003e6qeny5jf9c57,623,0.015,170.0,balanced,16,1077120.0,343.65822839511685,172.60487342592674,170.0,2.6048734259267525,171.0533549691901,898602.435364,pool1h04mh7qugt09hp8mhjpvfl4t0rutmz703dd003e6qeny5jf9c57,0.0,178517.564636,0.16573600400698157
pool17n47upcpnzsdks0yd409nf79sg6hqy73twg87eddwh24uj745rt,623,0.0,170.0,hollow,49,1072942.0,342.3252255001425,170.0,170.0,0.0,172.3252255001425,1019123.603613,pool17n47upcpnzsdks0yd409nf79sg6hqy73twg87eddwh24uj745rt,1.3141,53818.396387,0.05015965111534454
pool12582dmkl7xanxlmfnwd4fepmx4tt5kkw327mmklcjdxngwaxvh2,623,0.1,170.0,hollow,3,1072073.0,342.0479685552567,187.20479685552567,170.0,17.20479685552567,154.84317169973104,1072063.179273,FIGMENT,0.8807,9.820727,9.160502129985551e-06
pool1ytyw34lckr8k9dhn59h287wqry5lk6waqtfhxe6v94v4gsaa7vx,623,0.01,340.0,hollow,26,1055883.0,336.88250257401324,336.88250257401324,336.88250257401324,0.0,0.0,1020458.01449,pool1ytyw34lckr8k9dhn59h287wqry5lk6waqtfhxe6v94v4gsaa7vx,0.0,35424.98551,0.03355010499269332
pool17xh922cr9skc0fqk7sr8at6xx6eluh5qyv9p7ca2x0mtc3st0mz,623,0.02,170.0,hollow,848,1040039.0,331.8274288861306,173.2365485777226,170.0,3.2365485777226115,158.59088030840798,1040029.998518,pool17xh922cr9skc0fqk7sr8at6xx6eluh5qyv9p7ca2x0mtc3st0mz,1.3473,9.001482,8.654946593348902e-06
pool1e2tl2w0x4puw0f7c04mznq4qz6kxjkwhvuvusgf2fgu7q4d6ghv,623,0.0,170.0,hollow,86,1039334.0,331.60249661208627,170.0,170.0,0.0,161.60249661208627,1033994.390143,pool1e2tl2w0x4puw0f7c04mznq4qz6kxjkwhvuvusgf2fgu7q4d6ghv,3.4712,5339.609857,0.005137530242443719
pool1nx2g7dzc90uu47e8kp057r59g8z5sz6v0x76wsph8xpcqzqycv7,623,0.0147,340.0,private,6,1036224.0,330.61024218332363,330.61024218332363,330.61024218332363,0.0,0.0,13286.874493999989,pool1nx2g7dzc90uu47e8kp057r59g8z5sz6v0x76wsph8xpcqzqycv7,0.0,1022937.125506,0.9871776039794484
pool1fv9f8phzn7hp623ypw6ctf73a98hd7nrh8wm7glpcuhf64856g2,623,0.0,170.0,hollow,146,1032175.0,329.31839710870634,170.0,170.0,0.0,159.31839710870634,1006992.184003,pool1fv9f8phzn7hp623ypw6ctf73a98hd7nrh8wm7glpcuhf64856g2,3.1865,25182.815997,0.024397816258870834
pool17gfj5t240hqaqr7vtrlrlhmyazw3lcyqvfd06v4kpxv7qxpdzau,623,0.0,170.0,hollow,16,1031383.0,329.06570723488636,170.0,170.0,0.0,159.06570723488636,980250.231119,pool17gfj5t240hqaqr7vtrlrlhmyazw3lcyqvfd06v4kpxv7qxpdzau,2.5255,51132.768881,0.049576897118723116
pool1vqjyjsp6dawkj8tzmfpu39hvgnkph99qzarw4dll6yq76gpaa4d,623,0.03,170.0,hollow,90,1025792.0,327.2818826332105,174.7184564789963,170.0,4.718456478996315,152.5634261542142,1025778.481078,pool1vqjyjsp6dawkj8tzmfpu39hvgnkph99qzarw4dll6yq76gpaa4d,2.5865,13.518922,1.3179008999875218e-05
pool1calq8kjzrvp83l80rtvgmulausl99q4tjfkz2lp227vkymd5wgg,623,0.02,170.0,balanced,593,1021677.0,325.96898006910817,173.11937960138215,170.0,3.1193796013821635,152.84960046772602,809513.0491770001,pool1calq8kjzrvp83l80rtvgmulausl99q4tjfkz2lp227vkymd5wgg,2.4882,212163.950823,0.2076624518541574
pool1xmtmp6cmmmaatkn3jd9dlht8xjyf7xnqmrurs59kj2ygxuz2jkd,623,0.15,345.0,hollow,5,1019632.0,325.3165169479443,325.3165169479443,325.3165169479443,0.0,0.0,1014465.438029,pool1xmtmp6cmmmaatkn3jd9dlht8xjyf7xnqmrurs59kj2ygxuz2jkd,2.9763,5166.561971,0.0050670849590832776
pool1zfhww5y28t303z6uyq3w47pkhfmxww9dsn89vrxteplg2zjkekl,623,0.05,170.0,balanced,175,1013480.0,323.353703685646,177.6676851842823,170.0,7.6676851842823,145.6860185013637,858063.835137,pool1zfhww5y28t303z6uyq3w47pkhfmxww9dsn89vrxteplg2zjkekl,1.8089,155416.164863,0.15334902007242374
pool1uu35qfkmjyxwpm3pgptfgr0qga9j2fzkc0tsjplcx840x295xj9,623,0.0,340.0,hollow,59,1010478.0,322.3959069669497,322.3959069669497,322.3959069669497,0.0,0.0,1010473.087071,pool1uu35qfkmjyxwpm3pgptfgr0qga9j2fzkc0tsjplcx840x295xj9,3.9216,4.912929,4.861985119913546e-06
pool15mfkj8sl7estcmmd5a07afrx5f4hlz3pcr6p6ay5pfmrjfl2hlf,623,0.01,340.0,balanced,69,1009555.0,322.10142116703076,322.10142116703076,322.10142116703076,0.0,0.0,543154.055277,pool15mfkj8sl7estcmmd5a07afrx5f4hlz3pcr6p6ay5pfmrjfl2hlf,3.3147,466400.944723,0.4619866621660038
pool1w9u6rtvuzke9cq5q4x2r7g8xlt6lqmcd2tugzpjpj5w5xv0eyws,623,0.1,170.0,hollow,3,1006245.0,321.04535616407117,185.1045356164071,170.0,15.104535616407118,135.94082054766406,1006235.179273,FIGMENT,0.938,9.820727,9.759777191439461e-06
