pool_id_bech32,epoch_no,active_stake_ada,saturation_pct,block_cnt,delegator_cnt,margin_rate,fixed_cost_ada,pool_fees_ada,deleg_rewards_ada,member_rewards_ada,owner_member_rewards_ada,total_pool_rewards_ada,epoch_ros,owner_stake_ada,ticker,pool_group,entity_id,display_name,is_mpo,pledge_tag,category,declared_pledge_ada,health_tag_current,owner_stake_ratio,pool_class,is_private,operator_take_ada,effective_fixed_cost_ada,margin_take_ada,delegator_pot_ada,operator_take_pct,fixed_cost_pct_of_reward,margin_pct_of_reward,delegated_stake_ada,deleg_yield_per_epoch_pct,operator_total_income_ada,effective_tax_pct,eff_entity_id
pool1z5uqdk7dzdxaae5633fqfcu2eqzy3a3rgtuvy087fdld7yws0xt,614,63795096.475268,82.95,49,5135,0.009,340.0,474.945156,14858.961057,14740.165577,118.79548,15333.906213,1.714629831,509049.451341,OCTAS,,,,False,,,,,0.007979444807930459,hollow,False,474.945156,340.0,134.945155917,14858.961057,3.097352686279926,2.2173084618957035,0.8800442238429386,63286047.023926996,0.023479047524302108,593.740636,3.097352686279926,pool1z5uqdk7dzdxaae5633fqfcu2eqzy3a3rgtuvy087fdld7yws0xt
pool1pu5jlj4q9w9jlxeu370a3c9myx47md5j5m2str0naunn2q3lkdy,614,5719959.511669,7.44,10,181,0.049,340.0,476.928267,2657.526155,2490.242454,167.283701,3134.454422,3.448978553,360055.137986,NUTS,5BINARIES,5BINARIES,,True,Material pledge,opaque_fleet,250000.0,Healthy core,0.06294714800890981,hollow,False,476.928267,340.0,136.928266678,2657.5261549999996,15.215670824643436,10.847182770105695,4.368488044264821,5359904.373683,0.049581596418928446,644.2119680000001,15.215670824643436,5BINARIES
pool1q80jjs53w0fx836n8g38gtdwr8ck5zre3da90peuxn84sj3cu0r,614,6351777.678605,8.26,6,1118,0.0,340.0,340.0,1538.832479,1535.808825,3.023654,1878.832479,1.784069948,12479.831501,000,,,,False,,,,,0.0019647777571051364,hollow,False,340.0,340.0,0.0,1538.832479,18.09634460763439,18.09634460763439,0.0,6339297.847104,0.024274494054621353,343.023654,18.09634460763439,pool1q80jjs53w0fx836n8g38gtdwr8ck5zre3da90peuxn84sj3cu0r
pool1qqqqqdk4zhsjuxxd8jyvwncf5eucfskz0xjjj64fdmlgj735lr9,614,67446497.396551,87.7,64,3244,0.01,340.0,537.939767,19596.036973,19206.434268,389.602705,20133.97674,2.14329373,1340017.23465,ATADA,ATADA,ATADA,ATADA,True,High pledge,multi_brand_fleet,1300000.0,Healthy core,0.019867855061047608,hollow,False,537.939767,340.0,197.9397674,19596.036973,2.671800876432323,1.6886877559788023,0.983113122440212,66106480.161901,0.029643140770779893,927.542472,2.671800876432323,ATADA
pool1dmqzwuql5mylffvn7ln3pr9j7kh4gdsssrmma5wgx56f6rtyf42,614,7324465.103635,9.52,8,496,0.03,170.0,240.313486,2273.469393,1881.718054,391.751339,2513.782879,2.291381887,1262110.09309,BNTY1,,,,False,,,,,0.17231430216844607,balanced,False,240.313486,170.0,70.31348636999999,2273.469393,9.559834622455474,6.762716120798276,2.7971185163760515,6062355.010545,0.03750142294612365,632.0648249999999,9.559834622455474,pool1dmqzwuql5mylffvn7ln3pr9j7kh4gdsssrmma5wgx56f6rtyf42
pool1qzlw7z5mutmd39ldyjnp8n650weqe55z5p8dl3fagac3ge0nx8l,614,20837323.821585,27.1,17,1098,0.02,340.0,439.671447,4883.900911,4881.537165,2.363746,5323.572358,1.725508503,10065.132958,BCSH,WESTBERG,WESTBERG,BCSH,True,Low pledge,community_branded_fleet,10000.0,Healthy core,0.00048303386001870903,hollow,False,439.671447,340.0,99.67144716000001,4883.900911000001,8.258955029310037,6.3866888084852445,1.8722662238302952,20827258.688627,0.023449561865128796,442.035193,8.258955029310037,WESTBERG
pool16tcjctesjnks0p8sfrlf8f3d3vrp2fdn2msy80sgg3cdjtayu3z,614,7423733.698518,9.65,6,718,0.01,340.0,355.389146,1523.52546,1523.523451,0.002009,1878.914606,1.509254612,9.773409,TAPSY,,,,False,,,,,1.3165085652184782e-06,hollow,False,355.389146,340.0,15.389146060000002,1523.52546,18.914598080462202,18.09555361985408,0.8190444638014592,7423723.925109,0.02052238843159339,355.39115499999997,18.914598080462202,pool16tcjctesjnks0p8sfrlf8f3d3vrp2fdn2msy80sgg3cdjtayu3z
pool1qzlwlpcsgflr9z3f24fg836tyq45p0kf5cnrp20s8v0psp6tdkx,614,21767621.33554,28.3,21,839,0.02,340.0,464.729164,6111.729029,6108.905405,2.823624,6576.458193,2.070487967,10056.630021,BCSH0,WESTBERG,WESTBERG,BCSH,True,Low pledge,community_branded_fleet,10000.0,Healthy core,0.0004619994930075588,hollow,False,464.729164,340.0,124.72916386000001,6111.729029,7.066556957583322,5.1699560769944055,1.896600878460112,21757564.705519002,0.028090133761384174,467.552788,7.066556957583322,WESTBERG
pool1qqq6qqa0hpzvumv5p87ynczfmdj557xuwlc3289ke42g72z7f74,614,12430560.788237,16.16,20,1575,0.01,380.0,438.925555,5833.629943,5517.996072,315.633871,6272.555498,3.484398316,672566.7303800001,AHL,,,,False,,,,,0.05410590413720094,hollow,False,438.925555,380.0,58.92555498,5833.629943,6.997555543987631,6.05813691279675,0.9394186308720326,11757994.057857,0.049614159645724736,754.559426,6.997555543987631,pool1qqq6qqa0hpzvumv5p87ynczfmdj557xuwlc3289ke42g72z7f74
pool1e556526sqwugxwnmeumt9lhj5jukklg8vv3ynk75xt9vs7adr5y,614,3631573.936111,4.72,5,330,0.009,500.0,509.615734,1058.799177,912.97015,145.829027,1568.414911,2.150836613,500178.711331,CHEAP,CHEAP,,,False,,,,,0.13773055984277555,balanced,False,509.615734,500.0,9.615734199,1058.799177,32.49240557621809,31.879319464082805,0.6130861248232548,3131395.22478,0.033812377582404574,655.444761,32.49240557621809,pool1e556526sqwugxwnmeumt9lhj5jukklg8vv3ynk75xt9vs7adr5y
pool1vx9tzlkgafernd9vpjpxkenutx2gncj4yn88fpq69823qlwcqrt,614,71602332.248472,93.11,73,12796,0.02,340.0,790.614771,22080.123774,22017.266828,62.856946,22870.738545,2.276286297,203301.672967,CRDNS,CRDNS,CRDNS,,True,Material pledge,multi_brand_fleet,200000.0,Healthy core,0.002839316354410208,hollow,False,790.614771,340.0,450.6147709,22080.123774,3.4568834296470246,1.486615744091617,1.9702676851181675,71399030.575505,0.030924962980624936,853.471717,3.4568834296470246,CRDNS
pool1m83drqwlugdt9jn7jkz8hx3pne53acfkd539d9cj8yr92dr4k9y,614,1683399.428997,2.19,3,124,0.01,340.0,345.994757,593.48091,586.109249,7.371661,939.475667,2.606546101,20909.599757,BKIND,,,,False,,,,,0.012421056700404325,hollow,False,345.994757,340.0,5.994756670000001,593.48091,36.828495846502854,36.19039980947159,0.6380960019052841,1662489.8292399999,0.03569831824302391,353.366418,36.828495846502854,pool1m83drqwlugdt9jn7jkz8hx3pne53acfkd539d9cj8yr92dr4k9y
pool1krznhwu3h5pu2stuslr53z5rme50t6384macsmylcnljwc7yjky,614,48872055.407444,63.55,45,829,0.01,170.0,309.300958,13790.794848,13729.300992,61.493856,14100.095806,2.080991963,217922.962716,LEAF,,,,False,,,,,0.004459050492130659,hollow,False,309.300958,170.0,139.30095806,13790.794848,2.1936089105748025,1.2056655666670015,0.9879433443333301,48654132.444728,0.02834454989751713,370.794814,2.1936089105748025,pool1krznhwu3h5pu2stuslr53z5rme50t6384macsmylcnljwc7yjky
pool1jhzf2mm6zdlhl6w89uhgx8nq8p6ykcc86qq58vjy0ejyxrrksfj,614,22485077.539713,29.24,28,668,0.03,340.0,592.950343,8178.727742,7941.113365,237.614377,8771.678085,2.690375338,653252.858992,LOVE,,,,False,,,,,0.029052728763698014,hollow,False,592.950343,340.0,252.95034255,8178.727741999999,6.759827905836789,3.8761112378418985,2.883716662864743,21831824.680721,0.03746241031892482,830.56472,6.759827905836789,pool1jhzf2mm6zdlhl6w89uhgx8nq8p6ykcc86qq58vjy0ejyxrrksfj
pool1df9rj4n0t3zlpak7xnh4ue6t3yh9zlw7a02w4l8askp77up25rt,614,2864398.536012,3.72,2,1031,0.02,300.0,306.53081,320.00969,299.12895,20.88074,626.5405,0.818842441,186902.58145,VEGAS,,,,False,,,,,0.06525020142979748,hollow,False,306.53081,300.0,6.530809999999999,320.00969,48.92434088458767,47.88198049447722,1.0423603901104557,2677495.954562,0.011951827208357033,327.41155,48.92434088458767,pool1df9rj4n0t3zlpak7xnh4ue6t3yh9zlw7a02w4l8askp77up25rt
pool1fh4sh2telea0tfdy39h0drx6uq566yt9gf24edpz7335sclx39z,614,4432441.637613,5.76,4,992,0.02,340.0,358.261751,894.825823,873.981914,20.843909,1253.087574,1.484493437,103248.38099,CANUK,HETZFIN,,,False,,,,,0.023293793676571067,hollow,False,358.261751,340.0,18.261751479999997,894.8258229999999,28.590320296321124,27.132979933292354,1.4573404013341527,4329193.256623,0.02066957444394643,379.10566,28.590320296321124,pool1fh4sh2telea0tfdy39h0drx6uq566yt9gf24edpz7335sclx39z
pool1wz27a9pvd2jat98s375lxaaj7qxy405km4vzp83wn5vtwp59kvh,614,5681022.287644,7.39,4,1961,0.0,500.0,500.0,752.535661,752.424219,0.111442,1252.535661,0.971619095,841.21294,BRADA,,,,False,,,,,0.0001480742192878921,hollow,False,500.0,500.0,0.0,752.5356609999999,39.91902311194955,39.91902311194955,0.0,5680181.074704,0.01324844491932355,500.111442,39.91902311194955,pool1wz27a9pvd2jat98s375lxaaj7qxy405km4vzp83wn5vtwp59kvh
pool1qwa8x4u4a2pff0xdv0haxpgk3tyrvl5adl2lpf3ztcftqruhea0,614,27147578.529694,35.3,22,2339,0.0,340.0,340.0,6553.532443,6503.682858,49.849585,6893.532443,1.777651534,206461.77435,ELITE,ELITE,ELITE,ELITE,True,Material pledge,community_branded_fleet,200000.0,Healthy core,0.007605163536931012,hollow,False,340.0,340.0,0.0,6553.532443,4.932159278444408,4.932159278444408,0.0,26941116.755344,0.024325392679574245,389.849585,4.932159278444408,ELITE
pool1gpz25s2aasmqnh9tg8a2rxmyxuvmj5s779htxk295e9ajnzjflc,614,1747952.426535,2.27,1,136,0.0,340.0,313.16463,0.0,,0.0,313.16463,0.0,61969.57328,MUGGY,,,,False,,,,,0.03545266583876283,hollow,False,313.16463,313.16463,0.0,0.0,100.0,100.0,0.0,1685982.8532550002,0.0,313.16463,100.0,pool1gpz25s2aasmqnh9tg8a2rxmyxuvmj5s779htxk295e9ajnzjflc
pool1jk25l2pejpdzq8vdjlxrr05th49v9tgd78fqrtxvuw3rumpfc6t,614,12960587.108739,16.85,9,2842,0.049,340.0,461.10135,2350.354768,2349.807392,0.547376,2811.456118,1.332507911,1144.767432,GROW,,,,False,,,,,8.832681902412523e-05,hollow,False,461.10135,340.0,121.10134978200001,2350.354768,16.400801956248067,12.09337744321144,4.30742450528264,12959442.341307,0.018136233844788723,461.648726,16.400801956248067,pool1jk25l2pejpdzq8vdjlxrr05th49v9tgd78fqrtxvuw3rumpfc6t
pool1xxhs2zw5xa4g54d5p62j46nlqzwp8jklqvuv2agjlapwjx9qkg9,614,14944301.993651,19.43,12,3210,0.015,340.0,390.315037,3304.020764,3291.35739,12.663374,3694.335801,1.626862921,0.0,SWIM,EMURGO,EMURGO,Emurgo,True,Zero pledge,declared_brand,0.0,Healthy core,0.0,hollow,False,390.315037,340.0,50.315037015,3304.0207640000003,10.56522898904717,9.20327816188142,1.3619508275717787,14944301.993651,0.022108899869687417,402.978411,10.56522898904717,EMURGO
pool16kus5xvdysgmtjp0hhlwt72tsm0yn2zcn0a8wg9emc6c75lxvmc,614,31625833.650899,41.12,36,5452,0.01,340.0,449.33528,10824.192693,10823.840868,0.351825,11273.527973,2.529518347,1027.79353,EDEN,EDEN,EDEN,EDEN,True,Low pledge,opaque_fleet,1000.0,Healthy core,3.2498543480158466e-05,hollow,False,449.33528,340.0,109.33527973000001,10824.192693,3.9857556665149905,3.015914812242423,0.9698408518775758,31624805.857369002,0.03422690637791795,449.68710500000003,3.9857556665149905,EDEN
pool1ld9hkah2dkzh73pvh9tf6xr0x28us34msv3zcv2sase5vhvq962,614,13970108.453828,18.17,19,1972,0.008,340.0,384.948694,5573.63808,5404.383969,169.254111,5958.586774,2.954701839,848386.1919219999,,KOPI,,,False,,,,,0.060728676139198516,hollow,False,384.948694,340.0,44.948694192000005,5573.638080000001,6.460402585386599,5.706050996581492,0.7543515920273481,13121722.261906,0.04247642168270067,554.202805,6.460402585386599,pool1ld9hkah2dkzh73pvh9tf6xr0x28us34msv3zcv2sase5vhvq962
pool16fyda57p3c8gp5r6gmcq5tvqsp6mnzwvkxswgznkuh8wztrp6vv,614,43439326.036351,56.49,33,7582,0.02,340.0,539.429358,9772.038524,9747.736704,24.30182,10311.467882,1.655566265,105383.056605,HRMS,HRMS,HRMS,HRMS,True,Material pledge,community_branded_fleet,100000.0,Healthy core,0.0024259827723112715,hollow,False,539.429358,340.0,199.42935764000003,9772.038524000001,5.231353713874662,3.2972997044728607,1.9340540059105429,43333942.97974601,0.02255054087408429,563.731178,5.231353713874662,HRMS
pool190a9js7lk9lvmrngre7w268z9tz9xs9yz77audvw8ag4jerfdhx,614,2031898.328133,2.64,4,145,0.03,340.0,367.384861,885.443843,828.748451,56.695392,1252.828704,3.231557167,130051.365281,307,,,,False,,,,,0.06400485864885624,hollow,False,367.384861,340.0,27.38486112,885.443843,29.32442877681704,27.13858637772718,2.1858424086681842,1901846.962852,0.046557050083156686,424.08025299999997,29.32442877681704,pool190a9js7lk9lvmrngre7w268z9tz9xs9yz77audvw8ag4jerfdhx
pool1qqqyv9pn9typyqwcxqk5ewpxy5p27g5j2ms58hpp2c2kuzs5z77,614,26516830.888242,34.48,32,3785,0.025,170.0,416.326146,9606.719713,9568.087317,38.632396,10023.045859,2.679490414,106634.451016,ANGEL,ANGEL,,,False,,,,,0.004021387452573885,hollow,False,416.326146,170.0,246.326146475,9606.719713,4.153688927065699,1.6960912121074632,2.4575977196973136,26410196.437225997,0.0363750407378986,454.95854199999997,4.153688927065699,pool1qqqyv9pn9typyqwcxqk5ewpxy5p27g5j2ms58hpp2c2kuzs5z77
pool1vxz0deezj5c2950e7arpzfqxzq8zd9kawsullrzjw5rsq0yhxgr,614,31529575.966936,41.0,29,222,0.05,340.0,777.159559,8306.031628,8292.376235,13.655393,9083.191187,1.941436441,51835.65493,ZZZ,YUTA,YUTA,YUTA,True,Low pledge,opaque_operational,50000.0,Healthy core,0.0016440327324528023,hollow,False,777.159559,340.0,437.15955935000005,8306.031628,8.556018947528953,3.743177843560236,4.812841107821988,31477740.312006,0.026387000927229766,790.814952,8.556018947528953,YUTA
pool1smy2r8jdvgna5ykhe8rrch7h4qalyfafyzyh0rmanmq0jxptww7,614,23746479.501784,30.88,20,212,0.05,340.0,636.058207,5625.105933,5612.847591,12.258342,6261.16414,1.74406575,51066.610009,ZZZ3,YUTA,YUTA,YUTA,True,Low pledge,opaque_operational,50000.0,Healthy core,0.002150491823647523,hollow,False,636.058207,340.0,296.058207,5625.105933,10.158785056224385,5.430300059183563,4.728484997040821,23695412.891775,0.02373921888887005,648.316549,10.158785056224385,YUTA
pool14mm59ntjqzphjr6chrww639cdr3yjce4qcwzc5jkk38y22u7uc6,614,35769709.695196,46.51,51,136,0.05,340.0,1121.694433,14852.194235,14830.805979,21.388256,15973.888668,3.076841227,51511.015326,ZZZ2,YUTA,YUTA,YUTA,True,Low pledge,opaque_operational,50000.0,Healthy core,0.0014400736199689681,hollow,False,1121.694433,340.0,781.6944334,14852.194234999999,7.0220498985137905,2.128473580018819,4.893576320999059,35718198.67987,0.041581588052956246,1143.0826889999998,7.0220498985137905,YUTA
pool19f6guwy97mmnxg9dz65rxyj8hq07qxud886hamyu4fgfz7dj9gl,614,30775843.829403,40.02,37,22052,0.015,340.0,508.729417,11079.898352,10986.761012,93.13734,11588.627769,2.662495634,258697.987433,BERRY,,,,False,,,,,0.00840587796282752,hollow,False,508.729417,340.0,168.729416535,11079.898352,4.389902127677874,2.933910785447025,1.4559913382182945,30517145.84197,0.03630712521208946,601.866757,4.389902127677874,pool19f6guwy97mmnxg9dz65rxyj8hq07qxud886hamyu4fgfz7dj9gl
pool1spus7k8cy5qcs82xhw60dwwk2d4vrfs0m5vr2zst04gtq700gjn,614,10514119.569308,13.67,12,112,0.05,340.0,510.927977,3247.631558,3231.867302,15.764256,3758.559535,2.280102718,51036.345969,ZZZ4,YUTA,YUTA,YUTA,True,Low pledge,opaque_operational,50000.0,Healthy core,0.004854076999274512,hollow,False,510.927977,340.0,170.92797675,3247.631558,13.59371781242784,9.046018742922481,4.5476990628538765,10463083.223338999,0.03103895370683681,526.692233,13.59371781242784,YUTA
pool1mcvq2z34f9cfdmkd97famsh20ekqtndw246ny5e8ug3mxfdf4zq,614,1825180.94385,2.37,3,91,0.01,170.0,177.694939,761.798918,649.348224,112.450694,939.493857,3.093131084,269418.67098299996,HIVE,,,,False,,,,,0.14761203369496814,balanced,False,177.694939,170.0,7.694938570000001,761.7989180000001,18.913901104943573,18.094849554721463,0.8190515044527854,1555762.272867,0.048966280471381844,290.145633,18.913901104943573,pool1mcvq2z34f9cfdmkd97famsh20ekqtndw246ny5e8ug3mxfdf4zq
pool1jx4ss2zjage3cw0wht3450328y82yeprmq4fr3e2qtac2rhezkv,614,21820940.072241,28.37,18,308,0.05,340.0,604.892097,5032.949842,5021.253152,11.69669,5637.841939,1.697785432,50712.327478,ZZZ5,YUTA,YUTA,YUTA,True,Low pledge,opaque_operational,50000.0,Healthy core,0.002324021206699179,hollow,False,604.892097,340.0,264.89209695,5032.949842,10.729142525540393,6.030676341740556,4.698466182912972,21770227.744763,0.02311849880950701,616.588787,10.729142525540393,YUTA
pool19uynx6nxcdksmaqdcshjg487fap3rs3axyhrdqa7gdqgzgxss4y,614,3553573.817679,4.62,4,100,0.05,340.0,385.642544,867.208326,853.977327,13.230999,1252.85087,1.797221789,54216.871564,JAPAN,YUTA,YUTA,YUTA,True,Low pledge,opaque_operational,50000.0,Healthy core,0.015256998825878195,hollow,False,385.642544,340.0,45.6425435,867.2083259999999,30.781200958099664,27.138106229674406,3.6430946885162796,3499356.946115,0.024781933919681386,398.873543,30.781200958099664,YUTA
pool1gtphgrdj8sluxm9e7ca2spcwcq2p0dxj9zf5v0yv3gsagzq704n,614,55608511.161104,72.31,58,5716,0.015,170.0,443.063157,17931.147308,16646.385223,1284.762085,18374.210465,2.381443643,3984330.673142,ADAFR,,,,False,,,,,0.07164965560036221,hollow,False,443.063157,170.0,273.06315697499997,17931.147308,2.411331675143082,0.9252098223421542,1.4861218526648674,51624180.487962,0.034734008634154066,1727.8252420000001,2.411331675143082,pool1gtphgrdj8sluxm9e7ca2spcwcq2p0dxj9zf5v0yv3gsagzq704n
pool1ft4xjlz9uw0r0ewcgtkgeakqrfc5azxmxwsm5pt94dv67mw4rgd,614,56723580.507439,73.76,50,1503,0.01,340.0,493.609573,15207.347748,14988.951569,218.396179,15700.957321,1.976107817,814620.171817,1LOVE,,,,False,,,,,0.014361226222490782,hollow,False,493.609573,340.0,153.60957321,15207.347748,3.143818322082808,2.165473053959905,0.9783452694604009,55908960.335622005,0.027200197708399782,712.005752,3.143818322082808,pool1ft4xjlz9uw0r0ewcgtkgeakqrfc5azxmxwsm5pt94dv67mw4rgd
pool17ahr5ygy48vpdfnatqn2z4wfu2te4quapk2yx3k50ce6kd7feg0,614,55307726.745701,71.92,64,10021,0.0199,170.0,569.7147,19686.451144,18628.893018,1057.558126,20256.165844,2.631968865,2971035.715872,ST3AK,,,,False,,,,,0.053718275739889,hollow,False,569.7147,170.0,399.7147002956,19686.451144,2.81254954361836,0.8392506326677566,1.9732989124099116,52336691.029829,0.0376150091964733,1627.272826,2.81254954361836,pool17ahr5ygy48vpdfnatqn2z4wfu2te4quapk2yx3k50ce6kd7feg0
pool1xrrrr8gldqz8pjxj6j8c638a9py04xuv66kfgn2dlsx9g52te0t,614,16834181.191911,21.89,16,103,0.05,340.0,573.570724,4437.84376,4422.408625,15.435135,5011.414484,1.942811367,58550.464433,JP3,YUTA,YUTA,YUTA,True,Low pledge,opaque_operational,50000.0,Healthy core,0.0034780702289894626,hollow,False,573.570724,340.0,233.5707242,4437.84376,11.445286073048754,6.784511660041728,4.6607744169979135,16775630.727478001,0.026454109726741535,589.005859,11.445286073048754,YUTA
pool1x2h98z6e5xvrg5zw3v3dlu8hqdtj6lhp6r3w5ge7rvcqcx3pafq,614,11524042.441336,14.98,20,53,0.05,340.0,636.213324,5628.053148,5600.602363,27.450785,6264.266472,3.628547965,56208.426254,KTN4,YUTA,YUTA,YUTA,True,Low pledge,opaque_operational,50000.0,Healthy core,0.004877492124845357,hollow,False,636.213324,340.0,296.2133236,5628.053148,10.156230212168406,5.427610742929455,4.728619462853527,11467834.015082,0.04907686264553732,663.6641089999999,10.156230212168406,YUTA
pool1hwlghkwnjsjk8370qt3dvp23d7urwm36f95fmxcz3np2kghknj9,614,6351661.920426,8.26,4,359,0.0,340.0,340.0,912.612224,912.078599,0.533625,1252.612224,1.054314039,3713.96627,PEGA,,,,False,,,,,0.0005847235442516921,hollow,False,340.0,340.0,0.0,912.612224,27.14327654525588,27.14327654525588,0.0,6347947.954156,0.014376491908735843,340.533625,27.14327654525588,pool1hwlghkwnjsjk8370qt3dvp23d7urwm36f95fmxcz3np2kghknj9
pool1k0xrqp03mn9u3q3sadndd6vu9udl5v38xpzyw0shm8sskuxw2av,614,36651150.272804,47.66,30,156,0.05,340.0,792.820256,8603.584866,8588.977914,14.606952,9396.405122,1.728182826,62225.394195,JP2,YUTA,YUTA,YUTA,True,Low pledge,opaque_operational,50000.0,Healthy core,0.0016977746600540578,hollow,False,792.820256,340.0,452.82025610000005,8603.584866000001,8.437484822187512,3.6184050771071044,4.819079746144645,36588924.878609,0.02351417784081958,807.427208,8.437484822187512,YUTA
pool1q66d2n39uvln4hazyzv8fyq977mpqus78sjd2369qfn7cptdeyh,614,6361387.910461,8.27,4,53,0.05,340.0,385.642621,867.209794,859.635127,7.574667,1252.852415,1.000064872,55563.707171,KTN2,YUTA,YUTA,YUTA,True,Low pledge,opaque_operational,50000.0,Healthy core,0.008734525853961542,hollow,False,385.642621,340.0,45.642620750000006,867.2097940000001,30.781169145130317,27.138072763342997,3.6430963618328502,6305824.203290001,0.013752520940046855,393.217288,30.781169145130317,YUTA
pool1llxh8l0h8g9ghz3nrzh7ndvev4x43vnk72nsemzm795vxqs6dp8,614,10140870.558445,13.19,8,62,0.05,340.0,448.285314,2057.420968,2045.89992,11.521048,2505.706282,1.491923105,56786.358066,JP4,YUTA,YUTA,YUTA,True,Low pledge,opaque_operational,50000.0,Healthy core,0.005599751790413113,hollow,False,448.285314,340.0,108.28531410000001,2057.420968,17.890577088795435,13.569028518722451,4.321548574063878,10084084.200379,0.020402655581978124,459.80636200000004,17.890577088795435,YUTA
pool19ejln2jcpg5dphc8m5nh8sya49sycsqj0v2cjxw6nku966cc8nu,614,14592503.85345,18.97,20,74,0.05,340.0,636.213379,5628.054197,5605.628516,22.425681,6264.267576,2.854923394,58145.640174,POP,YUTA,YUTA,YUTA,True,Low pledge,opaque_operational,50000.0,Healthy core,0.0039846239382868515,hollow,False,636.213379,340.0,296.21337880000004,5628.054197,10.156229300253633,5.427609786379916,4.728619510681005,14534358.213276,0.03872241288135594,658.6390600000001,10.156229300253633,YUTA
pool1pvu2zdexh8wr4ggmuz90jvqrua6an43qj9m9urs785p8kwjzqwl,614,37674396.901241,48.99,39,43,0.05,340.0,933.766341,11281.560483,11263.220434,18.340049,12215.326824,2.209710784,122491.96306,KTN3,YUTA,YUTA,YUTA,True,Low pledge,opaque_operational,50000.0,Healthy core,0.0032513317567126098,hollow,False,933.766341,340.0,593.7663412,11281.560483,7.644219057368056,2.7833884831635185,4.860830575841825,37551904.938181,0.030042578403338047,952.10639,7.644219057368056,YUTA
pool1etfar35l4tf6vam3gvqf5dnaq7levz32vgw4p00jzk7q7twg2te,614,22724626.853737,29.55,17,172,0.05,340.0,589.228837,4735.347908,4722.836436,12.511472,5324.576745,1.532638636,60028.638729,POP2,YUTA,YUTA,YUTA,True,Low pledge,opaque_operational,50000.0,Healthy core,0.002641567631247087,hollow,False,589.228837,340.0,249.22883725000003,4735.347908000001,11.066209864536377,6.385484072875354,4.680725796356232,22664598.215008,0.020893147379353747,601.740309,11.066209864536377,YUTA
pool1a600v0jd2z3yajazd80phln3exekumm7g56d9yvlrh6vx8dx2fc,614,4954469.276173,6.44,5,68,0.05,340.0,401.303242,1164.76159,1151.541114,13.220476,1566.064832,1.730785482,56235.059305,POP3,YUTA,YUTA,YUTA,True,Low pledge,opaque_operational,50000.0,Healthy core,0.011350369973116043,hollow,False,401.303242,340.0,61.30324160000001,1164.76159,25.624944370119156,21.710467731134134,3.9144766134432936,4898234.216868,0.023779213864231364,414.52371800000003,25.624944370119156,YUTA
pool1jyutduy73e5u9877uns3k9rm0tf4r24j8lrn4xtkjpl3q5sn5mw,614,2785386.306442,3.62,3,469,0.03,170.0,193.083772,746.375288,746.18349,0.191798,939.45906,1.975106422,715.745728,KOALA,moomanchoo.github.io,,,False,,,,,0.00025696461792198587,hollow,False,193.083772,170.0,23.0837718,746.375288,20.552654205069885,18.095519777093852,2.4571344066871843,2784670.560714,0.026803001350674188,193.27557000000002,20.552654205069885,pool1jyutduy73e5u9877uns3k9rm0tf4r24j8lrn4xtkjpl3q5sn5mw
pool1gwnu7f7qgaruxph8gn3u28qphvquvnj63elyd3r0nndacj9g9pa,614,23529509.194881,30.6,27,134,0.05,340.0,745.838168,7710.925187,7685.553793,25.371394,8456.763355,2.420748406,77419.553099,JAZZ2,YUTA,YUTA,YUTA,True,Low pledge,opaque_operational,50000.0,Healthy core,0.0032903173822190534,hollow,False,745.838168,340.0,405.83816774999997,7710.925186999999,8.819428151067141,4.0204506822220285,4.798977465888898,23452089.641782,0.03287948027139677,771.209562,8.819428151067141,YUTA
pool1supp67ypelmgzuzqqvarc6czgmg3ggwpnrnfr90xpfcqqf8h05t,614,4178954.18003,5.43,4,662,0.01,340.0,349.128511,903.722609,889.256329,14.46628,1252.85112,1.591019901,66894.296644,1PCT,1PCT,ONE_PERCENT,1PCT,True,Low pledge,declared_brand,50000.0,Healthy core,0.01600742524617003,hollow,False,349.128511,340.0,9.1285112,903.722609,27.86671979029719,27.138100814404826,0.7286189918559517,4112059.883386,0.021977369849386683,363.594791,27.86671979029719,ONE_PERCENT
pool173mzegwuu0pjcrt60ekelzj5haqr8r5e4e0n45qh9jdz7xm5kh8,614,59455188.520318,77.31,73,8525,0.0199,340.0,788.216729,22075.236995,22032.217898,43.019097,22863.453724,2.746981193,115534.984125,ROCKY,,,,False,,,,,0.0019432279503330057,hollow,False,788.216729,340.0,448.21672910760003,22075.236995,3.447496334171949,1.4870894139807869,1.9604069206617825,59339653.536193,0.037201492896374366,831.235826,3.447496334171949,pool173mzegwuu0pjcrt60ekelzj5haqr8r5e4e0n45qh9jdz7xm5kh8
pool1h0524mtazrjnzqh5e4u060jsfk8lpsqqjfpa5gygjwuhqu34wvt,614,25997217.436584,33.8,24,157,0.05,340.0,698.856163,6818.2671,6798.067516,20.199584,7517.123263,1.932753949,77018.524139,JAZZ,YUTA,YUTA,YUTA,True,Low pledge,opaque_operational,50000.0,Healthy core,0.0029625679873961207,hollow,False,698.856163,340.0,358.85616315000004,6818.2671,9.296856504134194,4.523006848557513,4.773849657572125,25920198.912445,0.026304840958324444,719.055747,9.296856504134194,YUTA
pool1hsq2jrulgj97tna2femdhsfn2wurkkwt8uk9uvs42h9zs0a783p,614,23765314.778447,30.9,24,109,0.05,340.0,698.856151,6818.266873,6796.345622,21.921251,7517.123024,2.116148501,76407.303521,JAZZ3,YUTA,YUTA,YUTA,True,Low pledge,opaque_operational,50000.0,Healthy core,0.003215076435271732,hollow,False,698.856151,340.0,358.85615120000006,6818.2668730000005,9.296856640083636,4.523006992362348,4.773849650381883,23688907.474926,0.028782529883309024,720.7774019999999,9.296856640083636,YUTA
pool1gclysx2h7fndj0jdajlmwvqr8q9tzu3rurjknacu0ff954fsg9a,614,70546334.453773,91.73,63,1963,0.01,340.0,533.924525,19198.527946,19177.75168,20.776266,19732.452471,2.006216086,76343.806946,1PCT0,1PCT,ONE_PERCENT,1PCT,True,Low pledge,declared_brand,50000.0,Healthy core,0.0010821796417505704,hollow,False,533.924525,340.0,193.92452471000001,19198.527946000002,2.705819389580123,1.723049886980265,0.9827695011301975,70469990.64682701,0.027243551148199898,554.700791,2.705819389580123,ONE_PERCENT
pool166dkk9kx5y6ug9tnvh0dnvxhwt2yca3g5pd5jaqa8t39cgyqqlr,614,49893849.731779,64.88,50,3452,0.009,170.0,309.585512,15369.915815,15225.151115,144.7647,15679.501327,2.273903416,469784.285524,VIPER,VIPER,VIPER,VIPER,True,Material pledge,community_branded_fleet,401000.0,Healthy core,0.009415675239523144,hollow,False,309.585512,170.0,139.585511943,15369.915815,1.974460191963476,1.0842181549948984,0.8902420366050459,49424065.446255,0.031098040349824402,454.350212,1.974460191963476,VIPER
pool1s3z5qsg75dar26ykyzcz2u8wc2swgq7pyp7f9sdh5n06qh3jhq2,614,6035969.886834,7.85,3,392,0.01,340.0,345.996391,593.642675,587.037769,6.604906,939.639066,0.720509054,67156.54906399999,1PCT1,1PCT,ONE_PERCENT,1PCT,True,Low pledge,declared_brand,50000.0,Healthy core,0.011126057671441612,hollow,False,345.996391,340.0,5.996390659999999,593.6426749999999,36.82226543356596,36.18410646200187,0.6381589353799814,5968813.33777,0.009945740324018742,352.60129700000005,36.82226543356596,ONE_PERCENT
pool1z7n2ruhmxmv77f6cqhd3wsy6774h2wuay77agxuf2y9mj8q55vw,614,51571909.015389,67.06,56,1095,0.01,340.0,511.999572,17027.957588,17003.211949,24.745639,17539.95716,2.439181308,74946.131534,1PCT2,1PCT,ONE_PERCENT,1PCT,True,Low pledge,declared_brand,50000.0,Healthy core,0.0014532355494468153,hollow,False,511.999572,340.0,171.99957160000002,17027.957588,2.9190468786755006,1.938431188277771,0.9806156881172223,51496962.883855,0.03306594531876461,536.745211,2.9190468786755006,ONE_PERCENT
pool12mmcc4rc2fzfv7gyv8h06nvnsrm3m7erzdv8x6gzvjxlu2lf09n,614,15827497.69438,20.58,17,432,0.01,340.0,389.846275,4934.78126,4913.270658,21.510602,5324.627535,2.301769105,68991.70295699999,1PCT3,1PCT,ONE_PERCENT,1PCT,True,Low pledge,declared_brand,50000.0,Healthy core,0.004358977286820104,hollow,False,389.846275,340.0,49.84627535,4934.78126,7.3215689254779015,6.385423163688013,0.9361457683631199,15758505.991423,0.031315032419227375,411.356877,7.3215689254779015,ONE_PERCENT
pool1vnsfv2qpt5gxte9prupjey8kw7ap7t6c8lc02ks4s3gtqplhgd3,614,12397537.507389,16.12,11,477,0.01,340.0,371.053465,3074.293084,3057.426252,16.866832,3445.346549,1.826480969,68017.95769899999,1PCT4,1PCT,ONE_PERCENT,1PCT,True,Low pledge,declared_brand,50000.0,Healthy core,0.0054864087048303685,hollow,False,371.053465,340.0,31.05346549,3074.293084,10.769699353108528,9.86838319932385,0.9013161680067615,12329519.549689999,0.024934411041809792,387.920297,10.769699353108528,ONE_PERCENT
pool1rkyc3ss904h066sffergss99r9p2kqa4k6ds0g4u5ud4x7yaajd,614,7474454.639445,9.72,7,517,0.01,340.0,358.52492,1833.967095,1817.45209,16.515005,2192.492015,1.807075925,67307.98055699999,1PCT5,1PCT,ONE_PERCENT,1PCT,True,Low pledge,declared_brand,50000.0,Healthy core,0.009005069105884332,hollow,False,358.52492,340.0,18.52492015,1833.9670949999997,16.35239342023328,15.507468108156372,0.8449253189184363,7407146.658888,0.024759427340342748,375.039925,16.35239342023328,ONE_PERCENT
pool1py2uxkvuj926h42s40wxl26dh0ggaq882v4m0hkd99m86vzmwnz,614,2529293.433279,3.29,3,43,0.05,340.0,369.990507,569.819639,546.699356,23.120283,939.810146,1.658012657,102625.41392,EARTH,,,,False,,,,,0.04057473623649726,hollow,False,369.990507,340.0,29.990507300000004,569.819639,39.36864361113207,36.17751962426675,3.1911240187866627,2426668.019359,0.02348156544093398,393.11078999999995,39.36864361113207,pool1py2uxkvuj926h42s40wxl26dh0ggaq882v4m0hkd99m86vzmwnz
pool1ua0lx5ap5tj9f5l7tyjflp766ca5yu93djh5hqvm4e0kjgw5k7v,614,5661982.860759,7.36,3,434,0.01,340.0,345.996389,593.642547,586.593971,7.048576,939.638936,0.768280032,67227.138979,1PCT6,1PCT,ONE_PERCENT,1PCT,True,Low pledge,declared_brand,50000.0,Healthy core,0.011873426789212863,hollow,False,345.996389,340.0,5.996389359999999,593.6425469999999,36.82227031511602,36.184111468109705,0.638158885318903,5594755.72178,0.01061069645434188,353.04496500000005,36.82227031511602,ONE_PERCENT
pool1uq8l234306m76unyz8kuwnkvmtvazaks6vuvyx3a3khngavvcw0,614,5104093.40669,6.64,5,913,0.01,500.0,510.724083,1061.684186,749.323799,312.360387,1572.408269,1.529873511,1501687.998621,PLTUS,,,,False,,,,,0.29421248377874876,balanced,False,510.724083,500.0,10.724082690000001,1061.684186,32.48037377244294,31.798357325987837,0.6820164267401218,3602405.4080689996,0.029471535425245086,823.08447,32.48037377244294,pool1uq8l234306m76unyz8kuwnkvmtvazaks6vuvyx3a3khngavvcw0
pool1w8ham64lthvzzxzn5hknq4yrj8xt2nark409s2xmntlwvt4ag3r,614,27836183.076023,36.2,19,578,0.01,340.0,396.110558,5554.94527,5540.806545,14.138725,5951.055828,1.467291847,70850.02988799999,1PCT7,1PCT,ONE_PERCENT,1PCT,True,Low pledge,declared_brand,50000.0,Healthy core,0.0025452494580346196,hollow,False,396.110558,340.0,56.11055828,5554.945269999999,6.656139170065941,5.713271893708069,0.9428672810629193,27765333.046135,0.020006766210114886,410.24928300000005,6.656139170065941,ONE_PERCENT
pool1qvvn2l690zm3v2p0f3vd66ly6cfs2wjqx34zpqcx5pwsx3eprtp,614,20168383.138248,26.23,24,1100,0.0,170.0,170.0,7357.240185,7148.154584,209.085601,7527.240185,2.698247945,573165.767405,VIPER,VIPER,VIPER,VIPER,True,Material pledge,community_branded_fleet,401000.0,Healthy core,0.028419024146661972,hollow,False,170.0,170.0,0.0,7357.240185,2.258463870181392,2.258463870181392,0.0,19595217.370843,0.03754610140710823,379.085601,2.258463870181392,VIPER
pool1ddgcpgjcyawxw95se9x8qnc8gxgwjr4fqrk4vk6v9x47s0ggpjp,614,5082239.99105,6.61,4,600,0.01,340.0,349.128517,903.723148,891.779146,11.944002,1252.851665,1.306429688,67169.08189999999,1PCT8,1PCT,ONE_PERCENT,1PCT,True,Low pledge,declared_brand,50000.0,Healthy core,0.013216432521543071,hollow,False,349.128517,340.0,9.12851665,903.7231479999999,27.86670814696966,27.138089009124638,0.7286191099087537,5015070.909150001,0.018020146960457853,361.072519,27.86670814696966,ONE_PERCENT
pool13846y7q7tng3endxhet9qdcz5w0fjs09ytcye4dm5g54wmyqeqr,614,23916237.835751,31.1,29,979,0.025,170.0,393.08623,8700.362972,8537.703363,162.659609,9093.449202,2.690708917,446732.489135,BSP,,,,False,,,,,0.018679045266358968,hollow,False,393.08623,170.0,223.08623005,8700.362971999999,4.322740703423572,1.869477645100942,2.453263058872477,23469505.346616,0.03707092605279164,555.7458389999999,4.322740703423572,pool13846y7q7tng3endxhet9qdcz5w0fjs09ytcye4dm5g54wmyqeqr
pool1kkfkdces5mdcyc9dn2hgg3463jggjvw3h89nejjarkz25uavaqu,614,16347686.612799,21.26,23,367,0.01,340.0,408.639081,6795.269017,6766.701948,28.567069,7203.908098,3.080259971,68725.086833,1PCT9,1PCT,ONE_PERCENT,1PCT,True,Low pledge,declared_brand,50000.0,Healthy core,0.004203964050741801,hollow,False,408.639081,340.0,68.63908098,6795.269017,5.672463827147507,4.719660431181697,0.9528033956881831,16278961.525966,0.04174264437053374,437.20615,5.672463827147507,ONE_PERCENT
pool18v9r8afalh50l4lstct2awdc3zspnvurcs7t45nv29uc2mnxc6c,614,6613693.762571,8.6,6,1021,0.0,340.0,340.0,1538.914415,1460.155824,78.758591,1878.914415,1.712915723,338475.635403,LONDN,LONDN,,,False,,,,,0.0511780024225708,hollow,False,340.0,340.0,0.0,1538.914415,18.09555545934752,18.09555545934752,0.0,6275218.127168,0.024523680034920326,418.758591,18.09555545934752,pool18v9r8afalh50l4lstct2awdc3zspnvurcs7t45nv29uc2mnxc6c
pool1cc76kmtcpf6vht32ya5ke9er74dnpy4jh5qpy4klqwp87ygdsu6,614,7758082.239702,10.09,6,1466,0.029,340.0,384.728605,1497.637087,1399.058242,98.578845,1882.365692,1.419046104,510659.28305,,SAFEBLOCK,,,False,,,,,0.06582287571491575,hollow,False,384.728605,340.0,44.72860506800001,1497.637087,20.4385686923155,18.06237764771161,2.3761910482163637,7247422.956652001,0.02066440852089919,483.30745,20.4385686923155,pool1cc76kmtcpf6vht32ya5ke9er74dnpy4jh5qpy4klqwp87ygdsu6
pool1qqqq4md2rfdt75qvh3x9cgmkrgkl74ctcj3fnxpu3ylcudl22ex,614,5225568.303839,6.79,6,1179,0.02,340.0,370.779749,1508.207717,1505.317161,2.890556,1878.987466,2.128973909,10015.018444,MASTR,MASTR,,,False,,,,,0.001916541486337935,hollow,False,370.779749,340.0,30.77974932,1508.207717,19.732954887097687,18.094851942987894,1.638102961140242,5215553.285395,0.028917501834817814,373.670305,19.732954887097687,pool1qqqq4md2rfdt75qvh3x9cgmkrgkl74ctcj3fnxpu3ylcudl22ex
pool1qqq9tqyj69j9kygpxza3h82ynh8d0xlueucnu2yqum8nse8hj7y,614,2198303.363501,2.86,4,339,0.025,170.0,197.067932,1055.64934,1028.05167,27.59767,1252.717272,3.566836837,57469.874083,SION,ANGEL,,,False,,,,,0.026142831347659837,hollow,False,197.067932,170.0,27.067931800000004,1055.6493400000002,15.731237718577573,13.570500207807463,2.1607374948048137,2140833.489418,0.04931020302223438,224.665602,15.731237718577573,pool1qqq9tqyj69j9kygpxza3h82ynh8d0xlueucnu2yqum8nse8hj7y
pool195gdnmj6smzuakm4etxsxw3fgh8asqc4awtcskpyfnkpcvh2v8t,614,37206833.459516,48.38,40,7506,0.02,340.0,583.435341,11928.331706,11748.390971,179.940735,12511.767047,2.367561877,0.0,SUNNY,SUNNY,SUNNY,SUNNY,True,Low pledge,community_branded_fleet,1000.0,Healthy core,0.0,hollow,False,583.435341,340.0,243.43534094,11928.331705999999,4.663093061182695,2.71744189867668,1.9456511620264665,37206833.459516,0.032059518633798745,763.376076,4.663093061182695,SUNNY
pool1we0xjccr3vc4ypnmhzsgwp7sxpsytu8dtv0syeqmtrllvcex68q,614,1790739.768965,2.33,2,200,0.0,170.0,170.0,456.30732,456.039398,0.267922,626.30732,1.877316507,1051.439886,JUNO,,,,False,,,,,0.0005871539261160789,hollow,False,170.0,170.0,0.0,456.30732,27.143224192238403,27.143224192238403,0.0,1789688.329079,0.025496468440112278,170.267922,27.143224192238403,pool1we0xjccr3vc4ypnmhzsgwp7sxpsytu8dtv0syeqmtrllvcex68q
pool108zdflss3ayqlm5c7vr6mtqj2uwl99vk28ur8dv4zswdzt6yauc,614,45376206.874307,59.0,41,6526,0.02,340.0,590.483432,12273.688156,11902.107615,371.580541,12864.171588,1.993908373,1373744.239085,AZUR,DAPP,DAPP,DAPP,True,Material pledge,multi_brand_fleet,500000.0,Healthy core,0.03027454989550579,hollow,False,590.483432,340.0,250.48343176,12273.688156,4.590139582332816,2.642999571905275,1.9471400085618946,44002462.635222,0.0278931846559321,962.063973,4.590139582332816,DAPP
pool1j6zqawj6f58lp4p00t26eqe58gxx4pa3cudlzpkv23y92nlxjzd,614,5887476.127856,7.66,6,702,0.032,200.0,253.731106,1625.365949,1617.130464,8.235485,1879.097055,2.03548488,29830.913234,GURU,,,,False,,,,,0.005066842325331569,hollow,False,253.731106,200.0,53.73110576,1625.365949,13.502820693846493,10.643409794498346,2.859410886576053,5857645.214622,0.027747770468288538,261.966591,13.502820693846493,pool1j6zqawj6f58lp4p00t26eqe58gxx4pa3cudlzpkv23y92nlxjzd
pool15ccmgcc4k9t8auxw9v4dfjmrl2kqnuevawn8z6n7xv09utw9hh3,614,30374264.218978,39.5,22,1493,0.02,170.0,304.401263,6585.661878,6520.395935,65.265943,6890.063141,1.595183089,300018.54319500003,4ADA,4ADA,4ADA,4ADA,True,Material pledge,community_branded_fleet,300000.0,Healthy core,0.009877392947926847,hollow,False,304.401263,170.0,134.40126282,6585.661878,4.4179749411675235,2.4673213658725164,1.9506535726825498,30074245.675782997,0.021898011837095027,369.66720599999996,4.4179749411675235,4ADA
pool1vquhv3kh6xkklckaenl8alyuhfsld57ef5573aqauueyqacx4ak,614,33454582.487118,43.5,33,6603,0.02,340.0,539.700569,9785.327901,9637.4405,147.887401,10325.02847,2.157859993,502159.105585,KIWI,KIWI,KIWI,KIWI,True,Material pledge,community_branded_fleet,501369.0,Healthy core,0.015010174040532747,hollow,False,539.700569,340.0,199.70056939999998,9785.327900999999,5.227109741809748,3.2929691282488056,1.9341406174350237,32952423.381532997,0.02969532100174409,687.58797,5.227109741809748,KIWI
pool1swe9nsv8lzugakjkfv04dn38scmq48wzynmn0lxasupuzmqcgjm,614,18303323.813597,23.8,13,1386,0.0084,170.0,202.782848,3869.937205,3842.485581,27.451624,4072.720053,1.555272362,129835.640211,ADAGE,,,,False,,,,,0.007093555330892902,hollow,False,202.782848,170.0,32.782848445199996,3869.937205,4.979051969227014,4.17411454231372,0.8049374378445646,18173488.173386,0.021294410671624915,230.234472,4.979051969227014,pool1swe9nsv8lzugakjkfv04dn38scmq48wzynmn0lxasupuzmqcgjm
pool1dpu6kslgxlg3ccrwxldl8e6r7ylnq0yalafmucp0yc7k6qegtt0,614,8503363.758339,11.06,14,417,0.0095,250.0,289.279338,4095.387826,4080.234423,15.153403,4384.667164,3.577483258,31463.413636,FARM,,,,False,,,,,0.0037001138055683847,hollow,False,289.279338,250.0,39.279338058,4095.3878260000006,6.597521024517153,5.701687052841942,0.8958339729980015,8471900.344703,0.04834084041794253,304.432741,6.597521024517153,pool1dpu6kslgxlg3ccrwxldl8e6r7ylnq0yalafmucp0yc7k6qegtt0
pool15mfkj8sl7estcmmd5a07afrx5f4hlz3pcr6p6ay5pfmrjfl2hlf,614,1008946.304927,1.31,1,69,0.01,340.0,313.420967,0.0,,0.0,313.420967,0.0,466087.523756,DOXA,,,,False,,,,,0.4619547358268215,balanced,False,313.420967,313.420967,0.0,0.0,100.0,100.0,0.0,542858.781171,0.0,313.420967,100.0,pool15mfkj8sl7estcmmd5a07afrx5f4hlz3pcr6p6ay5pfmrjfl2hlf
pool155cu3s06js3llfh07vnzepatfuvt3s5s7uwldt9rzz55wz7pugt,614,13713495.879795,17.83,14,285,0.05,340.0,542.215277,3842.090272,3835.908713,6.181559,4384.305549,2.065996209,22063.688458,SPS,SPS,SPS,SPS,True,Low pledge,community_branded_fleet,10000.0,Healthy core,0.0016089032768448117,hollow,False,542.215277,340.0,202.21527745,3842.0902719999995,12.367187253262307,7.7549339616065165,4.612253301919675,13691432.191337,0.028062004166598514,548.396836,12.367187253262307,SPS
pool1c89d4drtwn0048mekkdkzllz559ahnntxelyw2mppxnmc36hjlx,614,32585429.815221,42.37,30,778,0.0099,340.0,430.043662,9005.275707,8609.652643,395.623064,9435.319369,2.037623529,1431554.160847,CLIO1,,,,False,,,,,0.043932339360406594,hollow,False,430.043662,340.0,90.04366175310001,9005.275707,4.55780716244667,3.6034816279465782,0.9543255318833288,31153875.654374,0.02890579588525661,825.6667259999999,4.55780716244667,pool1c89d4drtwn0048mekkdkzllz559ahnntxelyw2mppxnmc36hjlx
pool1qqq0c53vaf5ju0n3fvujmyxwca0yhp65930evw9lngmr5705csz,614,42100749.477631,54.74,36,1690,0.001,340.0,350.948819,10937.869922,10833.640437,104.229485,11288.818741,1.914404341,401187.719864,ANP,,,,False,,,,,0.009529229879319827,hollow,False,350.948819,340.0,10.948818741,10937.869922,3.108817911349614,3.011829738794103,0.0969881702612059,41699561.757767,0.026230179553296387,455.178304,3.108817911349614,pool1qqq0c53vaf5ju0n3fvujmyxwca0yhp65930evw9lngmr5705csz
pool1a2nh3ktswllhwf07fjahpdg5mpqyq7j950pyftq9765r6t4cefl,614,36114966.986949,46.96,42,2618,0.039,500.0,993.463508,12159.446959,12156.046214,3.400745,13152.910467,2.487845866,10099.809815,OCEAN,OCEAN,OCEAN,AdaOcean,True,Low pledge,declared_brand,10000.0,Healthy core,0.000279657179768427,hollow,False,993.463508,500.0,493.463508213,12159.446958999999,7.553183840888682,3.8014400026098802,3.751743839898215,36104867.177134,0.03367813790684942,996.8642530000001,7.553183840888682,OCEAN
pool1p627hhec2ha6wu6ql377c3hv4mjd26w7ll0xyw2ezgnu6nyl0a4,614,1456055.472889,1.89,2,22,0.0,170.0,170.0,456.532758,415.307133,41.225625,626.532758,2.314875701,131484.095003,PMW,,,,False,,,,,0.09030156985854307,hollow,False,170.0,170.0,0.0,456.53275799999994,27.133457561368246,27.133457561368246,0.0,1324571.377886,0.03446645198755696,211.225625,27.133457561368246,pool1p627hhec2ha6wu6ql377c3hv4mjd26w7ll0xyw2ezgnu6nyl0a4
pool10quq4wlghwrvmhdzc7geq22pyhzegccwj56ax2g8hx0cjfahufs,614,33916343.66839,44.1,35,442,0.05,340.0,871.03821,10089.725987,10081.111475,8.614512,10960.764197,2.195089129,28957.41485,SPS2,SPS,SPS,SPS,True,Low pledge,community_branded_fleet,10000.0,Healthy core,0.0008537894041033759,hollow,False,871.03821,340.0,531.03820985,10089.725987,7.946874819534994,3.1019734928068172,4.844901325359659,33887386.25354,0.029774282122292595,879.652722,7.946874819534994,SPS
pool1g5gmej3cj67td4pmvmacnls8nuq0gjld2pwfeg3jwpxujdx6lmu,614,12486397.539002,16.24,18,1689,0.01,340.0,392.956817,5242.724899,5233.686467,9.038432,5635.681716,3.111880855,21518.291621,,WAVE,WAVE,Wave / Wavepool,True,Minimal pledge,declared_brand,5.0,Healthy core,0.0017233386614342804,hollow,False,392.956817,340.0,52.95681716,5242.724899,6.972658088273061,6.032987970820317,0.9396701202917968,12464879.247381,0.04205997342574779,401.995249,6.972658088273061,WAVE
pool10zyf32q3w3n9x940j6yqgkwuegzn77p94wcmpku6gvmrqw8a97d,614,24928560.291599,32.42,23,1221,0.037,340.0,591.913264,6556.553323,6547.632228,8.921095,7148.466587,1.938293334,26028.742072,XSP,XSP,XSP,XSP,True,Low pledge,community_branded_fleet,20000.0,Healthy core,0.0010441333862658633,hollow,False,591.913264,340.0,251.91326371899999,6556.553323,8.280283006098633,4.756264799758796,3.5240182024089246,24902531.549527,0.02632886262972945,600.8343590000001,8.280283006098633,XSP
pool1vafsg5t78rnx3qr3fv7ys9h50pnvxqhd4l8tj629l5zk7tc39ch,614,3159987.681632,4.11,3,694,0.0216,340.0,352.948274,586.508863,582.751392,3.757471,939.457137,1.364008128,0.0,,WAVE,WAVE,Wave / Wavepool,True,Minimal pledge,declared_brand,10.0,Healthy core,0.0,hollow,False,352.948274,340.0,12.9482741592,586.508863,37.569385563143584,36.191113634596825,1.3782719454927086,3159987.681632,0.01856047940975178,356.70574500000004,37.569385563143584,WAVE
pool1vc8jhqtwjrjwsfk6a0enx47hd2ufg98c34ta6lvl0zv0uhpech9,614,1482454.644949,1.93,2,175,0.0,300.0,300.0,326.422974,298.018888,28.404086,626.422974,1.620201587,128997.532389,MDS,,,,False,,,,,0.08701617471301311,hollow,False,300.0,300.0,0.0,326.42297399999995,47.89096384578003,47.89096384578003,0.0,1353457.11256,0.02411771832079602,328.404086,47.89096384578003,pool1vc8jhqtwjrjwsfk6a0enx47hd2ufg98c34ta6lvl0zv0uhpech9
pool1jgwu8lq3dqddnnx7prymcgcyrqy0fdlghg33he2hmw9t2gma3zd,614,2028006.057807,2.64,2,641,0.02,340.0,345.73494,281.012046,250.162672,30.849374,626.746986,1.016591958,222633.294084,KIWI,KIWI,KIWI,KIWI,True,Material pledge,community_branded_fleet,200369.0,Subscale active,0.10977940289031791,balanced,False,345.73494,340.0,5.73493972,281.012046,55.16339890304634,54.248366182011445,0.9150326763597711,1805372.763723,0.015565319896623629,376.584314,55.16339890304634,KIWI
pool14wk2m2af7y4gk5uzlsmsunn7d9ppldvcxxa5an9r5ywek8330fg,614,37722049.806889,49.05,40,3816,0.0299,170.0,540.870381,12032.821292,11698.927851,333.893441,12573.691673,2.35554432,1046625.9055049999,SMAUG,,,,False,,,,,0.02774573255862304,hollow,False,540.870381,170.0,370.8703810227,12032.821291999999,4.301603658386447,1.3520293357045483,2.949574322862434,36675423.901383996,0.03280894945987502,874.7638219999999,4.301603658386447,pool14wk2m2af7y4gk5uzlsmsunn7d9ppldvcxxa5an9r5ywek8330fg
pool1pshqcksxywy68lt04lw6uf35f4yssekh5dx2mxqmyrukke2z5y3,614,49533195.165461,64.41,51,3500,0.01,340.0,496.277329,15471.455528,15233.892744,237.562784,15967.732857,2.305949135,756595.979114,ACL,ACL,ACL,ACL,True,Material pledge,community_branded_fleet,750000.0,Healthy core,0.015274524015393354,hollow,False,496.277329,340.0,156.27732857,15471.455528,3.108001201200206,2.1292941399063388,0.9787070586009367,48776599.18634699,0.031719012366755166,733.840113,3.108001201200206,ACL
pool10p3g22454ly7eaurlur5wc9d9ual2fnfwy7a6e7k09z3yf929k9,614,6128231.984335,7.97,5,165,0.029,340.0,375.547551,1190.230064,1118.116206,72.113858,1565.777615,1.427770764,371298.311641,OUROS,,,,False,,,,,0.06058816190217889,hollow,False,375.547551,340.0,35.547550835,1190.2300639999999,23.984731126712397,21.71445017113749,2.270280945037013,5756933.6726939995,0.020674722546230467,447.661409,23.984731126712397,pool10p3g22454ly7eaurlur5wc9d9ual2fnfwy7a6e7k09z3yf929k9
pool1vxvdypctdecvc2j7xu9y8h2fdxvkpjy2pp8luwg2h6dx5jlv0nk,614,12423784.357681,16.15,8,1100,0.02,170.0,216.723796,2289.465999,2270.500618,18.965381,2506.189795,1.354214065,102915.537873,COOL,COOL,COOL,COOL,True,Material pledge,multi_brand_fleet,100000.0,Healthy core,0.008283751142973798,hollow,False,216.723796,170.0,46.7237959,2289.465999,8.64754123699558,6.783205339801491,1.8643358932039704,12320868.819808,0.018582017489864627,235.689177,8.64754123699558,COOL
pool1pmrgd8snhv0nnj97xcg70nqqhg0v9g3d0e93jl8vn23wxtsxz53,614,3307933.246266,4.3,4,311,0.015,170.0,186.246262,1066.8379,1033.954976,32.882924,1253.084162,2.38185911,101959.7216,CALM,COOL,COOL,COOL,True,Material pledge,multi_brand_fleet,100000.0,Healthy core,0.030822786921438725,hollow,False,186.246262,170.0,16.24626243,1066.8379,14.863028968679917,13.566526906594161,1.2965020964010876,3205973.524666,0.03327656612857225,219.129186,14.863028968679917,COOL
pool1myvgx4ef424e6nw2strqq7dxcepav52plyyhxrk0avaw7y098l2,614,49339766.133615,64.16,52,1124,0.02,170.0,492.40536,15797.862664,15764.902946,32.959718,16290.268024,2.364499111,102939.045584,COOL2,COOL,COOL,COOL,True,Material pledge,multi_brand_fleet,100000.0,Healthy core,0.0020863302291550183,hollow,False,492.40536,170.0,322.40536048,15797.862664,3.022696491393222,1.043567851367109,1.979128642972658,49236827.088031,0.03208546041310673,525.3650779999999,3.022696491393222,COOL
pool1kvd03hq8kp0hnxq9lq598a5amrvauj9m386rwx7ydawvjdskwnh,614,2472261.844911,3.21,2,418,0.0,170.0,170.0,455.672996,436.029858,19.643138,625.672996,1.354460594,106426.306912,CAKE,,,,False,,,,,0.043048153305877385,hollow,False,170.0,170.0,0.0,455.672996,27.170742718133866,27.170742718133866,0.0,2365835.5379990004,0.019260552505919477,189.643138,27.170742718133866,pool1kvd03hq8kp0hnxq9lq598a5amrvauj9m386rwx7ydawvjdskwnh
pool1fuzqy5r9x98826zv6wp40tr27uplemmstkd57cuw8jh5v5m90vn,614,5549321.896222,7.22,8,570,0.005,340.0,350.840018,2157.163611,1675.519405,481.644206,2508.003629,2.877775961,1239248.669454,247,,,,False,,,,,0.22331533340995866,balanced,False,350.840018,340.0,10.840018145,2157.163611,13.98881620198804,13.556599203788474,0.43221700398105767,4310073.226768,0.0500493494542689,832.484224,13.98881620198804,pool1fuzqy5r9x98826zv6wp40tr27uplemmstkd57cuw8jh5v5m90vn
pool1rvng7n968748udkc5rxy4h9zp9hms4s3jsfwuues76ft28uc056,614,59964845.901591,77.97,41,3032,0.02,340.0,590.121982,12255.977142,12215.021514,40.955628,12846.099124,1.50304947,200023.950114,DIGI,DIGI,DIGI,DIGI,True,Material pledge,opaque_fleet,200000.0,Healthy core,0.00333568688631772,hollow,False,590.121982,340.0,250.12198248,12255.977142,4.593783500373993,2.6467178613372813,1.9470656427732542,59764821.951477006,0.020507008540827938,631.07761,4.593783500373993,DIGI
pool1lvsa8e0dw6z8g2fkw7prnfa7627wuy5jjexaadck6w5sxw5xkvm,614,36020421.347227,46.84,33,1422,0.02,340.0,537.408417,9673.012431,9615.947689,57.064742,10210.420848,1.979432784,200025.549945,DIGI2,DIGI,DIGI,DIGI,True,Material pledge,opaque_fleet,200000.0,Healthy core,0.005553115218081667,hollow,False,537.408417,340.0,197.40841696,9673.012431,5.263332677470064,3.32993130314113,1.9334013739371776,35820395.797282,0.027004203096309652,594.473159,5.263332677470064,DIGI
pool1y53awxsm6cmksp8qht8qfq5f5c69t6mrgrdcresk5y0ecv2yj93,614,5043122.492244,6.56,7,1039,0.02,340.0,376.912362,1808.705736,1728.327243,80.378493,2185.618098,2.652222586,222686.500699,RAMEN,KIWI,KIWI,KIWI,True,Material pledge,community_branded_fleet,200369.0,Healthy core,0.04415647270941319,hollow,False,376.912362,340.0,36.91236196,1808.705736,17.245115344940743,15.556240146031222,1.6888751970793754,4820435.991544999,0.03752162126356316,457.29085499999997,17.245115344940743,KIWI
pool1ctzja2cdwyeqnvehmrlclc5wrn9w9acwklk3acn73jrx56d66vs,614,40213606.099406,52.29,32,1139,0.039,500.0,871.301315,9149.245233,9146.918961,2.326272,10020.546548,1.674544983,10099.809639,OCEA2,OCEAN,OCEAN,AdaOcean,True,Low pledge,declared_brand,10000.0,Healthy core,0.0002511540401035854,hollow,False,871.301315,500.0,371.30131537200003,9149.245233,8.695147623199286,4.989747790750944,3.705399836160713,40203506.289767,0.0227573315796308,873.6275870000001,8.695147623199286,OCEAN
pool1nhls8e9swnyshldgjknku4npreax075nw0ltrkmrarh4w3skxt9,614,3784685.672505,4.92,3,582,0.025,340.0,354.995359,584.818995,569.110905,15.70809,939.814354,1.134312,101655.611058,DAN,DAN,,,False,,,,,0.0268597235951477,hollow,False,354.995359,340.0,14.99535885,584.818995,37.77292371510214,36.177357640145175,1.5955660589963707,3683030.061447,0.01587874617483395,370.70344900000003,37.77292371510214,pool1nhls8e9swnyshldgjknku4npreax075nw0ltrkmrarh4w3skxt9
pool1vc8jp7uagxgh8trzx7r260ndcydz89ges8sws05cyv7jj8q8gqs,614,41065288.57145,53.4,48,858,0.039,500.0,1066.591723,13961.401162,13957.813906,3.587256,15027.992885,2.512480416,10099.809551,OCEA3,OCEAN,OCEAN,AdaOcean,True,Low pledge,declared_brand,10000.0,Healthy core,0.00024594517419321716,hollow,False,1066.591723,500.0,566.591722515,13961.401162,7.097366435837251,3.3271242795108633,3.7702421530990766,41055188.761899,0.0340064230199248,1070.178979,7.097366435837251,OCEAN
pool1djg8jsygtculv3q2qdrxtnpxfq003pdxcvlw2pvfupq7jm5xpgp,614,6531370.926413,8.49,4,133,0.02,340.0,358.253173,894.405492,867.138781,27.266711,1252.658665,1.004605684,199114.364058,ADAAP,,,,False,,,,,0.030485845361006427,hollow,False,358.253173,340.0,18.2531733,894.4054919999999,28.599424808193863,27.142270236880535,1.4571545952623894,6332256.562355,0.014124593392459856,385.519884,28.599424808193863,pool1djg8jsygtculv3q2qdrxtnpxfq003pdxcvlw2pvfupq7jm5xpgp
pool1hht4pctn70tqdsd0zwuxv8d8cz6l5scjzaquty7vamyzy78eqvc,614,17277019.574316,22.47,17,1148,0.01,340.0,389.986387,4948.652321,4731.616153,217.036168,5338.638708,2.112644672,757729.0489129999,ACL,ACL,ACL,ACL,True,Material pledge,community_branded_fleet,750000.0,Healthy core,0.04385762519129394,hollow,False,389.986387,340.0,49.98638708000001,4948.6523210000005,7.304978072698602,6.368664721411224,0.9363133527858878,16519290.525402999,0.02995680906144288,607.022555,7.304978072698602,ACL
pool1ell3xjtspzzz4vtsatscan6rheltf7j3hh2s8qsam2h3jvcxzm9,614,51609122.663214,67.11,52,694,0.039,500.0,1115.597995,15168.96599,15165.997438,2.968552,16284.563985,2.168479589,10099.809595,OCEA4,OCEAN,OCEAN,AdaOcean,True,Low pledge,declared_brand,10000.0,Healthy core,0.0001956981454792091,hollow,False,1115.597995,500.0,615.597995415,15168.96599,6.8506470055176,3.0703923080811917,3.7802546999848334,51599022.853618994,0.02939777761496136,1118.5665470000001,6.8506470055176,OCEAN
pool1s0cfkzheywsftgwp0yz7sq4rt5gyf7t5kfwj5a269kpxvndjn6q,614,16035573.376798,20.85,14,989,0.039,500.0,651.487904,3732.817318,3730.46623,2.351088,4384.305222,1.713639169,10099.809595,OCEA5,OCEAN,OCEAN,AdaOcean,True,Low pledge,declared_brand,10000.0,Healthy core,0.0006298377586930253,hollow,False,651.487904,500.0,151.487903658,3732.817318,14.85954720330372,11.404315500003298,3.455231695499871,16025473.567203,0.023293023462591537,653.838992,14.85954720330372,OCEAN
pool1ty7lh3nvtwxlcpqg2x30fkr3j9ys6nprztr9m4zp3aajxyjk2vz,614,9930816.420128,12.91,10,554,0.01,340.0,367.927116,2764.784518,2691.147217,73.637301,3132.711634,2.052857504,264424.132682,BEAVR,,,,False,,,,,0.026626625797458028,hollow,False,367.927116,340.0,27.927116339999998,2764.784518,11.744685083900066,10.853217267427558,0.8914678273257244,9666392.287446002,0.028602030993411045,441.564417,11.744685083900066,pool1ty7lh3nvtwxlcpqg2x30fkr3j9ys6nprztr9m4zp3aajxyjk2vz
pool1tpr44v3pxth9j0ff246dvsryxpanxwx52f024ws3ecvn72sgv55,614,46855405.003253,60.93,49,334,0.0,170.0,170.0,15174.531543,15171.755537,2.776006,15344.531543,2.391944772,8571.657981,,,,,False,,,,,0.00018293851009088284,hollow,False,170.0,170.0,0.0,15174.531543,1.107886542665762,1.107886542665762,0.0,46846833.345272,0.03239179782155219,172.776006,1.107886542665762,pool1tpr44v3pxth9j0ff246dvsryxpanxwx52f024ws3ecvn72sgv55
pool1mwp8ewtzmun0426v9z0h9um2amswgfzn78rckfl2fc3t5sy0m5g,614,9227557.487201,12.0,9,47,0.01,340.0,364.784822,2453.697349,2440.108946,13.588403,2818.482171,1.959840598,51101.565855,AACC,,,,False,,,,,0.0055379298287634585,hollow,False,364.784822,340.0,24.784821710000003,2453.697349,12.942598174058132,12.06323046845344,0.8793676953154657,9176455.921346,0.026739052309860522,378.37322500000005,12.942598174058132,pool1mwp8ewtzmun0426v9z0h9um2amswgfzn78rckfl2fc3t5sy0m5g
pool1yyv7vx5zhhsd60jp4tl72vpznwvpvjp35m4z7jr42ugkxmndyv5,614,1379860.269037,1.79,3,205,0.02,340.0,351.989512,587.486104,584.670955,2.815149,939.475616,3.156152305,6612.085828,AZTEC,,,,False,,,,,0.0047918517377230916,hollow,False,351.989512,340.0,11.98951232,587.486104,37.46659370454592,36.19040177408926,1.2761919645182147,1373248.183209,0.04278076688418878,354.804661,37.46659370454592,pool1yyv7vx5zhhsd60jp4tl72vpznwvpvjp35m4z7jr42ugkxmndyv5
pool10tqeu6d03p6rnalqlvdshmpsljxaq2c0ww6draq6xm8lgyl2a3p,614,11307643.441432,14.7,7,841,0.03,170.0,230.687463,1962.22797,1944.874483,17.353487,2192.915433,1.274723445,100017.56946299999,CASP,,,,False,,,,,0.008845129401279898,hollow,False,230.687463,170.0,60.68746299,1962.2279700000001,10.51966982075592,7.7522369281442325,2.767432892155673,11207625.871969,0.01750797173652682,248.04095,10.51966982075592,pool10tqeu6d03p6rnalqlvdshmpsljxaq2c0ww6draq6xm8lgyl2a3p
pool1p9sjhjx0v3k76wvgdqu7jcks2ra48wqlhc6g0mkewd25k3zcymy,614,23289303.668447,30.28,33,222,0.048935,340.0,829.156415,9506.887622,9470.973844,35.913778,10336.044037,3.024138296,87979.032531,WA2,YUTA,YUTA,YUTA,True,Low pledge,opaque_operational,50000.0,Healthy core,0.003777658352670993,hollow,False,829.156415,340.0,489.156414950595,9506.887622,8.021989960877333,3.28945966931739,4.732530291081954,23201324.635916,0.04097562432829027,865.070193,8.021989960877333,YUTA
pool1whk6lawmfz4zq5fw8zghglp23452gnm9zgs59nqafhpexwcvute,614,20144301.434238,26.19,20,108,0.048935,340.0,629.904089,5634.364623,5611.251993,23.11263,6264.268712,2.062507455,82633.581575,WA1,YUTA,YUTA,YUTA,True,Low pledge,opaque_operational,50000.0,Healthy core,0.004102082261068279,hollow,False,629.904089,340.0,289.90408942172,5634.364623,10.055508758641514,5.427608802104657,4.627899963269009,20061667.852663003,0.028085225338092167,653.016719,10.055508758641514,YUTA
pool1qqlf3epa7m8780p2jx5689u2ql06tw026l5377tptk2zswrc645,614,5047427.709547,6.56,5,74,0.03,340.0,376.772872,1188.98953,1187.049498,1.940032,1565.762402,1.734277695,8235.70497,CPS,,,,False,,,,,0.001631663778843728,hollow,False,376.772872,340.0,36.77287206,1188.98953,24.063221311147565,21.714661149463467,2.348560165516096,5039192.004577,0.02359484474733378,378.712904,24.063221311147565,pool1qqlf3epa7m8780p2jx5689u2ql06tw026l5377tptk2zswrc645
pool1qqvukkkfr3ux4qylfkrky23f6trl2l6xjluv36z90ax7gfa8yxt,614,23226707.993186,30.2,24,1046,0.008,340.0,397.413118,7119.226637,7103.884101,15.342536,7516.639755,2.262395389,50039.540087,STAKE,PS,,,False,,,,,0.00215439657232872,hollow,False,397.413118,340.0,57.41311804,7119.226637,5.28711140820131,4.523297791061958,0.7638136176715044,23176668.453099,0.03071721309474086,412.755654,5.28711140820131,pool1qqvukkkfr3ux4qylfkrky23f6trl2l6xjluv36z90ax7gfa8yxt
pool1qqqqrwzy7njvjq9wph7usj5gghm3py9c97688ek8pgc7uem9cfz,614,6688585.229705,8.7,6,1343,0.04,340.0,401.599636,1478.391256,1445.236419,33.154837,1879.990892,1.626440029,150000.0,FROG2,ADOSIA,,,False,,,,,0.022426267267078803,hollow,False,401.599636,340.0,61.599635680000006,1478.391256,21.361786256994268,18.085193999971782,3.276592240001129,6538585.229705,0.022610262068369497,434.75447299999996,21.361786256994268,pool1qqqqrwzy7njvjq9wph7usj5gghm3py9c97688ek8pgc7uem9cfz
pool1dxkf7k3qwnpgpxqfye8y9jvk7lver3fk8dq7c4dpzezyyx8cf5c,614,2495286.306009,3.24,4,292,0.0,170.0,170.0,1082.61028,644.544735,438.065545,1252.61028,3.217174033,1009688.177216,SPACE,,,,False,,,,,0.40463820716064886,balanced,False,170.0,170.0,0.0,1082.61028,13.571659335256292,13.571659335256292,0.0,1485598.1287930002,0.07287369706635168,608.0655449999999,13.571659335256292,pool1dxkf7k3qwnpgpxqfye8y9jvk7lver3fk8dq7c4dpzezyyx8cf5c
pool10jn0wjlh9y3w2ygq84u2llvlnxfz3lc4g0ssqlmpp3w3y2d2lw5,614,7179657.030765,9.34,8,94,0.05,340.0,448.309226,2057.87529,2029.050227,28.825063,2506.184516,2.11410606,100566.854793,EARN,,,,False,,,,,0.014007194823104873,hollow,False,448.309226,340.0,108.3092258,2057.87529,17.888117300936994,13.566439255743932,4.321678037212803,7079090.175972,0.029069770815815913,477.134289,17.888117300936994,pool10jn0wjlh9y3w2ygq84u2llvlnxfz3lc4g0ssqlmpp3w3y2d2lw5
pool1qqqqx69ztfvd83rtafs3mk4lwanehrglmp2vwkjpaguecs2t4c2,614,1515917.908196,1.97,2,1252,0.0249,340.0,347.129282,279.187259,278.266066,0.921193,626.316541,1.353396994,5018.8490679999995,WOLF,ADOSIA,,,False,,,,,0.0033107657353112353,hollow,False,347.129282,340.0,7.1292818709,279.18725900000004,55.42393650433702,54.285649147497125,1.1382873362273216,1510899.059128,0.018478220455119626,348.050475,55.42393650433702,pool1qqqqx69ztfvd83rtafs3mk4lwanehrglmp2vwkjpaguecs2t4c2
pool1a3kdettzvvlqvkl9m9hwe63ggeq5fgvz0twqew5c62dzx99vsed,614,7894633.251131,10.27,8,1113,0.01,340.0,361.654629,2143.808283,2108.145118,35.663165,2505.462912,2.001838297,131330.540346,LEAD,,,,False,,,,,0.016635420059213687,hollow,False,361.654629,340.0,21.65462912,2143.808283,14.43464308602785,13.570346556381194,0.864296534436188,7763302.710785,0.027614642412716443,397.317794,14.43464308602785,pool1a3kdettzvvlqvkl9m9hwe63ggeq5fgvz0twqew5c62dzx99vsed
pool1qqqqzyqf8mlm70883zht60n4q6uqxg4a8x266sewv8ad2grkztl,614,6858581.819363,8.92,9,1872,0.04,340.0,439.176717,2380.241217,2345.440604,34.800613,2819.417934,2.565346865,100274.481864,FROG,ADOSIA,,,False,,,,,0.014620293889460829,hollow,False,439.176717,340.0,99.17671736,2380.2412170000002,15.576857609645892,12.05922669001509,3.517630932399397,6758307.337499,0.035219487634027005,473.97733,15.576857609645892,pool1qqqqzyqf8mlm70883zht60n4q6uqxg4a8x266sewv8ad2grkztl
pool12vs4c3cm0tr49c7alrevfs0xa5g3s4al4fn46h33e69uusat04v,614,34648434.788118,45.05,37,3825,0.04,340.0,791.644408,10839.465802,10526.623332,312.84247,11631.11021,2.309654071,1000002.930992,BLOOM,BLOOM,BLOOM,Bloom,True,Material pledge,declared_brand,1000000.0,Healthy core,0.02886141717821353,hollow,False,791.644408,340.0,451.64440840000003,10839.465802,6.8062669315898425,2.9231947239884333,3.8830722110404627,33648431.857126,0.03221388101539252,1104.486878,6.8062669315898425,BLOOM
pool1jjry6f6q0swaq457ft9eclaxaskvrxnpj0v3w8edsyfryml3vj6,614,13236295.724923,17.21,19,1264,0.02,340.0,452.637042,5519.215062,4995.803478,523.411584,5971.852104,3.090070326,1255256.32008,STACK,,,,False,,,,,0.09483441184503319,hollow,False,452.637042,340.0,112.63704208,5519.215061999999,7.579508569825761,5.693376093025897,1.8861324781394821,11981039.404842999,0.0460662458030896,976.048626,7.579508569825761,pool1jjry6f6q0swaq457ft9eclaxaskvrxnpj0v3w8edsyfryml3vj6
pool1pfprlfz0ywcnewjegazz05ghgcfkvu40v6edsz6yn8w362sdjr8,614,26929288.983075,35.02,27,1765,0.008,340.0,404.941993,8052.807132,8025.844604,26.962528,8457.749125,2.206624766,90165.012182,ADI,,,,False,,,,,0.0033482136211865276,hollow,False,404.941993,340.0,64.941993,8052.807132,4.7878222327858415,4.019982089501856,0.7678401432839851,26839123.970893,0.03000398649647902,431.90452100000005,4.7878222327858415,pool1pfprlfz0ywcnewjegazz05ghgcfkvu40v6edsz6yn8w362sdjr8
pool1jt7d6ak3m8gnjyxtuxfswe258xzwda80ndl0a57vv5m2zv8h6at,614,13000161.282902,16.9,17,10646,0.029,340.0,484.471464,4837.303151,4835.221725,2.081426,5321.774615,2.753006607,5441.944883,CARDs,,,,False,,,,,0.00041860595146287334,hollow,False,484.471464,340.0,144.471463835,4837.303151,9.103569749730935,6.388846289011808,2.714723457618658,12994719.338019,0.0372251452699511,486.55289000000005,9.103569749730935,pool1jt7d6ak3m8gnjyxtuxfswe258xzwda80ndl0a57vv5m2zv8h6at
pool1nudasuv0lljpe0tswcverqvlh0v4226vgnpsuxn0e9nkvnvcvne,614,38832262.460528,50.49,31,5504,0.015,340.0,480.51893,9227.409731,9214.630061,12.77967,9707.928661,1.749565079,53665.078168,STI,STI,STI,STI,True,Low pledge,community_branded_fleet,50000.0,Healthy core,0.001381971452797765,hollow,False,480.51893,340.0,140.518929915,9227.409731,4.949757530979863,3.5022919087353195,1.4474656213689703,38778597.382360004,0.023795109554935724,493.2986,4.949757530979863,STI
pool1mn6relcs7dn2fqzfq5yjlwxa49d900p5sdpw62jlx45k2djgwe4,614,19436767.618283,25.27,16,381,0.0,170.0,170.0,4840.675123,4833.896221,6.778902,5010.675123,1.834442078,8656982.987669,RED,,,,False,,,,,0.4453921123966053,balanced,False,170.0,170.0,0.0,4840.675123,3.3927563816633413,3.3927563816633413,0.0,10779784.630614,0.044905119061959244,176.778902,3.3927563816633413,pool1mn6relcs7dn2fqzfq5yjlwxa49d900p5sdpw62jlx45k2djgwe4
pool1pf6yhzdr9vpct5rc3dtwersl4lyuglp80l4jc67kf2qj29xjg2u,614,1841455.448497,2.39,2,754,0.01,340.0,342.856135,282.757367,281.0534,1.703967,625.613502,1.127141319,11025.10079,TAVN,,,,False,,,,,0.0059871667267316795,hollow,False,342.856135,340.0,2.8561350200000004,282.75736700000004,54.80318661664689,54.34665315135734,0.4565334684864267,1830430.3477069999,0.015447589543858543,344.560102,54.80318661664689,pool1pf6yhzdr9vpct5rc3dtwersl4lyuglp80l4jc67kf2qj29xjg2u
pool15txd36fltfgc63qq0yxtpqt88eu76s0yhugn9a6q7f4zspq6k5f,614,13179549.854763,17.14,17,917,0.0199,170.0,272.754001,5060.763649,4699.969809,360.79384,5333.51765,2.842201504,939571.1954089999,ARM1,,,,False,,,,,0.0712900824203374,hollow,False,272.754001,170.0,102.754001235,5060.7636489999995,5.1139607834615495,3.1873898457990477,1.9265709420685992,12239978.659354,0.041346180331225314,633.5478410000001,5.1139607834615495,pool15txd36fltfgc63qq0yxtpqt88eu76s0yhugn9a6q7f4zspq6k5f
pool140x77a7cz2j689lmxf836qpjtc3y83rka28v6gpswxdw2mag62e,614,6333512.781553,8.24,13,72,0.0299,340.0,451.670748,3623.13689,3451.024229,172.112661,4074.807638,4.263201172,300865.730752,UNDR,,,,False,,,,,0.04750376941344494,hollow,False,451.670748,340.0,111.67074837620001,3623.13689,11.084467982927638,8.34395216179773,2.740515830362248,6032647.050801001,0.06005882425226466,623.783409,11.084467982927638,pool140x77a7cz2j689lmxf836qpjtc3y83rka28v6gpswxdw2mag62e
pool1q0memmdw4ktr88fkma53tqgkaqeq3wfc476le59rped4cu8tn4h,614,2806942.615027,3.65,2,391,0.0,340.0,340.0,286.365315,283.709283,2.656032,626.365315,0.747490556,26034.322236,JOEY,,,,False,,,,,0.00927497487715814,hollow,False,340.0,340.0,0.0,286.365315,54.28142201647931,54.28142201647931,0.0,2780908.292791,0.010297546155777597,342.656032,54.28142201647931,pool1q0memmdw4ktr88fkma53tqgkaqeq3wfc476le59rped4cu8tn4h
pool1ktgug7wwf9k4hcsuk68ftkh8xs5n0333fzxyw9sagz8njhlskgm,614,1479252.92221,1.92,3,151,0.0,340.0,340.0,599.868213,544.86278,55.005433,939.868213,3.003938222,0.0,TREE,,,,False,,,,,0.0,hollow,False,340.0,340.0,0.0,599.868213,36.175284502360334,36.175284502360334,0.0,1479252.92221,0.04055210599846566,395.005433,36.175284502360334,pool1ktgug7wwf9k4hcsuk68ftkh8xs5n0333fzxyw9sagz8njhlskgm
pool1qqqqdktl6pq46td0mwut0qn30g7nlue0sete9wxl0hwsq37wrw8,614,53133063.413408,69.09,56,6449,0.02,170.0,516.754588,16990.974794,16780.291603,210.683191,17507.729382,2.361484036,664888.391336,STR8,,,,False,,,,,0.012513646844767039,hollow,False,516.754588,170.0,346.75458764,16990.974794,2.9515797093099025,0.9709997012792528,1.980580005974415,52468175.022071995,0.032383392002585075,727.437779,2.9515797093099025,pool1qqqqdktl6pq46td0mwut0qn30g7nlue0sete9wxl0hwsq37wrw8
pool126mkma8nv5axltmz7mmg8qz9e70nmhnf58hwx5772fhwgkhk6ag,614,18569687.269729,24.15,16,212,0.03,340.0,480.124905,4530.705265,4525.293078,5.412187,5010.83017,1.796817403,22182.543244,NAP,NAP,,,False,,,,,0.0011945566407120074,hollow,False,480.124905,340.0,140.1249051,4530.7052650000005,9.58174371732898,6.78530280342748,2.7964409158971755,18547504.726485,0.024427573044531206,485.53709200000003,9.58174371732898,pool126mkma8nv5axltmz7mmg8qz9e70nmhnf58hwx5772fhwgkhk6ag
pool1w6l6rvhxtym5psec3mvgrjlg28d6hrv8g9jjexadzmxfgndfg2f,614,48036215.769462,62.46,59,1139,0.025,340.0,793.489938,17686.107567,17666.653893,19.453674,18479.597505,2.723671532,52836.963697,SIPO,SIPO,SIPO,SIPO,True,Low pledge,community_branded_fleet,50000.0,Healthy core,0.0010999401774398302,hollow,False,793.489938,340.0,453.48993762500004,17686.107567000003,4.29387024141249,1.8398669121879232,2.4540033271953017,47983378.805764996,0.03685882071496619,812.943612,4.29387024141249,SIPO
pool1xs34q2z06a46nk7hl48d27dj5gzc6hh9trugw2ehs9ajsevqffx,614,63409878.433776,82.45,60,1013,0.01,340.0,523.126469,18129.520394,18123.18893,6.331464,18652.646863,2.108771795,17202.938223,SNAKE,snakepool.link,SNAKEPOOL_LINK,SNAKE,True,Low pledge,community_branded_fleet,15000.0,Healthy core,0.00027129744840886905,hollow,False,523.126469,340.0,183.12646863000003,18129.520394000003,2.8045696294057376,1.8227976034566713,0.9817720239654333,63392675.495553,0.02859876200567018,529.457933,2.8045696294057376,SNAKEPOOL_LINK
pool1je2n5smmnyn3lh92xrp8nepjyfp596ypga6pmdecwtcrcj9uvec,614,1778552.177747,2.31,2,282,0.015,170.0,176.849615,449.791412,411.487501,38.303911,626.641027,1.863060785,151460.161525,YOADA,,,,False,,,,,0.08515924549195053,hollow,False,176.849615,170.0,6.849615405,449.79141200000004,28.221837923165538,27.128769530757204,1.093068457038642,1627092.0162220001,0.02764388292214634,215.153526,28.221837923165538,pool1je2n5smmnyn3lh92xrp8nepjyfp596ypga6pmdecwtcrcj9uvec
pool10qmnswfc22zm0fscg80gkwqz65ujwjkqmctv8g9l9l58wqtelgg,614,2875797.750103,3.74,2,454,0.008,170.0,173.64357,451.802703,446.196491,5.606212,625.446273,1.153378385,35564.31877,WAAUS,,,,False,,,,,0.012366766323788319,hollow,False,173.64357,170.0,3.643570184,451.802703,27.763147291150297,27.180592057025493,0.582555263543796,2840233.4313330003,0.015907238398639525,179.249782,27.763147291150297,pool10qmnswfc22zm0fscg80gkwqz65ujwjkqmctv8g9l9l58wqtelgg
pool1fyp482ntshhm9zfz4nv7pmsaeakscf5mnuzcxuvtqf6t56fc7l0,614,4254666.323014,5.53,2,1879,0.019,170.0,178.669782,447.634531,446.156762,1.477769,626.304313,0.770951107,14045.674069,KYSN,KYSN,,,False,,,,,0.003301239862930088,hollow,False,178.669782,170.0,8.669781946999999,447.634531,28.527630784493734,27.143354511754737,1.38427626427666,4240620.648945,0.010555873020883498,180.147551,28.527630784493734,pool1fyp482ntshhm9zfz4nv7pmsaeakscf5mnuzcxuvtqf6t56fc7l0
pool1ukeqarukv9gxwy9pt8jkr4qvad2yf87758g3xzemmvmtk8lrynp,614,35966032.938958,46.77,41,5246,0.02,340.0,590.08329,12254.081208,12219.318778,34.76243,12844.164498,2.517956735,102022.765571,CRDN1,CRDNS,CRDNS,,True,Material pledge,multi_brand_fleet,100000.0,Healthy core,0.0028366421657944406,hollow,False,590.08329,340.0,250.08328996,12254.081208,4.59417418775572,2.6471165178003004,1.947057669643994,35864010.173387,0.03416818461950242,624.84572,4.59417418775572,CRDNS
pool1hjjj584gq0ynqf06g036a4a0stpm90asrdfskpasqjxf5948ygv,614,2988116.795953,3.89,2,258,0.01999,340.0,345.756355,282.205364,163.670692,118.534672,627.961719,0.691779866,2510195.30588,,,,,False,,,,,0.8400593006537496,balanced,False,345.756355,340.0,5.756354762810001,282.20536400000003,55.06010072566222,54.1434278098089,0.9166728780819203,477921.4900730001,0.059048477597626874,464.291027,55.06010072566222,pool1hjjj584gq0ynqf06g036a4a0stpm90asrdfskpasqjxf5948ygv
pool1lurfk0k0wwx54hlg8a7zp3jtstu57u59aeq7aketl55hknmmtu0,614,32763623.338988,42.6,28,3315,0.01,170.0,256.318643,8545.545644,8069.474514,476.07113,8801.864287,1.922005569,1825256.392279,TNTM,,,,False,,,,,0.05570984544029307,hollow,False,256.318643,170.0,86.31864287,8545.545644,2.9120949226469253,1.9314090112827933,0.9806859098871721,30938366.946709,0.027621191702586013,732.389773,2.9120949226469253,pool1lurfk0k0wwx54hlg8a7zp3jtstu57u59aeq7aketl55hknmmtu0
pool1gm4mcrf8mytfetsj6ykulrmv4j70y7fhceawgdg2h09t5rtt7cf,614,2203571.661548,2.87,2,84,0.02,170.0,179.14514,448.111884,229.698905,218.412979,627.257024,1.495426986,1074036.698164,ALTZ,,,,False,,,,,0.4874072020918501,balanced,False,179.14514,170.0,9.14514048,448.11188400000003,28.560085123893327,27.102127755527533,1.4579574448894494,1129534.963384,0.03967224552815003,397.55811900000003,28.560085123893327,pool1gm4mcrf8mytfetsj6ykulrmv4j70y7fhceawgdg2h09t5rtt7cf
pool150hft90uw7tzr9uvj7tqkjp4u98a9hl20llj3n9ew76kkfm768r,614,1830995.85017,2.38,2,81,0.00333,170.0,171.519523,454.793542,446.946498,7.847044,626.313065,1.82952635,31592.150822,MONKY,,,,False,,,,,0.017254081061443587,hollow,False,171.519523,170.0,1.5195225064500002,454.79354200000006,27.38558918613648,27.142975214799325,0.24261389253471827,1799403.6993479999,0.02527468083814605,179.366567,27.38558918613648,pool150hft90uw7tzr9uvj7tqkjp4u98a9hl20llj3n9ew76kkfm768r
pool19ae6xhzsscypyha0sszv90xwjsh20hxecxjpcqynshfawvwxqnn,614,4566458.550187,5.94,7,172,0.018,340.0,373.459394,1825.395819,1278.669423,546.726396,2198.855213,2.960494899,1367705.176142,GENE,,,,False,,,,,0.2995111334331484,balanced,False,373.459394,340.0,33.459393834,1825.3958189999998,16.98426489347937,15.462591533533592,1.5216733523963955,3198753.3740450004,0.05706585052200152,920.18579,16.98426489347937,pool19ae6xhzsscypyha0sszv90xwjsh20hxecxjpcqynshfawvwxqnn
pool1cduc7ut6grhqyavrmm3gzcdf4qfdsjk7vdwcxy9c0r5fyaxh2sq,614,1319343.31535,1.72,3,295,0.0189,340.0,351.330431,588.163248,582.607904,5.555344,939.493679,3.307123608,12461.508484,POOLS,CRDNS,CRDNS,,True,Low pledge,multi_brand_fleet,10000.0,Subscale active,0.00944523562518992,hollow,False,351.330431,340.0,11.330430533100001,588.1632480000001,37.395720573017286,36.1897059660792,1.2060145572411032,1306881.806866,0.045005083467376396,356.88577499999997,37.395720573017286,CRDNS
pool1rj6apcqxcvavaxp22f75zs9upphena7ntsnut2efvq98g4404up,614,1693296.268155,2.2,1,401,0.01,930.0,313.164628,0.0,,0.0,313.164628,0.0,12407.98128,APP,,,,False,,,,,0.007327708395365226,hollow,False,313.164628,313.164628,0.0,0.0,100.0,100.0,0.0,1680888.286875,0.0,313.164628,100.0,pool1rj6apcqxcvavaxp22f75zs9upphena7ntsnut2efvq98g4404up
pool1u6kpt8hgqcm596kukj97ghefmxn8ks2cgwg8qqe0gtgscnufk5p,614,42830674.593007,55.69,45,3740,0.008,340.0,450.233536,13668.958524,13507.3251,161.633424,14119.19206,2.356687563,506466.049706,ATLAS,ATLAS,ATLAS,ATLAS,True,Material pledge,community_branded_fleet,500000.0,Healthy core,0.011824844098735984,hollow,False,450.233536,340.0,110.23353648,13668.958524,3.188805238194345,2.4080697999939242,0.7807354416000487,42324208.543301,0.03229583964934767,611.8669600000001,3.188805238194345,ATLAS
pool1w7c2j0px43jmudhf48ezp7dy8j7904c9l3wc7809lhh2z026hch,614,51835043.812894,67.4,56,6065,0.025,170.0,605.397726,16980.511319,16650.721384,329.789935,17585.909045,2.419810505,1006497.789486,STAT,,,,False,,,,,0.01941732302029294,hollow,False,605.397726,170.0,435.397726125,16980.511319,3.4425159623586583,0.9666830390455939,2.47583292402386,50828546.023408,0.03340743075983324,935.187661,3.4425159623586583,pool1w7c2j0px43jmudhf48ezp7dy8j7904c9l3wc7809lhh2z026hch
pool1gppqnqfguctp6gu0q8l5wjhye0ny28yzfx93hkr384cfsezru0f,614,2781349.608274,3.62,1,1288,0.0,340.0,313.326154,0.0,,0.0,313.326154,0.0,215593.431559,CAPEX,,,,False,,,,,0.07751396333551505,hollow,False,313.326154,313.326154,0.0,0.0,100.0,100.0,0.0,2565756.176715,0.0,313.326154,100.0,pool1gppqnqfguctp6gu0q8l5wjhye0ny28yzfx93hkr384cfsezru0f
pool10efuydxjnasr0309lqklmj9xahupdnzqd59r5dqjeh4twz06tr0,614,7475501.877938,9.72,11,437,0.0,170.0,170.0,3278.561294,3146.966706,131.594588,3448.561294,3.252668297,300050.979323,F4ADA,4ADA,4ADA,4ADA,True,Material pledge,community_branded_fleet,300000.0,Healthy core,0.04013790434706765,hollow,False,170.0,170.0,0.0,3278.561294,4.9295919517445,4.9295919517445,0.0,7175450.898615,0.04569136267983975,301.594588,4.9295919517445,4ADA
pool17xextu09ghdfcmsq83whq0a45geg83jxe4qt94sevu087tzdzkl,614,13401351.427558,17.43,15,1955,0.01,170.0,215.317955,4486.477587,4402.577277,83.90031,4701.795542,2.473567768,250614.687416,ONYX,ONYX,ONYX,ONYX,True,Material pledge,community_branded_fleet,250000.0,Healthy core,0.018700702594862638,hollow,False,215.317955,170.0,45.31795542,4486.477586999999,4.579483584018423,3.61563999287998,0.9638436000712002,13150736.740141999,0.03411578891473996,299.21826500000003,4.579483584018423,ONYX
pool1g6g2d09le8hd6nv9jhyavewdnw8tu0ndst4lqysd00ru24cav0a,614,4002812.91067,5.2,5,375,0.01,170.0,183.971984,1383.226457,1296.68391,86.542547,1567.198441,2.554254577,250438.796004,ONYX,ONYX,ONYX,ONYX,True,Material pledge,community_branded_fleet,250000.0,Healthy core,0.06256570106897176,hollow,False,183.971984,170.0,13.971984410000001,1383.226457,11.738908053188906,10.847381898333577,0.8915261810166643,3752374.114666,0.036862701178800805,270.514531,11.738908053188906,ONYX
pool1k0ucs0fau2vhr3p7qh7mnpfgrllwwda7petxjz2gzzaxkyp8f88,614,57337904.033938,74.56,61,3256,0.009,170.0,341.046992,18834.174294,18488.989373,345.184921,19175.221286,2.426458078,1050762.195956,POLY,,,,False,,,,,0.018325786644277395,hollow,False,341.046992,170.0,171.04699157399997,18834.174294,1.7785817796480994,0.8865608248501337,0.8920209525763487,56287141.837982,0.03346088232408861,686.231913,1.7785817796480994,pool1k0ucs0fau2vhr3p7qh7mnpfgrllwwda7petxjz2gzzaxkyp8f88
pool1xytvsd9qnvqxpthh9p8k85e823trvn3npxeur8kr9zhkqz5uls9,614,76904980.155667,100.0,86,5195,0.0,340.0,340.0,26612.673222,26523.827739,88.845483,26952.673222,2.557866041,256699.287115,ADV,ADV,ADV,ADV,True,Material pledge,community_branded_fleet,250000.0,Healthy core,0.0033378759944466905,hollow,False,340.0,340.0,0.0,26612.673222,1.261470419648306,1.261470419648306,0.0,76648280.86855201,0.034720508953931285,428.845483,1.261470419648306,ADV
pool1qnrqc7zpwye2r9wtkayh2dryvfqs7unp99f2039duljrsaffq5c,614,30174324.294482,39.24,31,4991,0.03,340.0,620.961582,9084.424475,9084.051116,0.373359,9705.386057,2.221763256,1008.4619250000001,NUFI,ADALITE,NUFI,NuFi,True,Minimal pledge,provider_cluster,1000.0,Healthy core,3.3421193301896676e-05,hollow,False,620.961582,340.0,280.96158170999996,9084.424475,6.398113154418336,3.503209434464231,2.8949037169660725,30173315.832557,0.03010747816187278,621.3349410000001,6.398113154418336,NUFI
pool1cew2q6pge250exctkq26lyl0w95923xxa54thd79nv8xy9j3xe6,614,2457061.816311,3.19,2,82,0.02,170.0,179.128493,447.296159,51.546038,395.750121,626.424652,1.337676461,2173911.85671,ARRA,,,,False,,,,,0.8847607505349143,balanced,False,179.128493,170.0,9.12849304,447.29615900000005,28.59537734156733,27.138140150972216,1.4572371969805555,283149.95960099995,0.15797147194734065,574.878614,28.59537734156733,pool1cew2q6pge250exctkq26lyl0w95923xxa54thd79nv8xy9j3xe6
pool1qqqqpanw9zc0rzh0yp247nzf2s35uvnsm7aaesfl2nnejaev0uc,614,69885396.699341,90.87,28,5051,0.01,170.0,255.850627,8499.212103,8468.513182,30.698921,8755.06273,0.891698071,250002.026843,TITAN,TITAN,TITAN,TITAN,True,Material pledge,community_branded_fleet,250000.0,Healthy core,0.0035773142695111502,hollow,False,255.850627,170.0,85.8506273,8499.212103,2.9223163201710154,1.9417336601995998,0.980582663398004,69635394.672498,0.012205304705994152,286.549548,2.9223163201710154,TITAN
pool1r8938r4ts8f4t8nsp9xl9dktzapt7f67jgpsp4wrju39xrdnaye,614,2554037.044197,3.32,1,196,0.0085,340.0,313.23571,0.0,,0.0,313.23571,0.0,79995.69118,VENUS,CPU,,,False,,,,,0.031321272869458704,hollow,False,313.23571,313.23571,0.0,0.0,100.0,100.0,0.0,2474041.353017,0.0,313.23571,100.0,pool1r8938r4ts8f4t8nsp9xl9dktzapt7f67jgpsp4wrju39xrdnaye
pool15zrkyr0f80hxlt4scv72tej8l8zwrcphmrega9wutqchjekceal,614,37499996.872785,48.76,37,6895,0.0,340.0,340.0,11245.115902,11240.937373,4.178529,11585.115902,2.212849478,13932.028246,ZETE,ZETIC,ZETIC,ZETE,True,Low pledge,community_branded_fleet,10000.0,Healthy core,0.0003715207842086765,hollow,False,340.0,340.0,0.0,11245.115902,2.9348001597576077,2.9348001597576077,0.0,37486064.844539,0.02999812316559602,344.178529,2.9348001597576077,ZETIC
pool10eltx2wej46e62ulmwzm35xfu0azu47yvpjper7gwhncqe74vg6,614,10206821.553986,13.27,8,1480,0.029,340.0,402.79991,2102.714233,2095.409062,7.305171,2505.514143,1.515085865,35452.819928,CHIL,,,,False,,,,,0.0034734436906222635,hollow,False,402.79991,340.0,62.799910147,2102.7142329999997,16.076537070259917,13.570069079430457,2.5064679966965167,10171368.734058,0.02067287390692299,410.105081,16.076537070259917,pool10eltx2wej46e62ulmwzm35xfu0azu47yvpjper7gwhncqe74vg6
pool1qzlwlyu92fsx94qu6u5nw3sy334f5yat3dv3jgx0grrsv0kp422,614,4603838.236696,5.99,6,692,0.025,400.0,437.055107,1445.149184,1288.190166,156.959018,1882.204291,2.317565032,500027.077179,BCSH1,WESTBERG,WESTBERG,BCSH,True,Material pledge,community_branded_fleet,500001.95,Healthy core,0.1086109136488363,balanced,False,437.055107,400.0,37.055107275000005,1445.1491839999999,23.22038628271303,21.251678253665183,1.9687080436583706,4103811.1595170004,0.035214807110424816,594.014125,23.22038628271303,WESTBERG
pool15yyxtkhz64p7a8cnax9l7u82s9t9hdhyxsa3tdm977qhgpnsuhq,614,68120098.897358,88.58,67,3274,0.03,170.0,794.413781,20189.378916,20143.464405,45.914511,20983.792697,2.186815279,154662.639991,SECUR,SECUR,SECUR,SECUR,True,Material pledge,community_branded_fleet,100000.0,Healthy core,0.0022704406261071725,hollow,False,794.413781,170.0,624.41378091,20189.378916,3.7858445919243913,0.8101490633974118,2.9756955280980777,67965436.257367,0.02970536206013333,840.3282919999999,3.7858445919243913,SECUR
pool1sf784g6eje8vzq9f5wu583eurhfq2ee9hzyhl46yezkuqqtmw07,614,1381601.467681,1.8,1,326,0.01,340.0,313.153707,0.0,,0.0,313.153707,0.0,2062.781701,NOVA,,,,False,,,,,0.0014930367036033567,hollow,False,313.153707,313.153707,0.0,0.0,100.0,100.0,0.0,1379538.68598,0.0,313.153707,100.0,pool1sf784g6eje8vzq9f5wu583eurhfq2ee9hzyhl46yezkuqqtmw07
pool1qvhss6kxmtl27nr4ugvypayhvt4a4vzll8p9csdg2v8q7d22llu,614,6789917.968288,8.83,6,924,0.02,340.0,370.785568,1508.492834,1497.378939,11.113895,1879.278402,1.63485576,50025.0,ASTRA,,,,False,,,,,0.007367541144626411,hollow,False,370.785568,340.0,30.785568039999998,1508.492834,19.73020961691444,18.092050631676447,1.6381589873664713,6739892.968288,0.022381554738296863,381.899463,19.73020961691444,pool1qvhss6kxmtl27nr4ugvypayhvt4a4vzll8p9csdg2v8q7d22llu
pool1ntwurms3f0j4kqe5wfpg9chlasylp0lmuw72m4fn66vnuyrvs8v,614,1377487.443135,1.79,2,35,0.0,170.0,170.0,456.688191,376.231073,80.457118,626.688191,2.449334944,242679.073209,MANGO,MANGO,,,False,,,,,0.17617516182702242,balanced,False,170.0,170.0,0.0,456.68819099999996,27.126727843512217,27.126727843512217,0.0,1134808.369926,0.04024363964021346,250.45711799999998,27.126727843512217,pool1ntwurms3f0j4kqe5wfpg9chlasylp0lmuw72m4fn66vnuyrvs8v
pool1js570lkcs6t3pwsj3eda0zz43mc5gm922ae5rdxcfn84gu5uyrg,614,1654936.504489,2.15,1,26,0.02,340.0,313.319429,0.0,,0.0,313.319429,0.0,191721.190551,ASSET,,,,False,,,,,0.11584806427978236,balanced,False,313.319429,313.319429,0.0,0.0,100.0,100.0,0.0,1463215.313938,0.0,313.319429,100.0,pool1js570lkcs6t3pwsj3eda0zz43mc5gm922ae5rdxcfn84gu5uyrg
pool1u4sxd6x0qsy7evljt24vtnyhpxd098n609sfcmly6c096mr3jgq,614,9584003.589152,12.46,10,592,0.0199,340.0,395.552554,2736.033057,2729.21193,6.821127,3131.585611,2.105560882,23893.590637,SCAR,SCAR,,,False,,,,,0.0024930698757296816,hollow,False,395.552554,340.0,55.5525536589,2736.033057,12.631063082247634,10.857119754469329,1.7739433168860606,9560109.998515,0.02861926334974175,402.373681,12.631063082247634,pool1u4sxd6x0qsy7evljt24vtnyhpxd098n609sfcmly6c096mr3jgq
pool1evg78egp8gfqae273kvmmdee2dnt6vty60dpwdespg4hujznh3a,614,13730482.763843,17.85,11,789,0.018,340.0,395.908222,3050.104121,3027.250702,22.853419,3446.012343,1.63466655,102877.914493,SQUID,,,,False,,,,,0.007492665499272342,hollow,False,395.908222,340.0,55.908222173999995,3050.104121,11.488879974682089,9.866476557771286,1.6224034219601169,13627604.84935,0.022381806302121256,418.761641,11.488879974682089,pool1evg78egp8gfqae273kvmmdee2dnt6vty60dpwdespg4hujznh3a
pool1m62sl6rauje9cknrkhwl39tc4hujudkd7gp478dpz7tagmjr8wm,614,17878252.318972,23.25,14,4184,0.0349,340.0,479.872284,3867.929543,3857.963385,9.966158,4347.801827,1.591706603,39741.727779,,,,,False,,,,,0.0022229089885271937,hollow,False,479.872284,340.0,139.87228376230001,3867.929543,11.037124116834775,7.820043634201269,3.217080477166376,17838510.591192998,0.0216830296634161,489.838442,11.037124116834775,pool1m62sl6rauje9cknrkhwl39tc4hujudkd7gp478dpz7tagmjr8wm
pool1jeu74g86ys4fekhykqcww99kdsq3nlym8a6kfw8s8ff3vskad70,614,25395877.561731,33.02,24,2893,0.025,340.0,519.39512,6996.409682,6994.751053,1.658629,7515.804802,2.031181945,6020.435538,KAIZN,KAIZN,KAIZN,KAIZN,True,Low pledge,community_branded_fleet,5000.0,Healthy core,0.00023706349675713443,hollow,False,519.39512,340.0,179.39512005,6996.4096819999995,6.910705289495889,4.523800297601183,2.3869049925599706,25389857.126193,0.02755592379754779,521.053749,6.910705289495889,KAIZN
pool10mf43thtl3keag50mrlvqa78xkwg7harmu4w5yzr3k7jvw0ap43,614,2696898.302624,3.51,3,374,0.0,190.0,190.0,749.460931,701.373185,48.087746,939.460931,2.049080135,173041.346027,JORGE,,,,False,,,,,0.06416309649445663,hollow,False,190.0,190.0,0.0,749.460931,20.22436417848227,20.22436417848227,0.0,2523856.956597,0.029695063701649833,238.087746,20.22436417848227,pool10mf43thtl3keag50mrlvqa78xkwg7harmu4w5yzr3k7jvw0ap43
pool1vh4y864hcq2r66ak37w4dsnkhnsfxaaacs0p5s4vj5676m6txwm,614,10837272.716035,14.09,12,1485,0.01,340.0,374.18559,3384.373374,3368.419108,15.954266,3758.558964,2.305538064,51087.927845,HOPE,JOY,JOY,HOPE,True,Low pledge,multi_brand_fleet,50000.0,Healthy core,0.004714094512857418,hollow,False,374.18559,340.0,34.185589639999996,3384.373374,9.955559925599188,9.04602011719298,0.9095397988280702,10786184.78819,0.031376927435042785,390.139856,9.955559925599188,JOY
pool1t9m69j5thv2ke9jt9hhsgxlag44z7erp2s2ukcpruwhwqarc9np,614,4029249.492393,5.24,3,53,0.03,170.0,193.094456,746.720742,724.925479,21.795263,939.815198,1.361938323,117605.61086,CEMA1,,,,False,,,,,0.029187969392819403,hollow,False,193.094456,170.0,23.09445594,746.720742,20.54600270467216,18.08866257555456,2.457340122733363,3911643.881533,0.01908969130664714,214.889719,20.54600270467216,pool1t9m69j5thv2ke9jt9hhsgxlag44z7erp2s2ukcpruwhwqarc9np
pool1lkpj6fa4l0sy39qfvyl4pcsnnd22y8np8j98vzwula2kuxgers4,614,6566758.83989,8.54,6,676,0.01,340.0,355.392784,1523.885629,1512.149655,11.735974,1879.278413,1.708272345,50572.874089,JOY,JOY,JOY,HOPE,True,Low pledge,multi_brand_fleet,50000.0,Healthy core,0.007701344806785556,hollow,False,355.392784,340.0,15.39278413,1523.8856289999999,18.911130013602726,18.092050525778056,0.8190794947422194,6516185.965801001,0.02338615928087124,367.128758,18.911130013602726,JOY
pool1ekcsyzwexl7p2kwxxh34hy28l6772vrmff7jwmuxsa6u6fzty9z,614,73261882.02739,95.26,77,5334,0.0,170.0,170.0,23961.543897,23632.011227,329.53267,24131.543897,2.415920408,1007538.626057,ADALO,bmtxs.github.io,BMTXS_GITHUB_IO,RETIR,True,Material pledge,community_branded_fleet,200000.0,Healthy core,0.013752562699390077,hollow,False,170.0,170.0,0.0,23961.543897,0.7044721246415326,0.7044721246415326,0.0,72254343.401333,0.03316277301685083,499.53267,0.7044721246415326,BMTXS_GITHUB_IO
pool14skj6e4rpjanzclx3fc880xnl8xafgg63tmw93t9xspvwx985qu,614,52195573.02205,67.87,62,20429,0.04,400.0,1157.063969,18169.535262,18165.454172,4.08109,19326.599231,2.573275131,1497.862952,EVRST,EVE,EVERSTAKE,Everstake,True,Minimal pledge,declared_brand,1000.0,Healthy core,2.8697126313130586e-05,hollow,False,1157.063969,400.0,757.06396924,18169.535262,5.986898963290248,2.069686421387562,3.917212543144497,52194075.159098,0.034811490014174246,1161.145059,5.986898963290248,EVERSTAKE
pool12n6lycv28kjtkzecfz2a3uujyxy6ewuwjcmjq84my67psqmgagv,614,1511393.239881,1.97,1,15,0.0,340.0,313.266691,0.0,,0.0,313.266691,0.0,106841.1183,MANT,,,,False,,,,,0.07069048311239778,hollow,False,313.266691,313.266691,0.0,0.0,100.0,100.0,0.0,1404552.121581,0.0,313.266691,100.0,pool12n6lycv28kjtkzecfz2a3uujyxy6ewuwjcmjq84my67psqmgagv
pool1zc7vxe3ymyej76h8wu8gm79chtt7w9c3adkza4uhrjvagr9w4zp,614,6813758.205277,8.86,5,806,0.025,340.0,370.638729,1194.91043,1194.003189,0.907241,1565.549159,1.288297061,5137.602487,KRSNA,KAIZN,KAIZN,KAIZN,True,Low pledge,community_branded_fleet,5000.0,Healthy core,0.0007540042267747512,hollow,False,370.638729,340.0,30.638728975,1194.91043,23.674678426370644,21.717618897203856,1.9570595275699036,6808620.60279,0.017549963490554252,371.54597,23.674678426370644,KAIZN
pool1aqg6fvhcaulvss2ruvpx6ur9vj7pejvdcxv6xp0qlwuwx94evf0,614,17844729.168207,23.2,11,3896,0.02,340.0,402.100219,3042.910715,3038.646489,4.264226,3445.010934,1.252479772,25006.732093,SARGA,,,,False,,,,,0.001401351169708597,hollow,False,402.100219,340.0,62.10021868,3042.910715,11.671957700671843,9.869344583043928,1.8026131083391215,17819722.436114002,0.01707608368148958,406.364445,11.671957700671843,pool1aqg6fvhcaulvss2ruvpx6ur9vj7pejvdcxv6xp0qlwuwx94evf0
pool1hntu7agmt8u5j9c20ejen7dvq0jfkvkpnul3mrdd8tppqvwfvt2,614,29477569.337264,38.33,22,3080,0.04,340.0,603.026353,6312.632462,6098.480752,214.15171,6915.658815,1.575411142,1000005.730992,BLOOM,BLOOM,BLOOM,Bloom,True,Material pledge,declared_brand,1000000.0,Healthy core,0.03392429408105386,hollow,False,603.026353,340.0,263.0263526,6312.632462,8.719723877818284,4.916379033369072,3.8033448386652373,28477563.606272,0.02216703840706964,817.178063,8.719723877818284,BLOOM
pool1dkww2vlysa8lsnuf5rca979zdsyr3zvt59hu7e420yxfunkka2z,614,2285414.807083,2.97,1,136,0.018,340.0,313.200507,0.0,,0.0,313.200507,0.0,41198.770012,TRUE,,,,False,,,,,0.018026823788975205,hollow,False,313.200507,313.200507,0.0,0.0,100.0,100.0,0.0,2244216.037071,0.0,313.200507,100.0,pool1dkww2vlysa8lsnuf5rca979zdsyr3zvt59hu7e420yxfunkka2z
pool1a2gt2mvuf5zvtqlvw2xgks2efze3p4r985ft62q64lua7gx7lal,614,2998406.502982,3.9,4,439,0.0,170.0,170.0,1083.082594,1042.915665,40.166929,1253.082594,2.671486614,111198.131735,SALT,,,,False,,,,,0.03708574258507321,hollow,False,170.0,170.0,0.0,1083.082594,13.566543882581456,13.566543882581456,0.0,2887208.371247,0.03751314261852916,210.166929,13.566543882581456,pool1a2gt2mvuf5zvtqlvw2xgks2efze3p4r985ft62q64lua7gx7lal
pool12t3zmafwjqms7cuun86uwc8se4na07r3e5xswe86u37djr5f0lx,614,74363280.080048,96.7,80,5292,0.0,340.0,340.0,24711.399407,24707.741965,3.657442,25051.399407,2.455087199,11005.441921,NORTH,NORTH,NORTH,NORTH,True,Low pledge,opaque_fleet,10000.0,Healthy core,0.00014799564931984233,hollow,False,340.0,340.0,0.0,24711.399407,1.3572096092364216,1.3572096092364216,0.0,74352274.638127,0.03323556613065376,343.657442,1.3572096092364216,NORTH
pool1ksrg8a964464las0ymw88slrwxkychjz9lh09lqltu5m7nw3pq0,614,56456311.355906,73.41,52,2266,0.0069,300.0,410.398523,15889.387442,15818.537157,70.850285,16299.785965,2.075509965,251758.005047,QUEEN,,,,False,,,,,0.0044593420824094124,hollow,False,410.398523,300.0,110.3985231585,15889.387442,2.517815411081074,1.8405149653141475,0.6773004467393323,56204553.350859,0.02827064089062306,481.248808,2.517815411081074,pool1ksrg8a964464las0ymw88slrwxkychjz9lh09lqltu5m7nw3pq0
pool136wr0g23dw9daekuyqtgk366vywms6meespgpm3hdguxqczaaug,614,3516919.859998,4.57,3,1097,0.05,340.0,369.972865,569.484437,569.342948,0.141489,939.457302,1.188984616,873.622168,DAVID,,,,False,,,,,0.0002484054805845069,hollow,False,369.972865,340.0,29.972865100000003,569.4844370000001,39.38155190367556,36.19110727823158,3.1904446360884213,3516046.23783,0.016196727758377518,370.114354,39.38155190367556,pool136wr0g23dw9daekuyqtgk366vywms6meespgpm3hdguxqczaaug
pool1mxqjlrfskhd5kql9kak06fpdh8xjwc76gec76p3taqy2qmfzs5z,614,12730282.707811,16.55,16,1052,0.07,340.0,671.528213,4404.589113,2674.430646,1730.158467,5076.117326,2.55746841,5000558.043187,IOG1,IOG,IOG,IOG,True,Material pledge,declared_brand,5000000.0,Healthy core,0.3928080905947812,balanced,False,671.528213,340.0,331.52821282,4404.589113,13.229170444119088,6.698032731798998,6.531137708774071,7729724.664624,0.056982483906032555,2401.68668,13.229170444119088,IOG
pool17rns3wjyql9jg9xkzw9h88f0kstd693pm6urwxmvejqgsyjw7ta,614,2994077.210604,3.89,7,273,0.0,840.0,840.0,1352.06737,1351.724222,0.343148,2192.06737,3.350707659,759.884097,0PCT,,,,False,,,,,0.0002537957586092803,hollow,False,840.0,840.0,0.0,1352.0673700000002,38.319990137894344,38.319990137894344,0.0,2993317.326507,0.045169530073771766,840.343148,38.319990137894344,pool17rns3wjyql9jg9xkzw9h88f0kstd693pm6urwxmvejqgsyjw7ta
pool1hkpgddlnya3pgktj3sxdraa8x8400vhaphcudvym9ye22esak43,614,13237242.311958,17.21,10,157,0.1,350.0,628.213351,2503.92016,2493.999381,9.920779,3132.133511,1.390293158,52447.217918,ISP,WEP,WEP,ISP,True,Low pledge,multi_brand_fleet,50000.0,Healthy core,0.003962095478951932,hollow,False,628.213351,350.0,278.2133511,2503.92016,20.05704254923123,11.174491724915491,8.882550827508451,13184795.09404,0.01899096756635878,638.13413,20.05704254923123,WEP
pool1t8gjk7jzvujfv9s8q992e6s7tp8na0q3j62g7s4ppzfmccus4jk,614,2903143.891233,3.78,2,408,0.03,340.0,348.611249,278.430394,241.731781,36.698613,627.041643,0.702540256,382649.542869,DEAD,,,,False,,,,,0.1318052281268374,balanced,False,348.611249,340.0,8.61124929,278.43039400000004,55.59618773198449,54.22287399817878,1.3733137800546367,2520494.348364,0.011046658135961437,385.309862,55.59618773198449,pool1t8gjk7jzvujfv9s8q992e6s7tp8na0q3j62g7s4ppzfmccus4jk
pool1ddg6t2h9kj6lqlec4ncjs945lzj43m3ggrgdhf5sgzhtygpkznz,614,64637281.933947,84.05,80,4160,0.005,340.0,463.553404,24587.127319,24546.654576,40.472743,25050.680723,2.815189051,106202.24324200001,FAIR,,,,False,,,,,0.0016430493372312338,hollow,False,463.553404,340.0,123.55340361500001,24587.127319000003,1.850462305299327,1.3572485464949176,0.4932137572675254,64531079.690704994,0.038101217950862076,504.026147,1.850462305299327,pool1ddg6t2h9kj6lqlec4ncjs945lzj43m3ggrgdhf5sgzhtygpkznz
pool1nhd907krga9dh69kf0jg4tl0764rravepy337gptvsknxyyx94k,614,1827781.128061,2.38,2,827,0.01,170.0,174.561475,451.586007,427.583851,24.002156,626.147482,1.819731707,97072.506286,TOPO⚡,topopool.com,,,False,,,,,0.05310948055852797,hollow,False,174.561475,170.0,4.56147482,451.586007,27.878651598570194,27.150153100831286,0.7284984689916872,1730708.6217750001,0.02609254968273384,198.563631,27.878651598570194,pool1nhd907krga9dh69kf0jg4tl0764rravepy337gptvsknxyyx94k
pool15f9qklmaajysmwx9n3rkgc5s2g3rfffz4x8spnedtzdgq43tpe2,614,4299754.875509,5.59,5,349,0.02,170.0,197.915245,1367.847014,1367.844715,0.002299,1565.762259,2.349088422,7.217583,WEQNT,,,,False,,,,,1.6786033643709958e-06,hollow,False,197.915245,170.0,27.915245180000003,1367.8470140000002,12.640184923501849,10.857331566324335,1.7828533686735135,4299747.657926001,0.031812262551700214,197.917544,12.640184923501849,pool15f9qklmaajysmwx9n3rkgc5s2g3rfffz4x8spnedtzdgq43tpe2
pool1gqvrgg7zycvf65ydkjeph72t0yx0f5ykzd9f477zh4f3smwk997,614,2761900.798149,3.59,5,486,0.01,170.0,183.963515,1382.387989,1056.64245,325.745539,1566.351504,3.720423324,650813.452423,SAND,,,,False,,,,,0.2356396916424982,balanced,False,183.963515,170.0,13.96351504,1382.387989,11.744714678040747,10.853247152115609,0.891467528478844,2111087.345726,0.06548227347384333,509.70905400000004,11.744714678040747,pool1gqvrgg7zycvf65ydkjeph72t0yx0f5ykzd9f477zh4f3smwk997
pool1heks0vmxkfka2amg9c8yn8qdsxvgmzelfx6jhpfkj8ht5mn0r2m,614,9297203.20154,12.09,8,519,0.029,340.0,402.798436,2102.664877,2096.980341,5.684536,2505.463313,1.66448952,26288.304930000002,ADA,cardano24,,,False,,,,,0.0028275497867622785,hollow,False,402.798436,340.0,62.79843607700001,2102.664877,16.07680439422183,13.570344384443993,2.5064600128511243,9270914.896610001,0.022680230596970097,408.48297199999996,16.07680439422183,pool1heks0vmxkfka2amg9c8yn8qdsxvgmzelfx6jhpfkj8ht5mn0r2m
pool1rvjj8cp3urh7de07pm0ceqha2x4lxws69lhd4429dm6djfjsy4l,614,27562863.776598,35.84,34,2017,0.01,340.0,443.075987,10204.522719,10200.033901,4.488818,10647.598706,2.738997983,12124.46785,DINO,,,,False,,,,,0.00043988418432391527,hollow,False,443.075987,340.0,103.07598706,10204.522719,4.161276164083113,3.1932082471177985,0.9680679175288219,27550739.308748,0.037039015921289005,447.564805,4.161276164083113,pool1rvjj8cp3urh7de07pm0ceqha2x4lxws69lhd4429dm6djfjsy4l
pool10p6wd9k0fwk2zqkqnqr8efyr7gms627ujk9dxgk6majskhawr6r,614,5640424.688826,7.33,11,587,0.01,340.0,371.113981,3080.284093,2779.365477,300.918616,3451.398074,4.065991111,559400.6389049999,BBHMM,,,,False,,,,,0.09917704246866449,hollow,False,371.113981,340.0,31.113980740000002,3080.284093,10.752569626658486,9.851080423358896,0.901489195766411,5081024.049921,0.06062329291765294,672.032597,10.752569626658486,pool10p6wd9k0fwk2zqkqnqr8efyr7gms627ujk9dxgk6majskhawr6r
pool1hnp560z9e5acwux8tjguxq36j9r255zuf02u7z2d46dvcf5zhns,614,71059965.782443,92.4,81,1503,0.0,170.0,170.0,25228.303557,25102.160257,126.1433,25398.303557,2.625111799,355304.706973,LCP,,,,False,,,,,0.005000068647102927,hollow,False,170.0,170.0,0.0,25228.303557,0.6693360429308929,0.6693360429308929,0.0,70704661.07547,0.035681245300180936,296.1433,0.6693360429308929,pool1hnp560z9e5acwux8tjguxq36j9r255zuf02u7z2d46dvcf5zhns
pool1fs2m5rmlx66crcwwrrsf2pcxjhvk7kzdurcqusd3v5gm65cufnj,614,15153782.637699,19.7,24,607,0.0,340.0,340.0,7178.86474,7120.651003,58.213737,7518.86474,3.517904904,122882.700553,BIRD,,,,False,,,,,0.008109044684810057,hollow,False,340.0,340.0,0.0,7178.86474,4.5219592552478876,4.5219592552478876,0.0,15030899.937146,0.04776071140131009,398.213737,4.5219592552478876,pool1fs2m5rmlx66crcwwrrsf2pcxjhvk7kzdurcqusd3v5gm65cufnj
pool1zz7x8ergn02chznayj9fjds2gk5q6prmpdr49faspd65kzqsrjs,614,67443513.17137,87.7,68,2927,0.0,170.0,170.0,21124.246911,21123.596545,0.650366,21294.246911,2.312435212,2076.417879,AUTO,NGINE,AUTOSTAKE,AutoStake,True,Minimal pledge,declared_brand,100.0,Healthy core,3.0787510634624626e-05,hollow,False,170.0,170.0,0.0,21124.246911,0.7983376952024674,0.7983376952024674,0.0,67441436.753491,0.031322355999342695,170.650366,0.7983376952024674,AUTOSTAKE
pool1rpjjz68kmmetyxztmrstrwgz8lxf6v0d7vqgw98r5x8rc50jrdf,614,4618821.763231,6.01,8,1470,0.02,340.0,383.324462,2122.898647,2065.857802,57.040845,2506.223109,3.411344542,124104.532548,DEW,dew-stake.com,,,False,,,,,0.02686930540077504,hollow,False,383.324462,340.0,43.324462180000005,2122.898647,15.29490573378956,13.566230347930288,1.7286753930413943,4494717.230683,0.04723097222908976,440.365307,15.29490573378956,pool1rpjjz68kmmetyxztmrstrwgz8lxf6v0d7vqgw98r5x8rc50jrdf
pool1ljywsch33t7gaf02aeeqkqpuku0ngpwl9fm04t7u5sl5xyunmgp,614,27257042.213734,35.44,26,1350,0.0,170.0,170.0,7960.661296,7960.12697,0.534326,8130.661296,2.154602,1826.922489,AUTO,NGINE,AUTOSTAKE,AutoStake,True,Minimal pledge,declared_brand,100.0,Healthy core,6.702570567541143e-05,hollow,False,170.0,170.0,0.0,7960.661296,2.0908508399388626,2.0908508399388626,0.0,27255215.291245002,0.029207845951439416,170.534326,2.0908508399388626,AUTOSTAKE
pool1lnk67xp7jsc2e3yyun3fpaqvkx0f3c8q0ml29ge85udeghn2gvn,614,4142895.048087,5.39,3,32,0.0,340.0,340.0,601.043264,523.714302,77.328962,941.043264,1.064620355,533016.152953,WIRA,,,,False,,,,,0.12865789424212487,balanced,False,340.0,340.0,0.0,601.043264,36.130113567233394,36.130113567233394,0.0,3609878.895134,0.016649956451729914,417.328962,36.130113567233394,pool1lnk67xp7jsc2e3yyun3fpaqvkx0f3c8q0ml29ge85udeghn2gvn
pool1980svf2cxnfy66s5jgjv7y22xud75z9kfe6n0c3y54s62w56435,614,1219966.21976,1.59,2,390,0.0,340.0,340.0,282.846255,276.960369,5.885886,622.846255,1.706691768,27075.627706000003,HYPE,,,,False,,,,,0.022193751980547873,hollow,False,340.0,340.0,0.0,282.84625500000004,54.58811019101335,54.58811019101335,0.0,1192890.592054,0.023710997209976832,345.885886,54.58811019101335,pool1980svf2cxnfy66s5jgjv7y22xud75z9kfe6n0c3y54s62w56435
pool1uthdnav2zc2hxpg2hyeyy545lnxtl8lqdcdqxjm0j8t5srmyvzj,614,37795624.654258,49.15,30,337,0.05,345.0,799.285965,8631.433327,8378.792141,252.641186,9430.719292,1.680890279,1106274.082965,ADAST,adastrong.com,ADASTRONG_COM,ADBV,True,High pledge,community_branded_fleet,1000000.0,Healthy core,0.029269898118759335,hollow,False,799.285965,345.0,454.2859646,8631.433326999999,8.475344671514373,3.6582575444978054,4.81708712277511,36689350.571293,0.023525718478520925,1051.927151,8.475344671514373,ADASTRONG_COM
pool1uk2f28awascuhrhuwrp7x6y87x8ch33vwx8jtmrysp7l5ngq78j,614,14406092.180608,18.73,17,6200,0.0097,340.0,388.35954,4937.160018,4888.050287,49.109731,5325.519558,2.532925771,143248.099969,POWER,POWER,,,False,,,,,0.009943577909478175,hollow,False,388.35954,340.0,48.359539712600004,4937.160018,7.292425382545183,6.384353607137762,0.9080717700107637,14262844.080639001,0.03461553663551517,437.469271,7.292425382545183,pool1uk2f28awascuhrhuwrp7x6y87x8ch33vwx8jtmrysp7l5ngq78j
pool1ecvcst7k9eul4ggnljh0jw2s5nc2tyfmyzsx3xg3kmmz6ptgfwj,614,12953319.841444,16.84,17,2715,0.03,340.0,489.508351,4834.103344,4833.729054,0.37429,5323.611695,2.761243953,1002.830191,NUFI2,ADALITE,NUFI,NuFi,True,Minimal pledge,provider_cluster,1000.0,Healthy core,7.741877783264921e-05,hollow,False,489.508351,340.0,149.50835084999997,4834.103343999999,9.195042370572446,6.3866416162420725,2.8084007515127376,12952317.011253001,0.037322305652340966,489.882641,9.195042370572446,NUFI
pool1druxd2syfrvqvepxh60fz0qhralcesruphh5atujuh0jktjy0ma,614,3334276.376265,4.34,1,1053,0.0199,170.0,172.848967,140.315203,138.629684,1.685519,313.16417,0.307669252,40052.232069,BSSP,BSSP,,,False,,,,,0.012012271194467038,hollow,False,172.848967,170.0,2.8489669830000004,140.31520300000003,55.19436243296926,54.284626494787055,0.9097359327537375,3294224.144196,0.004259430957277676,174.534486,55.19436243296926,pool1druxd2syfrvqvepxh60fz0qhralcesruphh5atujuh0jktjy0ma
pool12z39rkzfylvn9wfe8j6x9ucq6g2l4mw4azj70y0gd8ejczznyj3,614,57780044.123497,75.13,57,10433,0.015,340.0,602.956325,17267.465325,17153.202051,114.263274,17870.42165,2.205229873,382286.34949,BRAVO,BRAVO,BRAVO,BRAVO,True,Material pledge,community_branded_fleet,310000.0,Healthy core,0.0066162349871681445,hollow,False,602.956325,340.0,262.95632475,17267.465325,3.374046437231099,1.902585214042781,1.4714612217893583,57397757.774007,0.030083867375076626,717.219599,3.374046437231099,BRAVO
pool106p2jjwuwagq2as7cdzx4y6cyc2pdj7a3h3vv5cvkvnskegff3w,614,6446000.204538,8.38,11,1629,0.0,340.0,340.0,3104.68997,3102.131273,2.558697,3444.68997,3.577681446,5312.402472,VOLT,,,,False,,,,,0.0008241393582736866,hollow,False,340.0,340.0,0.0,3104.68997,9.870264173585412,9.870264173585412,0.0,6440687.802066,0.04820432328677845,342.558697,9.870264173585412,pool106p2jjwuwagq2as7cdzx4y6cyc2pdj7a3h3vv5cvkvnskegff3w
pool189j5mz6wa0gfrakwvn2tar7qt309qxrmsgde5v6qwm892n6re3v,614,3180652.833505,4.14,1,52,0.048,170.0,176.877004,136.393903,132.096761,4.297142,313.270907,0.313524989,100207.655882,CCJ,JOY,JOY,HOPE,True,Material pledge,multi_brand_fleet,100000.0,Healthy core,0.03150537362217356,hollow,False,176.877004,170.0,6.877003536000001,136.39390300000002,56.4613566238374,54.26613075180964,2.195225723913137,3080445.177623,0.004427733497443615,181.174146,56.4613566238374,JOY
pool1fg42yz0qpu5jd0gd3g5xty4mm6jdxkje8szag8h798nyyxw6zd3,614,18453213.526682,24.0,19,153,0.048,170.0,447.545985,5504.662028,5474.702976,29.959052,5952.208013,2.201168319,100431.364261,CCJ3,JOY,JOY,HOPE,True,Material pledge,multi_brand_fleet,100000.0,Healthy core,0.005442486432825565,hollow,False,447.545985,170.0,277.545984624,5504.662028000001,7.518991003381117,2.8560829801093846,4.662908016954749,18352782.162421,0.029993610665042927,477.50503699999996,7.518991003381117,JOY
pool13pclvkwxee4znt7qc55k8ny89zvdkvfrt04dtd99zjm5vs2tws5,614,27115017.329676,35.26,20,180,0.048,170.0,462.583345,5802.903001,5781.362632,21.540369,6265.486346,1.574375466,100650.895867,CCJ2,JOY,JOY,HOPE,True,Material pledge,multi_brand_fleet,100000.0,Healthy core,0.0037119982127705575,hollow,False,462.583345,170.0,292.583344608,5802.903001,7.3830397108010875,2.713277000572048,4.669762703972542,27014366.433808997,0.0214808036132121,484.123714,7.3830397108010875,JOY
pool1dxwgzj66pual956mnv9delkelg873yvgr2dd8s279m0hxqvr475,614,49762444.622803,64.71,52,3197,0.01,340.0,499.550903,15795.539386,15455.552272,339.987114,16295.090289,2.343836185,1070637.021712,APOP,,,,False,,,,,0.02151496032454552,hollow,False,499.550903,340.0,159.55090289,15795.539386,3.065652869301509,2.086518049117635,0.9791348195088238,48691807.601091005,0.032439829540536674,839.5380170000001,3.065652869301509,pool1dxwgzj66pual956mnv9delkelg873yvgr2dd8s279m0hxqvr475
pool1qzlw72zfwhhc0ptvzdpld06szu39x9mlm6782efy6sluz932fx6,614,3657771.592959,4.76,4,793,0.02,340.0,358.253166,894.405116,891.959408,2.445708,1252.658282,1.800813965,10001.967599,BCSH2,WESTBERG,WESTBERG,BCSH,True,Low pledge,community_branded_fleet,10000.0,Healthy core,0.002734442910063934,hollow,False,358.253166,340.0,18.253165640000002,894.4051160000001,28.59943299365022,27.14227853562381,1.4571544292875238,3647769.62536,0.024519232513531632,360.69887400000005,28.59943299365022,WESTBERG
pool1whmm0hkxunyhxsr6dfjpx2tpvd05qhev820lx9vcmvqa5wjc6nh,614,64422419.249434,83.77,65,896,0.0085,340.0,510.397719,19876.392788,19750.371967,126.020821,20386.790507,2.277485445,408452.674322,1COMM,,,,False,,,,,0.006340225640091722,hollow,False,510.397719,340.0,170.39771930950002,19876.392788,2.5035707254888897,1.6677465728764798,0.8358241541305499,64013966.575112,0.03105008774089582,636.41854,2.5035707254888897,pool1whmm0hkxunyhxsr6dfjpx2tpvd05qhev820lx9vcmvqa5wjc6nh
pool1xlphlhnjvfeh40vcqf9fdewztsj6kyxq6604kaccpv00umjfu0d,614,12458223.085355,16.2,10,5295,0.05,340.0,479.781242,2655.843591,2539.905693,115.937898,3135.624833,1.568217373,543077.611718,FISH,,,,False,,,,,0.043591899743423555,hollow,False,479.781242,340.0,139.78124165,2655.843591,15.300977239071381,10.843133924115087,4.457843303794245,11915145.473637,0.022289644695284827,595.71914,15.300977239071381,pool1xlphlhnjvfeh40vcqf9fdewztsj6kyxq6604kaccpv00umjfu0d
pool1pnzwgsgzd6t4788sfr7dxjyusepyq9xaxnpyfcngewqf29t9ayd,614,5679409.013689,7.39,8,2621,0.0095,340.0,360.570966,2144.793839,2108.978635,35.815204,2505.364805,2.794616432,95307.75457299998,,,,,False,,,,,0.01678128029576335,hollow,False,360.570966,340.0,20.5709656475,2144.793839,14.391954627940898,13.570877954438254,0.8210766594328366,5584101.2591160005,0.038408935287458146,396.38617,14.391954627940898,pool1pnzwgsgzd6t4788sfr7dxjyusepyq9xaxnpyfcngewqf29t9ayd
pool1xwqye6mlftwjg706acz5fjqz7gmf4qdye99zsjl03a4ru68ghee,614,2849815.921208,3.71,4,34,0.02,170.0,191.661639,1061.42029,791.395207,270.025083,1253.081929,2.75568051,724992.520163,ANET,,,,False,,,,,0.2543997718476094,balanced,False,191.661639,170.0,21.661638579999998,1061.42029,15.295220094104478,13.56655108223175,1.728668978355365,2124823.4010449997,0.049953341509604406,461.68672200000003,15.295220094104478,pool1xwqye6mlftwjg706acz5fjqz7gmf4qdye99zsjl03a4ru68ghee
pool19ut4284xy9p82dd0cglzxweddfqw73yennkjk6mmp650chnr6lz,614,1424460.513459,1.85,1,69,0.019,170.0,172.722057,140.544108,127.872908,12.6712,313.266165,0.722817295,128426.725465,ELEMT,,,,False,,,,,0.0901581505781041,hollow,False,172.722057,170.0,2.722057135,140.544108,55.13588005905458,54.26695219383172,0.8689279083171972,1296033.7879940001,0.010844170059604235,185.393257,55.13588005905458,pool19ut4284xy9p82dd0cglzxweddfqw73yennkjk6mmp650chnr6lz
pool1egunxfppwtglyu3t864uq76y0zu05s7pjda3e9g95nwlwc5ye2h,614,2586210.769613,3.36,1,130,0.009,170.0,171.293781,142.459656,105.127525,37.332131,313.753437,0.40291397,677726.726389,AUSST,,,,False,,,,,0.2620539417560367,balanced,False,171.293781,170.0,1.293780933,142.45965600000002,54.59502934465065,54.18267338375006,0.4123559395462495,1908484.0432240001,0.007464545302634182,208.625912,54.59502934465065,pool1egunxfppwtglyu3t864uq76y0zu05s7pjda3e9g95nwlwc5ye2h
pool1arsqn9w87wpqlm0sre66gs79dcs0jmwulytgke3vut7u62lttu7,614,2495296.362743,3.24,5,468,0.018,170.0,195.129109,1370.93249,1342.254306,28.678184,1566.061599,4.091035773,52198.447376,LATIN,,,,False,,,,,0.02091873660995518,hollow,False,195.129109,170.0,25.129108781999996,1370.93249,12.459861676232826,10.855256275267369,1.604605387045187,2443097.915367,0.05611451270032539,223.80729300000002,12.459861676232826,pool1arsqn9w87wpqlm0sre66gs79dcs0jmwulytgke3vut7u62lttu7
pool1lskcfz80qg2kr2p6776kl9emjn8ulkqsqse7um7skz4y2lwa0cu,614,21511596.099941,27.97,22,2525,0.0,340.0,340.0,6549.622029,6545.383163,4.238866,6889.622029,2.247164838,13922.141,CERO,ZETETIC,,,False,,,,,0.0006471923763963839,hollow,False,340.0,340.0,0.0,6549.622029,4.9349586750748005,4.9349586750748005,0.0,21497673.958941,0.030466654399491328,344.238866,4.9349586750748005,pool1lskcfz80qg2kr2p6776kl9emjn8ulkqsqse7um7skz4y2lwa0cu
pool1cn0dqtplwf67fds40hgkf0u5rm4q4azev5qutmgkw5hdyvue2ue,614,22111092.129823,28.75,30,1193,0.015,170.0,308.504356,9095.119363,8987.976849,107.142514,9403.623719,3.047664451,260471.183544,NEDS2,NEDS,NEDS,NEDS1,True,Material pledge,community_branded_fleet,250000.0,Healthy core,0.011780113891013175,hollow,False,308.504356,170.0,138.50435578499997,9095.119363,3.2806965189033206,1.8078137224537751,1.4728827941631932,21850620.946279,0.04162407734480805,415.64687,3.2806965189033206,NEDS
pool1qfxukshs4fkcrflzdnxa2fdza5lfvew3y6echg8ckaa4q8m5hyf,614,58553795.546629,76.14,60,4955,0.015,170.0,449.561707,18357.885396,18276.946341,80.939055,18807.447103,2.314733276,258160.78978999998,NEDS1,NEDS,NEDS,NEDS1,True,Material pledge,community_branded_fleet,250000.0,Healthy core,0.0044089505621273525,hollow,False,449.561707,170.0,279.561706545,18357.885395999998,2.3903388085472264,0.9038972651045399,1.486441541023432,58295634.756839,0.0314910121016331,530.500762,2.3903388085472264,NEDS
pool1grgycym8cf0xmgjjr7gx7udmkpu93hqaygysy5myx6ghx8dvl5r,614,14257319.451037,18.54,10,4202,0.03,340.0,423.768597,2708.517975,2689.312136,19.205839,3132.286572,1.396336415,101009.43500299999,THOR,,,,False,,,,,0.007084742356365811,hollow,False,423.768597,340.0,83.76859716,2708.5179749999998,13.529049378435989,10.854690086127917,2.6743592974161623,14156310.016034001,0.019132937693030348,442.974436,13.529049378435989,pool1grgycym8cf0xmgjjr7gx7udmkpu93hqaygysy5myx6ghx8dvl5r
pool1s2rj8t2a5tfv0rpsfak77g03h96uv3rqxp62t6jm3dh45g2e2pj,614,1258270.203879,1.64,3,266,0.0,340.0,340.0,600.167076,470.42953,129.737546,940.167076,3.542408328,271999.016783,CRD,,,,False,,,,,0.21616900403782946,balanced,False,340.0,340.0,0.0,600.167076,36.1637849994228,36.1637849994228,0.0,986271.187096,0.06085213517867698,469.737546,36.1637849994228,pool1s2rj8t2a5tfv0rpsfak77g03h96uv3rqxp62t6jm3dh45g2e2pj
pool1calq8kjzrvp83l80rtvgmulausl99q4tjfkz2lp227vkymd5wgg,614,1034877.826761,1.35,2,595,0.02,170.0,179.133378,447.535534,356.135803,91.399731,626.668912,3.206557897,211351.916449,,,,,False,,,,,0.20422885772951313,balanced,False,179.133378,170.0,9.133378239999999,447.535534,28.585011091151753,27.12756237698927,1.4574487524602144,823525.910312,0.05434383161428974,270.53310899999997,28.585011091151753,pool1calq8kjzrvp83l80rtvgmulausl99q4tjfkz2lp227vkymd5wgg
pool16agnvfan65ypnswgg6rml52lqtcqe5guxltexkn82sqgj2crqtx,614,75587092.030646,98.29,79,9450,0.01,340.0,584.951918,24250.239925,23928.16966,322.070265,24835.191843,2.369279799,1003858.450576,SPIRE,SPIRE,SPIRE,Spire,True,Material pledge,declared_brand,1000000.0,Healthy core,0.013280818504950503,hollow,False,584.951918,340.0,244.95191843,24250.239925,2.3553348075500105,1.369025059880227,0.9863097494011976,74583233.58006999,0.032514331654668445,907.022183,2.3553348075500105,SPIRE
pool15m78a3nfcepn8ekyzx6sa8yexg7cqseer2ktu26f7l9jjq0e502,614,2565681.02769,3.34,3,12,0.05,340.0,369.972873,569.484592,569.241627,0.242965,939.457465,1.633340881,1094.622,NOBI,,,,False,,,,,0.0004266399401119392,hollow,False,369.972873,340.0,29.97287325,569.484592,39.3815459223585,36.191100998915374,3.1904449500542316,2564586.40569,0.02220570891027478,370.215838,39.3815459223585,pool15m78a3nfcepn8ekyzx6sa8yexg7cqseer2ktu26f7l9jjq0e502
pool1yj9xduuwzvdkcwm2mc9x893zq684x7pyah4ja8zmzplgvxz6wgk,614,9548613.419849,12.42,10,329,0.0,340.0,340.0,2781.207822,2707.919552,73.28827,3121.207822,2.148707838,250420.23751,SPIR2,SPIRE,SPIRE,Spire,True,Low pledge,declared_brand,250000.0,Healthy core,0.026225822169053743,hollow,False,340.0,340.0,0.0,2781.207822,10.89321888800521,10.89321888800521,0.0,9298193.182339001,0.029911271657407902,413.28827,10.89321888800521,SPIRE
pool1x0qm7xsyh2za3ltprxsgael544je4hg8tc3q3v5gv232z8jt4wp,614,11435394.554876,14.87,13,3888,0.035,340.0,470.584872,3600.41146,3595.99957,4.41189,4070.996332,2.324636995,14012.547504,PPCX1,P2P,P2P,P2P,True,Minimal pledge,declared_brand,1000.0,Healthy core,0.0012253663340391796,hollow,False,470.584872,340.0,130.58487162000003,3600.4114600000003,11.559452124802357,8.35176385022594,3.2076882652420924,11421382.007372,0.03152343085693214,474.996762,11.559452124802357,P2P
pool1wpmjtfqcwvtcs9znpuulk99yk2zz6pfh0c4k9f2xlcspgqjndk2,614,60119203.214011,78.17,55,305,0.025,340.0,757.482853,16281.831257,16248.711599,33.119658,17039.31411,1.996427959,103497.314759,MS4,MS,MS,MS4,True,Material pledge,community_branded_fleet,100000.0,Healthy core,0.0017215350374916408,hollow,False,757.482853,340.0,417.48285275,16281.831257,4.445500846512653,1.995385482097906,2.4501153629475523,60015705.899252,0.027129283931663174,790.6025109999999,4.445500846512653,MS
pool1vkc0dvuf8rxrch87umfayacgglrh8f88ef0f64xrdue5u2xjwfm,614,61572419.066305,80.06,63,598,0.1,345.0,2283.353892,17445.185029,17445.178254,0.006775,19728.538921,2.089532125,0.0,IFS1,BINANCE,BINANCE,Binance,True,Zero pledge,declared_brand,0.0,Healthy core,0.0,hollow,False,2283.353892,345.0,1938.3538921,17445.185029,11.573862114895336,1.7487356837802392,9.825126431621976,61572419.066305,0.02833279135941361,2283.360667,11.573862114895336,BINANCE
pool19lz8nyz0jjpdrdtnjaar4untk4th23gpg5s7aegn7480zff4vgq,614,31462852.795568,40.91,36,887,0.025,340.0,613.446935,10664.430468,10629.674377,34.756091,11277.877403,2.504793917,102539.504953,MS5,MS,MS,MS4,True,Material pledge,community_branded_fleet,100000.0,Healthy core,0.003259065718523915,hollow,False,613.446935,340.0,273.446935075,10664.430468,5.4393829005165335,3.0147516935195395,2.4246312076620113,31360313.290615,0.03400613498077354,648.203026,5.4393829005165335,MS
pool1q7wrwstqkzhrffdzpw8ftfd4epmxywdjnp8384atjcnezchv242,614,1560339.227489,2.03,3,305,0.01,170.0,177.694719,761.777217,759.387041,2.390176,939.471936,3.627320478,4895.765113,SPEC,,,,False,,,,,0.0031376286814749806,hollow,False,177.694719,170.0,7.694719360000001,761.7772170000001,18.914319011653795,18.09527176764969,0.8190472823235031,1555443.462376,0.04897492164944112,180.084895,18.914319011653795,pool1q7wrwstqkzhrffdzpw8ftfd4epmxywdjnp8384atjcnezchv242
pool1fpu5xurq3jx5rn626ejcx0dzzzk5lmtvdl2qkj9l4kw2sjp50dz,614,47699248.469951,62.02,35,242,0.025,340.0,605.614829,10358.978328,10336.633746,22.344582,10964.593157,1.597819936,102886.645669,MS6,MS,MS,MS4,True,Material pledge,community_branded_fleet,100000.0,Healthy core,0.0021569867234662054,hollow,False,605.614829,340.0,265.614828925,10358.978328,5.523367993032776,3.1008902485628274,2.4224777437859295,47596361.824282,0.021764223001421112,627.9594109999999,5.523367993032776,MS
pool1pp7tn2w6ken4rpfcjwcdup3g4m5gcdhc9lgvrm3mnxz5stmrhq2,614,49680350.508814,64.6,52,2546,0.0399,340.0,974.716133,15272.956365,15240.098556,32.857809,16247.672498,2.269217634,101080.863214,CROW,,,,False,,,,,0.0020346245986341584,hollow,False,974.716133,340.0,634.7161326702,15272.956365,5.999112384373714,2.0926074183354704,3.9065049640084144,49579269.6456,0.03080512575956315,1007.573942,5.999112384373714,pool1pp7tn2w6ken4rpfcjwcdup3g4m5gcdhc9lgvrm3mnxz5stmrhq2
pool19ht066hngsjfnv3mfsc8u9fgzl4w5qcrmh8l6zppwph6s2t7jn4,614,3313586.885464,4.31,4,137,0.02,170.0,191.721684,1064.362507,736.628399,327.734108,1256.084191,2.372166773,1020305.926207,4GOOD,,,,False,,,,,0.30791585115298015,balanced,False,191.721684,170.0,21.72168382,1064.3625069999998,15.263442162054886,13.534124640535342,1.7293175071892934,2293280.959257,0.04641221576901081,519.455792,15.263442162054886,pool19ht066hngsjfnv3mfsc8u9fgzl4w5qcrmh8l6zppwph6s2t7jn4
pool17ynruzy9lvq0x55ks22vtf4lrrdrw2ucydh4tfzhg9kkyeaw8nf,614,1396667.606273,1.82,2,759,0.0,340.0,340.0,286.307037,285.960547,0.34649,626.307037,1.507545844,1690.25114,ASN,,,,False,,,,,0.0012102028660279638,hollow,False,340.0,340.0,0.0,286.30703700000004,54.28647291408287,54.28647291408287,0.0,1394977.3551329998,0.02052413510129725,340.34649,54.28647291408287,pool17ynruzy9lvq0x55ks22vtf4lrrdrw2ucydh4tfzhg9kkyeaw8nf
pool1l8myd66tqjk75kh7uk9k8nyl20sd4qs33s4tzzn927ujyl7ahyk,614,1191859.714994,1.55,2,109,0.03,170.0,183.689184,442.616954,311.481157,131.135797,626.306138,2.747540784,353116.733501,KURD,,,,False,,,,,0.29627373847666094,balanced,False,183.689184,170.0,13.68918414,442.616954,29.3289771335436,27.14327541845039,2.185701737446488,838742.981493,0.052771464413582575,314.824981,29.3289771335436,pool1l8myd66tqjk75kh7uk9k8nyl20sd4qs33s4tzzn927ujyl7ahyk
pool1lqpymyzg9glc88r7urptuv0d8t2tu9ty7xtshvxmgpu0j4lp8p3,614,6740401.470679,8.76,6,2087,0.01,170.0,187.098726,1692.773911,1600.678938,92.094973,1879.872637,1.849984493,366503.554088,VINCE,VINCE,,,False,,,,,0.05437414309552691,hollow,False,187.098726,170.0,17.09872637,1692.773911,9.952734154297922,9.043165832303139,0.9095683416769687,6373897.916591,0.026557907471247345,279.193699,9.952734154297922,pool1lqpymyzg9glc88r7urptuv0d8t2tu9ty7xtshvxmgpu0j4lp8p3
pool1du3r4a7xq60hg2x0wcz7lw5ya3qs74rk258c8kanp93rsqdqu45,614,42580370.654271,55.37,46,3097,0.0,340.0,340.0,14003.133974,13928.723934,74.41004,14343.133974,2.429348923,225178.825311,ALND,,,,False,,,,,0.005288324686962619,hollow,False,340.0,340.0,0.0,14003.133974,2.370472175860051,2.370472175860051,0.0,42355191.82896,0.03306119833088674,414.41004,2.370472175860051,pool1du3r4a7xq60hg2x0wcz7lw5ya3qs74rk258c8kanp93rsqdqu45
pool1e98xlcgj80c3rdmm27v5hnvrdtut52e65uk0ema7ctfag596vr2,614,13370680.117477,17.39,17,155,0.01,340.0,389.897052,4939.808142,4828.465381,111.342761,5329.705194,2.733176932,301373.732147,COSD,,,,False,,,,,0.022539895465232933,hollow,False,389.897052,340.0,49.897051940000004,4939.808142,7.315546316500446,6.379339712499678,0.9362066028750032,13069306.385329999,0.03779701842130522,501.23981299999997,7.315546316500446,pool1e98xlcgj80c3rdmm27v5hnvrdtut52e65uk0ema7ctfag596vr2
pool1twd9vvegn3fqq0f4n08p3aml2ud8q87njs49900rycj4sr5hhcy,614,2209826.569826,2.87,4,282,0.01,340.0,349.128952,903.76623,874.923225,28.843005,1252.895182,3.029910284,70524.906098,AOAUS,,OCEAN,AdaOcean,True,Low pledge,declared_brand,60000.0,Subscale active,0.03191422669135211,hollow,False,349.128952,340.0,9.12895182,903.76623,27.865774967917474,27.137146417728026,0.7286285358227197,2139301.6637279997,0.042245852715557405,377.97195700000003,27.865774967917474,OCEAN
pool1fm57fshvdlrgs5pnpk78tnxha0me28equyy96vj0xm85gy5chv0,614,18395130.813039,23.92,12,2256,0.009,340.0,370.812344,3392.781445,3304.540358,88.241087,3763.593789,1.355384482,478429.169983,BANDA,,,,False,,,,,0.02600846793891107,hollow,False,370.812344,340.0,30.812344100999997,3392.781445,9.852613347481535,9.03391861772466,0.8186947324404779,17916701.643056,0.018936417609627075,459.053431,9.852613347481535,pool1fm57fshvdlrgs5pnpk78tnxha0me28equyy96vj0xm85gy5chv0
pool1jpz5m45ff4r6tnq7n5tw63fkhpmw3cyv8sn569w24x8lj3kl68c,614,3826704.482507,4.98,3,349,0.01,170.0,177.694939,761.798912,758.488515,3.310397,939.493851,1.463707313,16628.937181,ADP,,,,False,,,,,0.004345498132143676,hollow,False,177.694939,170.0,7.69493851,761.798912,18.913901225735643,18.094849670282727,0.8190515032971728,3810075.545326,0.019994325648858453,181.005336,18.913901225735643,pool1jpz5m45ff4r6tnq7n5tw63fkhpmw3cyv8sn569w24x8lj3kl68c
pool1hfn7yuwfyhmmqe4qpaxfewuly7cnemc6kqkv5npytj9vcrskh6j,614,2472255.450401,3.21,2,236,0.025,340.0,347.160615,279.263978,273.604994,5.658984,626.424593,0.827964354,50097.556686,AMINT,cardanomint.com,,,False,,,,,0.020263907873223283,hollow,False,347.160615,340.0,7.160614825,279.26397799999995,55.4193783065602,54.2762854139732,1.14309286465067,2422157.8937150002,0.011529552995889836,352.819599,55.4193783065602,pool1hfn7yuwfyhmmqe4qpaxfewuly7cnemc6kqkv5npytj9vcrskh6j
pool1429egqgv60r3nxlp6cvs08qcffv7duddjvyjd0pt6wzhj7akda8,614,3587184.874677,4.66,2,204,0.01,340.0,342.864254,283.561121,276.946319,6.614802,626.425375,0.578698329,83680.406373,NASEC,,,,False,,,,,0.023327597906571462,hollow,False,342.864254,340.0,2.8642537500000005,283.561121,54.73345552133804,54.27621765800914,0.45723782341990865,3503504.468304,0.00809364233913103,349.479056,54.73345552133804,pool1429egqgv60r3nxlp6cvs08qcffv7duddjvyjd0pt6wzhj7akda8
pool1k0xa8wlsntmjhtw2shj3tspqd4kjyquw9tuyx5s7zz5jsyw4y2p,614,6268605.958986,8.15,5,737,0.0,170.0,170.0,1396.363899,696.480397,699.883502,1566.363899,1.63922128,3141279.471164,WMOPS,WMOPS,,,False,,,,,0.5011129255398482,balanced,False,170.0,170.0,0.0,1396.363899,10.85316126785938,10.85316126785938,0.0,3127326.487822,0.04465040360952162,869.883502,10.85316126785938,pool1k0xa8wlsntmjhtw2shj3tspqd4kjyquw9tuyx5s7zz5jsyw4y2p
pool1tdsrw0n33gmy0mzh7cgtn9p0jy5xwjxaa2s26gn2ewf8kg4nrzx,614,69207212.692033,89.99,75,6575,0.01,340.0,571.542624,22922.71978,22884.266181,38.453599,23494.262404,2.446954167,116050.425136,CAFE,CAFE,CAFE,CAFE,True,Material pledge,community_branded_fleet,100000.0,Healthy core,0.001676854487008686,hollow,False,571.542624,340.0,231.54262404000002,22922.71978,2.432690221007715,1.447161839573706,0.985528381604263,69091162.266897,0.033177499158937654,609.9962230000001,2.432690221007715,CAFE
pool1jg3fmnmc9n52sgzslhhvhye5e3xeqmrwkekdhh82sma47r47zg0,614,11505771.142979,14.96,11,2490,0.03,340.0,433.05435,3008.757305,3008.408448,0.348857,3441.811655,1.92703139,1002.830473,NUFI3,ADALITE,NUFI,NuFi,True,Minimal pledge,provider_cluster,1000.0,Healthy core,8.715891012763127e-05,hollow,False,433.05435,340.0,93.05434964999999,3008.757305,12.58216292489137,9.878518468785881,2.7036444459364235,11504768.312506,0.026152263333537956,433.403207,12.58216292489137,NUFI
pool1yc6f3cqsc7jfh07hcns64v5cp8720mve870pgxf2wkr3u8l7tse,614,27976128.429571,36.38,19,3370,0.018,170.0,274.123471,5680.513787,5601.695924,78.817863,5954.637258,1.493141964,387833.967422,HYPER,,,,False,,,,,0.013863032134641486,hollow,False,274.123471,170.0,104.123470644,5680.513787,4.603529302002698,2.854917816725218,1.748611479298946,27588294.462148998,0.020590304321978427,352.941334,4.603529302002698,pool1yc6f3cqsc7jfh07hcns64v5cp8720mve870pgxf2wkr3u8l7tse
pool1a6ysvnx24xsjh2f6ehgmx7yu9q45fd7lsk88v2swxkek7pkxtgp,614,9019187.505828,11.73,7,64,0.85,340.0,1914.366106,277.829313,277.248087,0.581226,2192.195419,0.225120583,18867.467687,VIVI,,,,False,,,,,0.002091925428405636,hollow,False,1914.366106,340.0,1574.3661061500002,277.8293130000002,87.32643492491486,15.509566211715542,71.8168687200418,9000320.038141001,0.003086882597759105,1914.947332,87.32643492491486,pool1a6ysvnx24xsjh2f6ehgmx7yu9q45fd7lsk88v2swxkek7pkxtgp
pool189lsf6c2upyhmrzddyvyfjxxkqnte9pw8aqx7f4cuf85sjxlm02,614,42582127.451874,55.37,56,2431,0.02,340.0,684.047119,16858.308826,16817.871597,40.437229,17542.355945,2.931656923,102082.427409,CRDN2,CRDNS,CRDNS,,True,Material pledge,multi_brand_fleet,100000.0,Healthy core,0.002397306887129413,hollow,False,684.047119,340.0,344.0471189,16858.308826,3.8994028005398564,1.938166122418171,1.9612366775516366,42480045.024465,0.03968524236801304,724.484348,3.8994028005398564,CRDNS
pool1qqenhz258k5k9nyjull6gkzg7s4f3ae8v7qxwpegeef9v0nsy3e,614,1524715.397314,1.98,2,236,0.01,200.0,204.264458,422.181299,403.308659,18.87264,626.445757,2.04159198,68158.861144,CHRTY,,,,False,,,,,0.0447026778007695,hollow,False,204.264458,200.0,4.264457569999999,422.18129899999997,32.60688666457038,31.92614807669613,0.6807385192330386,1456556.53617,0.028984889258752786,223.13709799999998,32.60688666457038,pool1qqenhz258k5k9nyjull6gkzg7s4f3ae8v7qxwpegeef9v0nsy3e
pool1rcd7qslz3xnpnk9u6tcwegy5r2574uf8suqu24ptg637jha3sr5,614,8268783.60197,10.75,9,143,0.02,340.0,389.567468,2428.805952,2427.168721,1.637231,2818.37342,2.167075667,5573.891456,NINI,,,,False,,,,,0.0006740884420620278,hollow,False,389.567468,340.0,49.567468399999996,2428.8059519999997,13.822422012481228,12.063695945585522,1.7587260810882897,8263209.710514001,0.029393008734966735,391.204699,13.822422012481228,pool1rcd7qslz3xnpnk9u6tcwegy5r2574uf8suqu24ptg637jha3sr5
pool18heqrjtge2emf2hes4mdxkr76y99zztkqk4qtjr9dul0vuur0yu,614,1841280.979884,2.39,3,26,0.0,170.0,170.0,769.49389,728.357973,41.135917,939.49389,3.097114967,98431.946194,RX78,,,,False,,,,,0.05345840600612796,hollow,False,170.0,170.0,0.0,769.49389,18.094848919134535,18.094848919134535,0.0,1742849.03369,0.0441514941986002,211.135917,18.094848919134535,pool18heqrjtge2emf2hes4mdxkr76y99zztkqk4qtjr9dul0vuur0yu
pool1tpy5yawzpetcverves0h6xdycxgrstehfvrkygydt9jcqxwpw3j,614,19157785.839612,24.91,19,2125,0.0149,170.0,256.154892,5696.052635,5664.872883,31.179752,5952.207527,2.193854888,104868.16918900001,MANA,,,,False,,,,,0.0054739190670023636,hollow,False,256.154892,170.0,86.1548921523,5696.052635,4.303527570872615,2.8560832133096428,1.4474443601216862,19052917.670423,0.029895959944456842,287.334644,4.303527570872615,pool1tpy5yawzpetcverves0h6xdycxgrstehfvrkygydt9jcqxwpw3j
pool1s6x6kltycpxq82hyqhlqllqj3q5l2m8w499gvtu4xrfv29c0q2q,614,2827102.963835,3.68,3,1956,0.0199,340.0,351.9298,587.557644,585.471118,2.086526,939.487444,1.528568426,10038.831415999999,LOOT,,,,False,,,,,0.003550925291515453,hollow,False,351.9298,340.0,11.9298001356,587.557644,37.459766199919535,36.18994614259049,1.2698200717624493,2817064.132419,0.020857091510212335,354.016326,37.459766199919535,pool1s6x6kltycpxq82hyqhlqllqj3q5l2m8w499gvtu4xrfv29c0q2q
pool1u7mqtde27swkarngjsn5mmw3sy20zavlafgqkmg8qv2n2nwga0l,614,17268471.481379,22.45,14,1673,0.019,340.0,416.870885,3968.965178,3943.127093,25.838085,4385.836063,1.691781877,112418.185765,CFLOW,,,,False,,,,,0.006510025272718735,hollow,False,416.870885,340.0,76.87088519699999,3968.965178,9.504935410532694,7.7522277421247985,1.752707672899629,17156053.295614,0.023134488507416087,442.70896999999997,9.504935410532694,pool1u7mqtde27swkarngjsn5mmw3sy20zavlafgqkmg8qv2n2nwga0l
pool150n38x8gquu4yt5s0s6m3ajjqe89y68x96dh32tq8a4es2l6dvp,614,10504487.795813,13.66,9,5,1.0,340.0,2818.372382,0.0,,0.0,2818.372382,0.0,0.0,ETO1,ETORO,ETORO,eToro,True,Zero pledge,declared_brand,0.0,Healthy core,0.0,hollow,False,2818.372382,340.0,2478.372382,0.0,100.0,12.06370038861671,87.93629961138329,10504487.795813,0.0,2818.372382,100.0,ETORO
pool19066qvd5dv6vq7fh5a5l7muzk6nc5fw8zq3w4tclyrhvjvlyeuc,614,68720263.861997,89.36,65,3,1.0,340.0,20354.911654,0.0,,0.0,20354.911654,0.0,0.0,ETO2,ETORO,ETORO,eToro,True,Zero pledge,declared_brand,0.0,Healthy core,0.0,hollow,False,20354.911654,340.0,20014.911654,0.0,100.0,1.6703585148363227,98.32964148516368,68720263.861997,0.0,20354.911654,100.0,ETORO
pool1xt7mjrtnsew3v33lu8sf93upf20sxhmcrfnpm82ra46yxk7uy45,614,57000082.283388,74.12,61,1,1.0,340.0,19102.301705,0.0,,0.0,19102.301705,0.0,0.0,ETO3,ETORO,ETORO,eToro,True,Zero pledge,declared_brand,0.0,Healthy core,0.0,hollow,False,19102.301705,340.0,18762.301705,0.0,100.0,1.77989022082614,98.22010977917385,57000082.283388,0.0,19102.301705,100.0,ETORO
pool10hex9l4wjgqarvhr94xgyh9frv5lhtajhrj4dah0kl65jtws30k,614,14930515.998077,19.41,12,721,0.0189,340.0,404.601679,3353.476582,3348.236008,5.240574,3758.078261,1.652948822,23328.311214,CSN1,CSN,,,False,,,,,0.0015624584720986608,hollow,False,404.601679,340.0,64.6016791329,3353.4765820000002,10.766185558156474,9.047177210980387,1.719008350712471,14907187.686863,0.022495702425181518,409.84225299999997,10.766185558156474,pool10hex9l4wjgqarvhr94xgyh9frv5lhtajhrj4dah0kl65jtws30k
pool1xru6f3fflzwkptgm68pncrsncg9ngllv0jk8jnz40m7wusfhazk,614,22201389.45419,28.87,24,1705,0.01,340.0,411.759375,7104.178111,7097.170986,7.007125,7515.937486,2.363025996,43795.131716,OASIS,,,,False,,,,,0.001972630217868399,hollow,False,411.759375,340.0,71.75937486,7104.178111,5.478483233355621,4.523720435851427,0.9547627956414857,22157594.322474,0.03206204612110971,418.76649999999995,5.478483233355621,pool1xru6f3fflzwkptgm68pncrsncg9ngllv0jk8jnz40m7wusfhazk
pool1hw3cgyx7tvxh2fpd46k9sqgruu5pfnzt4nxuyv2w7nlmusutda2,614,2485956.997364,3.23,2,106,0.03333,333.0,342.778532,283.606753,279.766289,3.840464,626.385285,0.836239389,33663.603868,THREE,,,,False,,,,,0.013541506914116137,hollow,False,342.778532,333.0,9.778531549049998,283.60675299999997,54.72327339234989,53.16216839289256,1.5611049274648907,2452293.3934959997,0.011564960120684784,346.618996,54.72327339234989,pool1hw3cgyx7tvxh2fpd46k9sqgruu5pfnzt4nxuyv2w7nlmusutda2
pool1lp9wmr8dkcceta5we999nvlfh9um06cd6sggtt5523eawf7mtg4,614,16912484.822288,21.99,18,694,0.01,170.0,225.030279,5447.997666,4535.346172,912.651494,5673.027945,2.379018931,2833188.34865,YYG,,,,False,,,,,0.1675205257193374,balanced,False,225.030279,170.0,55.03027945,5447.997666,3.9666696723807524,2.9966360407202264,0.9700336395927979,14079296.473637998,0.03869509869474517,1137.681773,3.9666696723807524,pool1lp9wmr8dkcceta5we999nvlfh9um06cd6sggtt5523eawf7mtg4
pool19asxjgd6ah9ddzauwede4wpt9vsp6s4ax5nz297wt47evc9sn7z,614,31156089.629831,40.51,36,3333,0.0215,500.0,737.954219,10829.683864,8057.929899,2771.753965,11567.638083,2.569454288,7974731.138194,HODL₳,HODLA,HODLA,HODL₳,True,High pledge,community_branded_fleet,7890000.0,Healthy core,0.2559605917476383,balanced,False,737.954219,500.0,237.95421878449997,10829.683864,6.379471882721766,4.322403557341655,2.057068323517154,23181358.491637,0.04671720972654368,3509.708184,6.379471882721766,HODLA
pool1l5kwfudnqrhw3k4lwzcppu36nun9puvvr7xnanuz8a2zx4jaek5,614,2142536.342047,2.79,1,267,0.042,340.0,313.152792,0.0,,0.0,313.152792,0.0,5312.149779,ADOPT,ADOSIA,,,False,,,,,0.0024793744100157114,hollow,False,313.152792,313.152792,0.0,0.0,100.0,100.0,0.0,2137224.192268,0.0,313.152792,100.0,pool1l5kwfudnqrhw3k4lwzcppu36nun9puvvr7xnanuz8a2zx4jaek5
pool1qu48wpwwarmkewhlwge9xs87sgt8gdnqq26nnre2v6c8up4fxwr,614,5771858.124098,7.51,6,221,0.02,340.0,370.792007,1508.80832,1457.089672,51.718648,1879.600327,1.926346203,197846.649092,OBS,,,,False,,,,,0.03427780878153837,hollow,False,370.792007,340.0,30.792006540000003,1508.80832,19.72717293531307,18.088951949836513,1.6382209610032696,5574011.475006,0.027068626011366007,422.51065500000004,19.72717293531307,pool1qu48wpwwarmkewhlwge9xs87sgt8gdnqq26nnre2v6c8up4fxwr
pool1j6dh3ynys827j38976q0q3s3c9hpzgx40kjcq4472h6m7d3t0hm,614,4015591.469993,5.22,7,486,0.03,340.0,395.587056,1797.314806,1709.708518,87.606288,2192.901862,3.320572967,195731.424969,KIND,,,,False,,,,,0.048742863020709924,hollow,False,395.587056,340.0,55.58705586,1797.314806,18.039432719493036,15.504569807328657,2.53486290578014,3819860.045024,0.047051849670285695,483.193344,18.039432719493036,pool1j6dh3ynys827j38976q0q3s3c9hpzgx40kjcq4472h6m7d3t0hm
pool1qa6lqyu67ghpa0evxfu9nzqkj3h82qpfku82ec79zdwru4pd25m,614,46359977.535369,60.28,39,5286,0.0,495.0,495.0,11739.910126,11575.354265,164.555861,12234.910126,1.865560354,649721.274907,CNODE,CNODE,CNODE,CNODE,True,Material pledge,community_branded_fleet,500000.0,Healthy core,0.014014702108328546,hollow,False,495.0,495.0,0.0,11739.910126,4.045800050039534,4.045800050039534,0.0,45710256.260462,0.025683317238706163,659.555861,4.045800050039534,CNODE
pool127xwsah7jllutuhen8vl7sve5278h7hhxtnys3cl438dyhuwgjg,614,2704877.083558,3.52,1,159,0.02,340.0,314.004219,0.0,,0.0,314.004219,0.0,2018580.4138109998,ARTZ,,,,False,,,,,0.7462743597782105,balanced,False,314.004219,314.004219,0.0,0.0,100.0,100.0,0.0,686296.6697470003,0.0,314.004219,100.0,pool127xwsah7jllutuhen8vl7sve5278h7hhxtnys3cl438dyhuwgjg
pool1hkklrx9ac7w57d79mnv76rxlgq4acg5ecwhyep7k3zn0u5cz2k9,614,20030225.737016,26.05,25,2534,0.02,340.0,490.075898,7353.718983,7101.121253,252.59773,7843.794881,2.715788415,688031.215505,AZUR3,DAPP,DAPP,DAPP,True,Material pledge,multi_brand_fleet,500000.0,Healthy core,0.034349648602986706,hollow,False,490.075898,340.0,150.07589762,7353.718983,6.247943826107811,4.334636552309405,1.9133072689538118,19342194.521511,0.03801905194791481,742.673628,6.247943826107811,DAPP
pool1nhlv5z2lsptzgcp9ype0mppc7zyndm66ypm4sw5hy27ewdchqx0,614,4781718.147232,6.22,5,2000,0.035,340.0,382.901864,1182.865693,1179.431378,3.434315,1565.767557,1.821995556,13883.021413999999,PPCX2,P2P,P2P,P2P,True,Minimal pledge,declared_brand,1000.0,Healthy core,0.0029033541891289607,hollow,False,382.901864,340.0,42.901864495,1182.865693,24.45457898831659,21.714589657959046,2.7399893619714333,4767835.125818,0.024809282657337273,386.336179,24.45457898831659,P2P
pool1jezf7dcx26edfpxmpuh05yen64a9cj44xm2ggsapcxrtqewfek2,614,1344676.480533,1.75,2,36,0.0299,170.0,183.663188,443.299605,110.675843,332.623762,626.962793,2.435377459,1008959.466841,CURRY,,,,False,,,,,0.7503362194905578,balanced,False,183.663188,170.0,13.6631875107,443.29960500000004,29.29411283262546,27.11484667001603,2.1792660845665206,335717.01369200007,0.13204561786275762,516.2869499999999,29.29411283262546,pool1jezf7dcx26edfpxmpuh05yen64a9cj44xm2ggsapcxrtqewfek2
pool1wt0pf4u2xktp0f7apveu242w6nkm4ltk3m8g039lvuhwq4zdtf3,614,51560368.811939,67.05,53,3562,0.025,340.0,746.464106,15852.100151,15817.82577,34.274381,16598.564257,2.269388456,111040.981599,ECO,ECO,ECO,ECO,True,Material pledge,community_branded_fleet,100000.0,Healthy core,0.0021536110807122088,hollow,False,746.464106,340.0,406.46410642500007,15852.100151000002,4.49716068475741,2.048369935710639,2.448790751607234,51449327.83034,0.030811092815972455,780.738487,4.49716068475741,ECO
pool1ppznyu6qrvlw9uuqa3tslryjd40nh56jyvmaqw6kdf4kzq3y8kh,614,27508720.950894,35.77,34,1308,0.02,340.0,546.308831,10109.132699,10035.626135,73.506564,10655.44153,2.718465668,200023.587234,DIGI3,DIGI,DIGI,DIGI,True,Material pledge,opaque_fleet,200000.0,Healthy core,0.007271279082406755,hollow,False,546.308831,340.0,206.3088306,10109.132699,5.127040765620906,3.190857920272404,1.936182841594552,27308697.363659997,0.03701799673701149,619.8153950000001,5.127040765620906,DIGI
pool1zmfpd5r5vfwjmwm4cgy53exe58h7plnecny3t4948yw7zumzp4c,614,17389514.521731,22.61,16,6054,0.025,340.0,456.781446,4554.476381,4534.544527,19.931854,5011.257827,1.930077646,76030.315839,ALPS,,,,False,,,,,0.004372193125000003,hollow,False,456.781446,340.0,116.78144567500001,4554.476381,9.115105663470786,6.784723750754243,2.330381906231144,17313484.205892,0.02630594932157014,476.7133,9.115105663470786,pool1zmfpd5r5vfwjmwm4cgy53exe58h7plnecny3t4948yw7zumzp4c
pool1yr0cv3dtmhcfgqa6yetvmf769ngk89e6tepecmjrmjl2jzcw2lm,614,32099496.024267,41.74,31,1123,0.0,170.0,170.0,9545.270887,9483.816002,61.454885,9715.270887,2.194168223,206664.71928299998,EASY1,,,,False,,,,,0.006438254330434437,hollow,False,170.0,170.0,0.0,9545.270887,1.7498225420299593,1.7498225420299593,0.0,31892831.304984,0.029929205079726896,231.454885,1.7498225420299593,pool1yr0cv3dtmhcfgqa6yetvmf769ngk89e6tepecmjrmjl2jzcw2lm
pool127gdv243hfcrapslaqq0nnh64u2gts72gtrt4888g6g2z0zsu64,614,1192606.396876,1.55,1,873,0.01,340.0,313.185891,0.0,,0.0,313.185891,0.0,148917.67723,TTS17,,,,False,,,,,0.12486741444627984,balanced,False,313.185891,313.185891,0.0,0.0,100.0,100.0,0.0,1043688.7196460001,0.0,313.185891,100.0,pool127gdv243hfcrapslaqq0nnh64u2gts72gtrt4888g6g2z0zsu64
pool1kks6sgxvx7p6fe3hhnne68xzwa9jg8qgy50yt3w3lrelvns7390,614,3457048.463706,4.5,5,297,0.02,200.0,227.316464,1338.506712,1334.367726,4.138986,1565.823176,2.866187889,10690.020466,lido,,,,False,,,,,0.0030922391103942355,hollow,False,227.316464,200.0,27.316463520000003,1338.506712,14.517377663338404,12.772834319064899,1.744543313618702,3446358.44324,0.03883829073628335,231.45544999999998,14.517377663338404,pool1kks6sgxvx7p6fe3hhnne68xzwa9jg8qgy50yt3w3lrelvns7390
pool1lhz4gsk5ezdl5s4mv2kxgrkhzzhad6me2v0xmwuyt845vensdlc,614,53139487.506388,69.1,52,2895,0.0,170.0,170.0,16120.245865,16089.909253,30.336612,16290.245865,2.238866403,100002.754994,SECUR,SECUR,SECUR,SECUR,True,Material pledge,community_branded_fleet,100000.0,Healthy core,0.0018818915967523863,hollow,False,170.0,170.0,0.0,16120.245865,1.0435692708926465,1.0435692708926465,0.0,53039484.751394,0.030392915656248565,200.336612,1.0435692708926465,SECUR
pool1zk6uxgptztrxxamzd0ugrtu84xg8mjymd2xcdvxqazpruqt9r3x,614,5616642.637157,7.3,5,625,0.039,500.0,541.567101,1024.255991,1022.414169,1.841822,1565.823092,1.340011935,10099.809595,OCEA1,OCEAN,OCEAN,AdaOcean,True,Low pledge,declared_brand,10000.0,Healthy core,0.0017981933776923121,hollow,False,541.567101,500.0,41.567100588,1024.255991,34.58673612408316,31.932087510687957,2.6546485870831695,5606542.827562,0.018268940816160623,543.408923,34.58673612408316,OCEAN
pool1jj2hvts3ryffy5txm7w0am3zt7s7sehdf8rrwfesjmr7shv0mgl,614,6032832.95752,7.84,10,368,0.01,340.0,367.927273,2764.80003,2713.258835,51.541195,3132.727303,3.401332584,112463.609854,FIDA,FIMI,FIMI,FIDA,True,Material pledge,multi_brand_fleet,100000.0,Healthy core,0.018641923395842204,hollow,False,367.927273,340.0,27.927273030000002,2764.8000300000003,11.744631351974398,10.853162982759626,0.8914683701724038,5920369.347666,0.0466997896185307,419.46846800000003,11.744631351974398,FIMI
pool1ppqdq5yfkkllrcj0u47pakg9e4ha568pz3a9kkrr6w2kyw8gxv7,614,8442495.968943,10.98,11,177,0.02,170.0,235.52013,3210.486367,3171.662677,38.82369,3446.006497,2.814369484,102093.201669,COOL3,COOL,COOL,COOL,True,Material pledge,multi_brand_fleet,100000.0,Healthy core,0.012092774701292759,hollow,False,235.52013,170.0,65.52012994,3210.486367,6.834581716692567,4.9332466479096135,1.901335067041808,8340402.767274,0.03849318140362812,274.34382,6.834581716692567,COOL
pool1vdcu0y6ujrwmnv4u50j6upxkjug7cx7zsaynjvgkcm2ycmajelc,614,4226910.843333,5.5,3,602,0.02,170.0,185.396307,754.419057,736.245685,18.173372,939.815364,1.311311012,101822.949805,COOL5,COOL,COOL,COOL,True,Material pledge,multi_brand_fleet,100000.0,Healthy core,0.024089211620255194,hollow,False,185.396307,170.0,15.396307280000002,754.4190570000001,19.726886163142147,18.088659380546154,1.638226812389077,4125087.8935280005,0.01828855715253087,203.569679,19.726886163142147,COOL
pool1w7pt822hfgw30xnkwpjzz0sr5psejksqdcdw4l0ms33lsgynp2e,614,3930352.611842,5.11,5,231,0.015,170.0,190.945373,1375.412836,1339.783976,35.62886,1566.358209,2.587060212,101812.316262,COOL4,COOL,COOL,COOL,True,Material pledge,multi_brand_fleet,100000.0,Healthy core,0.025904117598823943,hollow,False,190.945373,170.0,20.945373135,1375.412836,12.19040267436042,10.853200693379836,1.3372019895993026,3828540.29558,0.03592525426956838,226.574233,12.19040267436042,COOL
pool1lqucyxuvjktfmpf7fd28j54cfgamyrxed344vnwlm9wqkwjeqwk,614,16306988.215147,21.2,18,218,0.05,340.0,604.838332,5031.928312,5027.821423,4.106889,5636.766644,2.277804402,13309.193947,SPS3,SPS,SPS,SPS,True,Low pledge,community_branded_fleet,1000.0,Healthy core,0.000816165055827878,hollow,False,604.838332,340.0,264.8383322,5031.928312,10.730235438144565,6.031826780729154,4.698408660963542,16293679.0212,0.03088270184685035,608.9452210000001,10.730235438144565,SPS
pool1rqgf6qd0p3wyf9dxf2w7qcddvgg4vu56l35ez2xqemhqun2gn7y,614,1285980.233251,1.67,5,57,0.01,170.0,183.96056,1382.095489,1283.144442,98.951047,1566.056049,8.157028445,92069.678536,HADA,,,,False,,,,,0.0715949406961294,hollow,False,183.96056,170.0,13.96056049,1382.095489,11.746741766839532,10.855294745584168,0.8914470525441583,1193910.554715,0.11576206304080475,282.911607,11.746741766839532,pool1rqgf6qd0p3wyf9dxf2w7qcddvgg4vu56l35ez2xqemhqun2gn7y
pool1mqy259k253xryf4hvdq0n72n2uvadcgp34r0fxwpqzm0z5n0qp6,614,16987856.995258,22.09,14,190,0.05,340.0,542.207591,3841.944232,3838.82871,3.115522,4384.151823,1.66446913,13775.828234,SPS4,SPS,SPS,SPS,True,Low pledge,community_branded_fleet,1000.0,Healthy core,0.0008109220743879227,hollow,False,542.207591,340.0,202.20759115,3841.9442320000003,12.367445583327829,7.755205880788677,4.612239705960566,16974081.167024,0.02263418086785073,545.323113,12.367445583327829,SPS
pool1xftlxx9slpz59thcgtwgdj3k9e0ntn3p4qnmzs3r84dkx0hccjc,614,23123155.54905,30.07,29,311,0.05,340.0,777.072869,8304.384503,8298.638281,5.746222,9081.457372,2.655887029,16000.05474,SPS5,SPS,SPS,SPS,True,Low pledge,community_branded_fleet,1000.0,Healthy core,0.0006919494489435008,hollow,False,777.072869,340.0,437.07286860000005,8304.384503000001,8.556697864330403,3.743892484132446,4.812805375793378,23107155.49431,0.03593858406780059,782.819091,8.556697864330403,SPS
pool12lsfsh2s8yt8dvrt9m8kgrgr6ktntngvn2vad60xlqz7kxz9fxr,614,5149355.764965,6.7,7,63,0.05,340.0,432.624547,1759.8664,1740.733115,19.133285,2192.490947,2.525825574,55983.841265,POP4,YUTA,YUTA,YUTA,True,Low pledge,opaque_operational,50000.0,Healthy core,0.010872008814364864,hollow,False,432.624547,340.0,92.62454735,1759.8663999999999,19.732101863041354,15.507475662110453,4.224626216894477,5093371.923699999,0.03455208899650848,451.757832,19.732101863041354,YUTA
pool1wyfau3rlkckr3clr4mkyxn9vdlrkup0fj7uyyflfccmms24gm3a,614,17922384.614831,23.3,13,1302,0.01,340.0,377.309865,3693.676595,3693.510799,0.165796,4070.98646,1.515695208,804.447495,TERA,TERA,TERA,TERA,True,Minimal pledge,community_branded_fleet,300.0,Healthy core,4.4885070390371464e-05,hollow,False,377.309865,340.0,37.309864600000004,3693.676595,9.268266271757632,8.35178410296162,0.916482158970384,17921580.167336002,0.020610217182367215,377.475661,9.268266271757632,TERA
pool147en6w8f9cplnn5x7qt4ese7fpacmmcwuffrtu0yqxpaz4agppr,614,15570719.629884,20.25,11,2428,0.015,340.0,386.342827,3043.179001,3035.467259,7.711742,3429.521828,1.436814564,38063.795464999996,STI2,STI,STI,STI,True,Low pledge,community_branded_fleet,37000.0,Healthy core,0.002444575226436311,hollow,False,386.342827,340.0,46.34282742,3043.179001,11.2652097399043,9.913918530102443,1.3512912220484634,15532655.834419,0.019592135649182305,394.054569,11.2652097399043,STI
pool19w5khsnmu27au0kprw0kjm8jr7knneysj7lfkqvnu66hyz0jxsx,614,61043166.44875,79.38,65,4327,0.01,340.0,541.059787,19904.91891,19464.187617,440.731293,20445.978697,2.408539415,1350464.974458,ATAD2,ATADA,ATADA,ATADA,True,High pledge,multi_brand_fleet,1300000.0,Healthy core,0.02212311472393572,hollow,False,541.059787,340.0,201.05978697,19904.91891,2.6462894978922615,1.6629186845914479,0.9833708131540856,59692701.474291995,0.033345649331304766,981.79108,2.6462894978922615,ATADA
pool1s6se64qce5rjjjhh6ufcdnc54p8qg78mlhjm38lymx99sqysvzx,614,56296408.391989,73.2,59,8490,0.03,340.0,884.293389,17598.819579,17567.510843,31.308736,18483.112968,2.307926099,100144.001581,PAUL1,PAUL,PAUL,PAUL1,True,Material pledge,community_branded_fleet,100000.0,Healthy core,0.0017788701702549559,hollow,False,884.293389,340.0,544.29338904,17598.819579000003,4.784331462622049,1.8395169719984152,2.9448144908400473,56196264.390408,0.031316707204480834,915.602125,4.784331462622049,PAUL
pool1y49e700dnx8lpvznmysgzw203mjq6l7um85ka4ys6x0zcwgs77w,614,5200187.306461,6.76,2,32,0.03,340.0,348.590609,277.763023,276.606238,1.156785,626.353632,0.390673239,21656.940979,NAP2,NAP,,,False,,,,,0.004164646329583594,hollow,False,348.590609,340.0,8.590608959999997,277.763023,55.653961466930554,54.282434495406584,1.3715269651378021,5178530.365482,0.005363742285870458,349.747394,55.653961466930554,pool1y49e700dnx8lpvznmysgzw203mjq6l7um85ka4ys6x0zcwgs77w
pool1uzla0r73fvpnvxr07m98nfzlxcv3q26mkjz00cqjfh7uqsyjkju,614,10132464.360981,13.18,11,204,0.01,340.0,371.053461,3074.292604,3053.695182,20.597422,3445.346065,2.239261565,67886.393699,1PCT1,1PCT,ONE_PERCENT,1PCT,True,Low pledge,declared_brand,50000.0,Healthy core,0.006699889709005342,hollow,False,371.053461,340.0,31.05346065,3074.292604,10.769700749930326,9.868384585627975,0.9013161541437202,10064577.967282,0.03054566832304277,391.650883,10.769700749930326,ONE_PERCENT
pool1g8y2gz4sk7xhyaj469jlj3njyu5dlvqa7t7v9c2gk0yc69879z8,614,8258382.476336,10.74,9,513,0.01,340.0,364.789187,2454.129532,2433.987991,20.141541,2818.918719,2.192700311,67778.21159499999,1PCT0,1PCT,ONE_PERCENT,1PCT,True,Low pledge,declared_brand,50000.0,Healthy core,0.00820720180849158,hollow,False,364.789187,340.0,24.78918719,2454.129532,12.940748682864028,12.061362312731516,0.8793863768726848,8190604.264741,0.02996274087571979,384.93072800000004,12.940748682864028,ONE_PERCENT
pool128r8qqgl9zgy3ff4759a2qslyauu5takaec3nxx4a6mvj3ys8da,614,1510672.062681,1.96,4,6881,0.0,700.0,700.0,551.934505,548.262549,3.671956,1251.934505,2.702490896,10038.042455,BTCAO,heysoftwareinnovation.com,,,False,,,,,0.0066447528242399734,hollow,False,700.0,700.0,0.0,551.934505,55.9134680931252,55.9134680931252,0.0,1500634.0202259999,0.03678008745376018,703.671956,55.9134680931252,pool128r8qqgl9zgy3ff4759a2qslyauu5takaec3nxx4a6mvj3ys8da
pool17qvfg2g843gw6lurru282kkex6vp3pyj6zwj99j4u6k7zvmva5a,614,6165028.219548,8.02,1,428,0.01,340.0,313.213094,0.0,,0.0,313.213094,0.0,67337.984547,1PCT4,1PCT,ONE_PERCENT,1PCT,True,Low pledge,declared_brand,50000.0,Healthy core,0.010922575233878979,hollow,False,313.213094,313.213094,0.0,0.0,100.0,100.0,0.0,6097690.235001,0.0,313.213094,100.0,ONE_PERCENT
pool1g0nq3m3fnvd245k4favcvutn09vce0yshg535f68d2xa54vy0cc,614,10594026.226452,13.78,14,316,0.01,340.0,380.449861,4004.536212,3978.859031,25.677181,4384.986073,2.797284034,67929.141454,1PCT3,1PCT,ONE_PERCENT,1PCT,True,Low pledge,declared_brand,50000.0,Healthy core,0.0064120231536136055,hollow,False,380.449861,340.0,40.449860730000005,4004.536212,8.676193143293478,7.753730441551621,0.9224626955844839,10526097.084998,0.038043884448941134,406.127042,8.676193143293478,ONE_PERCENT
pool1e4tjrl3ve7dcqwa70pexds6f8llk0txx09gm3r4m472ej4p6473,614,2416866.519263,3.14,2,271,0.01,340.0,342.864245,283.560279,275.930874,7.629405,626.424524,0.860104357,65027.590405,1PCT8,1PCT,ONE_PERCENT,1PCT,True,Low pledge,declared_brand,50000.0,Subscale active,0.02690574340234128,hollow,False,342.864245,340.0,2.8642452400000002,283.56027900000004,54.73352844021158,54.27629139244874,0.4572370860755126,2351838.9288580003,0.012056960003536062,350.49365,54.73352844021158,ONE_PERCENT
pool167zl76srpt5a2gthpsq0ye9z4fpray5vsh7xyzcn63hd5mnw7fa,614,9501737.11878,12.36,5,571,0.03,340.0,376.773048,1188.995224,1188.869728,0.125496,1565.768272,0.917609233,1002.830618,NUFI4,ADALITE,NUFI,NuFi,True,Minimal pledge,provider_cluster,1000.0,Healthy core,0.00010554181887624785,hollow,False,376.773048,340.0,36.77304816,1188.995224,24.063142339622015,21.714579742103755,2.3485626077368873,9500734.288162,0.012514771889594878,376.898544,24.063142339622015,NUFI
pool1d9g45764jtjzagrmy5ndtrx4pua7l9sr4nh08l3mqs43xe6wnh9,614,5964079.927868,7.76,4,16,0.015,340.0,353.689808,898.964036,873.602616,25.36142,1252.653844,1.106318907,168257.6096,SS63,ada63pool.com,,,False,,,,,0.02821183009533335,hollow,False,353.689808,340.0,13.689807659999998,898.9640359999999,28.235239104092035,27.14237469741082,1.0928643795388377,5795822.318268,0.015510552025836476,379.05122800000004,28.235239104092035,pool1d9g45764jtjzagrmy5ndtrx4pua7l9sr4nh08l3mqs43xe6wnh9
pool1jdhjfcu34lq88rypdtslzwyf27uh0h3apcr9mjd68zhc69r29fy,614,18871511.536456,24.54,18,3258,0.03,340.0,498.902954,5137.862184,5137.58911,0.273074,5636.765138,2.007066612,1008.451604,NUFI5,ADALITE,NUFI,NuFi,True,Minimal pledge,provider_cluster,1000.0,Healthy core,5.34377758798956e-05,hollow,False,498.902954,340.0,158.90295414,5137.862184,8.850873538027477,6.031828392279558,2.8190451482316132,18870503.084852,0.027226948645181263,499.17602800000003,8.850873538027477,NUFI
pool1n7s5kpymwd0zsld8q23tpf7z5esjaqwmnnzzssee5630zpx5ww0,614,1992545.829832,2.59,3,216,0.0,170.0,170.0,769.966622,710.436552,59.53007,939.966622,2.860495323,154053.921538,RABIT,,,,False,,,,,0.0773151208025107,hollow,False,170.0,170.0,0.0,769.966622,18.085748580974613,18.085748580974613,0.0,1838491.908294,0.04188033782071299,229.53007,18.085748580974613,pool1n7s5kpymwd0zsld8q23tpf7z5esjaqwmnnzzssee5630zpx5ww0
pool1up53z2kadt6l5xs359ckx477rpyvyg3favh25qrhqt2ujclpq3h,614,53660913.834033,69.78,76,58,0.01,340.0,574.605171,23225.911924,23219.843348,6.068576,23800.517095,3.209380754,14020.778097,,CRDNS,CRDNS,,True,Low pledge,multi_brand_fleet,10000.0,Healthy core,0.00026128474331176406,hollow,False,574.605171,340.0,234.60517095,23225.911924,2.4142549874292976,1.4285403911305232,0.9857145960886947,53646893.055935994,0.04329404854775661,580.673747,2.4142549874292976,CRDNS
pool17kew7rtakc7g6qzydntann5umw08xq3ll2j7spk7en4kvff69fa,614,14726418.935453,19.15,17,2068,0.04,340.0,540.128514,4803.084329,4476.923098,326.161231,5343.212843,2.409098926,1000021.037302,BLOOM,BLOOM,BLOOM,Bloom,True,Material pledge,declared_brand,1000000.0,Healthy core,0.06790659981120782,hollow,False,540.128514,340.0,200.12851372,4803.084329,10.108684229332319,6.363212733429193,3.745471490662832,13726397.898151,0.03499158602743838,866.289745,10.108684229332319,BLOOM
pool12l453n0jtxqq88cgwgr67z06ldyhqqvwxgkn0sgungjfvhtp2el,614,33041223.335881,42.96,31,20458,0.04,400.0,771.116104,8906.786485,8905.18726,1.599225,9677.902589,1.987049904,1496.601845,EVERS,EVE,EVERSTAKE,Everstake,True,Minimal pledge,declared_brand,1000.0,Healthy core,4.529498892296674e-05,hollow,False,771.116104,400.0,371.11610356,8906.786484999999,7.967801875547479,4.133126948959416,3.834674922041623,33039726.734036,0.02695780917529393,772.715329,7.967801875547479,EVERSTAKE
pool1udkx9rmgzf08z7zz4p7ykpdqsdv5nf0w8uf38wrsdn5dzk9nq4g,614,6008298.685639,7.81,8,140,0.0,340.0,340.0,2165.220799,2164.912822,0.307977,2505.220799,2.665135569,854.611434,JOY2,JOY,JOY,HOPE,True,Minimal pledge,multi_brand_fleet,100.0,Healthy core,0.00014223850689092527,hollow,False,340.0,340.0,0.0,2165.220799,13.571658040509504,13.571658040509504,0.0,6007444.074205,0.03604229639518594,340.307977,13.571658040509504,JOY
pool1mfgqn8n658vjdcvg3xgtr3qyet64fht0dzsukqeznxw36z8g2k6,614,3531037.743971,4.59,5,141,0.0189,340.0,363.16806,1202.655202,1198.69624,3.958962,1565.823262,2.517079785,11623.649044,CSN2,CSN,,,False,,,,,0.003291850692858372,hollow,False,363.16806,340.0,23.168059651800004,1202.6552020000001,23.193426027924215,21.713817149818276,1.4796088558684346,3519414.094927,0.0341720289105379,367.127022,23.193426027924215,pool1mfgqn8n658vjdcvg3xgtr3qyet64fht0dzsukqeznxw36z8g2k6
pool19pyfv4xnln8x4l7auw0n0skk3hd97shun707hrw5d4s553ys74x,614,65334804.611576,84.96,50,2411,0.005,170.0,247.511967,15424.881336,15365.854109,59.027227,15672.393303,1.738185818,250002.026843,TITAN,TITAN,TITAN,TITAN,True,Material pledge,community_branded_fleet,250000.0,Healthy core,0.003826475464789325,hollow,False,247.511967,170.0,77.51196651500001,15424.881336,1.5792863426457107,1.0847098889960776,0.49457645055501964,65084802.584733,0.023699666778459628,306.539194,1.5792863426457107,TITAN
pool18rhzlrv83a7ygj7cp5uv8dx07qkn5drhe8nh6f3qvhv66xcyj2m,614,35901770.917018,46.68,43,480,0.025,340.0,668.204512,12799.975957,12780.180279,19.795678,13468.180469,2.636340907,55523.516959,SIPO2,SIPO,SIPO,SIPO,True,Low pledge,community_branded_fleet,50000.0,Healthy core,0.0015465397817655004,hollow,False,668.204512,340.0,328.20451172500003,12799.975957,4.961356981650347,2.5244686970343566,2.436888282574141,35846247.400059,0.035707994240364846,688.00019,4.961356981650347,SIPO
pool1fmcv9p7vv754rwc0p6ud2mgm76vnn0gq0gngrk7rq400vsvhsvs,614,11563957.389728,15.04,11,112,0.05,340.0,495.267327,2950.079204,2931.109327,18.969877,3445.346531,1.879508778,74359.640811,JAZZ4,YUTA,YUTA,YUTA,True,Low pledge,opaque_operational,50000.0,Healthy core,0.006430293566893629,hollow,False,495.267327,340.0,155.26732655,2950.079204,14.374964101397673,9.868383250880607,4.506580837455969,11489597.748917,0.02567608778364823,514.237204,14.374964101397673,YUTA
pool1larpvn53yyufaf8fh89nrrpgruqcq8mgxrtdxp5y87cqse3yfg2,614,9136420.537346,11.88,12,63,0.05,340.0,510.927952,3247.631083,3227.445112,20.185971,3758.559035,2.628343556,56788.317801,JP5,YUTA,YUTA,YUTA,True,Low pledge,opaque_operational,50000.0,Healthy core,0.006215598063691603,hollow,False,510.927952,340.0,170.92795175000003,3247.631083,13.593718955647585,9.046019946311684,4.547699002684416,9079632.219545,0.035768310923531506,531.113923,13.593718955647585,YUTA
pool1pemnlylem2e94xguhd3fytj90848kpv4agvr6rthx2tp58z79ek,614,17454530.679005,22.7,14,338,0.01,340.0,380.483617,4007.878132,3949.452269,58.425863,4388.361749,1.690144556,508895.68397799996,ACL,ACL,ACL,ACL,True,Material pledge,community_branded_fleet,250000.0,Healthy core,0.02915550657515643,hollow,False,380.483617,340.0,40.48361749,4007.878132,8.670288339075576,7.7477660103449235,0.9225223398965507,16945634.995027002,0.02365138947685456,438.90948,8.670288339075576,ACL
pool103455uc7a3477q8pdmzvny884qtlv9vhm2csxvqx2cadwuk36sq,614,58885660.230315,76.57,51,2364,0.01,340.0,496.296479,15473.351435,15473.051994,0.299441,15969.647914,1.936475969,1859.422896,EDEN,EDEN,EDEN,EDEN,True,Low pledge,opaque_fleet,1000.0,Healthy core,3.157683702156656e-05,hollow,False,496.296479,340.0,156.29647914,15473.351434999999,3.107748409186374,2.129038798043472,0.9787096120195654,58883800.807419,0.026277772872722663,496.59592,3.107748409186374,EDEN
pool1x89ssjp53eczthatft9w74749558nsz3pq5jn056634pgt5m58s,614,3199443.408449,4.16,3,36,0.0,340.0,340.0,599.457812,599.29955,0.158262,939.457812,1.377017658,844.682049,HOPE2,JOY,JOY,HOPE,True,Minimal pledge,multi_brand_fleet,100.0,Healthy core,0.0002640090606914276,hollow,False,340.0,340.0,0.0,599.457812,36.19108763129855,36.19108763129855,0.0,3198598.7264,0.018741263386754532,340.158262,36.19108763129855,JOY
pool1d76p7zfn2ydq577z4wsvmnl2lx4cxa3s5vplfuhvr8qfw8hd05j,614,2806194.741312,3.65,5,202,0.019,170.0,196.518809,1369.208006,1363.221872,5.986134,1565.726815,3.625133895,12266.865499,KYSN2,KYSN,,,False,,,,,0.004371352179665473,hollow,False,196.518809,170.0,26.518809485,1369.208006,12.551283347599817,10.857577348191485,1.6937060303843616,2793927.875813,0.049006562333022884,202.504943,12.551283347599817,pool1d76p7zfn2ydq577z4wsvmnl2lx4cxa3s5vplfuhvr8qfw8hd05j
pool1uyvyxt9k9g038h567x8halej4x87j7m4r4zyz9lhv4dcv83husk,614,14313437.135163,18.61,11,2329,0.04,340.0,464.693848,2992.652359,2783.566183,209.086176,3457.346207,1.537828653,2000058.625974,BLOOM,BLOOM,BLOOM,Bloom,True,Material pledge,declared_brand,1000000.0,Healthy core,0.13973293815365778,balanced,False,464.693848,340.0,124.69384828000001,2992.652359,13.440766998085014,9.834132298108033,3.6066347080756787,12313378.509189,0.024304071841588393,673.780024,13.440766998085014,BLOOM
pool19r8kcmqpajlm6h5q0lv8jye0q7evdur39wfsgs4z98fcqpz9lct,614,15991465.342058,20.79,13,1336,0.04,340.0,489.583205,3589.996918,3364.847715,225.149203,4079.580123,1.652125451,1000023.197045,BLOOM,BLOOM,BLOOM,Bloom,True,Material pledge,declared_brand,1000000.0,Healthy core,0.06253480688945441,hollow,False,489.583205,340.0,149.58320492000001,3589.9969180000003,12.000823374930441,8.334191013509848,3.666632359459606,14991442.145012999,0.023946975102687076,714.7324080000001,12.000823374930441,BLOOM
pool1ev8fwfccn8gr0zcz3uyps0t0mcrefc6s95wjc6aed3ngc86y5rk,614,6404176.670981,8.33,5,447,0.009,340.0,351.033556,1214.917112,1198.480343,16.436769,1565.950668,1.39436151,86642.900778,ZEIT,,,,False,,,,,0.01352912407469982,hollow,False,351.033556,340.0,11.033556011999998,1214.917112,22.416642054780233,21.712050510137782,0.7045915454087599,6317533.770203,0.01923087641779177,367.470325,22.416642054780233,pool1ev8fwfccn8gr0zcz3uyps0t0mcrefc6s95wjc6aed3ngc86y5rk
pool13crd2ljx87988umk22er6ynwadfwdqupdpcq6prc6v59z62kxse,614,39501379.894005,51.36,37,2654,0.04,340.0,786.508715,10716.209165,10436.64979,279.559375,11502.71788,1.99986075,1000021.830403,BLOOM,BLOOM,BLOOM,Bloom,True,Material pledge,declared_brand,1000000.0,Healthy core,0.025316123970514005,hollow,False,786.508715,340.0,446.50871520000004,10716.209165,6.837590239151376,2.9558231675938487,3.881767073296246,38501358.063602,0.02783332771612224,1066.06809,6.837590239151376,BLOOM
pool1k6altfangsst2mmxg8a9wvg3dppyszu8ckfzd3uv6azgw3z2txy,614,1097733.566935,1.43,2,246,0.0,340.0,340.0,286.84021,207.119988,79.720222,626.84021,1.925561309,305088.073903,ELITE,ELITE,ELITE,ELITE,True,Material pledge,community_branded_fleet,300000.0,Subscale active,0.27792543026159017,balanced,False,340.0,340.0,0.0,286.84020999999996,54.24029833695576,54.24029833695576,0.0,792645.493032,0.03618770465757507,419.72022200000004,54.24029833695576,ELITE
pool15wkxegrfflzcyhurrjxsm9ljqtz09xr5rtnqsarnp7hmsz5um3t,614,18076154.766021,23.5,16,26663,0.05,345.0,578.265907,4432.052233,4426.894575,5.157658,5010.31814,1.805761615,21006.117851,STSH1,AWP,AWP,STSH1,True,Low pledge,community_branded_fleet,1000.0,Healthy core,0.00116208995347211,hollow,False,578.265907,345.0,233.26590700000003,4432.052233,11.54150077583696,6.885790290354696,4.655710485482265,18055148.648169998,0.02454730403700784,583.4235649999999,11.54150077583696,AWP
pool1c3ecg6h4m73a2mftmdm9mz3gxklxmnzuwzl9e38lzd4y26qcm8a,614,27877809.965187,36.25,24,162,0.025,340.0,519.609809,7004.782569,6866.839473,137.943096,7524.392378,1.850942478,548989.391897,COSMC,,,,False,,,,,0.019692701563808708,hollow,False,519.609809,340.0,179.60980945,7004.782568999999,6.905671353865698,4.5186372921499975,2.3870340676962503,27328820.573289998,0.025631485084453915,657.552905,6.905671353865698,pool1c3ecg6h4m73a2mftmdm9mz3gxklxmnzuwzl9e38lzd4y26qcm8a
pool168t0xlm0dtdgf7d5w2mrm7ulsw4czpw297yvrpke9pmjcc9hz7k,614,4429994.062052,5.76,5,18,0.048,170.0,236.999521,1328.823837,1325.759892,3.063945,1565.823358,2.213527185,10214.49111,CCJ4,JOY,JOY,HOPE,True,Low pledge,multi_brand_fleet,10000.0,Healthy core,0.0023057572915275164,hollow,False,236.999521,170.0,66.999521184,1328.8238370000001,15.135776317880168,10.856907909276444,4.278868420354731,4419779.5709420005,0.030065387100669007,240.06346599999998,15.135776317880168,JOY
pool1p8fhygz7ga9hghhwmkr64p3ftn77lxu9nyddvsqszattcdyajc0,614,8172136.163888,10.63,6,1122,0.02,340.0,370.778434,1508.143261,1494.496165,13.647096,1878.921695,1.356182698,73949.075605,SUNNY,SUNNY,SUNNY,SUNNY,True,Low pledge,community_branded_fleet,1000.0,Healthy core,0.009048928471331022,hollow,False,370.778434,340.0,30.7784339,1508.143261,19.73357564536504,18.095485346982485,1.6380902930603503,8098187.088283,0.018623220784588723,384.42553,19.73357564536504,SUNNY
pool1jz5ljsnj4fzmk84j0wcw9ldy866dn07nzqg2ktyuyjvfvr3jgtq,614,33269570.677551,43.26,30,1275,0.02,340.0,521.237532,8880.639047,8827.246624,53.392423,9401.876579,1.967431106,200024.172235,DIGI4,DIGI,DIGI,DIGI,True,Material pledge,opaque_fleet,200000.0,Healthy core,0.006012225831635647,hollow,False,521.237532,340.0,181.23753158,8880.639047,5.543973350641875,3.6162993328313084,1.9276740133433736,33069546.505316,0.026854432508085405,574.629955,5.543973350641875,DIGI
pool1s04pdfl3sv5gzuc80322rc4ne0xs7gekux7gtckvvwt7qutjy6w,614,21690512.739648,28.2,19,130,0.025,340.0,480.264816,5470.327808,5462.273229,8.054579,5950.592624,1.857868879,31937.381148,MS9,MS,MS,MS4,True,Low pledge,community_branded_fleet,30000.0,Healthy core,0.0014724124566046699,hollow,False,480.264816,340.0,140.2648156,5470.327808,8.070873715384083,5.713716624268783,2.3571570843932803,21658575.3585,0.025257098943274433,488.319395,8.070873715384083,MS
pool1ynxx88cq0y8vg8yrq3jrw6epm7rq9a8859v34sq9lzjy7ztg90u,614,45850607.083036,59.62,46,26859,0.04,400.0,957.741341,13385.792172,13382.891755,2.900417,14343.533513,2.153742701,1496.888586,EVE,EVE,EVERSTAKE,Everstake,True,Minimal pledge,declared_brand,1000.0,Healthy core,3.2647083239031425e-05,hollow,False,957.741341,400.0,557.74134052,13385.792172,6.677164592197374,2.7887131133863723,3.8884514754645454,45849110.19445,0.029195315056780184,960.641758,6.677164592197374,EVERSTAKE
pool1jst7rrhucnp93hepezv5yqy6fx982xs2v0udwfc5ea6my3kfak7,614,33549026.456844,43.62,33,20853,0.04,400.0,797.327824,9535.86777,9535.407278,0.460492,10333.195594,2.096303903,1496.582707,ESTK,EVE,EVERSTAKE,Everstake,True,Minimal pledge,declared_brand,1000.0,Healthy core,4.4608826695020156e-05,hollow,False,797.327824,400.0,397.32782376000006,9535.86777,7.71617856980246,3.8710193411248413,3.8451592263550065,33547529.874137,0.02842494754688793,797.788316,7.71617856980246,EVERSTAKE
pool1g3ssnndd8e7lcmstkjl9ane9mup0eshv3aklg63u5tznwl4ch87,614,40846536.363159,53.11,46,22917,0.04,400.0,959.908965,13437.815153,13437.028486,0.786667,14397.724118,2.430241261,1497.191465,VRSTK,EVE,EVERSTAKE,Everstake,True,Minimal pledge,declared_brand,1000.0,Healthy core,3.665406172236362e-05,hollow,False,959.908965,400.0,559.90896472,13437.815153,6.66708819486216,2.7782168676223,3.8888713252951077,40845039.171694,0.03289950364966851,960.6956319999999,6.66708819486216,EVERSTAKE
pool1swuyjknhewtqcmh583jjpvlcl0p9h9hrt5l2f3v2hl6gchqrn40,614,49999974.616946,65.02,51,2,1.0,340.0,15970.776835,0.0,,0.0,15970.776835,0.0,0.0,ETO4,ETORO,ETORO,eToro,True,Zero pledge,declared_brand,0.0,Healthy core,0.0,hollow,False,15970.776835,340.0,15630.776835,0.0,100.0,2.128888303384774,97.87111169661522,49999974.616946,0.0,15970.776835,100.0,ETORO
pool1ea568m9q882n0tx5d4vxff2dmz2n7rq5h62hx5ystq625m4tcfu,614,12243443.420334,15.92,10,2711,0.03,340.0,423.746073,2707.789683,2707.567855,0.221828,3131.535756,1.627407562,1002.830858,NUFI6,ADALITE,NUFI,NuFi,True,Minimal pledge,provider_cluster,1000.0,Healthy core,8.190758298719225e-05,hollow,False,423.746073,340.0,83.74607268,2707.789683,13.53157383523741,10.857292603112144,2.6742812219066354,12242440.589476,0.02211805451053366,423.96790100000004,13.53157383523741,NUFI
pool1dzdxps32uqhva9q9urx4lm7m0nhlczjjccwy9kv4t2d3krsn4m7,614,50000194.057692,65.02,59,5,1.0,340.0,18475.996732,0.0,,0.0,18475.996732,0.0,0.0,ETO5,ETORO,ETORO,eToro,True,Zero pledge,declared_brand,0.0,Healthy core,0.0,hollow,False,18475.996732,340.0,18135.996732,0.0,100.0,1.8402254824559903,98.15977451754401,50000194.057692,0.0,18475.996732,100.0,ETORO
pool1lhvpgr8lhsf6h03v9zqxm74pa63rdxx4yuvkqfw4tv9fua8t37a,614,11011326.381267,14.32,10,120,0.03,340.0,423.746111,2707.790912,2707.07503,0.715882,3131.537023,1.811124918,2911.154843,OSAKA,GIFT,,,False,,,,,0.0002643782176825307,hollow,False,423.746111,340.0,83.74611069,2707.790912,13.53156957391016,10.857288210320483,2.6742813536903856,11008415.226424,0.0245974634523266,424.461993,13.53156957391016,pool1lhvpgr8lhsf6h03v9zqxm74pa63rdxx4yuvkqfw4tv9fua8t37a
pool1wdujj7tmux5nuwnpeksgncendr3mj8ecsjcddpzx9gewc3flp4r,614,50000384.777198,65.02,58,3,1.0,340.0,18162.844245,0.0,,0.0,18162.844245,0.0,0.0,ETO6,ETORO,ETORO,eToro,True,Zero pledge,declared_brand,0.0,Healthy core,0.0,hollow,False,18162.844245,340.0,17822.844245,0.0,100.0,1.871953508017323,98.12804649198267,50000384.777198,0.0,18162.844245,100.0,ETORO
pool16eua0zalaln7q0s9u7jzlyygqad0pu2l2qdxx8r8ueqrw2jdhqf,614,54629253.936859,71.04,41,5,1.0,340.0,12839.251966,0.0,,0.0,12839.251966,0.0,0.0,ETO9,ETORO,ETORO,eToro,True,Zero pledge,declared_brand,0.0,Healthy core,0.0,hollow,False,12839.251966,340.0,12499.251966,0.0,100.0,2.648129352865447,97.35187064713455,54629253.936859,0.0,12839.251966,100.0,ETORO
pool1fxmancs3dmc9l0s7u7zrj8334m9nvzam5t5hnuuf4c7cjr6867m,614,5990667.510328,7.79,9,1218,0.01,340.0,364.79454,2454.659456,2381.83555,72.823906,2819.453996,3.035708007,177728.796015,CONGE,,,,False,,,,,0.02966761144873971,hollow,False,364.79454,340.0,24.79453996,2454.6594560000003,12.938481724388454,12.059072447444182,0.8794092755255581,5812938.714313,0.042227513081395066,437.61844599999995,12.938481724388454,pool1fxmancs3dmc9l0s7u7zrj8334m9nvzam5t5hnuuf4c7cjr6867m
pool1helzgcd9sjm9xtyh9mw2wy06gekh6r52s6mx987q0p8lvklwura,614,1949263.930484,2.53,2,931,0.015,340.0,344.295704,282.084534,277.397905,4.686629,626.380238,1.061929977,32385.504205,,,,,False,,,,,0.0166142222705361,hollow,False,344.295704,340.0,4.29570357,282.08453399999996,54.96592694228646,54.28012880572391,0.6857980679141413,1916878.426279,0.014715828094929106,348.982333,54.96592694228646,pool1helzgcd9sjm9xtyh9mw2wy06gekh6r52s6mx987q0p8lvklwura
pool1efxh54fk0dj5uu2e4eu08klxl5ys3saphv3kec33kw3xv8738sc,614,2345771.835647,3.05,3,436,0.025,340.0,354.986888,584.488633,583.23116,1.257473,939.475521,1.835330516,5046.688969,KRONO,KAIZN,KAIZN,KAIZN,True,Low pledge,community_branded_fleet,5000.0,Subscale active,0.0021513980568395926,hollow,False,354.986888,340.0,14.986888024999999,584.4886329999999,37.785645295168905,36.19040543367175,1.5952398641582062,2340725.146678,0.024970408585968194,356.244361,37.785645295168905,KAIZN
pool1eqa7kxx4xg35cu4rqj4exkvzhenscgh8wxez0gl7hsagygp79kr,614,74952663.553973,97.46,72,7121,0.0,340.0,340.0,22298.61719,21986.215322,312.401868,22638.61719,2.195193943,1050050.0,PILOT,PILOT,PILOT,PILOT,True,High pledge,community_branded_fleet,1050000.0,Healthy core,0.014009508804765354,hollow,False,340.0,340.0,0.0,22298.61719,1.5018585152373434,1.5018585152373434,0.0,73902613.553973,0.03017297510556205,652.4018679999999,1.5018585152373434,PILOT
pool1zn9hjcmfddhcp2aj9xxuvz7z40rasyatkgavr8ryyz72qdfwtrj,614,18815431.953441,24.47,21,2712,0.01,340.0,402.416582,6179.241584,5831.967808,347.273776,6581.658166,2.425984423,1057250.371253,PLUSH,,,,False,,,,,0.056190597902252684,hollow,False,402.416582,340.0,62.416581660000006,6179.241584,6.114212738650457,5.165871447964228,0.9483412855203578,17758181.582188003,0.03479658970374516,749.6903580000001,6.114212738650457,pool1zn9hjcmfddhcp2aj9xxuvz7z40rasyatkgavr8ryyz72qdfwtrj
pool1c7jrfce3zxkk9s9enzpvwj8fuayvx3pdzc2k2es6mrw6gsfcjep,614,28188340.992228,36.65,21,3395,0.01,340.0,402.362262,6173.863931,6173.624722,0.239209,6576.226193,1.611532121,1092.096695,EDEN,EDEN,EDEN,EDEN,True,Low pledge,opaque_fleet,1000.0,Healthy core,3.874285100003258e-05,hollow,False,402.362262,340.0,62.36226193,6173.863931000001,6.118437082171695,5.1701384657649045,0.9482986153423509,28187248.895533003,0.021903038334395268,402.601471,6.118437082171695,EDEN
pool1p5ja48uqc7pjnuqvwu7cgmspvx938qpnf4zqm0x2k0ngkh4lkjx,614,31053314.239411,40.38,32,568,0.025,340.0,582.070786,9440.760655,9423.917117,16.843538,10022.831441,2.2437955,55403.106296,SIPO3,SIPO,SIPO,SIPO,True,Low pledge,community_branded_fleet,50000.0,Healthy core,0.0017841286076217173,hollow,False,582.070786,340.0,242.07078602500002,9440.760655,5.80744861795187,3.3922549930269748,2.4151936251743256,30997911.133115,0.030456118847680857,598.914324,5.80744861795187,SIPO
pool1wf7wk3802jxtkmek6uprm77cgqx53t4qep9kwkl078w3yw0ff69,614,18178793.167051,23.64,15,3413,0.05,340.0,557.914324,4140.372161,4123.262291,17.10987,4698.286485,1.676342275,75035.21265,DNEWS,DNEWS,DNEWS,DNEWS,True,Low pledge,protocol_project,75000.0,Healthy core,0.004127623432451009,hollow,False,557.914324,340.0,217.91432425,4140.372160999999,11.874846835782089,7.236680885371766,4.638165955731412,18103757.954400998,0.022870235955587778,575.024194,11.874846835782089,DNEWS
pool16hs0jxw7h6pwg3ru7rcq3yvg4csj7lhmcpj68kqem2sh5nt8mwk,614,26705063.909392,34.73,28,5696,0.03,340.0,592.848969,8175.449995,8175.142844,0.307151,8768.298964,2.259620781,1002.83078,NUFI7,ADALITE,NUFI,NuFi,True,Minimal pledge,provider_cluster,1000.0,Healthy core,3.755208313309113e-05,hollow,False,592.848969,340.0,252.84896891999998,8175.449995,6.761276861499131,3.8776050109141784,2.8836718496725746,26704061.078612,0.030615006350281075,593.15612,6.761276861499131,NUFI
pool1c2wf97p3j9gfvfjshj99ufxerpy3aznm8tzr2fd0ua465s26th4,614,12690703.402283,16.5,18,175,0.02,340.0,445.939287,5191.02507,5186.316873,4.708197,5636.964357,3.030402468,11510.311123,P2P,P2P,P2P,P2P,True,Low pledge,declared_brand,10000.0,Healthy core,0.0009069876395448141,hollow,False,445.939287,340.0,105.93928714,5191.02507,7.910982911329414,6.031615218176552,1.879367695636469,12679193.09116,0.04094128887128637,450.64748399999996,7.910982911329414,P2P
pool1m4enp55hp80tf6xl7k6f6593wnyu3pr83xfvef9x3ktdw9m0em5,614,21576657.474751,28.06,17,3774,0.02,340.0,439.80977,4890.678729,4225.004635,665.674094,5330.488499,1.668231047,2832208.521115,AZUR2,DAPP,DAPP,DAPP,True,Material pledge,multi_brand_fleet,500000.0,Healthy core,0.1312626167620842,balanced,False,439.80977,340.0,99.80976998,4890.678729,8.250834235596011,6.378402280837564,1.8724319543832486,18744448.953635998,0.026091344381992725,1105.483864,8.250834235596011,DAPP
pool1fmgus36uc0jf0wlspfvzwfn04mz34kwrensmqgfzkv7t58dejw4,614,4101688.708921,5.33,2,113,0.01,340.0,342.867709,283.903164,269.207002,14.696162,626.770873,0.506539115,212322.649302,GRAB,FIMI,FIMI,FIDA,True,Material pledge,multi_brand_fleet,200000.0,Healthy core,0.05176469117224991,hollow,False,342.867709,340.0,2.8677087300000004,283.90316400000006,54.70383576679064,54.24629871082091,0.4575370128917909,3889366.0596189997,0.007299471421515184,357.563871,54.70383576679064,FIMI
pool1hqwxta8p0j8ffkyle5mf6yg80tucqzh8q9mszws60xe5ja06nwa,614,3733178.21281,4.85,2,115,0.0,170.0,170.0,456.657288,253.09375,203.563538,626.657288,0.89690892,1664133.892293,LUKE,WMOPS,,,False,,,,,0.4457686714721261,balanced,False,170.0,170.0,0.0,456.657288,27.12806557194305,27.12806557194305,0.0,2069044.320517,0.02207092827696863,373.563538,27.12806557194305,pool1hqwxta8p0j8ffkyle5mf6yg80tucqzh8q9mszws60xe5ja06nwa
pool1rjxdqghfjw5rv6lxg8qhedkechvfgnsqhl8rrzwck9g45n43yql,614,19308292.090155,25.11,13,2747,0.01,340.0,377.309969,3693.686888,3693.419959,0.266929,4070.996857,1.406155103,1395.273634,XRAY1,RAY,RAY,XRAY1,True,Low pledge,protocol_project,1000.0,Healthy core,7.226292348826793e-05,hollow,False,377.309969,340.0,37.30996857,3693.686888,9.26824515600455,8.351762773173764,0.9164823722682625,19306896.816521,0.019131437450058235,377.576898,9.26824515600455,RAY
pool1h3aejp7fln74mwaraqjn65ve3j5zwqr7wk0pasct87wpkv0aspm,614,3680881.976266,4.79,3,146,0.03,340.0,358.065204,584.108253,424.522296,159.585957,942.173457,1.165058009,1005664.616472,BEAST,BEAST,,,False,,,,,0.2732129481348319,balanced,False,358.065204,340.0,18.06520371,584.108253,38.00417018116018,36.08677335090751,1.9173967994727747,2675217.359794,0.02183404839466869,517.651161,38.00417018116018,pool1h3aejp7fln74mwaraqjn65ve3j5zwqr7wk0pasct87wpkv0aspm
pool1xjhzgchsl2ccvc5pj3aqytv9hh0jnaz63wtfnw4th07tjypm46x,614,56123635.098895,72.98,72,2720,0.03,170.0,840.583647,21682.204571,21641.294328,40.910243,22522.788218,2.859787922,103181.506933,SECUR,SECUR,SECUR,SECUR,True,Material pledge,community_branded_fleet,100000.0,Healthy core,0.0018384679957238106,hollow,False,840.583647,170.0,670.58364654,21682.204571000002,3.7321473649883785,0.7547910958206213,2.9773562671253813,56020453.591961995,0.03870408606279303,881.4938900000001,3.7321473649883785,SECUR
pool1ea34czsr90yc63fmv4gj4tetp7ds7c4jhpj6vqg4yw40wvygdl3,614,7832964.893466,10.19,9,348,0.03,170.0,249.454459,2569.027515,2565.733717,3.293798,2818.481974,2.422717312,10042.772904,SMILE,EMP,,,False,,,,,0.001282116419591941,hollow,False,249.454459,170.0,79.45445921999999,2569.0275149999998,8.850667178331225,6.031615655811181,2.8190515303256647,7822922.120562,0.03283974294269774,252.74825700000002,8.850667178331225,pool1ea34czsr90yc63fmv4gj4tetp7ds7c4jhpj6vqg4yw40wvygdl3
pool17rjst78s67lvellg8s586rf076jxa3wnsdz730f4xk2zwuhrtej,614,73291354.403137,95.3,65,4570,0.0,340.0,340.0,19927.910382,19924.904497,3.005885,20267.910382,2.00442342,11006.626857,NORTH,NORTH,NORTH,NORTH,True,Low pledge,opaque_fleet,10000.0,Healthy core,0.00015017633316555132,hollow,False,340.0,340.0,0.0,19927.910382,1.6775286331537915,1.6775286331537915,0.0,73280347.77628,0.02719407178966805,343.005885,1.6775286331537915,NORTH
pool1j8grqucdwwcr0cwzxrtw30vqcptg0jdlrmauq5w7ytvqx6nf5np,614,3372957.190061,4.39,3,88,0.01,170.0,177.703085,762.60537,689.623886,72.981484,940.308455,1.663992282,322792.651456,VINCI,VINCE,,,False,,,,,0.09570019222513829,hollow,False,177.703085,170.0,7.70308455,762.60537,18.89838212717124,18.079173817489497,0.8192082618251051,3050164.5386050004,0.02500210596339761,250.68456899999998,18.89838212717124,pool1j8grqucdwwcr0cwzxrtw30vqcptg0jdlrmauq5w7ytvqx6nf5np
pool1fd0q9h8974y6psejmzczlywy8fgxxy07rn2ynrwu734aqwq540p,614,59435890.991082,77.29,77,33,0.1,345.0,2721.774148,21390.967335,21390.967334,1e-06,24112.741483,2.661600497,0.0,,BINANCE,BINANCE,Binance,True,Zero pledge,declared_brand,0.0,Healthy core,0.0,hollow,False,2721.774148,345.0,2376.7741483000004,21390.967335,11.287700943996388,1.4307788280450497,9.856922117195497,59435890.991082,0.03598998345664506,2721.774149,11.287700943996388,BINANCE
pool1lnr8t7pxvq3vfg8c5lc7yjcq39haws4ntu28xpxzx4zyya9ntny,614,34467724.299667,44.82,30,17,0.03,345.0,616.487238,8778.087362,8778.087362,0.0,9394.5746,1.876279978,0.0,KKS,BINANCE,BINANCE,Binance,True,Zero pledge,declared_brand,0.0,Healthy core,0.0,hollow,False,616.487238,345.0,271.487238,8778.087362,6.562162356984211,3.6723323267878465,2.889830030196365,34467724.299667,0.025467557085237583,616.487238,6.562162356984211,BINANCE
pool14enw2643rn9nn6yzv60jyz3hj4kxs0jvap87lkgsqykh508jxm6,614,12283806.142728,15.97,7,21475,0.05,345.0,437.345582,1754.566053,1751.671559,2.894494,2191.911635,1.048080438,20204.877678,STSH2,AWP,AWP,STSH1,True,Low pledge,community_branded_fleet,1000.0,Healthy core,0.0016448385332066856,hollow,False,437.345582,345.0,92.34558175000001,1754.566053,19.952701332323553,15.739685600966299,4.213015719951685,12263601.265050001,0.01430710290622651,440.240076,19.952701332323553,AWP
pool1q0a7a94cfk4ph7gugj636tsuhhd98l2sfjv2adhaff2mvs7kmtl,614,8341631.82832,10.85,5,1069,0.03,340.0,376.773041,1188.994992,1188.852036,0.142956,1565.768033,1.045880784,1002.830397,NUFI8,ADALITE,NUFI,NuFi,True,Minimal pledge,provider_cluster,1000.0,Healthy core,0.00012021993030133162,hollow,False,376.773041,340.0,36.77304099,1188.9949920000001,24.063145565573056,21.714583056633398,2.348562508300998,8340628.997923001,0.014255459537836846,376.915997,24.063145565573056,NUFI
pool1vs689gkmqtrljtmcwd2690nzqm2yyq23wk2zzx5g0v0gs5ug64a,614,15609859.48124,20.3,14,38,0.008,340.0,372.451736,4024.015249,3804.002547,220.012702,4396.466985,1.899414564,853467.776542,VAMP,,,,False,,,,,0.054674917321818395,hollow,False,372.451736,340.0,32.45173588,4024.015249,8.47161453209457,7.733482388472888,0.7381321408922169,14756391.704698,0.027269642399902354,592.464438,8.47161453209457,pool1vs689gkmqtrljtmcwd2690nzqm2yyq23wk2zzx5g0v0gs5ug64a
pool1q9kwa675j2z53jecrs6pn3fqsc9ypxrsypu5dgu6hammqkagy22,614,7156579.267014,9.31,6,106,0.01,340.0,355.389881,1523.598172,1520.248422,3.34975,1878.988053,1.566103126,15734.303636,TIGER,,,,False,,,,,0.0021985788250152307,hollow,False,355.389881,340.0,15.389880530000001,1523.598172,18.913897852228654,18.094846290116354,0.8190515370988366,7140844.963378,0.021336384977041385,358.739631,18.913897852228654,pool1q9kwa675j2z53jecrs6pn3fqsc9ypxrsypu5dgu6hammqkagy22
pool1axzm26vduyuxgw0x9ddh4vkvn7q5hyd558l0t9c08p556lf2zaj,614,34530812.947149,44.9,41,36,0.05,340.0,967.426233,11921.098419,11555.505255,365.593164,12888.524652,2.55176356,1058982.042739,,WAVE,WAVE,Wave / Wavepool,True,Material pledge,declared_brand,1000000.0,Healthy core,0.030667741427339714,hollow,False,967.426233,340.0,627.4262326,11921.098419,7.506105307793145,2.6380055838837992,4.8680997208058105,33471830.90441,0.03561531621333975,1333.019397,7.506105307793145,WAVE
pool1qku2yhky7sv4dfjfv42uyvauhehuqevk25aw952d7ulzqzx3jcu,614,18410390.522641,23.94,20,1455,0.005,170.0,200.4952,6068.544724,5965.515295,103.029429,6269.039924,2.435048476,312561.04004,ASPEN,,,,False,,,,,0.0169774258539282,hollow,False,200.4952,170.0,30.495199619999998,6068.544723999999,3.1981803024165907,2.7117389913116146,0.48644130504344196,18097829.482600998,0.03353189248376008,303.524629,3.1981803024165907,pool1qku2yhky7sv4dfjfv42uyvauhehuqevk25aw952d7ulzqzx3jcu
pool1kmsr376syqkluhxvv8k2axugqw7unjmlkwhfxjxtj7cw7qcn0jn,614,16637102.30995,21.63,23,2225,0.02,340.0,477.306035,6727.995738,6686.911423,41.084315,7205.301773,2.995490526,203187.84298,CRDN3,CRDNS,CRDNS,,True,Material pledge,multi_brand_fleet,100000.0,Healthy core,0.012212934632161353,hollow,False,477.306035,340.0,137.30603546,6727.9957380000005,6.624372580598645,4.718747537737584,1.9056250492452482,16433914.46697,0.04093970278062713,518.39035,6.624372580598645,CRDNS
pool18vej0s9gska8c847aj95g9v24duuxg2g63d5cuqngnxew643jw9,614,69657152.768723,90.58,73,4298,0.0,340.0,340.0,22539.886404,22456.809119,83.077285,22879.886404,2.389886261,256712.865365,ADV2,ADV,ADV,ADV,True,Material pledge,community_branded_fleet,250000.0,Healthy core,0.0036853769521321515,hollow,False,340.0,340.0,0.0,22539.886404,1.4860213639022226,1.4860213639022226,0.0,69400439.903358,0.032478016616879386,423.077285,1.4860213639022226,ADV
pool1ju8f57hyvaa32tp85r468kuedvmjmcy56f8u9968drea57p50l5,614,68148342.506391,88.61,57,2320,0.005,340.0,427.583241,17429.065004,17395.915406,33.149598,17856.648245,1.884282541,129616.163125,AICHI,AICHI,AICHI,AICHI,True,Material pledge,community_branded_fleet,100000.0,Healthy core,0.0019019708823122808,hollow,False,427.583241,340.0,87.58324122500001,17429.065004,2.3945324740309344,1.904052738985899,0.4904797363050706,68018726.34326601,0.025623921441930254,460.732839,2.3945324740309344,AICHI
pool1rct5guwnp6nk9f4ldn5tr3s42j0nm5rxeayv56lxua5ck47ex39,614,49560832.849859,64.45,38,2438,0.01,340.0,455.602573,11444.65473,11438.627092,6.027638,11900.257303,1.699816521,26102.503008,FIMI,FIMI,FIMI,FIDA,True,Low pledge,multi_brand_fleet,10000.0,Healthy core,0.0005266760364394131,hollow,False,455.602573,340.0,115.60257303,11444.65473,3.8285102699850424,2.8570810810476135,0.9714291891895238,49534730.346851,0.023104304091013498,461.63021100000003,3.8285102699850424,FIMI
pool1r55hyfrd3tw6nzpkvf4rfceh2f04yph92fc462phnd0akp2s5r6,614,32190918.974556,41.86,36,612,0.025,340.0,613.337342,10660.156321,10659.0636,1.092721,11273.493663,2.446471911,3299.715901,COFFE,coffeepool.jp,COFFEEPOOL_JP,COFFE,True,Minimal pledge,community_branded_fleet,101.0,Healthy core,0.0001025045573755793,hollow,False,613.337342,340.0,273.337341575,10660.156320999999,5.440525894940578,3.0159239909442794,2.424601900226393,32187619.258655,0.03311880955014579,614.430063,5.440525894940578,COFFEEPOOL_JP
pool1g4th3pqfzh4zajzrhlh8y6wpuztrkzxwt5wd7q578894j06gwfc,614,3438542.709942,4.47,6,274,0.0,340.0,340.0,1539.096708,1524.178683,14.918025,1879.096708,3.320703946,33328.810148000004,FEEL,,,,False,,,,,0.00969271373353457,hollow,False,340.0,340.0,0.0,1539.096708,18.09379999190547,18.09379999190547,0.0,3405213.899794,0.04519823873892645,354.918025,18.09379999190547,pool1g4th3pqfzh4zajzrhlh8y6wpuztrkzxwt5wd7q578894j06gwfc
pool1030vz0wxheg0dvarr8hmeavelpszmp52qucs68c7wc9uga6n6e4,614,1899854.093637,2.47,1,1534,0.01,340.0,313.211982,0.0,,0.0,313.211982,0.0,91396.353617,ROMER,,,,False,,,,,0.04810703828420566,hollow,False,313.211982,313.211982,0.0,0.0,100.0,100.0,0.0,1808457.7400200001,0.0,313.211982,100.0,pool1030vz0wxheg0dvarr8hmeavelpszmp52qucs68c7wc9uga6n6e4
pool1fqwnqk3phwa2s5thgym8dw34pv0z67m526uqprnjh93cvzxymef,614,24517804.299788,31.88,31,4040,0.03,340.0,621.032889,9086.730071,9086.358041,0.37203,9707.76296,2.741924779,1003.650337,NUFI9,ADALITE,NUFI,NuFi,True,Minimal pledge,provider_cluster,1000.0,Healthy core,4.093557174729054e-05,hollow,False,621.032889,340.0,281.03288879999997,9086.730071,6.3972811404533925,3.5023516890651396,2.8949294493280453,24516800.649451,0.037063278365415425,621.404919,6.3972811404533925,NUFI
pool1ufp38a9zwlvvrzcyxaxdrvav50nd7az5lyuzh4t0h3qp2gqamsx,614,10967551.503395,14.26,7,911,0.0,340.0,340.0,1852.909534,1834.277703,18.631831,2192.909534,1.240827199,110283.256474,CAFE2,CAFE,CAFE,CAFE,True,Material pledge,community_branded_fleet,100000.0,Healthy core,0.010055412681660247,hollow,False,340.0,340.0,0.0,1852.909534,15.50451556384177,15.50451556384177,0.0,10857268.246921001,0.01706607492658629,358.631831,15.50451556384177,CAFE
pool1hjpax8lf2hmct63xxrspe9zzmmywcrzw89yg3nacu0axzy0latu,614,5428673.313024,7.06,7,3,0.02,340.0,377.042885,1815.101343,1783.371823,31.72952,2192.144228,2.470400867,94897.842768,GG63,ada63pool.com,,,False,,,,,0.017480853478570788,hollow,False,377.042885,340.0,37.042884560000005,1815.101343,17.199729843688,15.509928391445236,1.6898014321710952,5333775.470256,0.034030329044069836,408.772405,17.199729843688,pool1hjpax8lf2hmct63xxrspe9zzmmywcrzw89yg3nacu0axzy0latu
pool1tdvqgy6mq7lx7d345e276xmgmhh3s4zj8dzu6xzq5m7rx4tzkg2,614,51568126.775644,67.06,35,431,0.01,170.0,278.010058,10692.995765,10640.982276,52.013489,10971.005823,1.525059004,250840.652163,ONYX,ONYX,ONYX,ONYX,True,Material pledge,community_branded_fleet,250000.0,Healthy core,0.004864257591793578,hollow,False,278.010058,170.0,108.01005823,10692.995765,2.5340434822955795,1.549538873123247,0.9845046112687674,51317286.123481,0.020837025050916048,330.023547,2.5340434822955795,ONYX
pool1caulv7s08g0jnptzdc69qycptacu7fzahny2epzh7sh9vhqz6xz,614,16427623.5138,21.36,18,3031,0.03,340.0,498.567737,5127.023492,5126.374585,0.648907,5625.591229,2.304101339,1002.829501,NUFI1,ADALITE,NUFI,NuFi,True,Minimal pledge,provider_cluster,1000.0,Healthy core,6.104531797661266e-05,hollow,False,498.567737,340.0,158.56773686999998,5127.023491999999,8.862494921953742,6.043809195508116,2.818685724134756,16426620.684299001,0.0312116751858801,499.21664400000003,8.862494921953742,NUFI
pool1c2utlagkpht4zj0jetsf245c258geuxnjqp9kf4f2z9rutx9dz4,614,2473015.741954,3.22,1,438,0.05,170.0,177.159125,136.023383,128.419148,7.604235,313.182508,0.402318282,138250.780635,QCPOL,,,,False,,,,,0.05590372042102899,hollow,False,177.159125,170.0,7.1591254,136.023383,56.56737540399287,54.28144792811992,2.285927603594004,2334764.961319,0.005825998987202338,184.76335999999998,56.56737540399287,pool1c2utlagkpht4zj0jetsf245c258geuxnjqp9kf4f2z9rutx9dz4
pool1eqj3dzpkcklc2r0v8pt8adrhrshq8m4zsev072ga7a52uj5wv5c,614,14069346.538328,18.29,12,834,0.01,340.0,371.656856,3134.028718,3010.648528,123.38019,3505.685574,1.639226622,501195.91997,OTG,,,,False,,,,,0.0356232550392182,hollow,False,371.656856,340.0,31.65685574,3134.028718,10.601545636505506,9.69853093847372,0.9030146906152627,13568150.618358,0.023098422225351713,495.03704600000003,10.601545636505506,pool1eqj3dzpkcklc2r0v8pt8adrhrshq8m4zsev072ga7a52uj5wv5c
pool1q0jmr57udknpq8k5qtgt5vgdjq9pzrzevf68966wxn8zgz7qy3w,614,3242679.073354,4.22,6,222,0.015,340.0,363.089137,1516.186653,1001.18271,515.003943,1879.27579,3.471372554,1101442.4871349998,EPOCH,stake1uxf5wzv8vcjxzra466jtlnuhankg48nclr9m3tfv8dvt6ss23h0hm,,,False,,,,,0.3396705200295214,balanced,False,363.089137,340.0,23.08913685,1516.186653,19.32069464908075,18.092075777765434,1.2286188633335184,2141236.5862190006,0.07080892708251754,878.0930800000001,19.32069464908075,pool1q0jmr57udknpq8k5qtgt5vgdjq9pzrzevf68966wxn8zgz7qy3w
pool1zgxvcqf0dvh0ze56ev2ayjvuex3zdd3hgxzdrcezkx497mv3l7s,614,59519101.298769,77.39,65,31214,0.04,400.0,1190.628664,18975.087945,18967.035038,8.052907,20165.716609,2.354201921,0.0,RSTK,EVE,EVERSTAKE,Everstake,True,Minimal pledge,declared_brand,1000.0,Healthy core,0.0,hollow,False,1190.628664,400.0,790.62866436,18975.087945,5.904221938081884,1.9835645206948866,3.920657419172205,59519101.298769,0.03188066945055242,1198.681571,5.904221938081884,EVERSTAKE
pool1ezh8sewqgzy7267yvy0jssz8q7amce37x3dhmfl22j8lwz6wjrd,614,1455424.342211,1.89,2,451,0.02,340.0,345.730651,280.801883,261.193414,19.608469,626.532534,1.418250668,101632.563507,DAN2,DAN,,,False,,,,,0.0698301935452072,hollow,False,345.730651,340.0,5.730650680000001,280.80188300000003,55.181595885011134,54.26693452442487,0.9146613095115027,1353791.778704,0.020741881241797377,365.33912000000004,55.181595885011134,pool1ezh8sewqgzy7267yvy0jssz8q7amce37x3dhmfl22j8lwz6wjrd
pool12rs385dd534g8gtdtmnvlhq63whdvc6vnuzxa5cpx843zdy73qy,614,13408206.151115,17.44,14,1365,0.01,340.0,380.441393,4003.697887,4003.458625,0.239262,4384.13928,2.20338241,801.259298,TERA2,TERA,TERA,TERA,True,Minimal pledge,community_branded_fleet,300.0,Healthy core,5.975887370536653e-05,hollow,False,380.441393,340.0,40.4413928,4003.6978870000003,8.677675792270906,7.7552280683929355,0.9224477193160706,13407404.891817,0.02986184067166939,380.680655,8.677675792270906,TERA
pool1hnnfvsq3xlln6vz7d2xmk6kqekd5z4ctmfpdad8g8kr0yk8kdfd,614,5387706.712143,7.01,7,500,0.02,170.0,208.985275,1910.27848,1908.018855,2.259625,2119.263755,2.621622606,2184.248264,AZDFM,AZUR,,,False,,,,,0.00040541335686982837,hollow,False,208.985275,170.0,38.9852751,1910.27848,9.861220648300097,8.02165372757012,1.8395669254485978,5385522.463879,0.03547062504728825,211.2449,9.861220648300097,pool1hnnfvsq3xlln6vz7d2xmk6kqekd5z4ctmfpdad8g8kr0yk8kdfd
pool1pzqdfptvl5f8vh28az37jag2wkfmqz9x8d6eufl8y0z9q34hlr7,614,1265652.391701,1.65,1,38,0.04,340.0,313.482892,0.0,,0.0,313.482892,0.0,1001321.352883,VICE,,,,False,,,,,0.7911503659683787,balanced,False,313.482892,313.482892,0.0,0.0,100.0,100.0,0.0,264331.038818,0.0,313.482892,100.0,pool1pzqdfptvl5f8vh28az37jag2wkfmqz9x8d6eufl8y0z9q34hlr7
pool1zj4h7kc6v53q9r8x3fwzfuayf2frwme8u5k86gu0uzeeuvqxgul,614,9565537.319505,12.44,5,1478,0.03,340.0,376.201992,1170.531073,1168.62535,1.905723,1546.733065,0.897244827,10723.67888,,,,,False,,,,,0.0011210743862901922,hollow,False,376.201992,340.0,36.20199194999999,1170.5310729999999,24.322360497284645,21.981814942321677,2.3405455517303495,9554813.640625,0.012250694958854615,378.10771500000004,24.322360497284645,pool1zj4h7kc6v53q9r8x3fwzfuayf2frwme8u5k86gu0uzeeuvqxgul
pool1a4qtpgce7cu6wzc79fx7qrc3938hkl2gf8c2h5jugvm2gnu86l7,614,30052656.734377,39.08,36,3426,0.0215,500.0,738.241611,10842.763559,7764.905245,3077.858314,11581.00517,2.668285812,8530788.769469,HODLA,HODLA,HODLA,HODL₳,True,High pledge,community_branded_fleet,8440000.0,Healthy core,0.2838613851969599,balanced,False,738.241611,500.0,238.241611155,10842.763559,6.37459011686116,4.317414530607622,2.057175587591936,21521867.964908,0.05038021595838905,3816.099925,6.37459011686116,HODLA
pool13pt7us94nw782t5v4d89sz8zqn8hcn8r8r7hhph5mvxvvp3c76v,614,11999825.010502,15.6,11,881,0.02,250.0,313.946518,3133.379376,3081.148991,52.230385,3447.325894,1.924196651,200025.344198,DIGI6,DIGI,DIGI,DIGI,True,Material pledge,opaque_fleet,200000.0,Healthy core,0.01666902175847914,hollow,False,313.946518,250.0,63.94651788,3133.379376,9.10695790457228,7.251997858256449,1.854960042834871,11799799.666304,0.02655451333591543,366.17690300000004,9.10695790457228,DIGI
pool1jql92je87mrx5gpjhmwr6a8a766cktcf5p0p8wd0wxq87nu80yf,614,2934070.339658,3.82,2,969,0.02,170.0,179.135219,447.625745,417.109563,30.516182,626.760964,1.119836692,200025.359754,DIGI5,DIGI,DIGI,DIGI,True,Material pledge,opaque_fleet,200000.0,Subscale active,0.06817333485512664,hollow,False,179.135219,170.0,9.13521928,447.62574499999994,28.581106560427084,27.123578168470626,1.4575284366305876,2734044.979904,0.016372288981716655,209.65140100000002,28.581106560427084,DIGI
pool15r7xg0vrrv2yu8wj3866eap8ftkuxvdk5rjz2lh4xajjq5v3p5d,614,8645391.343413,11.24,13,1138,0.03,340.0,451.92993,3619.067726,3618.647913,0.419813,4070.997656,3.102381983,1002.829501,NUFI0,ADALITE,NUFI,NuFi,True,Minimal pledge,provider_cluster,1000.0,Healthy core,0.00011599584809588343,hollow,False,451.92993,340.0,111.92992968,3619.067726,11.10120830784384,8.351761134003462,2.749447165979896,8644388.513912002,0.0418660929014885,452.349743,11.10120830784384,NUFI
pool16v0jqnz2zuqsdrf6z94ec5rx9ds0xeghsvmddauzt6j5w2u7lsm,614,12595936.821245,16.38,15,34,0.024,340.0,444.574897,4252.712482,4251.515508,1.196974,4697.287379,2.494865559,3545.26984,IBEX,IBEX,IBEX,IBEX,True,Minimal pledge,protocol_project,5.0,Healthy core,0.0002814613863432812,hollow,False,444.574897,340.0,104.57489709600002,4252.712482,9.464502831731044,7.238220116572518,2.2262827172022597,12592391.551405,0.033772079470682455,445.77187100000003,9.464502831731044,IBEX
pool1ytszp582dm9u5un6mevt9czgcnuqhflwfr9ly4ukpeqcughryqh,614,4991087.931516,6.49,4,84,0.02,340.0,358.318644,897.613547,733.244701,164.368846,1255.932191,1.321392021,913956.044753,LEGA,,,,False,,,,,0.1831176002694454,balanced,False,358.318644,340.0,18.318643820000002,897.6135470000002,28.530094742989192,27.07152523332368,1.4585694953335262,4077131.886763,0.022015808463646536,522.68749,28.530094742989192,pool1ytszp582dm9u5un6mevt9czgcnuqhflwfr9ly4ukpeqcughryqh
pool1qzlw76zztkg02rywyypyw6s0gtkg2zpkaxhl6cq7eauqg8h9659,614,3089814.44766,4.02,4,417,0.025,400.0,421.366822,833.306071,698.452372,134.853699,1254.672893,1.988007484,500023.706502,BCSH6,WESTBERG,WESTBERG,BCSH,True,Material pledge,community_branded_fleet,500001.95,Healthy core,0.16182968750135834,balanced,False,421.366822,400.0,21.366822325,833.306071,33.58379896073837,31.880819473478496,1.7029795131630376,2589790.741158,0.03217657927942839,556.220521,33.58379896073837,WESTBERG
pool1qzlw756y0z6ehg9jkerrfrydr7qlvzl5pgset33h3h2akst593a,614,3591871.95153,4.67,5,737,0.02,340.0,364.516459,1201.30649,1197.961306,3.345184,1565.822949,2.471125248,10001.979702,BCSH5,WESTBERG,WESTBERG,BCSH,True,Low pledge,community_branded_fleet,10000.0,Healthy core,0.002784614773847809,hollow,False,364.516459,340.0,24.516458980000003,1201.3064900000002,23.27954506177058,21.71382149029928,1.5657235701940144,3581869.971828,0.033538528741927386,367.861643,23.27954506177058,WESTBERG
pool1qzlw7den2mlj0fmm65g0fnf46vyhzkhmdaf0f8v3s6skuue6rlk,614,10823743.285831,14.07,12,759,0.02,340.0,408.359518,3349.616384,3346.521683,3.094701,3757.975902,2.284480001,10000.0,BCSH4,WESTBERG,WESTBERG,BCSH,True,Low pledge,community_branded_fleet,10000.0,Healthy core,0.0009238947872212255,hollow,False,408.359518,340.0,68.35951804,3349.616384,10.866475162405125,9.047423636193397,1.8190515272761318,10813743.285831,0.030975549312224984,411.45421899999997,10.866475162405125,WESTBERG
pool137j9xuzycq4jxfpsmjnc75w2wnpz68khlwvsh69kt5negg6ldhg,614,3438214.560264,4.47,3,212,0.01,170.0,177.694575,761.762974,760.928346,0.834628,939.457549,1.630339531,3767.085593,WHITE,topopool.com,,,False,,,,,0.0010956516898441462,hollow,False,177.694575,170.0,7.69457549,761.762974,18.914593340502282,18.095548881474794,0.8190445111852521,3434447.474671,0.02218007349414981,178.529203,18.914593340502282,pool137j9xuzycq4jxfpsmjnc75w2wnpz68khlwvsh69kt5negg6ldhg
pool170hmssk80z2ameg7jhj5m8psnkjejcc77vfpd0875yggxhhntd0,614,11774641.830228,15.31,6,6128,0.02,340.0,370.781896,1508.312904,1504.806978,3.505926,1879.0948,0.939443839,27368.487830000002,21ADA,,,,False,,,,,0.0023243584157047813,hollow,False,370.781896,340.0,30.781896000000003,1508.3129040000001,19.731941996752905,18.093818364033577,1.6381236327193287,11747273.342398,0.012839685091486128,374.287822,19.731941996752905,pool170hmssk80z2ameg7jhj5m8psnkjejcc77vfpd0875yggxhhntd0
pool1cmaafeyy52ppz62jqmsm20c5p8nua7xx95lkkf96ktmqqj3w5td,614,36520536.454323,47.49,29,1013,0.01,340.0,427.410821,8653.671319,8653.40815,0.263169,9081.08214,1.744599547,1238.7458040000001,EDEN,EDEN,EDEN,EDEN,True,Low pledge,opaque_fleet,1000.0,Healthy core,3.391915684341947e-05,hollow,False,427.410821,340.0,87.4108214,8653.671319000001,4.706606706235563,3.744047182464974,0.9625595281753503,36519297.708519004,0.0236961602823521,427.67399,4.706606706235563,EDEN
pool142xwjhpcvtp7tahpmn8tlnek7smefp9wn66z67j8vjpmjxqdg56,614,15420812.623359,20.05,13,1292,0.01,340.0,377.309976,3693.687601,3693.43697,0.250631,4070.997577,1.763704159,1046.336393,EDEN,EDEN,EDEN,EDEN,True,Low pledge,opaque_fleet,1000.0,Healthy core,6.785222144616685e-05,hollow,False,377.309976,340.0,37.30997577,3693.687601,9.26824368876307,8.35176129607409,0.916482387039259,15419766.286966,0.02395423855497859,377.560607,9.26824368876307,EDEN
pool1qetkrhjs9fll3nthuxk6zp0ssanf3rszg5wh8x79mg67gsg7vjv,614,10824613.820362,14.08,9,40,0.03,340.0,414.367592,2404.552158,2386.953086,17.599072,2818.91975,1.634639736,79226.042925,CARAT,ADOSIA,,,False,,,,,0.007319064147671413,hollow,False,414.367592,340.0,74.3675925,2404.552158,14.699517146594898,12.06135790137339,2.6381592629587987,10745387.777437,0.022377527994373935,431.966664,14.699517146594898,pool1qetkrhjs9fll3nthuxk6zp0ssanf3rszg5wh8x79mg67gsg7vjv
pool1850xvydng5mkjzkwqw6566y7e6hsrgakc3y87jrnqrkrwdjua2p,614,14167051.218857,18.42,9,726,1.0,340.0,2818.372492,0.0,,0.0,2818.372492,0.0,17.455182,BITA,,,,False,,,,,1.2320970490151365e-06,hollow,False,2818.372492,340.0,2478.372492,0.0,100.0,12.063699917775098,87.9363000822249,14167033.763675,0.0,2818.372492,100.0,pool1850xvydng5mkjzkwqw6566y7e6hsrgakc3y87jrnqrkrwdjua2p
pool15j6hdfel6c6zcr8gu39qgp5xkrs264yn9hm8ynhaydjtxvmznxq,614,3521393.887413,4.58,2,134,0.0,260.0,260.0,366.353492,364.206259,2.147233,626.353492,0.7623179,20639.230968,ASKP,,,,False,,,,,0.005861096948504859,hollow,False,260.0,260.0,0.0,366.35349199999996,41.51010624524466,41.51010624524466,0.0,3500754.6564450003,0.010464986208774486,262.147233,41.51010624524466,pool15j6hdfel6c6zcr8gu39qgp5xkrs264yn9hm8ynhaydjtxvmznxq
pool1nwt6mxqus3tpzrshky5h5kykz9rjpxmacrvw0z6yak9uk5p5045,614,21368656.897568,27.79,20,2938,0.05,340.0,636.182169,5627.461204,5616.822836,10.638368,6263.643373,1.940803995,40320.992855,DNEWS,DNEWS,DNEWS,DNEWS,True,Low pledge,protocol_project,40000.0,Healthy core,0.0018869221892738141,hollow,False,636.182169,340.0,296.18216865,5627.461204,10.15674314636623,5.428150674503607,4.7285924662748196,21328335.904712997,0.02638490517563764,646.8205370000001,10.15674314636623,DNEWS
pool13annzt9hjfc822f0ejvxjf7fsmxd6cc28whpk5kagec6ggfmm7u,614,17211795.378353,22.38,11,35632,0.05,345.0,499.929325,2943.657167,2939.920051,3.737116,3443.586492,1.256204723,21520.702088,STSH3,AWP,AWP,STSH1,True,Low pledge,community_branded_fleet,1000.0,Healthy core,0.0012503461501213431,hollow,False,499.929325,345.0,154.9293246,2943.657167,14.517693287548186,10.018624500981462,4.499068774950927,17190274.676265,0.017123968188038168,503.666441,14.517693287548186,AWP
pool17xh922cr9skc0fqk7sr8at6xx6eluh5qyv9p7ca2x0mtc3st0mz,614,1423412.808958,1.85,2,852,0.02,170.0,179.127991,447.271564,434.574418,12.697146,626.399555,2.319982999,40407.780988,SEA,,,,False,,,,,0.028387956560247795,hollow,False,179.127991,170.0,9.1279911,447.27156399999996,28.596442888596883,27.139227453633808,1.4572154509273239,1383005.02797,0.03234055950299135,191.825137,28.596442888596883,pool17xh922cr9skc0fqk7sr8at6xx6eluh5qyv9p7ca2x0mtc3st0mz
pool1uj4u73qgtprqre78q75fq2vkcrpfrcdreqcqkvn6u0m2k6nk2yp,614,56397808.212768,73.34,55,26886,0.04,400.0,1072.686512,16144.476277,16143.795917,0.68036,17217.162789,2.111384966,1497.076512,EVE1,EVE,EVERSTAKE,Everstake,True,Minimal pledge,declared_brand,1000.0,Healthy core,2.6544941362828958e-05,hollow,False,1072.686512,400.0,672.6865115600001,16144.476277000002,6.2303326346274455,2.3232631584081838,3.9070694736636726,56396311.136256,0.028626830286814727,1073.366872,6.2303326346274455,EVERSTAKE
pool1lrnyqdlrj97d0ju5j6d9xa8prw0xeyumfd53rz5wk3gf7czqzjz,614,2035173.714774,2.65,2,572,0.01,340.0,342.865373,283.671887,267.919122,15.752765,626.53726,1.022630208,113016.405307,TYGAR,,,,False,,,,,0.05553157673302111,hollow,False,342.865373,340.0,2.8653725999999997,283.67188699999997,54.723859998366265,54.26652518638716,0.45733474813612845,1922157.309467,0.014757995383773252,358.618138,54.723859998366265,pool1lrnyqdlrj97d0ju5j6d9xa8prw0xeyumfd53rz5wk3gf7czqzjz
pool1ue4ngerz28nkpstsr5p53qvl5ulq3jtmllj4my0d0n28yyrn4l4,614,12022987.261736,15.63,10,52,0.01,340.0,367.921333,2764.211997,2741.678103,22.533894,3132.13333,1.692314451,98011.556251,STP,,,,False,,,,,0.00815201364829926,hollow,False,367.921333,340.0,27.9213333,2764.2119970000003,11.746668938898587,10.855221160077498,0.891447788399225,11924975.705485,0.023180022041710126,390.455227,11.746668938898587,pool1ue4ngerz28nkpstsr5p53qvl5ulq3jtmllj4my0d0n28yyrn4l4
pool1qgmwcxs8d8qmr0vtvsqd9u8gugrventh5dcqukmu79e2sgfuu8t,614,8624050.556559,11.21,11,5766,0.05,170.0,333.800205,3112.203886,3075.378594,36.825292,3446.004091,2.668905992,102043.987795,CLAY,,,,False,,,,,0.011832489515891194,hollow,False,333.800205,170.0,163.80020455,3112.203886,9.68658760074583,4.933250092302343,4.753337495384883,8522006.568764,0.03651961378916635,370.625497,9.68658760074583,pool1qgmwcxs8d8qmr0vtvsqd9u8gugrventh5dcqukmu79e2sgfuu8t
pool1j3umdcuxcewcxz98wm3sx5xqwgxx0v7z376xyjfq4jgejpvv8fz,614,2275400.167914,2.96,1,496,0.02,340.0,313.164647,0.0,,0.0,313.164647,0.0,10012.104023,MASTR,MASTR,,,False,,,,,0.004400150867607044,hollow,False,313.164647,313.164647,0.0,0.0,100.0,100.0,0.0,2265388.0638909996,0.0,313.164647,100.0,pool1j3umdcuxcewcxz98wm3sx5xqwgxx0v7z376xyjfq4jgejpvv8fz
pool1uhy50u9y76nd6z2xmzt3mta0yc7g3gdssef8lheyyg7zzymgzm8,614,13272136.479893,17.26,11,2238,0.03,340.0,433.140691,3011.549006,3011.320787,0.228219,3444.689697,1.670029438,1005.635623,NUFIA,ADALITE,NUFI,NuFi,True,Minimal pledge,provider_cluster,1000.0,Healthy core,7.577044016413756e-05,hollow,False,433.140691,340.0,93.14069090999999,3011.5490059999997,12.574157009765633,9.870264955827746,2.7038920513251674,13271130.84427,0.022692482210740005,433.36891,12.574157009765633,NUFI
pool1d3gckjrphwytzw2uavgkxskwe08msumzsfj4lxnpcnpks3zjml3,614,27837940.698733,36.2,32,1380,0.0199,170.0,366.033268,9654.884712,9654.537587,0.347125,10020.91798,2.563692694,1000.829703,CRFA,,,,False,,,,,3.595200211937915e-05,hollow,False,366.033268,170.0,196.033267802,9654.884712000001,3.652691986208633,1.696451366424616,1.9562406178081502,27836939.86903,0.034683714364528793,366.380393,3.652691986208633,pool1d3gckjrphwytzw2uavgkxskwe08msumzsfj4lxnpcnpks3zjml3
pool1ujcu3myfg9wwvdyh2ks653954lamtufy3lefjs73jrr327q53j4,614,13752111.67477,17.88,6,91,0.04,340.0,401.571207,1477.708956,1466.810884,10.898072,1879.280163,0.787450724,101421.520817,PUDIM,,,,False,,,,,0.00737497798269561,hollow,False,401.571207,340.0,61.57120652,1477.708956,21.368352356731606,18.09203367832282,3.276318652867087,13650690.153952999,0.010825159309414708,412.46927900000003,21.368352356731606,pool1ujcu3myfg9wwvdyh2ks653954lamtufy3lefjs73jrr327q53j4
pool1pfdd8d8n7jx0xnk4uev3x36se87c747w6l2d5x7fanh5w9evhw2,614,10376719.010963,13.49,4,393,0.0,340.0,340.0,912.079975,863.866309,48.213666,1252.079975,0.643680925,546802.402376,BRAVO,BRAVO,BRAVO,BRAVO,True,Material pledge,community_branded_fleet,501000.0,Healthy core,0.052695115074264165,hollow,False,340.0,340.0,0.0,912.0799750000001,27.15481493105103,27.15481493105103,0.0,9829916.608587,0.009278613556123614,388.213666,27.15481493105103,BRAVO
pool1cspe7naf0mtntwyysqxk6czah3jlh6v4cja8pdfju932yxsehnm,614,6897876.843765,8.97,7,509,0.0,340.0,340.0,1852.49178,1837.474058,15.017722,2192.49178,1.979561167,55919.485874,CBH,,,,False,,,,,0.008106767798347356,hollow,False,340.0,340.0,0.0,1852.4917799999998,15.507469770308557,15.507469770308557,0.0,6841957.357891,0.027075465149800665,355.017722,15.507469770308557,pool1cspe7naf0mtntwyysqxk6czah3jlh6v4cja8pdfju932yxsehnm
pool1cpr59c88ps8499gtgegr3muhclr7dln35g9a3rqmv4dkxg9n3h8,614,1632212.528752,2.12,1,231,0.01,170.0,171.432399,141.807452,130.605324,11.202128,313.239851,0.636215461,129026.11621200001,LACE,,,,False,,,,,0.07904982588918992,hollow,False,171.432399,170.0,1.4323985099999998,141.80745199999998,54.728795985795564,54.27151093875345,0.4572848906124655,1503186.4125400002,0.009433790168471633,182.634527,54.728795985795564,pool1cpr59c88ps8499gtgegr3muhclr7dln35g9a3rqmv4dkxg9n3h8
pool1j099ctc7kcc9fa78dz5qwsy2g0n96lrgletwxvxmyzh4zd7ck0j,614,26533334.358051,34.5,31,1952,0.0199,340.0,526.425282,9181.679332,9177.102882,4.57645,9708.104614,2.557843705,13225.027656,PRIDE,,,,False,,,,,0.0004984306713033651,hollow,False,526.425282,340.0,186.4252818186,9181.679332,5.4225340880736415,3.502228432001938,1.9203056542031618,26520109.330395,0.0346215742085074,531.0017320000001,5.4225340880736415,pool1j099ctc7kcc9fa78dz5qwsy2g0n96lrgletwxvxmyzh4zd7ck0j
pool1r0sxz0hygfc0266lhdclve6j3cwcwlth6dya6uey65yxjnwm7qc,614,13395388.767578,17.42,7,438,0.0,170.0,170.0,2023.755885,1992.586902,31.168983,2193.755885,1.108893243,206309.766058,BURN,,,,False,,,,,0.015401551208229888,hollow,False,170.0,170.0,0.0,2023.755885,7.749266960940824,7.749266960940824,0.0,13189079.00152,0.01534417895871856,201.168983,7.749266960940824,pool1r0sxz0hygfc0266lhdclve6j3cwcwlth6dya6uey65yxjnwm7qc
pool104v7kzpq86r0wnfsz8r7jeld2raap92qq84trjcqk62zyh9akqt,614,1916040.466063,2.49,2,178,0.0,170.0,170.0,456.446965,433.823721,22.623244,626.446965,1.754034261,94966.224159,SEAL,,,,False,,,,,0.049563788365144835,hollow,False,170.0,170.0,0.0,456.446965,27.1371735355123,27.1371735355123,0.0,1821074.241904,0.025064709307115778,192.623244,27.1371735355123,pool104v7kzpq86r0wnfsz8r7jeld2raap92qq84trjcqk62zyh9akqt
pool13qdkwy5y88ncr5qpjrh8hgtf94d0zw4wuhgezjg3hvlyyrh37c7,614,46516085.980406,60.49,50,1013,0.03,170.0,634.81175,15028.913239,14995.551827,33.361412,15663.724989,2.386205882,103257.074917,SECUR,SECUR,SECUR,SECUR,True,Material pledge,community_branded_fleet,100000.0,Healthy core,0.0022198143446655215,hollow,False,634.81175,170.0,464.81174967,15028.913239,4.05275086510905,1.085310168043579,2.9674406949586922,46412828.905489,0.03238094637498515,668.1731619999999,4.05275086510905,SECUR
pool1cq25dmlt5974x8tqg3e4dlzvrxefcce2atpnwlfp7ad5ugec9fp,614,15321164.395309,19.92,19,124,0.03,340.0,508.95665,5462.9317,4865.45208,597.47962,5971.88835,2.636591265,1675672.30314,BEAST,BEAST,,,False,,,,,0.10936977503178895,balanced,False,508.95665,340.0,168.9566505,5462.9317,8.522541282942774,5.693341537438489,2.8291997538768454,13645492.092169,0.04003469910136196,1106.43627,8.522541282942774,pool1cq25dmlt5974x8tqg3e4dlzvrxefcce2atpnwlfp7ad5ugec9fp
pool1zfhww5y28t303z6uyq3w47pkhfmxww9dsn89vrxteplg2zjkekl,614,1014781.576673,1.32,2,176,0.05,170.0,192.830891,433.786933,367.351436,66.435497,626.617824,3.169029116,155618.114888,CARE4,moomanchoo.github.io,,,False,,,,,0.1533513402935437,balanced,False,192.830891,170.0,22.830891200000003,433.78693300000003,30.7732853446569,27.129774080604513,3.643511295969775,859163.461785,0.050489453089492806,259.266388,30.7732853446569,pool1zfhww5y28t303z6uyq3w47pkhfmxww9dsn89vrxteplg2zjkekl
pool1vev8z03vh7jwx3mfrgzrt9fltt97nupaxv8ffj4r5r8mgwts5ze,614,56787673.321636,73.84,47,6098,0.01,340.0,483.81216,14237.40379,14219.320138,18.083652,14721.21595,1.846821625,72111.231777,ADAOZ,linktr.ee,LINKTR_EE,ADAOZ,True,Low pledge,community_branded_fleet,60000.0,Healthy core,0.0012698395190198037,hollow,False,483.81216,340.0,143.8121595,14237.40379,3.2864959093273813,2.3095918241726494,0.9769040817582736,56715562.089859,0.02510316968637734,501.895812,3.2864959093273813,LINKTR_EE
pool1utqhj9g53a5cwg7tyd8neky7jvjlgzuf470adc0e69cp5uuquzx,614,2018540.944429,2.62,2,88,0.01,340.0,342.864815,283.616674,262.113271,21.503403,626.481489,1.030897669,153042.809023,ZW3RK,,,,False,,,,,0.07581853092719523,hollow,False,342.864815,340.0,2.8648148900000003,283.616674,54.72864258883155,54.27135613259916,0.4572864386740085,1865498.1354059998,0.01520326762150715,364.368218,54.72864258883155,pool1utqhj9g53a5cwg7tyd8neky7jvjlgzuf470adc0e69cp5uuquzx
pool12wpfng6cu7dz38yduaul3ngfm44xhv5xmech68m5fwe4wu77udd,614,5099342.229122,6.63,2,935,0.02,200.0,208.528511,417.897027,413.725636,4.171391,626.425538,0.600011882,50900.778642,APEX,,,,False,,,,,0.009981832235402653,hollow,False,208.528511,200.0,8.52851076,417.897027,33.288635017303534,31.927178549990725,1.3614564290001856,5048441.45048,0.008277743360978602,212.699902,33.288635017303534,pool12wpfng6cu7dz38yduaul3ngfm44xhv5xmech68m5fwe4wu77udd
pool10ya6hxrssmyhl560gqyalhqxudkgfjdlc0e4krww6wweyaeajs8,614,35483251.831907,46.14,31,468,0.01,340.0,433.692403,9275.547917,9260.993456,14.554461,9709.24032,1.92633607,55677.522279,NKR,NKR,NKR,NKR,True,Low pledge,community_branded_fleet,40000.0,Healthy core,0.0015691211882935163,hollow,False,433.692403,340.0,93.69240320000002,9275.547917,4.466800580748216,3.501818770513242,0.9649818122948677,35427574.309627995,0.02618171889481924,448.246864,4.466800580748216,NKR
pool12yscr8j3zs34ewxrwlk0p2w5uvgcnrzywpp78ddjsj8kxd530f9,614,1034443.22098,1.35,3,687,0.01,340.0,345.996316,593.635281,525.710032,67.925249,939.631597,4.276980641,118363.539879,GERO2,,,,False,,,,,0.11442246174407329,balanced,False,345.996316,340.0,5.99631597,593.6352810000001,36.822550146746494,36.18439408439774,0.6381560591560226,916079.6811009999,0.06480170810977198,413.921565,36.822550146746494,pool12yscr8j3zs34ewxrwlk0p2w5uvgcnrzywpp78ddjsj8kxd530f9
pool1lfvzgsrghmugvpym868mh29288ez0nncz680mamzjygu2jpuwcd,614,73122615.877219,95.08,81,2576,0.0,340.0,340.0,25026.103052,25022.335368,3.767684,25366.103052,2.529447452,11008.51914,NORTH,NORTH,NORTH,NORTH,True,Low pledge,opaque_fleet,10000.0,Healthy core,0.00015054875988687995,hollow,False,340.0,340.0,0.0,25026.103052,1.3403714370433917,1.3403714370433917,0.0,73111607.358079,0.03422999979938829,343.767684,1.3403714370433917,NORTH
pool1ng3vqzrhn3z45yjdscv3q37n26g2pj3vp99rfkgv6225y8lqg8j,614,50417490.669642,65.56,43,29592,0.04,400.0,922.325832,12535.81998,12535.148886,0.671094,13458.145812,1.831417029,1497.48671,EVE2,EVE,EVERSTAKE,Everstake,True,Minimal pledge,declared_brand,1000.0,Healthy core,2.970173029459566e-05,hollow,False,922.325832,400.0,522.32583248,12535.81998,6.8532905266757105,2.972177635669088,3.8811128945732367,50415993.182932004,0.024864768476372923,922.996926,6.8532905266757105,EVERSTAKE
pool1tcmk6at0dmkytxgq5j4u7fgsx9kytvfu7gz22lrs8hp9ztu7arw,614,2816473.858033,3.66,2,395,0.1,340.0,368.791182,259.120639,167.115238,92.005401,627.911821,0.67384235,1000038.311684,RATS,,,,False,,,,,0.35506749293331547,balanced,False,368.791182,340.0,28.791182100000004,259.12063900000004,58.732957346251325,54.147730402419036,4.585226959758097,1816435.5463490002,0.014265336280212497,460.796583,58.732957346251325,pool1tcmk6at0dmkytxgq5j4u7fgsx9kytvfu7gz22lrs8hp9ztu7arw
pool18ljuhhw27t85zddz0pvsmsjsz5k0mlz03pzsxgh8qarcsw5wycc,614,1272367.189136,1.65,1,94,0.0,340.0,313.265173,0.0,,0.0,313.265173,0.0,104723.22084,CAFE3,CAFE,CAFE,CAFE,True,Material pledge,community_branded_fleet,100000.0,Subscale active,0.08230581685394782,hollow,False,313.265173,313.265173,0.0,0.0,100.0,100.0,0.0,1167643.9682959998,0.0,313.265173,100.0,CAFE
pool17s3mr9c4ejjfq20dz0ls9ggskc770kt267s9xmw93payzdswwgg,614,69788069.523402,90.75,75,3037,0.0,998.0,998.0,22492.127117,22475.540457,16.58666,23490.127117,2.380237586,51462.686147,FIKA,,,,False,,,,,0.0007374138086703063,hollow,False,998.0,998.0,0.0,22492.127117,4.248593441104621,4.248593441104621,0.0,69736606.837255,0.03225297033664126,1014.58666,4.248593441104621,pool17s3mr9c4ejjfq20dz0ls9ggskc770kt267s9xmw93payzdswwgg
pool14zdcvdec8qmqzsat5wg3a2h9f0u5yzrgjew534z8u3gs5durnjz,614,34718290.850147,45.15,37,6557,0.03,340.0,677.450229,10910.890737,10879.293138,31.597599,11588.340966,2.32031502,100249.532747,PAUL,PAUL,PAUL,PAUL1,True,Material pledge,community_branded_fleet,100000.0,Healthy core,0.00288751347754135,hollow,False,677.450229,340.0,337.45022897999996,10910.890737,5.845963895846936,2.9339833976024208,2.911980498071927,34618041.3174,0.0315179320428966,709.047828,5.845963895846936,PAUL
pool1ywpt43nttzjd7883wafg255mh0hmjypwe65ercw6p2sxg5lt7ez,614,40030750.195111,52.05,35,31784,0.04,400.0,821.905793,10125.739039,10124.850711,0.888328,10947.644832,1.863443742,1496.243637,EVE4,EVE,EVERSTAKE,Everstake,True,Minimal pledge,declared_brand,1000.0,Healthy core,3.737735689956512e-05,hollow,False,821.905793,400.0,421.90579328,10125.739039,7.507603741377935,3.6537538999328767,3.8538498440026854,40029253.951473996,0.02529584751011114,822.794121,7.507603741377935,EVERSTAKE
pool1ewrm7y47s9hv6hxku9n5gfnsuspymp0qqpwgvgm9rvm37cek2h6,614,33635162.172044,43.74,27,2930,0.03,340.0,583.462476,7871.953405,7864.318724,7.634681,8455.415881,1.722962453,32551.910536,A4G,,,,False,,,,,0.0009677940712608084,hollow,False,583.462476,340.0,243.46247643,7871.953405000001,6.900458643448718,4.021091390241459,2.879367258292756,33602610.261508,0.02342661282482978,591.097157,6.900458643448718,pool1ewrm7y47s9hv6hxku9n5gfnsuspymp0qqpwgvgm9rvm37cek2h6
pool1xmsdhync6k6grkkj7tuycskjpseykpr24luhlazl5nsngsy87gm,614,35233094.271108,45.81,30,27464,0.04,400.0,759.536931,8628.886349,8628.272021,0.614328,9388.42328,1.803687035,1496.708942,EVE3,EVE,EVERSTAKE,Everstake,True,Minimal pledge,declared_brand,1000.0,Healthy core,4.248020144025039e-05,hollow,False,759.536931,400.0,359.5369312,8628.886349,8.090143662546922,4.26056631737209,3.8295773473051167,35231597.562166,0.02449189632622923,760.151259,8.090143662546922,EVERSTAKE
pool1zytydvyy3qztrs8l2xyggvkfcjctp23m2hc3aj7sudnzgny79cg,614,9193441.904177,11.95,5,917,0.01,340.0,352.258839,1213.625056,1210.312426,3.31263,1565.883895,0.968266093,25093.768642,PSYA,,,,False,,,,,0.0027295292561318905,hollow,False,352.258839,340.0,12.25883895,1213.6250559999999,22.49584660298202,21.712976363423163,0.7828702363657684,9168348.135535,0.013237117941629966,355.57146900000004,22.49584660298202,pool1zytydvyy3qztrs8l2xyggvkfcjctp23m2hc3aj7sudnzgny79cg
pool1enul577he3e0s500lv8z98m6k936uecz2rpckxxmmk8c7k0n2rd,614,7454212.876713,9.69,3,635,0.0169,340.0,350.136927,589.681243,573.730394,15.950849,939.81817,0.579129576,201635.421652,PXLZ,,,,False,,,,,0.027049860929235076,hollow,False,350.136927,340.0,10.136927072999999,589.681243,37.25581587766067,36.17721074705334,1.0786051383747985,7252577.455061,0.008130643852531462,366.087776,37.25581587766067,pool1enul577he3e0s500lv8z98m6k936uecz2rpckxxmmk8c7k0n2rd
pool1dww6s8stvm7dl2n8740s3v5rnxmsuqcl8jcnu64g7cds5w29pft,614,2029705.236121,2.64,2,98,0.01,340.0,342.864241,283.559879,274.79297,8.766909,626.42412,1.024992365,62753.015573000004,1PCT3,1PCT,ONE_PERCENT,1PCT,True,Low pledge,declared_brand,50000.0,Subscale active,0.03091730486586724,hollow,False,342.864241,340.0,2.8642412000000004,283.559879,54.73356310098659,54.276326396882666,0.45723673603117326,1966952.220548,0.01441620574398087,351.63115,54.73356310098659,ONE_PERCENT
pool154hq0j6u6ydz62mtlu7xaj78mhreyp0zsv2kq7f0qmne2fu4t7y,614,15157083.744063,19.71,19,90,0.01,340.0,396.105922,5554.486295,5543.012231,11.474064,5950.592217,2.710768816,31310.426978,CTEC,CTEC,,,False,,,,,0.002065728969153729,hollow,False,396.105922,340.0,56.10592217000001,5554.486295000001,6.656579842059777,5.713717015067308,0.942862829849327,15125773.317085,0.03672199879345043,407.579986,6.656579842059777,pool154hq0j6u6ydz62mtlu7xaj78mhreyp0zsv2kq7f0qmne2fu4t7y
pool1vwquf4wt465lhketcy2j7jwpz5l6l0ce6a79ga3y4wg7gc8egp0,614,1182612.139392,1.54,1,65,0.0,170.0,170.0,143.164566,140.731018,2.433548,313.164566,0.887585214,0.0,CCP,,,,False,,,,,0.0,hollow,False,170.0,170.0,0.0,143.16456599999998,54.28455785128641,54.28455785128641,0.0,1182612.139392,0.012105792020163365,172.433548,54.28455785128641,pool1vwquf4wt465lhketcy2j7jwpz5l6l0ce6a79ga3y4wg7gc8egp0
pool1tmt8thfaqeqv499l3s7k5kl64s84nycvnx55ll3ksm9hq50p0ks,614,31651822.424814,41.16,39,1111,0.02,340.0,578.25583,11674.535663,11330.142687,344.392976,12252.791493,2.728616549,933712.8948100001,WFFL,wafflepool.org,WAFFLEPOOL_ORG,,True,Material pledge,community_branded_fleet,850000.0,Healthy core,0.029499498710633468,hollow,False,578.25583,340.0,238.25582986,11674.535663,4.719380316969864,2.7748778732931303,1.9445024425341375,30718109.530004002,0.038005384581355384,922.6488059999999,4.719380316969864,WAFFLEPOOL_ORG
pool104avq7309gjm0fxms69yqusxy8zf888k4mamngg5vnc6vculpzq,614,25529367.696606,33.2,20,5625,0.03,340.0,517.684977,5745.147603,5744.91426,0.233343,6262.83258,1.656177577,1004.645511,NUFIB,ADALITE,NUFI,NuFi,True,Minimal pledge,provider_cluster,1000.0,Healthy core,3.935254186234948e-05,hollow,False,517.684977,340.0,177.6849774,5745.147603,8.265987800044305,5.42885340869195,2.8371343977392414,25528363.051094998,0.022504958862818943,517.91832,8.265987800044305,NUFI
pool1zx909vz9qe73avvpd0y7qqcwz8fffvnup6yuq2e8hql4svk9xr7,614,1914142.239564,2.49,3,248,0.0,340.0,340.0,593.747464,592.509763,1.237701,933.747464,2.289858451,3952.088104,SDGs,,,,False,,,,,0.002064678382992165,hollow,False,340.0,340.0,0.0,593.747464,36.41241482397214,36.41241482397214,0.0,1910190.1514599998,0.031083160152730657,341.237701,36.41241482397214,pool1zx909vz9qe73avvpd0y7qqcwz8fffvnup6yuq2e8hql4svk9xr7
pool1nyf8x2xrlmfqwy9shqrlx2csentnzyjmxr0r3w0ljuaqz5ek7qz,614,5273074.701958,6.86,1,117,0.01,340.0,313.21301,0.0,,0.0,313.21301,0.0,67036.10997899999,1PCT6,1PCT,ONE_PERCENT,1PCT,True,Low pledge,declared_brand,50000.0,Healthy core,0.012712907320297989,hollow,False,313.21301,313.21301,0.0,0.0,100.0,100.0,0.0,5206038.591979,0.0,313.21301,100.0,ONE_PERCENT
pool19k9grwq9cdswn4k7vxzmwcls24jj3466g4s4xr5vucehcqpslfy,614,40896246.557858,53.18,28,365,0.0,340.0,340.0,8434.98439,8381.993775,52.990615,8774.98439,1.516883225,256865.020246,ADV4,ADV,ADV,ADV,True,Material pledge,community_branded_fleet,250000.0,Healthy core,0.006280894748680665,hollow,False,340.0,340.0,0.0,8434.98439,3.8746507673274624,3.8746507673274624,0.0,40639381.537612,0.020755690836961604,392.990615,3.8746507673274624,ADV
pool1ahazpr2yz5gljk2m4q8g7wnmq7m2sr9unhdfmr5arhqrjnntwdz,614,70152658.33954,91.22,77,2409,0.0,340.0,340.0,23796.242271,23709.146903,87.095368,24136.242271,2.506690176,256762.023267,ADV3,ADV,ADV,ADV,True,Material pledge,community_branded_fleet,250000.0,Healthy core,0.0036600469510972436,hollow,False,340.0,340.0,0.0,23796.242271,1.4086699834319873,1.4086699834319873,0.0,69895896.316273,0.03404526377818237,427.095368,1.4086699834319873,ADV
pool19q034g07ka2ltwc3wwjeu79w29nlafc0w2ppne5ppu5wud60rgq,614,3889454.602837,5.06,3,165,0.0,170.0,170.0,769.638335,757.4964,12.141935,939.638335,1.45484947,61360.640466,HEDGE,,,,False,,,,,0.015776155459236635,hollow,False,170.0,170.0,0.0,769.638335,18.09206730587466,18.09206730587466,0.0,3828093.962371,0.020105001145878622,182.141935,18.09206730587466,pool19q034g07ka2ltwc3wwjeu79w29nlafc0w2ppne5ppu5wud60rgq
pool12udshcl3ycj4qpxes28n0ugsye23h89rj8z2a5ast4482m08xe7,614,25842893.394508,33.6,24,35,0.9999,35000.0,7515.659686,0.0,,0.0,7515.659686,0.0,99500.032174,QQQ,YUTA,YUTA,YUTA,True,Zero pledge,opaque_operational,0.0,Healthy core,0.003850189321105401,hollow,False,7515.659686,7515.659686,0.0,0.0,100.0,100.0,0.0,25743393.362334,0.0,7515.659686,100.0,YUTA
pool1j742gcsul7u8c05rsqmkgpkvj5qadj0pew69nctu6crqy9wjjn4,614,1473366.335592,1.92,1,326,0.01,340.0,313.22508,0.0,,0.0,313.22508,0.0,134341.024452,BONE,,,,False,,,,,0.09117964840565035,hollow,False,313.22508,313.22508,0.0,0.0,100.0,100.0,0.0,1339025.3111400001,0.0,313.22508,100.0,pool1j742gcsul7u8c05rsqmkgpkvj5qadj0pew69nctu6crqy9wjjn4
pool1vdh6kxcqt9mxavyv80ggnec6jjwms44ms30rhle3lt266aj8jgh,614,26593662.054992,34.58,24,502,0.015,170.0,280.292481,7242.539569,7173.046039,69.49353,7522.83205,2.007705924,255161.304913,NEDS4,NEDS,NEDS,NEDS1,True,Material pledge,community_branded_fleet,250000.0,Healthy core,0.00959481640344838,hollow,False,280.292481,170.0,110.29248075,7242.539569,3.725890451056926,2.259787256582446,1.4661031911512632,26338500.750079002,0.02749791887443812,349.78601100000003,3.725890451056926,NEDS
pool1gas95lqlch5pj5e4lwg78gxlq7km9xfurfd557x4tgwk5kktd04,614,11018082.628712,14.33,19,629,0.015,170.0,256.783777,5698.801388,5566.731219,132.070169,5955.585165,3.846897493,255344.904636,NEDS3,NEDS,NEDS,NEDS1,True,Material pledge,community_branded_fleet,250000.0,Healthy core,0.023175076212497918,hollow,False,256.783777,170.0,86.78377747500001,5698.801388000001,4.31164646102412,2.8544634203043926,1.457183048695434,10762737.724076001,0.052949365989397944,388.85394599999995,4.31164646102412,NEDS
pool1u0mc9ywfxl529atxyajuz3pgqnwgnk6w7lejjmjg22ucvn7z9vh,614,9896492.940267,12.87,9,1865,0.04,340.0,439.145825,2379.499797,2373.377318,6.122479,2818.645622,1.770481922,25463.61998,NERD,NERD,,,False,,,,,0.0025729943055274903,hollow,False,439.145825,340.0,99.14582488,2379.499797,15.580029698391082,12.062530931389288,3.5174987627444287,9871029.320287,0.024105893314587137,445.268304,15.580029698391082,pool1u0mc9ywfxl529atxyajuz3pgqnwgnk6w7lejjmjg22ucvn7z9vh
pool1chtam5czevzk2ttctvltpsc8twlwf6zzyh7kj3jkz72gks975sn,614,5848831.088084,7.61,8,20,0.03,340.0,404.95689,2100.272762,2099.910627,0.362135,2505.229652,2.655554218,1011.847383,NUFIC,ADALITE,NUFI,NuFi,True,Minimal pledge,provider_cluster,1000.0,Healthy core,0.00017299993242435522,hollow,False,404.95689,340.0,64.95688956,2100.272762,16.164461796015818,13.571610080878923,2.592851697573632,5847819.240701,0.03591548704826643,405.319025,16.164461796015818,NUFI
pool1f8erepj5w5nth5xfxgxnwpz59jzywt6zdwfr50jzjwfwksmg9ek,614,36227410.225164,47.11,39,12,0.03,340.0,696.189838,11516.804777,11516.484164,0.320613,12212.994615,2.347452508,1011.4479399999999,NUFIE,ADALITE,NUFI,NuFi,True,Minimal pledge,provider_cluster,1000.0,Healthy core,2.791941057098903e-05,hollow,False,696.189838,340.0,356.18983844999997,11516.804777,5.700402398810032,2.783920002571785,2.916482399922846,36226398.777224004,0.03179119417257881,696.510451,5.700402398810032,NUFI
pool15d62znf04qymt6ve536tt5y9ky979ly4um5zmgz9m850vu7wuv7,614,41446106.184589,53.89,23,19,0.03,340.0,545.876058,6656.659218,6656.497254,0.161964,7202.535276,1.179257935,1011.362055,NUFID,ADALITE,NUFI,NuFi,True,Minimal pledge,provider_cluster,1000.0,Healthy core,2.4401859380847147e-05,hollow,False,545.876058,340.0,205.87605827999997,6656.659218,7.578943206553203,4.7205600107636325,2.8583831996770908,41445094.822533995,0.016061392178021335,546.038022,7.578943206553203,NUFI
pool1l6aeyn35nkqkn9lqqlwqnpraakdzuukjrqprcrj3sctk6hhe32k,614,25738433.352599,33.47,22,1624,0.02,170.0,304.599623,6595.381549,6468.225575,127.155974,6899.981172,1.887960062,496223.908813,OYSTR,,,,False,,,,,0.019279491568700804,hollow,False,304.599623,170.0,134.59962344,6595.381549,4.414499335680216,2.4637748388337197,1.9507245032233254,25242209.443786,0.02612838453657478,431.755597,4.414499335680216,pool1l6aeyn35nkqkn9lqqlwqnpraakdzuukjrqprcrj3sctk6hhe32k
pool1sjwdmeme5zs042jzwmdvxshhv27kepxke0mr02f2yzacsyd4wtu,614,44930928.496626,58.42,48,5904,0.03,340.0,780.330285,14237.345895,14236.776264,0.569631,15017.67618,2.339750564,502.750398,CCV,CCV,CCV,CCV,True,Minimal pledge,community_branded_fleet,500.0,Healthy core,1.1189405935329227e-05,hollow,False,780.330285,340.0,440.3302854,14237.345895,5.196078778414571,2.2639987433794833,2.9320800376986154,44930425.746227995,0.03168753836301063,780.899916,5.196078778414571,CCV
pool1a3ekt9me035qgju0en2w39vjns9ggtewnc9fugsmpgczvgtl6u9,614,7148611.190435,9.3,7,50,0.01,340.0,358.520688,1833.54813,1767.353005,66.195125,2192.068818,1.889772155,258080.602818,SA8,sman8.github.io,,,False,,,,,0.03610220166447401,hollow,False,358.520688,340.0,18.520688180000004,1833.5481300000001,16.355357325282657,15.51046195302432,0.844895380469757,6890530.587617,0.02660967985970597,424.715813,16.355357325282657,pool1a3ekt9me035qgju0en2w39vjns9ggtewnc9fugsmpgczvgtl6u9
pool1crts5gmqr34gsrn6wvrhfs9yqp0ynu8t2t4r350xp80s6pc56ue,614,11089868.892501,14.42,9,775,0.0,340.0,340.0,2478.646257,2464.914717,13.73154,2818.646257,1.644787672,61437.150337,BREAK,,,,False,,,,,0.005539934775833461,hollow,False,340.0,340.0,0.0,2478.646257,12.062528213876538,12.062528213876538,0.0,11028431.742164,0.0224750564264148,353.73154,12.062528213876538,pool1crts5gmqr34gsrn6wvrhfs9yqp0ynu8t2t4r350xp80s6pc56ue
pool1n4fq4gw6snzqjep3pylj8dc6aaa4xgn78gl58k360dqdw6a58g8,614,2192246.504497,2.85,1,45,0.0369,340.0,313.202825,0.0,,0.0,313.202825,0.0,169447.371796,PEPE,,,,False,,,,,0.07729394091787084,hollow,False,313.202825,313.202825,0.0,0.0,100.0,100.0,0.0,2022799.132701,0.0,313.202825,100.0,pool1n4fq4gw6snzqjep3pylj8dc6aaa4xgn78gl58k360dqdw6a58g8
pool180fejev4xgwe2y53ky0pxvgxr3wcvkweu6feq5mdljfzcsmtg6u,614,1372661.059737,1.78,1,240,0.0,170.0,170.0,143.211244,136.737847,6.473397,313.211244,0.764484709,62046.619588,CHIEN,,,,False,,,,,0.045201704490610416,hollow,False,170.0,170.0,0.0,143.21124400000002,54.276467801392215,54.276467801392215,0.0,1310614.440149,0.010927030834767757,176.473397,54.276467801392215,pool180fejev4xgwe2y53ky0pxvgxr3wcvkweu6feq5mdljfzcsmtg6u
pool14fjmlppz76667ws3jl5luejf2wgztuhpsftulvh3ucc65anqgve,614,42523467.484825,55.29,56,1220,0.037,340.0,976.322432,16561.581142,16548.921618,12.659524,17537.903574,2.883358312,32504.245628,XSP2,XSP,XSP,XSP,True,Low pledge,community_branded_fleet,20000.0,Healthy core,0.0007643837050588483,hollow,False,976.322432,340.0,636.3224322379999,16561.581142,5.566927813694912,1.938658167239847,3.6282696478121252,42490963.239197,0.03897671382211053,988.9819560000001,5.566927813694912,XSP
pool1e7mwu80pmsjqdf8lu7rsfdj5sldashslll0hpj7rhx3w6xpwkq7,614,1244095.335757,1.62,1,10,0.0,250.0,250.0,63.152604,63.029006,0.123598,313.152604,0.37123963,2434.864457,NIZI🌈,,,,False,,,,,0.001957136552978432,hollow,False,250.0,250.0,0.0,63.152604,79.83328153962917,79.83328153962917,0.0,1241660.4712999999,0.0050861411359806085,250.123598,79.83328153962917,pool1e7mwu80pmsjqdf8lu7rsfdj5sldashslll0hpj7rhx3w6xpwkq7
pool1kprt6l4quz03dhqx8jw22spdjvp5dkshdnn567vlexqkj35hd8a,614,3526405.873343,4.59,5,334,0.0,170.0,170.0,1395.90952,1382.314267,13.595253,1565.90952,2.93123465,34401.212438999995,BDRK,,,,False,,,,,0.009755318495538906,hollow,False,170.0,170.0,0.0,1395.90952,10.856310522973256,10.856310522973256,0.0,3492004.660904,0.03997444607186266,183.595253,10.856310522973256,pool1kprt6l4quz03dhqx8jw22spdjvp5dkshdnn567vlexqkj35hd8a
pool1efacpnedlfrhe9sa6s4jzq839s5q4qdrl70em0za57xg6t38d3s,614,6544172.884153,8.51,7,100,0.04,340.0,414.132912,1779.189884,1737.952223,41.237661,2193.322796,2.004230117,151679.351138,ADACH,STI,STI,STI,True,Material pledge,community_branded_fleet,150000.0,Healthy core,0.023177772626590928,hollow,False,414.132912,340.0,74.13291184,1779.189884,18.88153046853209,15.501594230455442,3.379936230781783,6392493.533015,0.027832486256123758,455.370573,18.88153046853209,STI
pool12eht6dqxpzqj87xuextrpufz2gxmt4reuesuw26r2utzw0kw906,614,5864731.437221,7.63,3,293,0.0,200.0,200.0,739.602949,726.972697,12.630252,939.602949,0.924797097,100152.419289,CAN1,,,,False,,,,,0.017077068295638303,hollow,False,200.0,200.0,0.0,739.602949,21.28558666326621,21.28558666326621,0.0,5764579.017932,0.012830129428346828,212.630252,21.28558666326621,pool12eht6dqxpzqj87xuextrpufz2gxmt4reuesuw26r2utzw0kw906
pool1gdgjzmp96kk0d0sj482655wqlq8jtc4t9xw8xzfwfx4tjyq73hw,614,3852805.693276,5.01,8,29,0.02,340.0,383.350237,2124.161619,1985.303272,138.858347,2507.511856,4.105632062,251861.35597099998,LUNA9,,,,False,,,,,0.0653708948807239,hollow,False,383.350237,340.0,43.35023712,2124.161619,15.288072759565049,13.559257922806806,1.7288148415438638,3600944.337305,0.058989015658868924,522.208584,15.288072759565049,pool1gdgjzmp96kk0d0sj482655wqlq8jtc4t9xw8xzfwfx4tjyq73hw
pool1jsxk3ymqv2gdc6mhqk52544g2aun4zhq5wgx6n32l5s3jlne70n,614,2455517.83014,3.19,1,48,0.03,170.0,174.287023,138.613751,135.415329,3.198422,312.900774,0.41292287,56380.782594,AKYO,,,,False,,,,,0.022960852453181118,hollow,False,174.287023,170.0,4.28702322,138.613751,55.70041287274029,54.33032262170116,1.3700903213489652,2399137.047546,0.005777650390659572,177.485445,55.70041287274029,pool1jsxk3ymqv2gdc6mhqk52544g2aun4zhq5wgx6n32l5s3jlne70n
pool1drv9qkh2tgqqucc0jp8cwswpmmkfzdd898ja7ac0uwm9j5d44tq,614,4165175.460268,5.42,5,115,0.0,170.0,170.0,1400.48204,1046.302903,354.179137,1570.48204,2.484471572,1053364.591725,NIMUE,,,,False,,,,,0.2528980115659337,balanced,False,170.0,170.0,0.0,1400.48204,10.824701949472788,10.824701949472788,0.0,3111810.868543,0.045005371443275675,524.1791370000001,10.824701949472788,pool1drv9qkh2tgqqucc0jp8cwswpmmkfzdd898ja7ac0uwm9j5d44tq
pool1r2g9wv7jyt7haygrmrc2tst2m8m9ssrr3c690ffp49uhywhvmdl,614,3084028.295137,4.01,3,126,0.0,170.0,170.0,771.563797,566.853153,204.710644,941.563797,1.842864331,818251.681155,CRFN,,,,False,,,,,0.26531912254023315,balanced,False,170.0,170.0,0.0,771.563797,18.05506971929593,18.05506971929593,0.0,2265776.613982,0.034052950861912706,374.710644,18.05506971929593,pool1r2g9wv7jyt7haygrmrc2tst2m8m9ssrr3c690ffp49uhywhvmdl
pool1n2yp66zk6m33sg8k20hsvmk9tw7xeeswzdcfxhnx9hm9jkxv5k4,614,3411147.138284,4.44,3,917,0.01,340.0,345.997909,593.793017,571.140049,22.652968,939.790926,1.278738554,130127.694027,ONE1,,,,False,,,,,0.03814778101083661,hollow,False,345.997909,340.0,5.99790926,593.793017,36.81647688094405,36.17825950364624,0.6382174049635375,3281019.444257,0.01809782072579173,368.650877,36.81647688094405,pool1n2yp66zk6m33sg8k20hsvmk9tw7xeeswzdcfxhnx9hm9jkxv5k4
pool1cmqpzlsrrjup8zg6qaperz868u64dlt7uvvdszsr658mvzz9qq0,614,1514235.874659,1.97,1,434,0.0,170.0,170.0,143.153497,143.053082,0.100415,313.153497,0.692484653,1062.166597,TREK,,,,False,,,,,0.000701453858527289,hollow,False,170.0,170.0,0.0,143.15349700000002,54.2864766411981,54.2864766411981,0.0,1513173.7080619999,0.00946048006499823,170.100415,54.2864766411981,pool1cmqpzlsrrjup8zg6qaperz868u64dlt7uvvdszsr658mvzz9qq0
pool1q2fh3cl6rx0wv5gry4qx5l4h65qpjf7x99xmq66nqj2fj5g6u9z,614,1856291.860988,2.41,3,173,0.0,170.0,170.0,769.475656,760.031348,9.444308,939.475656,3.07162082,22783.554427,ASTCH,,,,False,,,,,0.012273691926265082,hollow,False,170.0,170.0,0.0,769.475656,18.09520011660632,18.09520011660632,0.0,1833508.306561,0.04196739405251229,179.444308,18.09520011660632,pool1q2fh3cl6rx0wv5gry4qx5l4h65qpjf7x99xmq66nqj2fj5g6u9z
pool16ajaae2n5lsyr4f9k9uz5y8tpf0996tw640dzu7chwp2wdrnz6a,614,75699278.183573,98.43,66,5473,0.0,170.0,170.0,20537.731318,20383.268805,154.462513,20707.731318,2.000008693,569310.297272,BLADE,,,,False,,,,,0.007520683300194827,hollow,False,170.0,170.0,0.0,20537.731318,0.8209494192742839,0.8209494192742839,0.0,75129967.886301,0.027336270593221957,324.462513,0.8209494192742839,pool16ajaae2n5lsyr4f9k9uz5y8tpf0996tw640dzu7chwp2wdrnz6a
pool1qkd5y9azf2xx0gmrj68lrkcn59ldjmnpzd3y2rq3tvjp2vqljan,614,10516763.793146,13.68,11,531,0.01,340.0,371.066674,3075.600694,3021.11294,54.487754,3446.667368,2.15749881,186316.374251,AMOON,,,,False,,,,,0.017716131874372456,hollow,False,371.066674,340.0,31.06667368,3075.6006939999997,10.765955468900357,9.864601474359622,0.9013539852564038,10330447.418894999,0.029772192522605986,425.554428,10.765955468900357,pool1qkd5y9azf2xx0gmrj68lrkcn59ldjmnpzd3y2rq3tvjp2vqljan
pool17taqml487n9t4r9a6ppvf9qv0qlw2lu4zcrzwfdsfcv6xp7uqym,614,19080615.306906,24.81,12,1420,0.0169,240.0,299.463672,3459.096795,3449.90638,9.190415,3758.560467,1.332080542,50694.891496,PSB,,,,False,,,,,0.0026568792819617083,hollow,False,299.463672,240.0,59.46367189229999,3459.096795,7.967509758836614,6.385423411627662,1.5820863443434925,19029920.41541,0.01817714798323014,308.65408699999995,7.967509758836614,pool17taqml487n9t4r9a6ppvf9qv0qlw2lu4zcrzwfdsfcv6xp7uqym
pool19rjjay24ez2ezgqkyqvna6uwc5ur9lt489gwvrv7ve5exlcld3x,614,1486848.230552,1.93,2,62,0.0,340.0,340.0,286.362634,279.023193,7.339441,626.362634,1.415751507,38107.743690999996,MBCG,,,,False,,,,,0.02562988132073998,hollow,False,340.0,340.0,0.0,286.36263399999996,54.281654355518285,54.281654355518285,0.0,1448740.486861,0.019766316783240083,347.339441,54.281654355518285,pool19rjjay24ez2ezgqkyqvna6uwc5ur9lt489gwvrv7ve5exlcld3x
pool1x5dfpgp987e4jhxvgczr3wv50nv2pwd873tlx3uthvcasm422q6,614,11129493.626752,14.47,16,1116,0.02,340.0,433.42825,4577.984267,4553.072992,24.911275,5011.412517,3.047669306,60561.528831999996,QXT,,,,False,,,,,0.005441534975717858,hollow,False,433.42825,340.0,93.42825033999999,4577.984267,8.648824029746104,6.784514322990426,1.8643097135401914,11068932.09792,0.041358861238838605,458.339525,8.648824029746104,pool1x5dfpgp987e4jhxvgczr3wv50nv2pwd873tlx3uthvcasm422q6
pool1t847w2hfv33qrra7q33nzq8epvcxv6ydshcq7w7j23c87xv2c2k,614,3505789.359674,4.56,4,1236,0.0,340.0,340.0,912.609355,912.423283,0.186072,1252.609355,1.918217639,714.797801,CAPO,,,,False,,,,,0.0002038906869939466,hollow,False,340.0,340.0,0.0,912.609355,27.14333871472643,27.14333871472643,0.0,3505074.561873,0.026036802895066824,340.186072,27.14333871472643,pool1t847w2hfv33qrra7q33nzq8epvcxv6ydshcq7w7j23c87xv2c2k
pool1dhf4dt395f0c0ujnscazvzvw73ynzgwvtf5k4y9c907hwjdyaq4,614,7368977.64869,9.58,7,208,0.0,340.0,340.0,1852.152685,1838.779536,13.373149,2192.152685,1.851516874,53206.431754,JSP,JSP,,,False,,,,,0.0072203274715399125,hollow,False,340.0,340.0,0.0,1852.152685,15.509868556441358,15.509868556441358,0.0,7315771.216936001,0.025317258154714695,353.373149,15.509868556441358,pool1dhf4dt395f0c0ujnscazvzvw73ynzgwvtf5k4y9c907hwjdyaq4
pool16jefdagcsgzyek9jytzfezx5ajvfkytjgghaps64hzz6uzkpc0e,614,5857041.523507,7.62,7,34,0.01,340.0,358.521732,1833.651458,1802.857339,30.794119,2192.17319,2.311344693,98362.44233,NGS,,,,False,,,,,0.01679387826349298,hollow,False,358.521732,340.0,18.5217319,1833.651458,16.354626251039956,15.509723481291186,0.8449027651870882,5758679.081177,0.03184152879769826,389.315851,16.354626251039956,pool16jefdagcsgzyek9jytzfezx5ajvfkytjgghaps64hzz6uzkpc0e
pool13c9mnvfx4nvwvkszxcprwlv60fh3tteef50hhhv9yxptsua2v70,614,71087984.520337,92.44,97,8,1.0,340.0,37846.563687,0.0,,0.0,37846.563687,0.0,71087868.532325,DARK,BLOOM,BLOOM,Bloom,True,High pledge,declared_brand,68000000.0,Healthy core,0.9999983683879522,private,True,37846.563687,340.0,37506.563687,0.0,100.0,0.8983642552382829,99.10163574476172,115.98801200091839,0.0,37846.563687,100.0,BLOOM
pool138m7hevnvp664cmtralju857t5k7e4frpnaevtgpuykggr50kne,614,35589574.330315,46.28,33,8442,0.0399,340.0,738.752645,9595.047978,9568.059258,26.98872,10333.800623,1.987324501,100005.261958,ITC,ITC,ITC,FREE,True,Low pledge,multi_brand_fleet,10000.0,Healthy core,0.0028099594850398667,hollow,False,738.752645,340.0,398.7526448576999,9595.047977999999,7.148895860790598,3.290173793785609,3.8587220656279535,35489569.068357,0.027036248198784352,765.7413650000001,7.148895860790598,ITC
pool1m3gg43uhtetn4hmw79u8836dyq8qe4cex8qnn6mks5egza7n6tp,614,2694032.497658,3.5,4,1970,1.0,340.0,1252.61483,0.0,,0.0,1252.61483,0.0,3091.501361,ULTRA,developers.apexfusion.org,,,False,,,,,0.0011475367738464667,hollow,False,1252.61483,340.0,912.61483,0.0,100.0,27.14322007508086,72.85677992491914,2690940.996297,0.0,1252.61483,100.0,pool1m3gg43uhtetn4hmw79u8836dyq8qe4cex8qnn6mks5egza7n6tp
pool1n6z7rf722heq35v2dxvstfwezgdt8cv0mftpv4r9jay3wjk2kkt,614,2000171.992086,2.6,1,16,0.01,340.0,313.158578,0.0,,0.0,313.158578,0.0,78681.589998,,,,,False,,,,,0.03933741213721434,hollow,False,313.158578,313.158578,0.0,0.0,100.0,100.0,0.0,1921490.402088,0.0,313.158578,100.0,pool1n6z7rf722heq35v2dxvstfwezgdt8cv0mftpv4r9jay3wjk2kkt
pool1cf7mqj0xd8z4jqhr7nf565mxuvepk8euv5t6ehmuwe49kfz9llr,614,56641909.709667,73.65,55,345,0.005,340.0,424.450502,16805.649939,16767.480128,38.169811,17230.100441,2.189207198,128647.862696,TOKAI,AICHI,AICHI,AICHI,True,Material pledge,community_branded_fleet,100000.0,Healthy core,0.002271248680622148,hollow,False,424.450502,340.0,84.45050220499999,16805.649939,2.463424420846648,1.973290876418519,0.49013354561790745,56513261.846971,0.029737533084724516,462.62031299999995,2.463424420846648,AICHI
pool15cy4p3axu0m6sfrmxsp46z5cevx3ruksfwjl48730cgx24j4ydz,614,66823869.534583,86.89,82,867,0.0,170.0,170.0,25518.313846,25470.248602,48.065244,25688.313846,2.826354156,125865.19467499999,TECH,,,,False,,,,,0.0018835364601246512,hollow,False,170.0,170.0,0.0,25518.313846,0.6617795197424807,0.6617795197424807,0.0,66698004.339908004,0.03825948631978994,218.065244,0.6617795197424807,pool15cy4p3axu0m6sfrmxsp46z5cevx3ruksfwjl48730cgx24j4ydz
pool1urgvu6zk422j4xwtxa45lzpd6dm25msfthpkezr042secrtuwzc,614,35329246.034986,45.94,33,5112,0.03,340.0,639.759648,9692.228626,9692.028647,0.199979,10331.988274,2.022590695,20576.461702,CCV1,CCV,CCV,CCV,True,Minimal pledge,community_branded_fleet,500.0,Healthy core,0.0005824200630158779,hollow,False,639.759648,340.0,299.75964822,9692.228626,6.192028397960221,3.29075092792735,2.9012774721621795,35308669.573284,0.027449996681080106,639.959627,6.192028397960221,CCV
pool10fxpa6wkv0wc6wcmahcnz4wvvfx9m7547sevxrge3nfuv7yh8m0,614,4658255.061447,6.06,9,459,0.0,340.0,340.0,2478.699909,2461.994752,16.705157,2818.699909,3.959751492,31394.231679,GRANA,,,,False,,,,,0.006739483189494559,hollow,False,340.0,340.0,0.0,2478.699909,12.06229861200879,12.06229861200879,0.0,4626860.829768,0.053571957320451474,356.705157,12.06229861200879,pool10fxpa6wkv0wc6wcmahcnz4wvvfx9m7547sevxrge3nfuv7yh8m0
pool12qtv7kyrx8g0d5890alk6dkc6n6nyfx80synspvqafjrqd3ergz,614,7629367.047515,9.92,9,71,0.0,340.0,340.0,2478.809922,2463.967763,14.842159,2818.809922,2.399753681,45681.711634,ASAHI,,,,False,,,,,0.005987614876764806,hollow,False,340.0,340.0,0.0,2478.809922,12.061827842537303,12.061827842537303,0.0,7583685.335881,0.032686086146954244,354.842159,12.061827842537303,pool12qtv7kyrx8g0d5890alk6dkc6n6nyfx80synspvqafjrqd3ergz
pool1u99x2rr6trfznwakv0959llmxmtgc2nvanc067uugl3ejuvvnc8,614,9586952.825274,12.47,12,4325,0.01,340.0,374.103018,3376.198759,3339.454493,36.744266,3750.301777,2.603677765,103894.807852,,WAVE,WAVE,Wave / Wavepool,True,Minimal pledge,declared_brand,5.0,Healthy core,0.010837104317244894,hollow,False,374.103018,340.0,34.10301777,3376.198759,9.975277730829927,9.065937095653624,0.9093406290434638,9483058.017422,0.035602426483074816,410.847284,9.975277730829927,WAVE
pool1h6q8jj55dn6727yydlypu0rz4sflf2enxhs0thqydmddgu3shl5,614,5048768.097276,6.57,4,596,0.03,170.0,202.526223,1051.681199,963.28757,88.393629,1254.207422,1.532082489,424347.29079,HAZEL,,,,False,,,,,0.0840496696647547,hollow,False,202.526223,170.0,32.526222659999995,1051.6811989999999,16.147745536144658,13.55437681343908,2.5933686955968276,4624420.806486,0.022741900943031832,290.919852,16.147745536144658,pool1h6q8jj55dn6727yydlypu0rz4sflf2enxhs0thqydmddgu3shl5
pool1zwqrrwpr5zx7c3f4ukpu4r4fz5c2hkwx9vwqka5068urgqvpjzr,614,1508690.131429,1.96,1,238,0.03,170.0,174.295999,138.903959,135.221184,3.682775,313.199958,0.674338029,40000.0,CAR,,,,False,,,,,0.02651306531853087,hollow,False,174.295999,170.0,4.295998739999999,138.903959,55.65007100032881,54.278423626097684,1.3716472912170696,1468690.131429,0.009457676335364887,177.978774,55.65007100032881,pool1zwqrrwpr5zx7c3f4ukpu4r4fz5c2hkwx9vwqka5068urgqvpjzr
pool1zkdaju2rjefa52uh6yh6etsxla0x6aqs6p6wm245y5szk7k3msd,614,1740861.240589,2.26,1,635,0.025,340.0,313.170651,0.0,,0.0,313.170651,0.0,15319.770813,A3C,HETZFIN,,,False,,,,,0.008800110230391903,hollow,False,313.170651,313.170651,0.0,0.0,100.0,100.0,0.0,1725541.4697760001,0.0,313.170651,100.0,pool1zkdaju2rjefa52uh6yh6etsxla0x6aqs6p6wm245y5szk7k3msd
pool145ak0czqxe97ef38zjupk0pz5yk7pahcyrdfee2lrnsnwawj6dc,614,1183483.132566,1.54,1,1113,0.045,340.0,313.164597,0.0,,0.0,313.164597,0.0,10013.189749,TIA,heysoftwareinnovation.com,,,False,,,,,0.00846077943442222,hollow,False,313.164597,313.164597,0.0,0.0,100.0,100.0,0.0,1173469.9428170002,0.0,313.164597,100.0,pool145ak0czqxe97ef38zjupk0pz5yk7pahcyrdfee2lrnsnwawj6dc
pool15z87p296y3m7eq8pwuu8qs6h2v4d2ctnx3yd2vqpl6txkkdvl5h,614,8688168.839673,11.3,10,61,0.02,340.0,395.832937,2735.8139,2730.955388,4.858512,3131.646837,2.32494731,15429.256853,MUEN,MUEN,MUEN,MUEN,True,Low pledge,community_branded_fleet,10000.0,Healthy core,0.0017758928420618398,hollow,False,395.832937,340.0,55.832936739999994,2735.8138999999996,12.63976934829577,10.856907489789213,1.7828618502042155,8672739.58282,0.03154497922916338,400.69144900000003,12.63976934829577,MUEN
pool12ktz62g9d32nq0cdk9jyyqg6kquj7lnmx776at5h598supql0t2,614,7636040.866009,9.93,15,7,0.5,680.0,2688.735138,2008.735138,2005.04142,3.693718,4697.470276,1.938635925,14041.360861,CTEC2,CTEC,,,False,,,,,0.0018388273592803283,hollow,False,2688.735138,680.0,2008.735138,2008.735138,57.237938294939404,14.475876589878819,42.76206170506059,7621999.505148,0.026354438053207346,2692.428856,57.237938294939404,pool12ktz62g9d32nq0cdk9jyyqg6kquj7lnmx776at5h598supql0t2
pool1u2lghnv4ae3zy73ysjlgvxwj7tuqpmyfavk74j48g0gnqnyc692,614,1426970.691847,1.86,2,75,0.0,340.0,340.0,286.305178,282.040071,4.265107,626.305178,1.475290267,21257.677549,ADEN,,,,False,,,,,0.014897066681506343,hollow,False,340.0,340.0,0.0,286.30517799999996,54.28663404727592,54.28663404727592,0.0,1405713.0142980001,0.020367256693783836,344.265107,54.28663404727592,pool1u2lghnv4ae3zy73ysjlgvxwj7tuqpmyfavk74j48g0gnqnyc692
pool1k99yncea8tq9pfeks3yymyj6fwjf4apx0s490j09m4y66vtyufr,614,1757751.311843,2.29,2,82,0.0,340.0,340.0,286.321829,273.240134,13.081695,626.321829,1.196104088,80309.504455,PUMP,,,,False,,,,,0.0456887751491965,hollow,False,340.0,340.0,0.0,286.321829,54.28519081681249,54.28519081681249,0.0,1677441.807388,0.017068957488655966,353.081695,54.28519081681249,pool1k99yncea8tq9pfeks3yymyj6fwjf4apx0s490j09m4y66vtyufr
pool193rdch53x9c53rmftlqgzj22vmz6w8z8hhut2ckzd2zej45zpap,614,2009089.459866,2.61,4,85,0.01,170.0,180.826585,1071.83193,1066.405156,5.426774,1252.658515,3.970236722,10172.186825,ALLEY,,,,False,,,,,0.005063083067330637,hollow,False,180.826585,170.0,10.826585150000001,1071.83193,14.435425364110504,13.57113674352024,0.8642886325647976,1998917.2730410001,0.05362062474798654,186.253359,14.435425364110504,pool193rdch53x9c53rmftlqgzj22vmz6w8z8hhut2ckzd2zej45zpap
pool1t6ek99u2dzj8sr606uqm3uz0tt4ejr4cpvwtqfwen6p2z57rrst,614,47889416.78609,62.27,36,92,0.08,340.0,1214.679862,10058.818412,10056.690003,2.128409,11273.498274,1.544963133,10133.209087,BD0,BD,BLOCKDAEMON,Blockdaemon,True,Minimal pledge,declared_brand,200.0,Healthy core,0.00021159600110108877,hollow,False,1214.679862,340.0,874.67986192,10058.818412,10.774648937512225,3.015922757394126,7.7587261794084705,47879283.577003,0.021008707024244976,1216.8082709999999,10.774648937512225,BLOCKDAEMON
pool1rmpv0h0pecysach8tj06vxx9wku2pdm74mk9cunx759v58q0hu2,614,50389324.5222,65.52,45,235,0.035,340.0,821.234846,13268.33219,13267.287447,1.044743,14089.567036,1.94054468,3661.404679,SASA,SASA,SASA,SASA,True,Minimal pledge,community_branded_fleet,80.0,Healthy core,7.266230920374605e-05,hollow,False,821.234846,340.0,481.23484626000004,13268.332190000001,5.828673399982253,2.4131330588886946,3.4155403429388955,50385663.117521,0.026333546824723837,822.279589,5.828673399982253,SASA
pool1mh4ng2ldxk4sqfppzu6r4knxrk6e87e9c4wgrred84uy7xauzlh,614,35971332.850261,46.77,33,4603,0.03,340.0,639.819844,9694.174949,9694.037637,0.137312,10333.994793,1.98653901,503.118476,CCV2,CCV,CCV,CCV,True,Minimal pledge,community_branded_fleet,500.0,Healthy core,1.3986650928236301e-05,hollow,False,639.819844,340.0,299.81984379,9694.174949,6.191408616089091,3.290111973254601,2.901296640802362,35970829.731785,0.026950101015973813,639.9571559999999,6.191408616089091,CCV
pool1cmdq8atcy8x7lfhh09vdumveuh0ywsx0269ur774nvzkyhma37d,614,33183522.180175,43.15,44,191,0.0,340.0,340.0,13440.857281,13420.350682,20.506599,13780.857281,3.000368605,50627.812547,MOMO,,,,False,,,,,0.0015256913437973391,hollow,False,340.0,340.0,0.0,13440.857281,2.467190487987755,2.467190487987755,0.0,33132894.367628,0.04056650509269178,360.506599,2.467190487987755,pool1cmdq8atcy8x7lfhh09vdumveuh0ywsx0269ur774nvzkyhma37d
pool1jufp9k6gmyusvch65ra8yk2s7wu6cx5fsgnltl83p93ejg6h3xg,614,14072018.161339,18.3,9,827,0.0,495.0,495.0,2327.303695,2220.127437,107.176258,2822.303695,1.214528434,647649.220662,FUND,CNODE,CNODE,CNODE,True,Material pledge,community_branded_fleet,500000.0,Healthy core,0.04602390454848404,hollow,False,495.0,495.0,0.0,2327.303695,17.53886376143514,17.53886376143514,0.0,13424368.940677,0.017336410413662486,602.176258,17.53886376143514,CNODE
pool1asfgkqtmjuusclgx72xpzvpw336gkulchtstsx9lsj9uqzjckv0,614,25832596.127145,33.59,22,63,0.03,340.0,536.480643,6352.874139,6351.775448,1.098691,6889.354782,1.811237283,4467.587154,BASHO,IBEX,IBEX,IBEX,True,Minimal pledge,protocol_project,4.0,Healthy core,0.00017294379287358737,hollow,False,536.480643,340.0,196.48064346,6352.8741390000005,7.787095598584605,4.935150108517085,2.8519454967444875,25828128.539991,0.0245967265075498,537.579334,7.787095598584605,IBEX
pool1dswpls43u0s6cpt0dh2d6npm0rnxh5qcjm9xax9y6fp3uq880xm,614,2618725.339349,3.41,1,277,0.0,170.0,170.0,143.164515,142.363658,0.800857,313.164515,0.39987412,14649.047027,RELAY,relaypool.com,,,False,,,,,0.005593960850679236,hollow,False,170.0,170.0,0.0,143.164515,54.28456669172751,54.28456669172751,0.0,2604076.2923219996,0.005497708167080744,170.800857,54.28456669172751,pool1dswpls43u0s6cpt0dh2d6npm0rnxh5qcjm9xax9y6fp3uq880xm
pool1psk0c2p7pwactw00nkzjexdw0msn7g8nddc06eyvds6yswr3tjg,614,21931278.58765,28.52,21,5316,0.0399,340.0,588.788384,5986.509449,5959.158532,27.350917,6575.297833,2.0123657,100010.433979,ITC2,ITC,ITC,FREE,True,Low pledge,multi_brand_fleet,10000.0,Healthy core,0.004560173433541542,hollow,False,588.788384,340.0,248.78838353669997,5986.509448999999,8.954550789243314,5.170868432660395,3.7836823495368503,21831268.153671,0.02742172102353728,616.1393009999999,8.954550789243314,ITC
pool1ntfxj2jgvhzen8e86ed679ctukar3vj538ywyyq8ryld66jj4sx,614,11813905.222949,15.36,12,1757,0.01,340.0,374.178436,3383.665176,3383.270998,0.394178,3757.843612,2.112525647,1376.224415,XRAY2,RAY,RAY,XRAY1,True,Low pledge,protocol_project,1000.0,Healthy core,0.00011649191262569357,hollow,False,374.178436,340.0,34.17843612,3383.665176,9.957264714399722,9.047742138982871,0.9095225786101714,11812528.998534,0.028644714238753883,374.572614,9.957264714399722,RAY
pool1yt868wrp9s2x5pehe96del9m3nwasme62yw02vww3kg6zwzspcz,614,11097584.168227,14.43,13,3170,0.01,340.0,377.309966,3693.686641,3693.230532,0.456109,4070.996607,2.45905389,1370.321146,XRAY3,RAY,RAY,XRAY1,True,Low pledge,protocol_project,1000.0,Healthy core,0.00012347922982402834,hollow,False,377.309966,340.0,37.30996607,3693.6866410000002,9.26824565147568,8.35176328605572,0.9164823671394429,11096213.847081,0.033287810526215406,377.766075,9.26824565147568,RAY
pool1peayemzlkmcwn64c455mx8sxdaztq0xuv9hdxlp0kcsxz57up3z,614,3774090.655904,4.91,3,41,0.01,340.0,345.996383,593.641939,585.589701,8.052238,939.638322,1.154772753,51192.268011,AID1,,,,False,,,,,0.013564133106054926,hollow,False,345.996383,340.0,5.99638322,593.6419390000001,36.82229373782394,36.18413511236081,0.6381586488763918,3722898.387893,0.015945692768047207,354.04862099999997,36.82229373782394,pool1peayemzlkmcwn64c455mx8sxdaztq0xuv9hdxlp0kcsxz57up3z
pool18zf8txwv8lmtpq2src8wrhz0pjut5qft8h5tfxnctwc95r7jvvj,614,18564706.865184,24.14,20,1992,0.03,340.0,517.709763,5745.948999,5738.181924,7.767075,6263.658762,2.284778321,25094.707445,Malu,,,,False,,,,,0.0013517427249046562,hollow,False,517.709763,340.0,177.70976285999998,5745.948999,8.265293220326935,5.428137338238989,2.8371558798528302,18539612.157739002,0.030992822018671328,525.4768379999999,8.265293220326935,pool18zf8txwv8lmtpq2src8wrhz0pjut5qft8h5tfxnctwc95r7jvvj
pool199a44nvtjr0c5xlanz4p5c0nywu8l6k5hz3t2he0hq7wvljnsrt,614,1062913.362273,1.38,2,131,0.0,170.0,170.0,456.364556,445.434468,10.930088,626.364556,3.183215062,25457.137977,ALoop,,,,False,,,,,0.02395034146768169,hollow,False,170.0,170.0,0.0,456.364556,27.14074389611535,27.14074389611535,0.0,1037456.224296,0.04398880119589443,180.930088,27.14074389611535,pool199a44nvtjr0c5xlanz4p5c0nywu8l6k5hz3t2he0hq7wvljnsrt
pool1jq7r3evstu2c040vlry8tgvpwf0mfvft86cxecwjpwcuvvqfu2r,614,32574431.458318,42.36,37,4478,0.03,340.0,677.399848,10909.261766,10909.09319,0.168576,11586.661614,2.474499557,503.091338,CCV3,CCV,CCV,CCV,True,Minimal pledge,community_branded_fleet,500.0,Healthy core,1.544436281700732e-05,hollow,False,677.399848,340.0,337.39984842,10909.261766,5.846376381454925,2.934408644412147,2.9119677406676354,32573928.366979998,0.03349077717337481,677.568424,5.846376381454925,CCV
pool1xlfty06hg6q23qvcaxwv3p9ke7ff9n34qpr8tpxt2zflyq20ceh,614,35756125.21429,46.49,39,722,0.009,340.0,446.807999,11760.747456,11730.941744,29.805712,12207.555455,2.429737635,90387.891574,SAKE,,,,False,,,,,0.0025278995146229186,hollow,False,446.807999,340.0,106.80799909499999,11760.747456,3.660093952856019,2.785160397209107,0.8749335564251179,35665737.322716,0.032974917494582166,476.61371099999997,3.660093952856019,pool1xlfty06hg6q23qvcaxwv3p9ke7ff9n34qpr8tpxt2zflyq20ceh
pool18qddv82sx8p22uxzdrf0qx9lkewxadlr9ef45kpcf7dzz3n56qv,614,19428323.63399,25.26,15,886,0.0,170.0,170.0,4529.979097,4470.077802,59.901295,4699.979097,1.716461099,256812.307225,ALFA,,,,False,,,,,0.01321844910879006,hollow,False,170.0,170.0,0.0,4529.979097,3.6170373631770216,3.6170373631770216,0.0,19171511.326765,0.023628701043906634,229.901295,3.6170373631770216,pool18qddv82sx8p22uxzdrf0qx9lkewxadlr9ef45kpcf7dzz3n56qv
pool1r5srulgd6gpav0sympqrkt9f4ykl06lh9sgk0p20r54v7759kws,614,1102717.559261,1.43,1,121,0.0,340.0,313.21082,0.0,,0.0,313.21082,0.0,83892.663541,DOG,,,,False,,,,,0.07607810616276187,hollow,False,313.21082,313.21082,0.0,0.0,100.0,100.0,0.0,1018824.89572,0.0,313.21082,100.0,pool1r5srulgd6gpav0sympqrkt9f4ykl06lh9sgk0p20r54v7759kws
pool1s7ddsvuw09dvk7et6t842vhdfcmq893y88y3ev9attn67mruf5m,614,11692618.568369,15.2,14,1859,0.03,340.0,461.280513,3921.403241,3921.021079,0.382162,4382.683754,2.478026722,1007.81601,ELLIP,ADALITE,NUFI,NuFi,True,Minimal pledge,provider_cluster,1000.0,Healthy core,8.619249863553704e-05,hollow,False,461.280513,340.0,121.28051261999998,3921.4032409999995,10.525069543952316,7.757803644620442,2.7672658906613865,11691610.752359,0.03354031642054782,461.662675,10.525069543952316,NUFI
pool1nwfzutmm6et5yt6mdk6d3ls57qfmwje0hwcepr3dn68mu9wl0pd,614,1314703.265739,1.71,4,50,0.0,400.0,400.0,853.061905,780.574438,72.487467,1253.061905,4.849061045,111714.644508,GAIN💎,,,,False,,,,,0.08497327679885601,hollow,False,400.0,400.0,0.0,853.061905,31.921806768197936,31.921806768197936,0.0,1202988.621231,0.07091188477968102,472.487467,31.921806768197936,pool1nwfzutmm6et5yt6mdk6d3ls57qfmwje0hwcepr3dn68mu9wl0pd
pool1lfnlxfxxwvjadesxzm4c7grgs3elj70vfdnpjwjmg0ufsqnq52t,614,25447644.272295,33.09,29,85,0.0035,340.0,370.59499,8710.830628,8710.407778,0.42285,9081.425618,2.529863029,1235.308466,HISAI,,,,False,,,,,4.854313636193381e-05,hollow,False,370.59499,340.0,30.594989663,8710.830628,4.080801909178837,3.7439055749803973,0.3368963304875686,25446408.963829,0.034232062529459775,371.01784,4.080801909178837,pool1lfnlxfxxwvjadesxzm4c7grgs3elj70vfdnpjwjmg0ufsqnq52t
pool10q2fhzwe4f5k2llny65z5z2fuhrpk3x56fdc0782djdq58p9uee,614,2309365.000655,3.0,1,41,0.0,340.0,313.152609,0.0,,0.0,313.152609,0.0,26055.999882,KURIS,,,,False,,,,,0.011282755161964347,hollow,False,313.152609,313.152609,0.0,0.0,100.0,100.0,0.0,2283309.000773,0.0,313.152609,100.0,pool10q2fhzwe4f5k2llny65z5z2fuhrpk3x56fdc0782djdq58p9uee
pool1mcwcfl96ew79rmj4zxehr33p55e4e62dt4whyr2vqesswp9mmvz,614,4808823.50575,6.25,5,270,0.0,340.0,340.0,1225.768407,1224.640953,1.127454,1565.768407,1.87794755,4423.126912,MYB,,,,False,,,,,0.0009197939801099343,hollow,False,340.0,340.0,0.0,1225.768407,21.714577869880344,21.714577869880344,0.0,4804400.378838,0.025513452467432918,341.127454,21.714577869880344,pool1mcwcfl96ew79rmj4zxehr33p55e4e62dt4whyr2vqesswp9mmvz
pool104gtn3hvp9lz5l6wevhjj98e45s7rfaa4zzvk9pex7nn786qncr,614,17751938.982466,23.08,16,1929,0.0,340.0,340.0,4676.276009,4590.642455,85.633554,5016.276009,1.941341177,325050.0,PILOT,PILOT,PILOT,PILOT,True,Material pledge,community_branded_fleet,325000.0,Healthy core,0.018310675826514466,hollow,False,340.0,340.0,0.0,4676.276009,6.7779364490707,6.7779364490707,0.0,17426888.982466,0.02683368221204036,425.633554,6.7779364490707,PILOT
pool14n77mmxh6a2d9k05jamzdwsws2ayvkyje8uc7led958p63at3aj,614,9467874.948264,12.31,14,160,0.0,170.0,170.0,4217.490934,4125.833644,91.65729,4387.490934,3.30450606,205762.09072,SECUR,SECUR,SECUR,SECUR,True,Material pledge,community_branded_fleet,200000.0,Healthy core,0.021732658262214155,hollow,False,170.0,170.0,0.0,4217.490934,3.8746518809330945,3.8746518809330945,0.0,9262112.857544,0.04553486875907423,261.65729,3.8746518809330945,SECUR
pool19l206haluae6wyzm7tjpt3gln9paa5m9s4fedec2u09fqz300ht,614,50006984.890733,65.03,48,2,1.0,340.0,15031.319374,0.0,,0.0,15031.319374,0.0,0.0,ETO10,ETORO,ETORO,eToro,True,Zero pledge,declared_brand,0.0,Healthy core,0.0,hollow,False,15031.319374,340.0,14691.319374,0.0,100.0,2.2619438223640262,97.73805617763598,50006984.890733,0.0,15031.319374,100.0,ETORO
pool1jzk8rwf2fs5l02dmm6pm5tnw9stmd8jpmvsy54085vu2u2656re,614,50000222.190313,65.02,37,4,1.0,340.0,11586.642018,0.0,,0.0,11586.642018,0.0,0.0,ETO11,ETORO,ETORO,eToro,True,Zero pledge,declared_brand,0.0,Healthy core,0.0,hollow,False,11586.642018,340.0,11246.642018,0.0,100.0,2.9344136072539873,97.06558639274601,50000222.190313,0.0,11586.642018,100.0,ETORO
pool1ncg357pkgx29g6jrwunk94pwxe409ktxyrw8s0k66vwkc4qdgnu,614,2094849.817502,2.72,1,49,0.01,340.0,313.182663,0.0,,0.0,313.182663,0.0,31340.604743,BIMI1,,,,False,,,,,0.014960788349196341,hollow,False,313.182663,313.182663,0.0,0.0,100.0,100.0,0.0,2063509.212759,0.0,313.182663,100.0,pool1ncg357pkgx29g6jrwunk94pwxe409ktxyrw8s0k66vwkc4qdgnu
pool1les50pm26wpf8gym7cda470xgfswukzhyykvhyfsfl4dcu2ezj4,614,4031909.569006,5.24,6,7,0.03,340.0,386.167667,1492.754574,1482.985427,9.769147,1878.922241,2.739057227,26386.333033,SGTRS,,,,False,,,,,0.006544376202243323,hollow,False,386.167667,340.0,46.16766723,1492.754574,20.55261567367864,18.095480088577013,2.4571355973426896,4005523.235973,0.03726740518176992,395.93681399999997,20.55261567367864,pool1les50pm26wpf8gym7cda470xgfswukzhyykvhyfsfl4dcu2ezj4
pool1eaeynp2hs06v4x8q65jfm2xqcd3dc80rv220gmxvwg8m5sd6e7a,614,20786043.309499,27.03,17,410,0.0,170.0,170.0,5154.00704,5149.030656,4.976384,5324.00704,1.826325427,20069.694472,HODLR,HODLR,,,False,,,,,0.000965537027570243,hollow,False,170.0,170.0,0.0,5154.00704,3.1930836815722916,3.1930836815722916,0.0,20765973.615027,0.024819481790492003,174.976384,3.1930836815722916,pool1eaeynp2hs06v4x8q65jfm2xqcd3dc80rv220gmxvwg8m5sd6e7a
pool14hhs6ruwnuaf4fzsmx89mvmjl2qhyy5jnzyk2le03886kj6z9yp,614,3315655.998079,4.31,6,17,0.01,300.0,315.789222,1563.133016,1562.15671,0.976306,1878.922238,3.50057824,2070.901124,OKYM,,,,False,,,,,0.0006245826241322451,hollow,False,315.789222,300.0,15.789222380000002,1563.1330160000002,16.806934082388565,15.96660010364942,0.8403339989635059,3313585.096955,0.047173468320956424,316.765528,16.806934082388565,pool14hhs6ruwnuaf4fzsmx89mvmjl2qhyy5jnzyk2le03886kj6z9yp
pool1rw29y8c5md2rm4ynkrqhpm9saatd0a0xzyyc6xudelgkww5junh,614,10052290.721201,13.07,11,19,0.99999,999999.0,3444.677356,0.0,,0.0,3444.677356,0.0,44455.264748,RGDL,YUTA,YUTA,YUTA,True,Zero pledge,opaque_operational,0.0,Healthy core,0.004422401418836869,hollow,False,3444.677356,3444.677356,0.0,0.0,100.0,100.0,0.0,10007835.456453001,0.0,3444.677356,100.0,YUTA
pool18xjkr4xpscwxsatewj9lqc6z74vw90qycjd0wrypeqej673j5u8,614,5553797.211184,7.22,7,13,0.03,340.0,395.562535,1796.521959,1795.722608,0.799351,2192.084494,2.389087538,2471.12682,TAM,,,,False,,,,,0.0004449436531502717,hollow,False,395.562535,340.0,55.56253482,1796.5219590000002,18.045040512019604,15.510351034853858,2.534689468954384,5551326.084364,0.032362032633250055,396.361886,18.045040512019604,pool18xjkr4xpscwxsatewj9lqc6z74vw90qycjd0wrypeqej673j5u8
pool1h4gwh638485yd0xcw0pkrm935nvm4aecqsxjx2yzzz0u6dfj73q,614,2041482.775913,2.65,1,68,0.25,340.0,313.152486,0.0,,0.0,313.152486,0.0,46.86241,SEBA,,,,False,,,,,2.2955084683015265e-05,hollow,False,313.152486,313.152486,0.0,0.0,100.0,100.0,0.0,2041435.913503,0.0,313.152486,100.0,pool1h4gwh638485yd0xcw0pkrm935nvm4aecqsxjx2yzzz0u6dfj73q
pool14cq4fchmmqjygwjw4zexmqqd6a7caxptjnvseyu6wanjuppv4vk,614,76211487.087706,99.1,77,2216,0.0,170.0,170.0,24224.749498,22614.277027,1610.472471,24394.749498,2.34714714,5066574.428589,CH1,,,,False,,,,,0.06648045619104985,hollow,False,170.0,170.0,0.0,24224.749498,0.6968712673763566,0.6968712673763566,0.0,71144912.659117,0.03404986891201935,1780.472471,0.6968712673763566,pool14cq4fchmmqjygwjw4zexmqqd6a7caxptjnvseyu6wanjuppv4vk
pool1dl4695wfl79k7gtzt87gsf8gsqeq97yzuvaq0d4zxhz6c0nlf4g,614,56171263.050141,73.04,72,44,0.08,340.0,2116.55973,20430.436896,20425.995178,4.441718,22546.996626,2.690200252,12212.015278,BD2,BD,BLOCKDAEMON,Blockdaemon,True,Minimal pledge,declared_brand,200.0,Healthy core,0.00021740681293028796,hollow,False,2116.55973,340.0,1776.55973008,20430.436896,9.387324463247117,1.5079613734803599,7.879363090121572,56159051.034863,0.036379597802172585,2121.001448,9.387324463247117,BLOCKDAEMON
pool1ff2hr0sukqqd75jr2rh3wrmnesxqgpq42dgd6rm3ungnqp904ue,614,64462815.54219,83.82,70,39,0.08,340.0,2066.455293,19854.235873,19849.984019,4.251854,21920.691166,2.273476923,13804.931513,BD3,BD,BLOCKDAEMON,Blockdaemon,True,Minimal pledge,declared_brand,200.0,Healthy core,0.00021415340606655424,hollow,False,2066.455293,340.0,1726.45529328,19854.235873,9.426962304022453,1.5510459840215058,7.87591632127828,64449010.610677004,0.03080611429853483,2070.707147,9.426962304022453,BLOCKDAEMON
pool16e2x06wk8ufyakgrzq0c9p5tmfhl6w0c80raxr0xtg5g7aakhgh,614,3046331.019981,3.96,7,497,0.01,340.0,358.528951,1834.366156,1755.429655,78.936501,2192.895107,4.49239947,131089.791264,CDN,,,,False,,,,,0.043032024558124875,hollow,False,358.528951,340.0,18.528951069999998,1834.3661559999998,16.3495713887787,15.5046175676473,0.844953824323527,2915241.228717,0.0629233058976497,437.465452,16.3495713887787,pool16e2x06wk8ufyakgrzq0c9p5tmfhl6w0c80raxr0xtg5g7aakhgh
pool1tp7fzx8w3lrwwuwff9x7nlqr4r5n0awpq0krwnahvj387n7y22h,614,7191572.952966,9.35,8,24,0.999,345.0,2503.059675,2.16022,2.159639,0.000581,2505.219895,0.002192813,1904.62948,mtma,,,,False,,,,,0.00026484184926671417,hollow,False,2503.059675,345.0,2158.059675105,2.1602200000002085,99.91377124202504,13.77124621629272,86.14252502992358,7189668.323486,3.0046170460236184e-05,2503.0602559999998,99.91377124202504,pool1tp7fzx8w3lrwwuwff9x7nlqr4r5n0awpq0krwnahvj387n7y22h
pool16p8y0pzx8yx7vz6eqksw9xjhh3tzeymvxcstrgtk8ncw75356yw,614,1008939.111595,1.31,1,87,0.0,170.0,170.0,143.153664,143.010988,0.142676,313.153664,1.041071301,1005.574453,ZPCT,,,,False,,,,,0.0009966651519835712,hollow,False,170.0,170.0,0.0,143.153664,54.2864476910607,54.2864476910607,0.0,1007933.537142,0.01420268884056709,170.142676,54.2864476910607,pool16p8y0pzx8yx7vz6eqksw9xjhh3tzeymvxcstrgtk8ncw75356yw
pool1w728ekz4fs2f33qmqf7047hvwsmarjrv5l575ncnh7hkc0zdhgz,614,2736046.418868,3.56,1,31,0.05,200.0,205.657634,107.495056,107.487395,0.007661,313.15269,0.287211803,194.98023,LAKCV,,,,False,,,,,7.126349489372709e-05,hollow,False,205.657634,200.0,5.6576345,107.495056,65.67327714796255,63.86660769224112,1.806669615387944,2735851.4386380003,0.003929126212113136,205.66529500000001,65.67327714796255,pool1w728ekz4fs2f33qmqf7047hvwsmarjrv5l575ncnh7hkc0zdhgz
pool18j287g2sccele52hhxc0csk2ghfghwndqm9yahdqnhjks840wtq,614,4232770.585795,5.5,1,1130,0.025,340.0,313.182848,0.0,,0.0,313.182848,0.0,34344.379104,APE,,,,False,,,,,0.008113924061761885,hollow,False,313.182848,313.182848,0.0,0.0,100.0,100.0,0.0,4198426.206691001,0.0,313.182848,100.0,pool18j287g2sccele52hhxc0csk2ghfghwndqm9yahdqnhjks840wtq
pool125kh7e0y9lwya4sz5etmsk7hvga9jtfpuhw00vz9zvk6sh8xh5r,614,10006033.851822,13.01,9,58,0.0,170.0,170.0,2648.482173,2625.169374,23.312799,2818.482173,1.950753752,88076.35502,CHOCO,,,,False,,,,,0.008802324309942463,hollow,False,170.0,170.0,0.0,2648.482173,6.031615229946675,6.031615229946675,0.0,9917957.496802,0.026703907269757816,193.31279899999998,6.031615229946675,pool125kh7e0y9lwya4sz5etmsk7hvga9jtfpuhw00vz9zvk6sh8xh5r
pool189vq6ay0gku9tkqc2t3nfjk3n88mm23grmfas852jruw6fjlkaf,614,24128170.601384,31.37,25,39,0.05,340.0,714.516828,7115.819735,7100.41058,15.409155,7830.336563,2.175915489,52249.03258,WEP,WEP,WEP,ISP,True,Low pledge,multi_brand_fleet,50000.0,Healthy core,0.002165478412897287,hollow,False,714.516828,340.0,374.51682815000004,7115.819735,9.12498233315083,4.342086668491008,4.78289566657545,24075921.568804,0.02955575226752779,729.9259830000001,9.12498233315083,WEP
pool1zdtqtsu3l3ytatzyvrq48d4mpnll9c5evwfq6taxkmn9vvdz839,614,15692935.622071,20.41,16,109,0.008,340.0,377.36508,4633.269957,4628.315397,4.95456,5010.635037,2.178361936,16781.147192,RANKT,WEP,WEP,ISP,True,Low pledge,multi_brand_fleet,10000.0,Healthy core,0.0010693440409198206,hollow,False,377.36508,340.0,37.365080296,4633.269957,7.531282506377444,6.785567048674274,0.7457154636106058,15676154.474879,0.029556164201015013,382.31964,7.531282506377444,WEP
pool185ev4czpm5hc9xud25xlcz5lhpnl2jztqas6mgxujqke7j5mdzc,614,2342623.691205,3.05,1,1182,0.0,340.0,313.153707,0.0,,0.0,313.153707,0.0,3386.148562,ALDIA,,,,False,,,,,0.0014454513435993772,hollow,False,313.153707,313.153707,0.0,0.0,100.0,100.0,0.0,2339237.542643,0.0,313.153707,100.0,pool185ev4czpm5hc9xud25xlcz5lhpnl2jztqas6mgxujqke7j5mdzc
pool1mg37s4w4uzsmw27nsnz2mwfll8sdawngvy3n657t7nd0yjcd77e,614,4418819.057816,5.75,1,972,0.02,340.0,313.158586,0.0,,0.0,313.158586,0.0,5779.476311,TSC,,,,False,,,,,0.0013079232789080313,hollow,False,313.158586,313.158586,0.0,0.0,100.0,100.0,0.0,4413039.581505,0.0,313.158586,100.0,pool1mg37s4w4uzsmw27nsnz2mwfll8sdawngvy3n657t7nd0yjcd77e
pool1gntlh2yq89tpsd7kgaeuremj3s60rscqahyl52qzv0x87mt22rq,614,3697357.661536,4.81,2,226,0.0,340.0,340.0,286.329225,284.352938,1.976287,626.329225,0.566902502,25519.711251,KOR,,,,False,,,,,0.006902148395456635,hollow,False,340.0,340.0,0.0,286.32922499999995,54.284549790886736,54.284549790886736,0.0,3671837.9502850003,0.007797980980554321,341.976287,54.284549790886736,pool1gntlh2yq89tpsd7kgaeuremj3s60rscqahyl52qzv0x87mt22rq
pool1nyjw0460ww5qjtpukexuywxdz4lzhy6tm7yygn74lnlcc62hnc8,614,15507854.583656,20.17,25,5,1.0,340.0,7828.812174,0.0,,0.0,7828.812174,0.0,0.0,ETO13,ETORO,ETORO,eToro,True,Zero pledge,declared_brand,0.0,Healthy core,0.0,hollow,False,7828.812174,340.0,7488.812174,0.0,100.0,4.342932138915816,95.65706786108419,15507854.583656,0.0,7828.812174,100.0,ETORO
pool1fvgmxt3688a5zl6amhvaqk9tmvk3lhxkgdsta6yj3czuy5hjwfy,614,50000075.643364,65.02,48,1,1.0,340.0,15031.319375,0.0,,0.0,15031.319375,0.0,0.0,ETO12,ETORO,ETORO,eToro,True,Zero pledge,declared_brand,0.0,Healthy core,0.0,hollow,False,15031.319375,340.0,14691.319375,0.0,100.0,2.261943822213544,97.73805617778646,50000075.643364,0.0,15031.319375,100.0,ETORO
pool19ru9alj7n5anmzs0f9gpzlj8kaq44yhcp45mldjvldxck8f6yg6,614,2208585.852219,2.87,1,793,0.01,340.0,313.153707,0.0,,0.0,313.153707,0.0,1344.35486,XRAY4,RAY,RAY,XRAY1,True,Low pledge,protocol_project,1000.0,Subscale active,0.0006086948617593046,hollow,False,313.153707,313.153707,0.0,0.0,100.0,100.0,0.0,2207241.497359,0.0,313.153707,100.0,RAY
pool1szy2tdjj8a4av365wk3q2fqg9srllmt0383e6v9p664ng076x9e,614,1178662.58798,1.53,5,425,0.01,340.0,352.257683,1213.510641,1212.47948,1.031161,1565.768324,7.801311306,1001.547794,XRAY5,RAY,RAY,XRAY1,True,Low pledge,protocol_project,1000.0,Subscale active,0.0008497324036698742,hollow,False,352.257683,340.0,12.257683239999999,1213.5106409999999,22.497433215413547,21.714579020950996,0.78285420979049,1177661.040186,0.10304413575644292,353.288844,22.497433215413547,RAY
pool19rz6ve8nz6uvq97yspwh3fvt7w03dsjsnmft6du83hvtc324dus,614,2216126.55189,2.88,1,10,0.05,340.0,313.212211,0.0,,0.0,313.212211,0.0,50844.509949,DGK,WEP,WEP,ISP,True,Low pledge,multi_brand_fleet,50000.0,Subscale active,0.02294296321012796,hollow,False,313.212211,313.212211,0.0,0.0,100.0,100.0,0.0,2165282.0419409997,0.0,313.212211,100.0,WEP
pool1tj3u8pz6732uy2ut3s90e0j880jyu9j0ve9vtu9zj5xzglhdlqy,614,5590748.712718,7.27,6,24,0.0,340.0,340.0,1538.914913,1538.041883,0.87303,1878.914913,2.029447413,3171.646712,RPSP,JSP,,,False,,,,,0.0005673026771503869,hollow,False,340.0,340.0,0.0,1538.914913,18.09555066318216,18.09555066318216,0.0,5587577.066006,0.027541721480004864,340.87302999999997,18.09555066318216,pool1tj3u8pz6732uy2ut3s90e0j880jyu9j0ve9vtu9zj5xzglhdlqy
pool1m3h5p82m6v99nda37rmed8vrkqt43e2a8d89k76gw5ets0gdyag,614,3079175.126799,4.0,3,1434,0.045,340.0,366.977197,572.51607,570.65665,1.85942,939.493267,1.366426201,10000.375823,BANK,,,,False,,,,,0.003247745065216876,hollow,False,366.977197,340.0,26.977197014999998,572.5160699999999,39.06118435226636,36.189721836505726,2.8714625173572426,3069174.750976,0.01865374624947437,368.836617,39.06118435226636,pool1m3h5p82m6v99nda37rmed8vrkqt43e2a8d89k76gw5ets0gdyag
pool1upa4pa4qmcgaps4uactx9eas44rfwk9h0rxgua3l4xnf6wevfkt,614,1466784.209896,1.91,4,17,0.0,170.0,170.0,1082.734741,1061.346182,21.388559,1252.734741,5.534366587,29862.103209,,,,,False,,,,,0.02035889329018433,hollow,False,170.0,170.0,0.0,1082.734741,13.570310971363092,13.570310971363092,0.0,1436922.106687,0.07535096968452783,191.388559,13.570310971363092,pool1upa4pa4qmcgaps4uactx9eas44rfwk9h0rxgua3l4xnf6wevfkt
pool1tc6cy0cqknsm49cvsz0mksajfvlmh3vvcp8ngtmspycgx932w6g,614,1960479.396269,2.55,2,11,0.0,170.0,170.0,456.307409,453.501564,2.805845,626.307409,1.713412364,12055.035912,TGEM,TKGEM,,,False,,,,,0.0061490245370300805,hollow,False,170.0,170.0,0.0,456.307409,27.143220335111828,27.143220335111828,0.0,1948424.3603569998,0.02341930322182962,172.805845,27.143220335111828,pool1tc6cy0cqknsm49cvsz0mksajfvlmh3vvcp8ngtmspycgx932w6g
pool1ddywudgudfaphp8txj9qf7alj3uk6wzyd22u7cd2myhyv3lyxxx,614,1239558.224291,1.61,1,15,0.0,340.0,313.507999,0.0,,0.0,313.507999,0.0,622106.353276,SIAM,,,,False,,,,,0.5018774762531475,balanced,False,313.507999,313.507999,0.0,0.0,100.0,100.0,0.0,617451.871015,0.0,313.507999,100.0,pool1ddywudgudfaphp8txj9qf7alj3uk6wzyd22u7cd2myhyv3lyxxx
pool1ygsyw93csvam58nf63gttknj9dvj3zxh54h4eh0kals7kdf0nx6,614,1146269.592687,1.49,1,51,0.0,170.0,170.0,143.153682,138.450974,4.702708,313.153682,0.915782931,37655.831851,ELDEN,,,,False,,,,,0.03285076398365414,hollow,False,170.0,170.0,0.0,143.153682,54.28644457068845,54.28644457068845,0.0,1108613.760836,0.012912854508683756,174.702708,54.28644457068845,pool1ygsyw93csvam58nf63gttknj9dvj3zxh54h4eh0kals7kdf0nx6
pool1slwxj0t3575lx0rfw2x3z7dqf26jpls566pdwydvlk0jgw96lre,614,18432754.22137,23.97,19,36,0.99,340.0,5898.354757,56.144998,55.450582,0.694416,5954.499755,0.022237774,227976.603782,MORH,KTO,KTO,,True,Material pledge,community_branded_fleet,200000.0,Healthy core,0.012368016252161355,hollow,False,5898.354757,340.0,5558.35475745,56.14499799999976,99.05709966730866,5.709967486597034,93.34713218826893,18204777.617588002,0.00030840804089667616,5899.049173,99.05709966730866,KTO
pool1cg559cdc25fkvs73umj6w5nxlwy3mpmj02xt7p4v69eqs5ncz9k,614,2258510.568141,2.94,1,506,0.0,170.0,170.0,142.386644,130.043353,12.343291,312.386644,0.461270855,194457.06719,WOOF,,,,False,,,,,0.08609969328151489,hollow,False,170.0,170.0,0.0,142.386644,54.41974017301456,54.41974017301456,0.0,2064053.5009509998,0.006898398899757019,182.343291,54.41974017301456,pool1cg559cdc25fkvs73umj6w5nxlwy3mpmj02xt7p4v69eqs5ncz9k
pool16rahfu936wdfq34wf6t8rqxvdjxayra5f7y80xq0udnqglrqel9,614,8108661.732018,10.54,6,45,0.0,170.0,170.0,1708.95152,1702.042027,6.909493,1878.95152,1.550252515,32784.278808,4KOMA,,,,False,,,,,0.004043118321059989,hollow,False,170.0,170.0,0.0,1708.95152,9.047599056733514,9.047599056733514,0.0,8075877.453210001,0.021161186879089227,176.909493,9.047599056733514,pool16rahfu936wdfq34wf6t8rqxvdjxayra5f7y80xq0udnqglrqel9
pool1lxqewhueg4hzyad766zhdwsjet5348ww8mzejf6fprxaw8wfq5s,614,8815030.609964,11.46,6,65,0.02,340.0,370.792806,1508.847485,1476.978945,31.86854,1879.640291,1.257254246,186183.267469,YOON,,,,False,,,,,0.021121114118259468,hollow,False,370.792806,340.0,30.792805819999998,1508.847485,19.726796013865613,18.088567351315625,1.6382286529736876,8628847.342495,0.017486083889435483,402.661346,19.726796013865613,pool1lxqewhueg4hzyad766zhdwsjet5348ww8mzejf6fprxaw8wfq5s
pool1prc9hna2mgamtspchrygc66s9n4tlkvh39e3t9zccef4kzc3ns2,614,55395272.630156,72.03,58,1902,0.009,170.0,334.027015,18061.196871,16921.485856,1139.711015,18395.223886,2.40826147,3495396.976206,TERM,,,,False,,,,,0.06309919258892104,hollow,False,334.027015,170.0,164.027014974,18061.196871,1.8158355509563382,0.924152927159432,0.891682623655565,51899875.653950006,0.034800077347825774,1473.73803,1.8158355509563382,pool1prc9hna2mgamtspchrygc66s9n4tlkvh39e3t9zccef4kzc3ns2
pool193uec04jldvah7r52q86wl033g4v42x0aste8jfg9999qepaxfp,614,47254466.167255,61.45,60,1270,0.01,170.0,356.228109,18436.582775,18415.878036,20.704739,18792.810884,2.888509701,53067.919857,0AAAA,,,,False,,,,,0.0011230244284036253,hollow,False,356.228109,170.0,186.22810883999998,18436.582775,1.8955552269367477,0.9046012384700588,0.9909539876152994,47201398.247398,0.03905939963551043,376.93284800000004,1.8955552269367477,pool193uec04jldvah7r52q86wl033g4v42x0aste8jfg9999qepaxfp
pool1xn4kqt45xh3udf87kmtkdfz8xh9qn6trlqsf39eusk23ufmxhgr,614,11124403.20552,14.47,12,1031,0.02,340.0,408.356588,3349.472818,3346.477176,2.995642,3757.829406,2.221969456,9949.210741,,WAVE,WAVE,Wave / Wavepool,True,Minimal pledge,declared_brand,5.0,Healthy core,0.0008943590552402072,hollow,False,408.356588,340.0,68.35658812,3349.4728179999997,10.866820812780665,9.047776342830609,1.819044473143388,11114453.994779,0.030136188602457755,411.35222999999996,10.866820812780665,WAVE
pool1cyq3v3v43hu7spwlfxdm6vq9djpsjjueerhlu5qr2rvd57vqk84,614,17903918.189771,23.28,20,907,0.02,340.0,458.460988,5804.5884,5801.578256,3.010144,6263.049388,2.394552551,9284.588434,,WAVE,WAVE,Wave / Wavepool,True,Minimal pledge,declared_brand,5.0,Healthy core,0.0005185785779173489,hollow,False,458.460988,340.0,118.46098776000001,5804.588400000001,7.320092172327605,5.4286654780567405,1.8914266904388652,17894633.601337,0.03243759290811246,461.471132,7.320092172327605,WAVE
pool1fkg3cr9en57ccsmnde20eevkaeu3elp0h4yyqk3udkkxzhl70ju,614,2330608.553035,3.03,3,7,0.03,340.0,357.983834,581.477284,579.861403,1.615881,939.461118,1.837775935,6476.588281,ADMON,,,,False,,,,,0.0027789258185661253,hollow,False,357.983834,340.0,17.983833540000003,581.477284,38.105231514222176,36.19096027346178,1.9142711917961464,2324131.964754,0.02501911650535503,359.599715,38.105231514222176,pool1fkg3cr9en57ccsmnde20eevkaeu3elp0h4yyqk3udkkxzhl70ju
pool1nt65pu06tlggjeaer8862fdju98ddrrxa9wnw3k4lhfvgrrgt85,614,2777834.590808,3.61,4,37,0.0,340.0,340.0,912.730994,904.510383,8.220611,1252.730994,2.427202441,25018.871166,FIXA,,,,False,,,,,0.009006609410361853,hollow,False,340.0,340.0,0.0,912.730994,27.140703122094223,27.140703122094223,0.0,2752815.719642,0.033156269324075914,348.220611,27.140703122094223,pool1nt65pu06tlggjeaer8862fdju98ddrrxa9wnw3k4lhfvgrrgt85
pool1vtpn0drn5t39frknedmqq2jkhsfstwketsnvdm7cjzz674s30v2,614,27582192.550174,35.87,26,1613,0.015,340.0,458.213838,7762.708683,6948.568722,814.139961,8220.922521,2.075460952,2892773.743444,BLISS,,,,False,,,,,0.10487831009742374,balanced,False,458.213838,340.0,118.213837815,7762.708683000001,5.573752055557172,4.135788886605905,1.4379631667009114,24689418.806730002,0.03144143952422238,1272.353799,5.573752055557172,pool1vtpn0drn5t39frknedmqq2jkhsfstwketsnvdm7cjzz674s30v2
pool1q8a7ym63gurl72wr32je0tv0lp4p2uh8vzzc6rn6un7ryslvqmu,614,5736528.487618,7.46,8,394,0.02,340.0,383.288012,2121.112603,2101.248811,19.863792,2504.400615,2.735460934,53618.607508999994,LSSP,,,,False,,,,,0.009346873745111348,hollow,False,383.288012,340.0,43.2880123,2121.112603,15.304580653123661,13.576102719492425,1.7284779456101513,5682909.880109,0.03732441034168426,403.15180399999997,15.304580653123661,pool1q8a7ym63gurl72wr32je0tv0lp4p2uh8vzzc6rn6un7ryslvqmu
pool1hkr5zcthjvcn3ffncc4jqk5ctxxfrk37h7uddqnvxd4cu872nrt,614,6178045.499717,8.03,9,20,0.9999,20000.0,2818.373481,0.0,,0.0,2818.373481,0.0,8413.703434,PONTA,irota1.github.io,,,False,,,,,0.0013618713935314023,hollow,False,2818.373481,2818.373481,0.0,0.0,100.0,100.0,0.0,6169631.796283,0.0,2818.373481,100.0,pool1hkr5zcthjvcn3ffncc4jqk5ctxxfrk37h7uddqnvxd4cu872nrt
pool18gysxqfwz4j8rm3vlh6677vs9n23prvfr7gwe88mhn5uudgx9ng,614,5355332.002557,6.96,3,331,0.01949,170.0,184.998146,754.532173,749.842377,4.689796,939.530319,1.033757794,33286.052146,,,,,False,,,,,0.006215497401488269,hollow,False,184.998146,170.0,14.99814591731,754.532173,19.69049239378511,18.094147316176183,1.5963450688077263,5322045.950411,0.014177483246677539,189.687942,19.69049239378511,pool18gysxqfwz4j8rm3vlh6677vs9n23prvfr7gwe88mhn5uudgx9ng
pool1k633phcvz2hjhj45evwwau4w576jpq83acg5h84w23jauqu56cw,614,74259561.433274,96.56,73,1885,0.0,340.0,340.0,22520.422996,22517.084259,3.338737,22860.422996,2.238188279,11008.965044999999,NORTH,NORTH,NORTH,NORTH,True,Low pledge,opaque_fleet,10000.0,Healthy core,0.0001482497988476826,hollow,False,340.0,340.0,0.0,22520.422996,1.4872865653426075,1.4872865653426075,0.0,74248552.468229,0.030331127338322866,343.338737,1.4872865653426075,NORTH
pool16j3mvwws7zc9pjluyhddgea0tq647v0dh3y4nkcuckg9znjcun2,614,20924292.869729,27.21,22,4303,0.0399,340.0,600.866354,6277.137512,6246.511888,30.625624,6878.003866,2.213767216,100007.471898,ITC3,ITC,ITC,FREE,True,Material pledge,multi_brand_fleet,100000.0,Healthy core,0.004779491116886438,hollow,False,600.866354,340.0,260.8663542534,6277.137512,8.736057229776497,4.943294691657854,3.792762541802851,20824285.397831,0.030143351342340946,631.491978,8.736057229776497,ITC
pool1v5u6wzakuc25q3zpx04t8gjz3rgu60wuxkv2mh5nga23xjkc86s,614,41559232.678801,54.04,38,1459,0.0,340.0,340.0,11569.054848,11428.802343,140.252505,11909.054848,2.05263801,503825.611649,MOKSH,,,,False,,,,,0.012123073001441555,hollow,False,340.0,340.0,0.0,11569.054848,2.8549704769988478,2.8549704769988478,0.0,41055407.067152,0.028179125904359326,480.25250500000004,2.8549704769988478,pool1v5u6wzakuc25q3zpx04t8gjz3rgu60wuxkv2mh5nga23xjkc86s
pool1xtrwqwu6jn896szjwsyxxjczl6hc9sq4lh5ax68f7dt3gc0y9rx,614,3279087.690477,4.26,2,1122,0.04,340.0,351.45242,274.858082,274.648505,0.209577,626.310502,0.613747137,2500.0,NERD2,NERD,,,False,,,,,0.0007624071802838343,hollow,False,351.45242,340.0,11.452420080000001,274.858082,56.11472566366131,54.2861725796193,1.8285530968152282,3276587.690477,0.008388546499116788,351.66199700000004,56.11472566366131,pool1xtrwqwu6jn896szjwsyxxjczl6hc9sq4lh5ax68f7dt3gc0y9rx
pool149d5lzg7m6susau4f4yfdztgkty34qrcdpvd3ygsetmljgxxf8g,614,22338586.633263,29.05,15,1257,0.0,340.0,340.0,4355.697768,4355.559085,0.138683,4695.697768,1.433430999,710.992521,TERA3,TERA,TERA,TERA,True,Minimal pledge,community_branded_fleet,300.0,Healthy core,3.182799935700969e-05,hollow,False,340.0,340.0,0.0,4355.697768,7.240670434903509,7.240670434903509,0.0,22337875.640742,0.01949915846095791,340.138683,7.240670434903509,TERA
pool1yvf4nxph69ztm0tgj73ummxq45kfjhecyad26e3xc2002xgzalg,614,28575946.09028,37.16,35,3274,0.03,340.0,658.610704,10301.746083,10301.564657,0.181426,10960.356787,2.666127604,20590.333896,CCV4,CCV,CCV,CCV,True,Minimal pledge,community_branded_fleet,500.0,Healthy core,0.000720547758277152,hollow,False,658.610704,340.0,318.61070361000003,10301.746083,6.0090261366415865,3.1020887969931006,2.9069373360902073,28555355.756384,0.03607640601954988,658.79213,6.0090261366415865,CCV
pool1853ffwhtuka742fq4av7s3ssdpvzhdkpw53th3es36zkwrllj9g,614,7053488.131052,9.17,10,1337,0.0,340.0,340.0,2793.026212,2741.606879,51.419333,3133.026212,2.932235019,129853.981858,ATLAS,ATLAS,ATLAS,ATLAS,True,Material pledge,community_branded_fleet,125000.0,Healthy core,0.018409895848032393,hollow,False,340.0,340.0,0.0,2793.026212,10.852127527619931,10.852127527619931,0.0,6923634.149194,0.04034046501901237,391.419333,10.852127527619931,ATLAS
pool1nz9h4raywm6mu2v8l7htuaqvmn06l3mepuaxynpzlwljsf8txhy,614,66687573.006869,86.72,59,3057,0.0,340.0,340.0,18136.709038,18133.715497,2.993541,18476.709038,2.004910797,11007.063688,NORTH,NORTH,NORTH,NORTH,True,Low pledge,opaque_fleet,10000.0,Healthy core,0.00016505419513267102,hollow,False,340.0,340.0,0.0,18136.709038,1.8401545388886151,1.8401545388886151,0.0,66676565.943181,0.027201024500055012,342.993541,1.8401545388886151,NORTH
pool1a5jd3x2udlvpm9mt4gpau4jlags6qtth6jdsguryh2zy27f5ttj,614,3795957.859249,4.94,3,318,0.02,340.0,351.990604,587.539606,584.270472,3.269134,939.53021,1.136215412,21121.097988,CRDN,CRDNS,CRDNS,,True,Low pledge,multi_brand_fleet,20000.0,Healthy core,0.005564102334944952,hollow,False,351.990604,340.0,11.9906042,587.539606,37.46453283285058,36.18829883075287,1.2762340233849425,3774836.761261,0.015564636119622033,355.259738,37.46453283285058,CRDNS
pool14qpadfdjzw6jkwxy67uhey6tjpyppsmwgz5awfsxwrtpsecslpc,614,1455119.448132,1.89,2,197,0.02,170.0,179.130227,447.381144,417.128986,30.252158,626.511371,2.269431981,98395.949689,BEADA,,,,False,,,,,0.0676205309573143,hollow,False,179.130227,170.0,9.13022742,447.38114400000006,28.591696063565937,27.134383806738597,1.457312323865228,1356723.498443,0.032975115748597454,209.382385,28.591696063565937,pool14qpadfdjzw6jkwxy67uhey6tjpyppsmwgz5awfsxwrtpsecslpc
pool1vflcm2fde9qyzcr0lkkv4httte3xep6sycasrtaxw6rt2me3vwp,614,1538518.976822,2.0,2,28,0.0,170.0,170.0,456.329228,436.614922,19.714306,626.329228,2.188483866,66466.998084,OKNW,,,,False,,,,,0.04320193581316479,hollow,False,170.0,170.0,0.0,456.32922799999994,27.14227476543694,27.14227476543694,0.0,1472051.978738,0.030999532257768102,189.714306,27.14227476543694,pool1vflcm2fde9qyzcr0lkkv4httte3xep6sycasrtaxw6rt2me3vwp
pool1xjqjwe0t7uw7wfdygvt99e5wjcuz6ex6rcx2p067aqxp6tsgwgm,614,19560070.54991,25.43,24,28,0.3,340.0,2492.698781,5022.963823,5017.615691,5.348132,7515.662604,1.892052793,20826.302752,NVET,NVETECH,,,False,,,,,0.0010647355641616447,hollow,False,2492.698781,340.0,2152.6987811999998,5022.963823,33.16672011957177,4.523885888904121,28.642834233328763,19539244.247158002,0.02570705273685595,2498.046913,33.16672011957177,pool1xjqjwe0t7uw7wfdygvt99e5wjcuz6ex6rcx2p067aqxp6tsgwgm
pool1y9rdlv5tksudwrx47afjx47grd4tyh24zccffjtp32u0cfpegvk,614,3831816.545417,4.98,1,25,0.5,390.0,313.152609,0.0,,0.0,313.152609,0.0,617.95897,SPP,,,,False,,,,,0.00016127049995102264,hollow,False,313.152609,313.152609,0.0,0.0,100.0,100.0,0.0,3831198.586447,0.0,313.152609,100.0,pool1y9rdlv5tksudwrx47afjx47grd4tyh24zccffjtp32u0cfpegvk
pool1n940lfxkd7z73qzj5y554yrletrmgg5x2eya9tpglh3uwcqfnud,614,1370948.529103,1.78,4,461,0.0,270.0,270.0,982.614592,981.508361,1.106231,1252.614592,5.369530986,1543.419306,FUNON,,,,False,,,,,0.0011258039767618746,hollow,False,270.0,270.0,0.0,982.6145919999999,21.554914155111486,21.554914155111486,0.0,1369405.109797,0.07175485069905006,271.106231,21.554914155111486,pool1n940lfxkd7z73qzj5y554yrletrmgg5x2eya9tpglh3uwcqfnud
pool1gqgyta9sku3crjzfl9kj7kxsgfkt98y98yeu09kx22zscrezuj7,614,30727747.703015,39.96,26,2157,0.019,170.0,322.596915,7878.819642,7340.268108,538.551534,8201.416557,1.889156515,2099847.65276,FORTE,,,,False,,,,,0.06833718087817947,hollow,False,322.596915,170.0,152.596914583,7878.819642,3.9334292162572817,2.072812651552287,1.8606165596205066,28627900.050255,0.02752147250817938,861.148449,3.9334292162572817,pool1gqgyta9sku3crjzfl9kj7kxsgfkt98y98yeu09kx22zscrezuj7
pool1gslrt6mmljsqkzft6nd0q7w7g2fyhxpxx6sj4ff68x22kwx6unm,614,1030102.773422,1.34,2,181,0.0,170.0,170.0,456.421163,417.190894,39.230269,626.421163,3.286645705,88539.280187,GOOF,,,,False,,,,,0.08595188991955884,hollow,False,170.0,170.0,0.0,456.421163,27.138291303226612,27.138291303226612,0.0,941563.493235,0.048474815164279546,209.230269,27.138291303226612,pool1gslrt6mmljsqkzft6nd0q7w7g2fyhxpxx6sj4ff68x22kwx6unm
pool1f6lnuxzw90mmd399nxqjvzyyxgmf4h3cp7j6pp5s7xmps86arct,614,2509673.453774,3.26,3,212,0.01,170.0,177.695481,761.85259,750.725409,11.127181,939.548071,2.240427493,36654.842906,DYNO,,,,False,,,,,0.01460542320789947,hollow,False,177.695481,170.0,7.695480710000001,761.8525900000001,18.91286741836118,18.093805441914423,0.8190619455808558,2473018.610868,0.030806585387264794,188.822662,18.91286741836118,pool1f6lnuxzw90mmd399nxqjvzyyxgmf4h3cp7j6pp5s7xmps86arct
pool1jayej3rwf5ynfmmu7583x3w2j73dcedtflgnazdezfn3kl6062x,614,1770648.329129,2.3,2,19,0.9999,340.0,626.278163,0.028631,0.025985,0.002646,626.306794,0.000118038,163058.266812,TAX,no-tax.biz,,,False,,,,,0.09208958330659031,hollow,False,626.278163,340.0,286.27816332059996,0.028631000000018503,99.99542859820869,54.286493976624506,45.70893467277316,1607590.062317,1.7809888647080209e-06,626.280809,99.99542859820869,pool1jayej3rwf5ynfmmu7583x3w2j73dcedtflgnazdezfn3kl6062x
pool1pgmuramw9waw9ckxsvpxmcn9p6fd4xl5jmavu8jje0x5vuc00l0,614,5220231.989153,6.79,8,12,0.03,340.0,404.95689,2100.272767,2099.392696,0.880071,2505.229657,2.979980433,2187.420628,ATRMN,atrmn.github.io,,,False,,,,,0.0004190274747454119,hollow,False,404.95689,340.0,64.95688971,2100.272767,16.16446176375438,13.571610053792366,2.5928516983862293,5218044.568525,0.040250188349650114,405.836961,16.16446176375438,pool1pgmuramw9waw9ckxsvpxmcn9p6fd4xl5jmavu8jje0x5vuc00l0
pool1mvl09pgsejrudghjhq79qurugrvqy3pceznp7f9vz63n7ku7jqx,614,14427340.795022,18.76,13,195,0.0,340.0,340.0,3730.98231,3730.71282,0.26949,4070.98231,1.90549963,1042.094153,AMZ1,FIMI,FIMI,FIDA,True,Minimal pledge,multi_brand_fleet,5.0,Healthy core,7.223050788122809e-05,hollow,False,340.0,340.0,0.0,3730.98231,8.351792616853695,8.351792616853695,0.0,14426298.700869,0.02586236696856454,340.26949,8.351792616853695,FIMI
pool1c3kxs76qj58284f923cx7ed8vw25en3nfghyurv0z9m2g3x9c4j,614,8636629.459205,11.23,7,47,0.045,340.0,423.343417,1768.732513,1764.857171,3.875342,2192.07593,1.506074045,18923.090139,NAHA,,,,False,,,,,0.0021910272089804192,hollow,False,423.343417,340.0,83.34341685,1768.732513,19.312443114139754,15.510411630677408,3.8020314766195162,8617706.369066,0.020524399849001795,427.218759,19.312443114139754,pool1c3kxs76qj58284f923cx7ed8vw25en3nfghyurv0z9m2g3x9c4j
pool1e2tl2w0x4puw0f7c04mznq4qz6kxjkwhvuvusgf2fgu7q4d6ghv,614,1323569.743643,1.72,1,85,0.0,170.0,170.0,143.156098,142.617059,0.539039,313.156098,0.792643572,4983.764828,DEV,,,,False,,,,,0.0037653964605466584,hollow,False,170.0,170.0,0.0,143.156098,54.28602575064657,54.28602575064657,0.0,1318585.978815,0.010856789037651754,170.539039,54.28602575064657,pool1e2tl2w0x4puw0f7c04mznq4qz6kxjkwhvuvusgf2fgu7q4d6ghv
pool1aq2kqdp9xf9w47vttvmqnahwd4scz2qyddsr9l4mfru4qddg3kr,614,2456006.958707,3.19,4,598,0.99,340.0,1245.113047,9.142556,6.384473,2.758083,1254.255603,0.0271781,740840.973071,NMKR,,,,False,,,,,0.30164449267726273,balanced,False,1245.113047,340.0,905.11304697,9.142556000000013,99.27107712509856,27.107712270670238,72.16336485203647,1715165.985636,0.0005330420540382781,1247.87113,99.27107712509856,pool1aq2kqdp9xf9w47vttvmqnahwd4scz2qyddsr9l4mfru4qddg3kr
pool1axngzl8clfn6pnjaf4w5r0q4tgcwktv0zcuxnn32hl995pthddr,614,7070382.629022,9.19,3,13,0.9999,7000.0,939.457827,0.0,,0.0,939.457827,0.0,7771.523947,NOSP,atrmn.github.io,,,False,,,,,0.0010991659652336218,hollow,False,939.457827,939.457827,0.0,0.0,100.0,100.0,0.0,7062611.105075001,0.0,939.457827,100.0,pool1axngzl8clfn6pnjaf4w5r0q4tgcwktv0zcuxnn32hl995pthddr
pool16cerhwlk8nq7rpuerr4g08tpgeq7awnhgxzkyalc8n8xjwzxqm3,614,4846557.321252,6.3,4,15,1.0,340.0,1252.614831,0.0,,0.0,1252.614831,0.0,9042.550292,PLNGT,,,,False,,,,,0.00186576773833845,hollow,False,1252.614831,340.0,912.6148310000001,0.0,100.0,27.14322005341161,72.85677994658839,4837514.770959999,0.0,1252.614831,100.0,pool16cerhwlk8nq7rpuerr4g08tpgeq7awnhgxzkyalc8n8xjwzxqm3
pool1ar6nsa2uzng70uf8fdrttu5jhgxzgu2f4za8h845zr435nfcruw,614,6063395.651267,7.88,6,285,0.015,170.0,195.636459,1683.460816,1674.189865,9.270951,1879.097275,2.047187558,33391.586725,1STEP,,,,False,,,,,0.005507076998681842,hollow,False,195.636459,170.0,25.636459125000002,1683.460816,10.41119380049125,9.04689726613541,1.3642965410079688,6030004.064541999,0.027918070999308105,204.90741,10.41119380049125,pool1ar6nsa2uzng70uf8fdrttu5jhgxzgu2f4za8h845zr435nfcruw
pool1l3wdq3cec23jadkt2cx384vtgd75ncau33smrptwj87n2wedc0d,614,4984197.597314,6.48,15,11,1.0,340.0,4697.305618,0.0,,0.0,4697.305618,0.0,47143.149416,PIVT,,,,False,,,,,0.009458523362196875,hollow,False,4697.305618,340.0,4357.305618,0.0,100.0,7.238192011546479,92.76180798845353,4937054.4478980005,0.0,4697.305618,100.0,pool1l3wdq3cec23jadkt2cx384vtgd75ncau33smrptwj87n2wedc0d
pool1ck8rqpxp7j8kyzutk856fnvgm8xsqmuh922wkeeg32ekjjrvtc0,614,2491420.597756,3.24,1,29,0.0,340.0,313.152692,0.0,,0.0,313.152692,0.0,1203.577305,ISPF,ISP,,,False,,,,,0.00048308876714114483,hollow,False,313.152692,313.152692,0.0,0.0,100.0,100.0,0.0,2490217.020451,0.0,313.152692,100.0,pool1ck8rqpxp7j8kyzutk856fnvgm8xsqmuh922wkeeg32ekjjrvtc0
pool1a23gmvalpdams9d42t7fur8vmknzjv7wd3nsvuvrc7dv66lnau0,614,50614809.862938,65.82,44,2781,0.025,340.0,676.193274,13111.537678,13012.134948,99.40273,13787.730952,1.908775685,382509.727215,AOS,,,,False,,,,,0.007557268875469737,hollow,False,676.193274,340.0,336.19327380000004,13111.537678,4.904311495155145,2.4659605063636727,2.4383509873409084,50232300.135723,0.026101806293109903,775.596004,4.904311495155145,pool1a23gmvalpdams9d42t7fur8vmknzjv7wd3nsvuvrc7dv66lnau0
pool10scv5quxduhrcc26wpurhk743dngspe8dc3zpkkam0svyx6ejx3,614,8616775.679148,11.2,13,24,0.2,340.0,1086.196781,2984.787126,2984.447461,0.339665,4070.983907,2.560458683,980.572761,CDNTH,,,,False,,,,,0.00011379810703125511,hollow,False,1086.196781,340.0,746.1967814,2984.7871259999997,26.681431462607847,8.351789340541847,18.329642131891628,8615795.106387,0.034643199950139696,1086.536446,26.681431462607847,pool10scv5quxduhrcc26wpurhk743dngspe8dc3zpkkam0svyx6ejx3
pool1c86ul4pnqvu7jzag8fjdy6dgrn6pt4ad4vmyq038hyg0wl2kaed,614,11432594.673734,14.87,14,436,0.02,340.0,420.882702,3963.252416,3963.227901,0.024515,4384.135118,2.562479269,70.706735,BAIDU,,,,False,,,,,6.184662101460339e-06,hollow,False,420.882702,340.0,80.88270236000001,3963.2524160000003,9.600130713854517,7.755235430679535,1.8448952913864096,11432523.966999,0.03466646934168065,420.907217,9.600130713854517,pool1c86ul4pnqvu7jzag8fjdy6dgrn6pt4ad4vmyq038hyg0wl2kaed
pool19v4jgpxxl72eaq8pefctatvts3gkhtyzd8nwvzskkm3mkdv2tpy,614,1612714.299399,2.1,1,97,0.02,340.0,313.153707,0.0,,0.0,313.153707,0.0,1456.674955,ONLY,,,,False,,,,,0.0009032442730512465,hollow,False,313.153707,313.153707,0.0,0.0,100.0,100.0,0.0,1611257.624444,0.0,313.153707,100.0,pool19v4jgpxxl72eaq8pefctatvts3gkhtyzd8nwvzskkm3mkdv2tpy
pool1f9934hk9awd25mmxl0dd2haqvda9nlquwnh5pv64hs42znl07zj,614,56727218.908133,73.76,52,8,0.03,170.0,653.418261,15630.523759,15629.127474,1.396285,16283.94202,2.031512763,5067.48175,,BD,BLOCKDAEMON,Blockdaemon,True,Minimal pledge,declared_brand,200.0,Healthy core,8.933069252357572e-05,hollow,False,653.418261,170.0,483.4182606,15630.523759,4.012654062495857,1.0439732577726286,2.968680802266821,56722151.426383,0.02755629567275162,654.8145460000001,4.012654062495857,BLOCKDAEMON
pool1mfyzxyggryp0jhgghvzas7qjdyz2rcfnm5rfq8s9uefvukrlps5,614,75485825.531516,98.16,70,9,0.03,340.0,987.420735,20933.270448,20931.204966,2.065482,21920.691183,2.04473504,7448.171422,,BD,BLOCKDAEMON,Blockdaemon,True,Minimal pledge,declared_brand,200.0,Healthy core,9.866980150982548e-05,hollow,False,987.420735,340.0,647.42073549,20933.270448,4.5045146010987445,1.551045982818634,2.953468620515441,75478377.360094,0.02773412887260555,989.486217,4.5045146010987445,BLOCKDAEMON
pool13hxlxd6qa68fmfhrvvmasa0mjg30tj9p5v2lmgmgsmrp2rgzkfp,614,68874991.559577,89.56,66,820,0.0,170.0,170.0,20515.387808,20440.482062,74.905746,20685.387808,2.197889615,251476.237288,dtDn,,,,False,,,,,0.003651198085018603,hollow,False,170.0,170.0,0.0,20515.387808,0.8218361752650009,0.8218361752650009,0.0,68623515.322289,0.029895565261630622,244.905746,0.8218361752650009,pool13hxlxd6qa68fmfhrvvmasa0mjg30tj9p5v2lmgmgsmrp2rgzkfp
pool1qvkdjemewy8phhrkdhscjcnh3947f5ae42rdfjkv6gkgkjtlfsg,614,18498939.814856,24.05,18,10,0.9999,20000.0,5636.746963,0.0,,0.0,5636.746963,0.0,31174.760734,RANMA,irota1.github.io,,,False,,,,,0.0016852187771844304,hollow,False,5636.746963,5636.746963,0.0,0.0,100.0,100.0,0.0,18467765.054122,0.0,5636.746963,100.0,pool1qvkdjemewy8phhrkdhscjcnh3947f5ae42rdfjkv6gkgkjtlfsg
pool15s7w4spg5ee7n7rprhs0dq78plw2mhjkpu5v97uvl27gz2way7z,614,61120120.664044,79.48,71,1042,0.0,170.0,170.0,22072.48845,22034.209379,38.279071,22242.48845,2.670838789,105997.147449,BALNC,,,,False,,,,,0.001734243098629163,hollow,False,170.0,170.0,0.0,22072.48845,0.7643029707856271,0.7643029707856271,0.0,61014123.516595,0.036176031347883886,208.279071,0.7643029707856271,pool15s7w4spg5ee7n7rprhs0dq78plw2mhjkpu5v97uvl27gz2way7z
pool165zu45p489lpuypt4fsuc5g8l9g9ha4dddlls84jlsp3k4vsw9p,614,4273701.755099,5.56,5,9,0.05,340.0,401.288732,1164.485904,1163.304406,1.181498,1565.774636,2.008720592,4336.137004,SWEET,,,,False,,,,,0.0010146091731428164,hollow,False,401.288732,340.0,61.28873180000001,1164.4859040000001,25.628766923006918,21.714491484456513,3.9142754257771744,4269365.618095,0.02727538487368051,402.47022999999996,25.628766923006918,pool165zu45p489lpuypt4fsuc5g8l9g9ha4dddlls84jlsp3k4vsw9p
pool19hrn8me383w9atvmjwukjxqsdvr8udpmyxau956hdc53x669j8p,614,11623330.643984,15.11,10,9,1.0,340.0,3142.845574,0.0,,0.0,3142.845574,0.0,6906267.154463,,WAVE,WAVE,Wave / Wavepool,True,Material pledge,declared_brand,1000000.0,Healthy core,0.5941728206826452,balanced,False,3142.845574,340.0,2802.845574,0.0,100.0,10.818221640055675,89.18177835994432,4717063.489521,0.0,3142.845574,100.0,WAVE
pool1398lzhvtaa0hgz305d2jz4urfkwkkt66yv476wqe6att2f7dphh,614,29966394.415879,38.97,23,2836,0.99,340.0,7133.877611,68.625026,68.620509,0.004517,7202.502637,0.016718861,0.0,,5BINARIES,5BINARIES,,True,Zero pledge,opaque_fleet,0.0,Healthy core,0.0,hollow,False,7133.877611,340.0,6793.877610629999,68.6250259999997,99.04720581916256,4.720581402544512,94.32662441148094,29966394.415879,0.0002290066167040628,7133.882128,99.04720581916256,5BINARIES
pool1k2qhlrrweu8fecd4hx4hn22lv00nrd3rjdxj6durax7m78q7ynu,614,19075546.468989,24.8,15,3479,0.99,340.0,4653.709355,43.572822,43.567747,0.005075,4697.282177,0.016676207,0.0,,5BINARIES,5BINARIES,,True,Zero pledge,opaque_fleet,0.0,Healthy core,0.0,hollow,False,4653.709355,340.0,4313.70935523,43.57282200000009,99.07238227642885,7.238228132531456,91.83415414879387,19075546.468989,0.00022842240494046217,4653.71443,99.07238227642885,5BINARIES
pool1kcvaxe4q4npwt28qlr3h84htjf4qrqglqk3cr2484ptycr0ldut,614,35010542.963398,45.53,24,4,0.05,340.0,698.782984,6816.8767,6816.8767,0.0,7515.659684,1.431386815,0.0,RRC,COINBASE,COINBASE_BISON,Coinbase / bison.run,True,Zero pledge,opaque_operational,0.0,Healthy core,0.0,hollow,False,698.782984,340.0,358.78298420000004,6816.8767,9.297693261546035,4.523887646533837,4.773805617673308,35010542.963398,0.019470925392750256,698.782984,9.297693261546035,COINBASE_BISON
pool19zz6frugmvm82ecgl5hh5vq3093d4kzr4h2r5vfmt6la7trk929,614,34555153.526116,44.93,56,7,0.05,340.0,1199.826963,16336.712303,16336.712303,0.0,17536.539266,3.510638328,0.0,CVM,COINBASE,COINBASE_BISON,Coinbase / bison.run,True,Zero pledge,opaque_operational,0.0,Healthy core,0.0,hollow,False,1199.826963,340.0,859.8269633,16336.712303,6.841868539742248,1.938808991003117,4.903059550449844,34555153.526116,0.047277209434630596,1199.826963,6.841868539742248,COINBASE_BISON
pool15kek228mhvnsncdjn77u8qtrn8hjh5wfzmh6g942xf0353yc77j,614,35018220.25141,45.54,31,11,0.05,340.0,808.386354,8899.340736,8899.340736,0.0,9707.72709,1.872257757,0.0,TIA,COINBASE,COINBASE_BISON,Coinbase / bison.run,True,Zero pledge,opaque_operational,0.0,Healthy core,0.0,hollow,False,808.386354,340.0,468.38635450000004,8899.340736,8.32724639357368,3.5023646302360154,4.8248817684882,35018220.25141,0.025413458114398806,808.386354,8.32724639357368,COINBASE_BISON
pool1vcwsfldh4gkzga4mc6p86y0vytkqfm9e2dy44hs00v34yeqnfaf,614,70076959.083157,91.12,71,11,0.05,340.0,1434.691328,20799.13524,20799.13524,0.0,22233.826568,2.18998484,0.0,FVG,COINBASE,COINBASE_BISON,Coinbase / bison.run,True,Zero pledge,opaque_operational,0.0,Healthy core,0.0,hollow,False,1434.691328,340.0,1094.6913284,20799.13524,6.452741383099918,1.5292014577883972,4.923539927110579,70076959.083157,0.029680419230689866,1434.691328,6.452741383099918,COINBASE_BISON
pool1gk20vlqg7qq868avysckjcjtwyphtjurfwlgra45670ny6r4fww,614,35011893.677949,45.53,24,11,0.05,340.0,698.782984,6816.876697,6816.876697,0.0,7515.659681,1.431331206,0.0,GCN,COINBASE,COINBASE_BISON,Coinbase / bison.run,True,Zero pledge,opaque_operational,0.0,Healthy core,0.0,hollow,False,698.782984,340.0,358.78298405000004,6816.876697,9.297693265257363,4.523887648339621,4.773805617583019,35011893.677949,0.019470174220520293,698.782984,9.297693265257363,COINBASE_BISON
pool1hyqdlnuff3rnvg9lx70ccca2xqxcezzz4998tp6chhxnx2st257,614,35011918.598943,45.53,35,4,0.05,340.0,871.016852,10089.320191,10089.320191,0.0,10960.337043,2.125600307,0.0,FCS,COINBASE,COINBASE_BISON,Coinbase / bison.run,True,Zero pledge,opaque_operational,0.0,Healthy core,0.0,hollow,False,871.016852,340.0,531.01685215,10089.320190999999,7.94698966448563,3.102094385109686,4.844895280744516,35011918.598943,0.028816816086464317,871.016852,7.94698966448563,COINBASE_BISON
pool1sdare7xfd6tmak8ghek7kwgpgj6xzu0reppmw4t46rmcs0h6vr2,614,70050831.544154,91.09,78,10,0.05,340.0,1544.294699,22881.59928,22881.59928,0.0,24425.893979,2.412749977,0.0,UTA,COINBASE,COINBASE_BISON,Coinbase / bison.run,True,Zero pledge,opaque_operational,0.0,Healthy core,0.0,hollow,False,1544.294699,340.0,1204.29469895,22881.599280000002,6.322367158097457,1.3919654293607953,4.930401728531961,70050831.544154,0.03266427931776572,1544.294699,6.322367158097457,COINBASE_BISON
pool1njjr0zn7uvydjy8067nprgwlyxqnznp9wgllfnag24nycgkda25,614,70025706.001078,91.06,60,5,0.05,340.0,1262.457461,17526.691756,17526.691757,-1e-06,18789.149217,1.843673597,0.0,FMD,COINBASE,COINBASE_BISON,Coinbase / bison.run,True,Zero pledge,opaque_operational,0.0,Healthy core,0.0,hollow,False,1262.457461,340.0,922.45746085,17526.691756,6.71907730584074,1.8095550579393753,4.909522247103031,70025706.001078,0.025028939737830262,1262.4574599999999,6.71907730584074,COINBASE_BISON
pool1xed948ze4guhrkt9zxjmecjvgkvgf8gd8skkzgtacz6gsyk9m5c,614,70326416.139096,91.45,82,10,0.05,340.0,1606.925196,24071.57873,24071.57873,0.0,25678.503926,2.529710317,0.0,WGM,COINBASE,COINBASE_BISON,Coinbase / bison.run,True,Zero pledge,opaque_operational,0.0,Healthy core,0.0,hollow,False,1606.925196,340.0,1266.9251963000002,24071.57873,6.257861441736705,1.3240646767421025,4.933796766162895,70326416.139096,0.034228359770800375,1606.925196,6.257861441736705,COINBASE_BISON
pool1fqas6yd8n3fdpz8e869qjvyensdmzletqjexcut8mxasu2sk72r,614,70057806.240246,91.1,74,10,0.05,340.0,1481.664202,21691.619828,21691.619829,-1e-06,23173.28403,2.285639108,0.0,LAG,COINBASE,COINBASE_BISON,Coinbase / bison.run,True,Zero pledge,opaque_operational,0.0,Healthy core,0.0,hollow,False,1481.664202,340.0,1141.6642015,21691.619828,6.393846465964194,1.4672068040068813,4.926639659799656,70057806.240246,0.030962459420459058,1481.6642009999998,6.393846465964194,COINBASE_BISON
pool17arsgklktp9sayk5kzaakwvl3jwyczp07guux2yd0upgqh04qjl,614,70027031.204569,91.06,79,8,0.05,340.0,1559.952323,23179.094143,23179.094143,0.0,24739.046466,2.445335169,0.0,RMH,COINBASE,COINBASE_BISON,Coinbase / bison.run,True,Zero pledge,opaque_operational,0.0,Healthy core,0.0,hollow,False,1559.952323,340.0,1219.9523233,23179.094143,6.305628331891909,1.3743456137942807,4.9312827193102855,70027031.204569,0.03310020965373676,1559.952323,6.305628331891909,COINBASE_BISON
pool16e43yxx4djcvnsunwgrm8tnph0ljrt3p9tnezu3qvtcwzh4zwwa,614,70026335.384609,91.06,73,5,0.05,340.0,1466.006577,21394.124969,21394.124969,0.0,22860.131546,2.254970515,0.0,FBA,COINBASE,COINBASE_BISON,Coinbase / bison.run,True,Zero pledge,opaque_operational,0.0,Healthy core,0.0,hollow,False,1466.006577,340.0,1126.0065773000001,21394.124969,6.412940249490899,1.4873055271612914,4.925634723641935,70026335.384609,0.030551541575745782,1466.006577,6.412940249490899,COINBASE_BISON
pool18gsrasdghtjsnzlf20pht85l4epwag74w9pfx5qvdvcpxw68sl6,614,35011706.471739,45.53,25,3,0.05,340.0,714.440609,7114.371562,7114.371563,-1e-06,7828.812171,1.494261923,0.0,GCD,COINBASE,COINBASE_BISON,Coinbase / bison.run,True,Zero pledge,opaque_operational,0.0,Healthy core,0.0,hollow,False,714.440609,340.0,374.44060855,7114.371561999999,9.125785539299025,4.342932140580028,4.782853392970999,35011706.471739,0.020319979455279132,714.440608,9.125785539299025,COINBASE_BISON
pool1j276s043qh2knv3ukmap6sra6sk7p5khuetzwx9h43wqydzsx8c,614,70336495.667642,91.46,59,8,0.05,340.0,1246.799836,17229.196891,17229.196891,0.0,18475.996727,1.804023697,0.0,UBE,COINBASE,COINBASE_BISON,Coinbase / bison.run,True,Zero pledge,opaque_operational,0.0,Healthy core,0.0,hollow,False,1246.799836,340.0,906.7998363500001,17229.196891000003,6.748214206911944,1.8402254829539948,4.9079887258523005,70336495.667642,0.024495387106591694,1246.799836,6.748214206911944,COINBASE_BISON
pool1xucruwwxsym3u9v0m4ex3az5d4vpz9xu877vsl9udpt0q237e9m,614,45396342.810206,59.03,48,4,0.05,340.0,1074.565969,13956.753403,13956.753404,-1e-06,15031.319372,2.26935013,0.0,KLF,COINBASE,COINBASE_BISON,Coinbase / bison.run,True,Zero pledge,opaque_operational,0.0,Healthy core,0.0,hollow,False,1074.565969,340.0,734.5659686,13956.753403,7.148846634192852,2.2619438226649904,4.8869028088667505,45396342.810206,0.030744224179799443,1074.5659679999999,7.148846634192852,COINBASE_BISON
pool13s5faca3kkg6jhqcll8xd9tarur3zkhalyuu92d5g87zyj4wrrc,614,70020734.454377,91.05,75,4,0.05,340.0,1497.321826,21989.114694,21989.114694,0.0,23486.43652,2.318582339,0.0,TZD,COINBASE,COINBASE_BISON,Coinbase / bison.run,True,Zero pledge,opaque_operational,0.0,Healthy core,0.0,hollow,False,1497.321826,340.0,1157.321826,21989.114694,6.37526184410712,1.447644046428547,4.9276177976785736,70020734.454377,0.03140371900601431,1497.321826,6.37526184410712,COINBASE_BISON
pool1fl20ddkpvnstlx63fal6e3ku46r76nk2s4mqtk5jnyxn2vt7hg6,614,70534660.41907,91.72,59,10,0.05,340.0,1246.799836,17229.196887,17229.196887,0.0,18475.996723,1.798910661,0.0,KOH,COINBASE,COINBASE_BISON,Coinbase / bison.run,True,Zero pledge,opaque_operational,0.0,Healthy core,0.0,hollow,False,1246.799836,340.0,906.79983615,17229.196887000002,6.748214208372913,1.8402254833523983,4.90798872583238,70534660.41907,0.02442656813633975,1246.799836,6.748214208372913,COINBASE_BISON
pool1qc05c76autq4235sq20zu4vjwtl5m0xn4mxq9kg6e66uwz95kd4,614,35025190.36525,45.54,39,26,0.05,340.0,933.647349,11279.299633,11279.299633,0.0,12212.946982,2.378310463,0.0,EGH,COINBASE,COINBASE_BISON,Coinbase / bison.run,True,Zero pledge,opaque_operational,0.0,Healthy core,0.0,hollow,False,933.647349,340.0,593.6473491,11279.299632999999,7.644734316590846,2.783930860431209,4.86080345697844,35025190.36525,0.032203392802086464,933.647349,7.644734316590846,COINBASE_BISON
pool1lev7ygxcqd4aw5em7wf7y64au4hv04yl5cew27lkjmgngj46vqk,614,70036601.558558,91.07,62,13,0.05,340.0,1293.772709,18121.681478,18121.681478,0.0,19415.454187,1.906547399,0.0,TLK,COINBASE,COINBASE_BISON,Coinbase / bison.run,True,Zero pledge,opaque_operational,0.0,Healthy core,0.0,hollow,False,1293.772709,340.0,953.77270935,18121.681478,6.663623196959621,1.751182314486641,4.912440884275669,70036601.558558,0.025874587108354136,1293.772709,6.663623196959621,COINBASE_BISON
pool14xq8v9s80ut6vmwp93tzhlydhsdqhxk3e9jerl2kl7hm2dq6pru,614,70191178.555529,91.27,82,10,0.05,340.0,1606.925196,24071.578731,24071.578731,0.0,25678.503927,2.534644727,0.0,ARH,COINBASE,COINBASE_BISON,Coinbase / bison.run,True,Zero pledge,opaque_operational,0.0,Healthy core,0.0,hollow,False,1606.925196,340.0,1266.92519635,24071.578731,6.257861441493004,1.3240646766905393,4.9337967661654725,70191178.555529,0.03429430766995416,1606.925196,6.257861441493004,COINBASE_BISON
pool1qlps2dwr0qd0a7pjqr47apewf2lq42xv03zgentgwv9mspeh57g,614,70020757.581961,91.05,69,6,0.05,340.0,1403.37608,20204.145519,20204.145519,0.0,21607.521599,2.128409576,0.0,,COINBASE,COINBASE_BISON,Coinbase / bison.run,True,Zero pledge,opaque_operational,0.0,Healthy core,0.0,hollow,False,1403.37608,340.0,1063.37607995,20204.145518999998,6.494849830741109,1.5735261373786398,4.921323693131068,70020757.581961,0.02885450860103956,1403.37608,6.494849830741109,COINBASE_BISON
pool1edqwpnln3zr9gj9sfsmyl72pen6hdwev07xgqj7uz5mkjrgfj6h,614,70197114.908193,91.28,59,8,0.05,340.0,1246.799836,17229.19689,17229.19689,0.0,18475.996726,1.807637437,0.0,TBG,COINBASE,COINBASE_BISON,Coinbase / bison.run,True,Zero pledge,opaque_operational,0.0,Healthy core,0.0,hollow,False,1246.799836,340.0,906.7998363000002,17229.196890000003,6.7482142072771865,1.8402254830535956,4.9079887258473205,70197114.908193,0.024544024227396145,1246.799836,6.7482142072771865,COINBASE_BISON
pool1ases3nklh6gyjf74r7dqm89exjfd520z9cefqru959wcccmrdlk,614,38764340.221241,50.41,39,92,1.0,340.0,13093.255725,0.0,,0.0,13093.255725,0.0,37970612.896897,MIN,,,,False,,,,,0.9795242916604816,private,True,13093.255725,340.0,12753.255725,0.0,100.0,2.596756735995088,97.40324326400491,793727.3243439943,0.0,13093.255725,100.0,pool1ases3nklh6gyjf74r7dqm89exjfd520z9cefqru959wcccmrdlk
pool164xvrnwxg0xwhkcm0fsnlzmtj3ptp5s7hne32k4dyv60x4utfje,614,10200666.877685,13.26,9,23,0.03,340.0,414.351237,2404.023331,2402.876621,1.14671,2818.374568,1.735092165,4865.679238,,BD,BLOCKDAEMON,Blockdaemon,True,Minimal pledge,declared_brand,200.0,Healthy core,0.00047699619018479764,hollow,False,414.351237,340.0,74.35123704,2404.0233310000003,14.701780299345932,12.063691031716688,2.638089269048499,10195801.198446998,0.023578562235660065,415.497947,14.701780299345932,BLOCKDAEMON
pool1lmzhzkdvkh67a8hjcexlhajkk8f7kz2tf35frjut6creqs2kedg,614,2282915.979637,2.97,2,2,1.0,340.0,626.306194,0.0,,0.0,626.306194,0.0,51257.886068,HRDIB,,,,False,,,,,0.022452813211351903,hollow,False,626.306194,340.0,286.306194,0.0,100.0,54.28654598297011,45.71345401702989,2231658.093569,0.0,626.306194,100.0,pool1lmzhzkdvkh67a8hjcexlhajkk8f7kz2tf35frjut6creqs2kedg
pool15k0zeppza4qzgf6z7wmwsgvl5rz9f6489zxhrxqa8dj6jzju6ct,614,5761777.168132,7.49,7,608,0.01,340.0,358.522375,1833.715159,1820.539487,13.175672,2192.237534,2.350082128,41399.700652,DDOS,,,,False,,,,,0.007185231126427267,hollow,False,358.522375,340.0,18.52237534,1833.7151589999999,16.354175559882556,15.50926825797154,0.8449073174202846,5720377.46748,0.032055841933938095,371.69804700000003,16.354175559882556,pool15k0zeppza4qzgf6z7wmwsgvl5rz9f6489zxhrxqa8dj6jzju6ct
pool1568zhphxsnj5mfszwgta5zlvulu67g8f4jn6d3xs2tvas8ffu76,614,2752471.189494,3.58,3,27,0.9999,20000.0,939.493969,0.0,,0.0,939.493969,0.0,21139.923674,PSPJ,WEP,WEP,ISP,True,Low pledge,multi_brand_fleet,10000.0,Subscale active,0.007680343305568353,hollow,False,939.493969,939.493969,0.0,0.0,100.0,100.0,0.0,2731331.26582,0.0,939.493969,100.0,WEP
pool143d6z506u6yfufgzrtx8ywcwx3j4s29lxv5tdugcpcwk2l83gck,614,70020403.223078,91.05,64,5,0.05,340.0,1325.087958,18716.671204,18716.671204,0.0,20041.759162,1.970209323,0.0,,COINBASE,COINBASE_BISON,Coinbase / bison.run,True,Zero pledge,opaque_operational,0.0,Healthy core,0.0,hollow,False,1325.087958,340.0,985.0879580999999,18716.671204,6.611634973203458,1.6964578670551738,4.915177106647241,70020403.223078,0.02673031051302369,1325.087958,6.611634973203458,COINBASE_BISON
pool104z3yr7faqhck6wcsczhmqrrpdeparcr8juw8unxy8tm6xp447d,614,70021484.595083,91.05,57,9,0.05,340.0,1215.484588,16634.207163,16634.207164,-1e-06,17849.691751,1.749092528,0.0,,COINBASE,COINBASE_BISON,Coinbase / bison.run,True,Zero pledge,opaque_operational,0.0,Healthy core,0.0,hollow,False,1215.484588,340.0,875.48458755,16634.207163,6.809555060982521,1.9047947983804936,4.904760260080976,70021484.595083,0.023755861874668213,1215.484587,6.809555060982521,COINBASE_BISON
pool18jqumjfevywycjj54m62g74ghds4mmuyqynpwfkaem0xktazlqw,614,13461688.648874,17.5,19,9,0.02,340.0,452.198409,5497.722041,5496.795705,0.926336,5949.92045,3.025561617,2268.220624,CEX,,,,False,,,,,0.00016849450935635217,hollow,False,452.198409,340.0,112.198409,5497.722041,7.600074871589251,5.714362113866581,1.8857127577226684,13459420.42825,0.040846647671847904,453.124745,7.600074871589251,pool18jqumjfevywycjj54m62g74ghds4mmuyqynpwfkaem0xktazlqw
pool1fpvs8h5q5kwpz4k2yd0vw90dgdxacr3ef508tzzewm0kysdt4eq,614,70000010.90707,91.02,80,5,1.0,340.0,25052.198958,0.0,,0.0,25052.198958,0.0,9.61853,SBP2,STBL,STAKEBOWL,StakeBowl,True,Zero pledge,opaque_operational,0.0,Healthy core,1.3740755001837476e-07,hollow,False,25052.198958,340.0,24712.198958,0.0,100.0,1.3571662933461843,98.64283370665382,70000001.28853999,0.0,25052.198958,100.0,STAKEBOWL
pool18gk8kvd9qf829nldqus92q9y640e6u0jdyfz04mmktwxvglgt06,614,70075631.596903,91.12,86,9,1.0,340.0,26931.113879,0.0,,0.0,26931.113879,0.0,9.61853,SBP1,STBL,STAKEBOWL,StakeBowl,True,Zero pledge,opaque_operational,0.0,Healthy core,1.3725926946087052e-07,hollow,False,26931.113879,340.0,26591.113879,0.0,100.0,1.262480272920018,98.73751972707998,70075621.97837299,0.0,26931.113879,100.0,STAKEBOWL
pool16pv24th2tzy8k70vk4ms35tff0fjxfm2dd2psk7cvs27wnjvlgh,614,43054825.204433,55.99,57,259,0.0,340.0,340.0,17510.387675,17501.914884,8.472791,17850.387675,3.012798094,20833.036194,SDG13,,,,False,,,,,0.0004838722743636872,hollow,False,340.0,340.0,0.0,17510.387675,1.9047205371129285,1.9047205371129285,0.0,43033992.168239005,0.04068966598902587,348.47279100000003,1.9047205371129285,pool16pv24th2tzy8k70vk4ms35tff0fjxfm2dd2psk7cvs27wnjvlgh
pool155p7g23vdme50kp5lfqylfx5h7ndldyz2mletvr8fqucqzyrk44,614,74479560.994759,96.85,74,111,0.04,340.0,1430.221164,26165.307947,6563.027498,19602.280449,27595.529111,2.597258057,55798036.437846996,,WAVE,WAVE,Wave / Wavepool,True,High pledge,declared_brand,50000000.0,Healthy core,0.7491724668164117,balanced,False,1430.221164,340.0,1090.22116444,26165.307947,5.18280029437773,1.2320836416376986,3.9507166543344923,18681524.556911997,0.14005981078947366,21032.501613,5.18280029437773,WAVE
pool10rdglgh4pzvkf936p2m669qzarr9dusrhmmz9nultm3uvq4eh5k,614,55630909.908498,72.34,51,93,0.05,340.0,1121.539151,14849.243868,14848.06903,1.174838,15970.783019,1.967390648,4401.382507,KILN0,ADALITE,KILN,Kiln,True,Minimal pledge,provider_cluster,100.0,Healthy core,7.91175717643198e-05,hollow,False,1121.539151,340.0,781.53915095,14849.243868000001,7.022443105424046,2.1288874790641845,4.8935556260467905,55626508.525991,0.026694545930492513,1122.7139889999999,7.022443105424046,KILN
pool1mkjtce8r8yeku0mmc9vpwl0scuwuwc8lz89ckpj3k0kwgvlunv5,614,8495354.222182,11.05,9,4150,0.05,340.0,463.924005,2354.556096,2349.918891,4.637205,2818.480101,2.043574476,16730.877588,RSNG,infinityrising.com,,,False,,,,,0.0019694149473266738,hollow,False,463.924005,340.0,123.92400505,2354.5560960000003,16.460077359971397,12.063239328153056,4.396838033592347,8478623.344594,0.02777050000105587,468.56121,16.460077359971397,pool1mkjtce8r8yeku0mmc9vpwl0scuwuwc8lz89ckpj3k0kwgvlunv5
pool1svszcjg5xaxt5mq7ue2llm26ndt74dslvev04g6kwdmvyf0t657,614,7642583.005382,9.94,10,46,0.01,340.0,367.927317,2764.8044,2728.376229,36.428171,3132.731717,2.675560155,100696.208161,ORCA,,,,False,,,,,0.013175677397299907,hollow,False,367.927317,340.0,27.927317170000002,2764.8044,11.74461620838501,10.853147690718771,0.8914685230928122,7541886.797220999,0.03665931980069977,404.35548800000004,11.74461620838501,pool1svszcjg5xaxt5mq7ue2llm26ndt74dslvev04g6kwdmvyf0t657
pool1hezakp5r240dy4fcsm7mfd3qqahcvyrhj8hl770yxmxxzdwvcre,614,3843434.623049,5.0,2,10,0.9,340.0,597.675569,28.630619,28.504573,0.126046,626.306188,0.054393946,16920.044577,HIT,,,,False,,,,,0.004402324024332516,hollow,False,597.675569,340.0,257.67556920000004,28.630619000000024,95.42865461837015,54.286546503034074,41.14210814726934,3826514.5784719996,0.0007482166450136138,597.801615,95.42865461837015,pool1hezakp5r240dy4fcsm7mfd3qqahcvyrhj8hl770yxmxxzdwvcre
pool1gr7jlqk9kmhwuztdwcwf6nyr2teeq9r8h4y62ev0xrrvyvwly64,614,1152418.470082,1.5,6,893,0.05,340.0,416.946811,1461.9894,1449.300138,12.689262,1878.936211,9.696918488,12460.416566,NEWMX,WESTBERG,WESTBERG,BCSH,True,Low pledge,community_branded_fleet,10000.0,Subscale active,0.010812406161030536,hollow,False,416.946811,340.0,76.94681055000001,1461.9894,22.19057829419841,18.095345547630195,4.095232722618491,1139958.0535159998,0.1282494031680158,429.636073,22.19057829419841,WESTBERG
pool1l6vtae673eltsx86sk4xxr3fnn9tk8e99jkrdvcmjqlc6cca4nk,614,19083466.660117,24.81,10,9,0.9999,340.0,3131.245836,0.279152,0.279065,8.7e-05,3131.524988,0.000106784,5828.63664,MUEN2,MUEN,MUEN,MUEN,True,Minimal pledge,community_branded_fleet,10.0,Healthy core,0.0003054286070665247,hollow,False,3131.245836,340.0,2791.2458355012,0.27915200000006735,99.99108574892202,10.85732993678414,89.13375579620954,19077638.023477,1.4632419362215704e-06,3131.245923,99.99108574892202,MUEN
pool165ljt7xrrpceutz5ppe96suuw0jcnrvhg0f5vu60df0r5mt0x0c,614,3476361.056584,4.52,5,535,0.99,340.0,1553.510613,12.257683,11.994415,0.263268,1565.768296,0.025743139,74596.619691,CSWP1,cswap.info,,,False,,,,,0.021458248575682,hollow,False,1553.510613,340.0,1213.51061304,12.257683000000043,99.21714579153799,21.71457940926401,77.50256638482863,3401764.4368930003,0.00036033309264634416,1553.7738809999998,99.21714579153799,pool165ljt7xrrpceutz5ppe96suuw0jcnrvhg0f5vu60df0r5mt0x0c
pool1vce30junxx06g2ha8ww02cqgy644yj69ehhg2x95qe7323zfznp,614,4240748.032625,5.51,7,20,0.0,340.0,340.0,1852.068833,1851.540367,0.528466,2192.068833,3.238788062,1210.047766,ISPJ,ISP,,,False,,,,,0.0002853382838807773,hollow,False,340.0,340.0,0.0,1852.0688329999998,15.510461846888548,15.510461846888548,0.0,4239537.984859,0.043685628943871735,340.528466,15.510461846888548,pool1vce30junxx06g2ha8ww02cqgy644yj69ehhg2x95qe7323zfznp
pool1qvudfuw9ar47up5fugs53s2g84q3c4v86z4es6uwsfzzs89rwha,614,41317694.453782,53.73,47,32,0.1,340.0,1777.816744,12940.3507,12870.432728,69.917972,14718.167444,2.312267838,223243.513711,LGNS1,,,,False,,,,,0.0054030970668201336,hollow,False,1777.816744,340.0,1437.8167444,12940.3507,12.079063176609964,2.3100701992529933,9.768992980074701,41094450.940071,0.031489289682617286,1847.734716,12.079063176609964,pool1qvudfuw9ar47up5fugs53s2g84q3c4v86z4es6uwsfzzs89rwha
pool136q98jnwt093qle4ph86vdpuwplg7gyvt20h2nq4m6ksv8xjcuj,614,45300939.710164,58.91,46,148,0.01,340.0,480.650424,13924.391995,13897.506973,26.885022,14405.042419,2.268850859,87466.421652,PNR39,strixjpn.github.io,STRIXJPN_GITHUB_IO,PNR39,True,Minimal pledge,community_branded_fleet,500.0,Healthy core,0.001930786032510833,hollow,False,480.650424,340.0,140.65042419,13924.391995,3.3366817675318363,2.360284615000827,0.9763971538499918,45213473.28851201,0.030796996961828096,507.535446,3.3366817675318363,STRIXJPN_GITHUB_IO
pool1fxra32qureulvqrhrdpnrl5yechhqreg2khrghv3tkl4z66t0rm,614,35017823.663806,45.53,48,5,0.05,340.0,1074.565969,13956.753403,13956.753404,-1e-06,15031.319372,2.951640974,0.0,,COINBASE,COINBASE_BISON,Coinbase / bison.run,True,Zero pledge,opaque_operational,0.0,Healthy core,0.0,hollow,False,1074.565969,340.0,734.5659686,13956.753403,7.148846634192852,2.2619438226649904,4.8869028088667505,35017823.663806,0.03985614165230243,1074.5659679999999,7.148846634192852,COINBASE_BISON
pool1jmx55w5ydjkn4xd58gmr9xgt5t46ngs48aek779t92e7zcqfw97,614,2186987.939211,2.84,3,413,0.01,340.0,345.995256,593.530354,565.630049,27.900305,939.52561,2.000640383,102803.63464,AAATO,,,,False,,,,,0.04700695088290632,hollow,False,345.995256,340.0,5.995256100000001,593.530354,36.82659124108389,36.18847601184602,0.6381152398815398,2084184.3045710002,0.028477824763303253,373.895561,36.82659124108389,pool1jmx55w5ydjkn4xd58gmr9xgt5t46ngs48aek779t92e7zcqfw97
pool1tn7rcvc5lln8frln5n9rfd9cg8kcrj4vlm3ycdquyx5s2mlhmtk,614,70024075.003741,91.05,67,4,0.05,340.0,1372.060831,19609.155794,19609.155794,0.0,20981.216625,2.064997592,0.0,,COINBASE,COINBASE_BISON,Coinbase / bison.run,True,Zero pledge,opaque_operational,0.0,Healthy core,0.0,hollow,False,1372.060831,340.0,1032.06083125,19609.155794000002,6.539472212326962,1.620497066861584,4.918975146656921,70024075.003741,0.028003448518173775,1372.060831,6.539472212326962,COINBASE_BISON
pool1s8347yjgmfguf0ynj69euw7r75w7usdrfheckpcrjrk2yfvnpwq,614,70043193.46752,91.08,56,7,0.05,340.0,1199.826963,16336.712305,16336.712305,0.0,17536.539268,1.717010612,0.0,,COINBASE,COINBASE_BISON,Coinbase / bison.run,True,Zero pledge,opaque_operational,0.0,Healthy core,0.0,hollow,False,1199.826963,340.0,859.8269634000001,16336.712305000001,6.841868538961949,1.9388089907820003,4.903059550460901,70043193.46752,0.023323768515174228,1199.826963,6.841868538961949,COINBASE_BISON
pool1w7dk7rn0cflzzfr4fqvjpapn0rkz5ksmerx5tgwpm2gtj2gly97,614,70017731.442791,91.05,72,5,0.05,340.0,1450.348953,21096.630108,21096.630108,0.0,22546.979061,2.223549096,0.0,,COINBASE,COINBASE_BISON,Coinbase / bison.run,True,Zero pledge,opaque_operational,0.0,Healthy core,0.0,hollow,False,1450.348953,340.0,1110.3489530499999,21096.630107999998,6.4325644206087915,1.5079625482426842,4.924601872587866,70017731.442791,0.030130410787783526,1450.348953,6.4325644206087915,COINBASE_BISON
pool1py6q7y3f7jz60mt5jhsrdx6lqtuvc02chqgvwzjzayctqhgzzge,614,5414432.846477,7.04,8,19,0.9999,500.0,2505.020341,0.200522,0.200226,0.000296,2505.220863,0.000270354,7776.430784,WSKS,,,,False,,,,,0.0014362410624521602,hollow,False,2505.020341,500.0,2005.0203409137,0.2005220000000918,99.9919958354586,19.958320137939868,80.03367569407392,5406656.415693,3.708798647128196e-06,2505.020637,99.9919958354586,pool1py6q7y3f7jz60mt5jhsrdx6lqtuvc02chqgvwzjzayctqhgzzge
pool1mq2q0fjekk5lt8j2krryf5rvwx5z4l5l0r6afhhj0mtg23ylyuk,614,1220236.096422,1.59,2,38,0.02,340.0,345.73254,280.894467,238.137935,42.756532,626.627007,1.694438871,185739.00839,KORA,,,,False,,,,,0.15221563182291323,balanced,False,345.73254,340.0,5.732540140000001,280.8944670000001,55.17357792400415,54.2587530064755,0.91482493987049,1034497.0880320001,0.027152755696428908,388.48907199999996,55.17357792400415,pool1mq2q0fjekk5lt8j2krryf5rvwx5z4l5l0r6afhhj0mtg23ylyuk
pool13k6tphjfsgqdq7h27p4x86ruchcdg2x073luw8pndh3ajxvwvja,614,66088225.920244,85.94,63,2066,0.01,340.0,533.886769,19194.79014,19193.667018,1.123122,19728.676909,2.142547946,3866.711668,BLC,BLC,BIGLAZYCAT,BigLazyCat,True,Minimal pledge,declared_brand,1000.0,Healthy core,5.8508329042852355e-05,hollow,False,533.886769,340.0,193.88676909000003,19194.79014,2.706145837668652,1.7233796344695362,0.9827662036553048,66084359.208576,0.029045889783719088,535.0098909999999,2.706145837668652,BIGLAZYCAT
pool1mt8sdg37f2h3rypyuc77k7vxrjshtvjw04zdjlae9vdzyt9uu34,614,53978035.404107,70.19,41,600,0.0,170.0,170.0,12669.502023,12665.560353,3.94167,12839.502023,1.72798473,33610.541073,ABLE,,,,False,,,,,0.0006226706996906133,hollow,False,170.0,170.0,0.0,12669.502023,1.3240388894792887,1.3240388894792887,0.0,53944424.863033995,0.023486212069492123,173.94167,1.3240388894792887,pool1mt8sdg37f2h3rypyuc77k7vxrjshtvjw04zdjlae9vdzyt9uu34
pool1phc0dedrry2jp2s2tqngcw87vzx3mychvm7qqe3470etzsf3ph7,614,1379878.990072,1.79,2,164,0.0,170.0,170.0,456.341433,449.606787,6.734646,626.341433,2.443160419,20363.609806,BROCK,,,,False,,,,,0.014757533053632085,hollow,False,170.0,170.0,0.0,456.34143300000005,27.141745866267797,27.141745866267797,0.0,1359515.380266,0.0335664781453751,176.734646,27.141745866267797,pool1phc0dedrry2jp2s2tqngcw87vzx3mychvm7qqe3470etzsf3ph7
pool1vqjyjsp6dawkj8tzmfpu39hvgnkph99qzarw4dll6yq76gpaa4d,614,1015332.410319,1.32,1,90,0.03,170.0,174.294592,138.858461,138.764094,0.094367,313.153053,1.003290798,691.21511,VFS,,,,False,,,,,0.0006807771553188497,hollow,False,174.294592,170.0,4.29459159,138.858461,55.657957133184965,54.28655361057585,1.3714033916827244,1014641.195209,0.013685474397813837,174.388959,55.657957133184965,pool1vqjyjsp6dawkj8tzmfpu39hvgnkph99qzarw4dll6yq76gpaa4d
pool12m7z9p7jqymxrvvp6z7vmfdu6j6u6y43p0m6y4xalz43sc8s4t9,614,121535027.165196,158.03,140,25,0.05,340.0,1710.457863,26038.699392,26038.699392,0.0,27749.157255,1.576138732,0.0,,COINBASE,COINBASE_BISON,Coinbase / bison.run,True,Zero pledge,opaque_operational,0.0,Healthy core,0.0,hollow,False,1710.457863,340.0,1370.45786275,26038.699392,6.163999314580266,1.225262435451934,4.938736878227404,121535027.165196,0.021424851747971388,1710.457863,6.163999314580266,COINBASE_BISON
pool1u2fuz3fn5dfphf0cu0sewm4rnera445avenggle9sl4hy7rjzgv,614,59780305.198855,77.73,39,11,0.05,340.0,933.647349,11279.299637,11279.299637,0.0,12212.946986,1.386755648,0.0,,COINBASE,COINBASE_BISON,Coinbase / bison.run,True,Zero pledge,opaque_operational,0.0,Healthy core,0.0,hollow,False,933.647349,340.0,593.6473493000001,11279.299637,7.644734314087032,2.7839308595194123,4.86080345702403,59780305.198855,0.018867919123999453,933.647349,7.644734314087032,COINBASE_BISON
pool147tju4482jtl253lgqq88fkefdugcuhaumf8m0rcj8uzxu846qm,614,53491772.576437,69.56,46,62,0.05,340.0,1043.250718,13361.76365,13361.763648,2e-06,14405.014368,1.839969252,0.0,,COINBASE,COINBASE_BISON,Coinbase / bison.run,True,Zero pledge,opaque_operational,0.0,Healthy core,0.0,hollow,False,1043.250718,340.0,703.2507184000001,13361.76365,7.242274747865077,2.3602892112019864,4.881985539439902,53491772.576437,0.024979100535333216,1043.25072,7.242274747865077,COINBASE_BISON
pool1yh7ksvg54nger73ldnf22cgwyh0dnm4aerahdd0kdukjqeacy32,614,76548536.348886,99.54,83,30,0.05,340.0,1542.930648,22855.682316,22776.030144,79.652172,24398.612964,2.203211543,0.0,,COINBASE,COINBASE_BISON,Coinbase / bison.run,True,Zero pledge,opaque_operational,0.0,Healthy core,0.0,hollow,False,1542.930648,340.0,1202.9306482,22855.682316,6.323845745971644,1.3935218387277502,4.930323908063612,76548536.348886,0.02985776529002519,1622.58282,6.323845745971644,COINBASE_BISON
pool1wvaj307ee8jfewv9qjtgk0q3elmpe5lz4n2dec2303062f7dc4c,614,56420150.127687,73.36,57,30,0.05,340.0,1215.484587,16634.207153,16634.207153,0.0,17849.69174,2.175243783,0.0,,COINBASE,COINBASE_BISON,Coinbase / bison.run,True,Zero pledge,opaque_operational,0.0,Healthy core,0.0,hollow,False,1215.484587,340.0,875.4845869999999,16634.207153,6.8095550595766206,1.9047947995543368,4.904760260022283,56420150.127687,0.029482741742718463,1215.484587,6.8095550595766206,COINBASE_BISON
pool138s0uwydwtrhkaqj4uwkh37yqw098v9v6nf5q08k9nugumlf8mw,614,10373371.539456,13.49,9,26,0.0,340.0,340.0,2478.372422,2478.116566,0.255856,2818.372422,1.759178543,1070.900539,AURA,,,,False,,,,,0.0001032355329149003,hollow,False,340.0,340.0,0.0,2478.372422,12.063700217401575,12.063700217401575,0.0,10372300.638917001,0.023894143722571207,340.255856,12.063700217401575,pool138s0uwydwtrhkaqj4uwkh37yqw098v9v6nf5q08k9nugumlf8mw
pool1l0m820vyqh5pp2yzpw973qzz23neqqd977u0uczh9fs9zqvg0je,614,72112960.121715,93.77,72,238,0.04,340.0,1396.513647,25356.327517,4572.358425,20783.969092,26752.841164,2.59958649,59109360.508611,,WAVE,WAVE,Wave / Wavepool,True,High pledge,declared_brand,50000000.0,Healthy core,0.8196773563149256,balanced,False,1396.513647,340.0,1056.51364656,25356.327517,5.2200573331225115,1.2708930536227363,3.9491642778550906,13003599.613103993,0.19499468048407084,22180.482739,5.2200573331225115,WAVE
pool1n75mtv5qwzquyq2cprnu7yqpnyg4ppagpzvcw6gk2un5vadg48a,614,1131045.274993,1.47,2,7,0.01,340.0,342.866197,283.75352,7.980535,275.772985,626.619717,1.848042983,1099234.748678,CDMS,,,,False,,,,,0.9718751079038839,private,True,342.866197,340.0,2.8661971700000004,283.75352000000004,54.71679037511039,54.259384244686956,0.45740615755313047,31810.52631500014,0.8920113964483419,618.639182,54.71679037511039,pool1n75mtv5qwzquyq2cprnu7yqpnyg4ppagpzvcw6gk2un5vadg48a
pool1kmmahq4upmm5j8fkh3xa9vd7gdffkp8pd4axucfh4w4dw549yqe,614,76112267.138167,98.97,66,2,1.0,340.0,26334.509503,0.0,,0.0,26334.509503,0.0,76112267.138167,,ADALITE,ADALITE_PLATFORM,Adalite platform cluster,True,High pledge,platform_cluster,71000000.0,Healthy core,1.0,private,True,26334.509503,340.0,25994.509503,0.0,100.0,1.2910815747727047,98.7089184252273,0.0,0.0,26334.509503,100.0,ADALITE_PLATFORM
pool1r9fpxs4kcn80kylsjxs8tg3p50nk2s66qerfqtw4x70n5740nj9,614,76151853.359557,99.02,55,2,1.0,340.0,21947.737172,0.0,,0.0,21947.737172,0.0,76151845.879644,,ADALITE,ADALITE_PLATFORM,Adalite platform cluster,True,High pledge,platform_cluster,71000000.0,Healthy core,0.9999999017763499,private,True,21947.737172,340.0,21607.737172,0.0,100.0,1.5491346435192312,98.45086535648076,7.479912996292114,0.0,21947.737172,100.0,ADALITE_PLATFORM
pool135h773klt7djljmyawkh88e8qc457wxqfhc6j9h6y9n4y3sgh7t,614,19622563.621415,25.52,20,432,0.01,170.0,230.932937,6032.360745,6026.434255,5.92649,6263.293682,2.269181178,19278.174109,,KTO,KTO,,True,Low pledge,community_branded_fleet,10000.0,Healthy core,0.0009824493109534805,hollow,False,230.932937,170.0,60.93293682000001,6032.360745000001,3.687084603164549,2.7142268689804667,0.9728577313101955,19603285.447306,0.030772192555248455,236.859427,3.687084603164549,KTO
pool1hmmt5a9vyjtkz0tk6ywyyuhumt57hts5m89m9avgyyupveaejfr,614,10874929.340552,14.14,13,24,0.0,340.0,340.0,3730.982398,3730.603624,0.378774,4070.982398,2.535677264,1104.038831,AOTA,FIMI,FIMI,FIDA,True,Minimal pledge,multi_brand_fleet,5.0,Healthy core,0.00010152147167366884,hollow,False,340.0,340.0,0.0,3730.982398,8.351792436317972,8.351792436317972,0.0,10873825.301721001,0.03431159039689094,340.378774,8.351792436317972,FIMI
pool1qmsck80ldwm23t4t5elxc857r82ph3urkt7tpyq65ntn2dv2ust,614,9724194.603496,12.64,8,120,0.0,340.0,340.0,2165.414884,2160.10825,5.306634,2505.414884,1.638688069,23830.41825,CAMP,,,,False,,,,,0.0024506315660767003,hollow,False,340.0,340.0,0.0,2165.414884,13.57060669557354,13.57060669557354,0.0,9700364.185246,0.022323026668354774,345.306634,13.57060669557354,pool1qmsck80ldwm23t4t5elxc857r82ph3urkt7tpyq65ntn2dv2ust
pool1apupv5qtfp2aa2xlrzzjzx0uj686g3n695a329nq8j5jvvzumz0,614,3959495.724125,5.15,3,19,0.01,170.0,177.69494,761.79906,759.649997,2.149063,939.494,1.414277914,11169.884816,RIDGE,,,,False,,,,,0.0028210372214679956,hollow,False,177.69494,170.0,7.694940000000001,761.79906,18.913898332506644,18.094846800511764,0.8190515319948823,3948325.8393090004,0.019294229782548116,179.84400300000001,18.913898332506644,pool1apupv5qtfp2aa2xlrzzjzx0uj686g3n695a329nq8j5jvvzumz0
pool1a8n7f97dmgtgrnl53exccknjdchqxrr9508hlxlgqp6xvjmzhej,614,66675743.522954,86.7,67,1531,0.01,170.0,378.218503,20613.631814,20570.71245,42.919364,20991.850317,2.282188978,138824.634155,HAPPY,,,,False,,,,,0.002082086030389864,hollow,False,378.218503,170.0,208.21850317000002,20613.631814,1.8017397098801922,0.8098380916060912,0.9919016190839393,66536918.888799004,0.030980742959334943,421.137867,1.8017397098801922,pool1a8n7f97dmgtgrnl53exccknjdchqxrr9508hlxlgqp6xvjmzhej
pool1dghwejqptsjtf9k8paspg9rhl8humxx0nh7sk37j0ada2dr9mqh,614,3708908.620663,4.82,6,167,0.04,170.0,238.351936,1640.446476,1634.696961,5.749515,1878.798412,3.280735994,12987.377839,YOROI,EMURGO,EMURGO,Emurgo,True,Minimal pledge,declared_brand,500.0,Healthy core,0.0035016710216706267,hollow,False,238.351936,170.0,68.35193648,1640.446476,12.68640288801777,9.048336368297932,3.638066545268083,3695921.242824,0.04438532014677236,244.101451,12.68640288801777,EMURGO
pool1m0drnjxsvnlesq0rwmur2rh6lenuql57jfzd6cf6aegj2cv7ugy,614,59983063.679128,78.0,62,1868,0.015,170.0,458.682367,18956.808775,18953.423804,3.384971,19415.491142,2.333508507,10710.670439,EMUR1,EMURGO,EMURGO,Emurgo,True,Minimal pledge,declared_brand,500.0,Healthy core,0.0001785615769193686,hollow,False,458.682367,170.0,288.68236713,18956.808774999998,2.362455647633701,0.8755894906632179,1.4868661576400517,59972353.008689,0.03160924630096383,462.067338,2.362455647633701,EMURGO
pool1xkwnlr34tjrnkz6u4c0p36cju3xuls4dyynsdkf6cv22ksuhz6q,614,19087240.569111,24.82,18,625,0.015,170.0,252.001332,5384.754115,5382.999491,1.754624,5636.755447,2.08047911,12454.053385,EMUR2,EMURGO,EMURGO,Emurgo,True,Minimal pledge,declared_brand,500.0,Healthy core,0.0006524805584079277,hollow,False,252.001332,170.0,82.00133170499998,5384.754115,4.470680595769334,3.015919381254647,1.4547612092811801,19074786.515726,0.028229695313028002,253.755956,4.470680595769334,EMURGO
pool13mas2wthxs28zftxskcsd8t87jk2w9ntc0u5uflt45sh7lcvs8h,614,43240736.81132,56.23,48,2241,0.015,170.0,392.666225,14621.748771,14618.41748,3.331291,15014.414996,2.498768491,9103.722646,EMUR3,EMURGO,EMURGO,Emurgo,True,Minimal pledge,declared_brand,500.0,Healthy core,0.00021053578910377714,hollow,False,392.666225,170.0,222.66622493999998,14621.748770999999,2.615261567664211,1.1322452459539036,1.4830163213106913,43231633.088674,0.0338218746930258,395.997516,2.615261567664211,EMURGO
pool1kx0jm9ycs3t99tnwafw6w72jkdlzhj5ltxe2nrzkd9x2u5x343h,614,12579138.466172,16.36,18,1198,0.015,170.0,251.988531,5383.913513,5381.475584,2.437929,5635.902044,3.173057349,5665.249446,EMUR6,EMURGO,EMURGO,Emurgo,True,Minimal pledge,declared_brand,500.0,Healthy core,0.00045036863702828855,hollow,False,251.988531,170.0,81.98853066000001,5383.913513,4.471130424778547,3.0163760596404003,1.454754359105394,12573473.216726,0.0428196204835271,254.42646,4.471130424778547,EMURGO
pool1pmm654jfx088td54ekkkd0j28x6r5gnjdhnutzggursrxjnpk2y,614,42676551.828406,55.49,57,2644,0.015,170.0,435.195851,17414.527547,17404.535654,9.991893,17849.723398,3.023011587,24486.306242,EMUR4,EMURGO,EMURGO,Emurgo,True,Minimal pledge,declared_brand,500.0,Healthy core,0.0005737648707059232,hollow,False,435.195851,170.0,265.19585097,17414.527546999998,2.4381097751282925,0.9523957106195154,1.4857140643407074,42652065.522164,0.04082927129976999,445.187744,2.4381097751282925,EMURGO
pool192pfftt48zc4x5aellvpufk6l6zxllpldw0rx82vrhqrqfhhqs2,614,62605105.428138,81.41,48,3289,0.015,170.0,392.282988,14596.582876,14593.411063,3.171813,14988.865864,1.716383691,10839.765317,EMUR5,EMURGO,EMURGO,Emurgo,True,Minimal pledge,declared_brand,500.0,Healthy core,0.0001731450692858037,hollow,False,392.282988,170.0,222.28298795999999,14596.582875999999,2.617162576270554,1.134175204064659,1.48298737193903,62594265.662821,0.02331936116101751,395.454801,2.617162576270554,EMURGO
pool1dmnyhw9uthknzcq4q6pwdc4vtfxz5zzrvd9eg432u60lzl959tw,614,6664162.798243,8.67,2,213,1.0,340.0,626.339103,0.0,,0.0,626.339103,0.0,54521.120333,WRFGS,,,,False,,,,,0.00818124076251175,hollow,False,626.339103,340.0,286.339103,0.0,100.0,54.283693668731395,45.716306331268605,6609641.67791,0.0,626.339103,100.0,pool1dmnyhw9uthknzcq4q6pwdc4vtfxz5zzrvd9eg432u60lzl959tw
pool1qakys0fxx5p2fxcnsc2tyjpqa88q7qgtdh5t3a32hplv6fg25r9,614,49505367.993743,64.37,49,2344,0.025,340.0,715.113118,14629.411599,14629.114611,0.296988,15344.524717,2.180345746,1004.405002,DAPP,DAPP,DAPP,DAPP,True,Low pledge,multi_brand_fleet,1000.0,Healthy core,2.028880993525686e-05,hollow,False,715.113118,340.0,375.11311792500004,14629.411599000001,4.6603797197298364,2.215774071016474,2.4446056482245884,49504363.588741004,0.029551761781111418,715.410106,4.6603797197298364,DAPP
pool15v22rpfg6qx9l0gx0m955gfv7tes0jpa9sy0gjs3a04lv6x9jdr,614,38244076.73418,49.73,43,6520,0.06,170.0,967.545417,12494.878197,12494.686984,0.191213,13462.423614,2.413282725,9.816417,,FIGMENT,FIGMENT,Figment,True,Minimal pledge,provider_cluster,2.0,Healthy core,2.5667810124506785e-07,hollow,False,967.545417,170.0,797.5454168399999,12494.878197,7.187007664755245,1.262774110177395,5.924233553389356,38244066.917763,0.03267141599733101,967.73663,7.187007664755245,FIGMENT
pool1xzu4pva0k4y6geukd9uvvl3t3s8q8alzwahf575y5fj6cnkd5y2,614,3106476.788734,4.04,6,18,1.0,170.0,1879.075031,0.0,,0.0,1879.075031,0.0,39244.149313,,,,,False,,,,,0.012633009026599999,hollow,False,1879.075031,170.0,1709.075031,0.0,100.0,9.047004360945074,90.95299563905492,3067232.639421,0.0,1879.075031,100.0,pool1xzu4pva0k4y6geukd9uvvl3t3s8q8alzwahf575y5fj6cnkd5y2
pool1fcp4d2pxh0e7q5ju63sjqcdpxpr3pvxg6ykl23t6c97d7dnvjvw,614,70010547.005613,91.04,73,68,0.03,340.0,1015.604213,21844.536218,21843.602546,0.933672,22860.140431,2.30350476,2992.367122,KILN1,ADALITE,KILN,Kiln,True,Minimal pledge,provider_cluster,100.0,Subscale active,4.274166179218813e-05,hollow,False,1015.604213,340.0,675.60421293,21844.536218,4.442685800926959,1.4873049490935562,2.9553808515271935,70007554.638491,0.0312031127651895,1016.537885,4.442685800926959,KILN
pool1v62c7d92xv6gyh4x9rhfpkwzlpw2ypxk92xvzavakg3xypatklv,614,75846015.87305,98.62,81,42,0.03,340.0,1090.76084,24274.600477,24273.595639,1.004838,25365.361317,2.363497361,3139.617356,KILN2,ADALITE,KILN,Kiln,True,Minimal pledge,provider_cluster,100.0,Healthy core,4.139462462016525e-05,hollow,False,1090.76084,340.0,750.76083951,24274.600477,4.30019831520778,1.3404106322433111,2.9597876810327004,75842876.255694,0.03200643445425443,1091.765678,4.30019831520778,KILN
pool1mtxmk0skqkr5y0wxnxps4n35j6wn9q8dfr82y423vvlp53vccux,614,75739772.67352,98.49,80,40,0.03,340.0,1081.366261,23970.842447,23969.842542,0.999905,25052.208708,2.336895104,3159.3624,KILN3,ADALITE,KILN,Kiln,True,Minimal pledge,provider_cluster,100.0,Healthy core,4.1713386355390665e-05,hollow,False,1081.366261,340.0,741.36626124,23970.842447,4.316450791241747,1.3571657651543785,2.9592850270453686,75736613.31112,0.03165026979557387,1082.3661659999998,4.316450791241747,KILN
pool1r9kse9x8ja0ajkyw8w96zw5c2aqeey6j85nmyqxhwt0rs090fu4,614,35608109.130418,46.3,33,2,1.0,340.0,10342.0681,0.0,,0.0,10342.0681,0.0,35608101.801329,UPBIT,UPBIT,UPBIT,Upbit,True,Low pledge,declared_brand,200000.0,Healthy core,0.9999997941735975,private,True,10342.0681,340.0,10002.0681,0.0,100.0,3.2875436200231554,96.71245637997684,7.329089000821114,0.0,10342.0681,100.0,UPBIT
pool1ua5exfeju4jc95yy595cykjh4x46998g8hrrvw2v5h9k7987a44,614,35684733.095296,46.4,36,2,1.0,340.0,11282.256215,0.0,,0.0,11282.256215,0.0,35684731.570363,UPBIT,UPBIT,UPBIT,Upbit,True,Low pledge,declared_brand,200000.0,Healthy core,0.9999999572665151,private,True,11282.256215,340.0,10942.256215,0.0,100.0,3.0135816233987205,96.98641837660128,1.5249330028891563,0.0,11282.256215,100.0,UPBIT
pool13z9mfsve9w39sl5akgz58yewad9daycxn8ja426ytdxey47yatu,614,35558466.183626,46.24,52,1,1.0,340.0,16296.592058,0.0,,0.0,16296.592058,0.0,35558466.183626,UPBIT,UPBIT,UPBIT,Upbit,True,Low pledge,declared_brand,200000.0,Healthy core,1.0,private,True,16296.592058,340.0,15956.592058,0.0,100.0,2.0863257716087573,97.91367422839124,0.0,0.0,16296.592058,100.0,UPBIT
pool1ek9pyk0xwjelrw7uqktvjwqj8wlcqqftjxqeq3t2vffw7qm8efs,614,35534438.603503,46.21,39,1,1.0,340.0,12222.444007,0.0,,0.0,12222.444007,0.0,35534438.603503,UPBIT,UPBIT,UPBIT,Upbit,True,Low pledge,declared_brand,200000.0,Healthy core,1.0,private,True,12222.444007,340.0,11882.444007,0.0,100.0,2.7817677037855626,97.21823229621444,0.0,0.0,12222.444007,100.0,UPBIT
pool1hnukelq3ap6pj3wnetj448efj4nalngy756jln9zd2mjsp73etg,614,35557440.341552,46.24,26,1,1.0,340.0,8148.296028,0.0,,0.0,8148.296028,0.0,35557440.341552,UPBIT,UPBIT,UPBIT,Upbit,True,Low pledge,declared_brand,200000.0,Healthy core,1.0,private,True,8148.296028,340.0,7808.296028,0.0,100.0,4.172651543729604,95.8273484562704,0.0,0.0,8148.296028,100.0,UPBIT
pool1zkdc6ve9nndk7vxnjlalhqt4hr5h8auz5qzjk7lrjrqtv23yuy5,614,64667276.724778,84.09,71,1463,0.01,170.0,390.691977,21848.505706,21814.201835,34.303871,22239.197683,2.496620016,101416.98451,CLOVR,,,,False,,,,,0.0015682890891111382,hollow,False,390.691977,170.0,220.69197683,21848.505706,1.7567719059336895,0.764416065827549,0.9923558393417246,64565859.740268,0.033839099787242005,424.995848,1.7567719059336895,pool1zkdc6ve9nndk7vxnjlalhqt4hr5h8auz5qzjk7lrjrqtv23yuy5
pool1457cnl7qu568h98xrw8krfnjkhf05mfhaq2l50epwy36yuln20q,614,70513134.457105,91.69,78,220,0.04,340.0,1431.280304,26190.727285,12569.692249,13621.035036,27622.007589,2.748019332,36671828.939119,,WAVE,WAVE,Wave / Wavepool,True,High pledge,declared_brand,35000000.0,Healthy core,0.5200708948972825,balanced,False,1431.280304,340.0,1091.28030356,26190.727285,5.181666464279675,1.2309025652986905,3.950763897388052,33841305.51798599,0.07739278046197166,15052.31534,5.181666464279675,WAVE
pool1q8x5k5wq6zsshdjcmyzcgzwaqd9mfg9fypaaew8xs597svmeyk4,614,46064274.140875,59.9,44,1,1.0,340.0,13778.709427,0.0,,0.0,13778.709427,0.0,46064274.140875,,CHUCK BUX,CHUCK_BUX,CHUCK BUX,True,Zero pledge,unresolved_label,0.0,Healthy core,1.0,private,True,13778.709427,340.0,13438.709427,0.0,100.0,2.467575078793336,97.53242492120665,0.0,0.0,13778.709427,100.0,CHUCK_BUX
pool1vhz87537anw4u0ruqsyuftyh7zxnrxptr4nnv0m6mjgeu8kp83z,614,76327717.254718,99.25,73,1,1.0,340.0,29583.326694,0.0,,0.0,29583.326694,0.0,76327717.254718,,CHUCK BUX,CHUCK_BUX,CHUCK BUX,True,High pledge,unresolved_label,76000000.0,Healthy core,1.0,private,True,29583.326694,340.0,29243.326694,0.0,100.0,1.1492960325822916,98.8507039674177,0.0,0.0,29583.326694,100.0,CHUCK_BUX
pool1e9wmzv9r2pkvhwddc3ay42axm9aggheae6u4e52tgx6326krg03,614,6381894.423298,8.3,6,6,0.9999,340.0,1878.761102,0.153891,0.153856,3.5e-05,1878.914993,0.000176031,1410.401064,MUEN3,MUEN,MUEN,MUEN,True,Minimal pledge,community_branded_fleet,10.0,Healthy core,0.0002210003755078011,hollow,False,1878.761102,340.0,1538.7611015007,0.15389100000015787,99.9918095815631,18.095549892714065,81.89625966227521,6380484.022234,2.4119016592455315e-06,1878.761137,99.9918095815631,MUEN
pool1ztk6dcj2nc3plnujf3ek6jqngtx8hcryufz56lyumemlcy2xxn0,614,5654990.955643,7.35,5,1602,0.99,340.0,1553.504126,12.257617,12.256829,0.000788,1565.761743,0.015824533,20.72464,IAGL1,IAGON,,,False,,,,,3.664840520977192e-06,hollow,False,1553.504126,340.0,1213.50412557,12.257616999999982,99.21714673035028,21.71467028876053,77.50247641412707,5654970.231003,0.00021675829401892176,1553.504914,99.21714673035028,pool1ztk6dcj2nc3plnujf3ek6jqngtx8hcryufz56lyumemlcy2xxn0
pool18ufrgfgmslekdxnk9v9345qvhrr7vfgzkvneqtwm7unnwaht6ww,614,72460103.675803,94.22,77,321,0.0,340.0,340.0,23819.741189,23644.515574,175.225615,24159.741189,2.428343199,533039.6359169999,OGAM,,,,False,,,,,0.007356318979364098,hollow,False,340.0,340.0,0.0,23819.741189,1.407299843736749,1.407299843736749,0.0,71927064.03988601,0.03311652089092798,515.2256150000001,1.407299843736749,pool18ufrgfgmslekdxnk9v9345qvhrr7vfgzkvneqtwm7unnwaht6ww
pool1yafxktvszg85t5m20l8q8sufgcae6cxlk8cx96wrt8cdva7aknf,614,76269945.588772,99.18,73,1,1.0,340.0,29578.216481,0.0,,0.0,29578.216481,0.0,76269945.588772,,CHUCK BUX,CHUCK_BUX,CHUCK BUX,True,High pledge,unresolved_label,76000000.0,Healthy core,1.0,private,True,29578.216481,340.0,29238.216481,0.0,100.0,1.1494945958570693,98.85050540414294,0.0,0.0,29578.216481,100.0,CHUCK_BUX
pool1r99a6puhdv2xzcfw05jjqvks3xhmy2l4wsndx9hmhudvu4yevz5,614,76321030.94728,99.24,74,1,1.0,340.0,29987.978603,0.0,,0.0,29987.978603,0.0,76321030.94728,,CHUCK BUX,CHUCK_BUX,CHUCK BUX,True,High pledge,unresolved_label,76000000.0,Healthy core,1.0,private,True,29987.978603,340.0,29647.978603,0.0,100.0,1.133787657051304,98.8662123429487,0.0,0.0,29987.978603,100.0,CHUCK_BUX
pool15ftrqf7j80w57leflatx66x00qfhu483a290gmp7q85pjxrf480,614,3161759.96272,4.11,2,6,0.0,340.0,340.0,286.305382,286.226562,0.07882,626.305382,0.663193034,870.434498,ISPP,ISP,,,False,,,,,0.00027530062631673727,hollow,False,340.0,340.0,0.0,286.305382,54.28661636504985,54.28661636504985,0.0,3160889.528222,0.009057747176664119,340.07882,54.28661636504985,pool15ftrqf7j80w57leflatx66x00qfhu483a290gmp7q85pjxrf480
pool1gxvkc0576e75065p5k0csvwme9y2qrefd5ga66nx0z65xxjt8jk,614,1456868.339055,1.89,3,352,1.0,340.0,939.457479,0.0,,0.0,939.457479,0.0,8.313413,,,,,False,,,,,5.706358479444003e-06,hollow,False,939.457479,340.0,599.457479,0.0,100.0,36.191100459587695,63.8088995404123,1456860.0256420001,0.0,939.457479,100.0,pool1gxvkc0576e75065p5k0csvwme9y2qrefd5ga66nx0z65xxjt8jk
pool1cp4q7w2jvlthul9mlskj6xutx9rdr7n4vruqqe09pfg5ywmzdzq,614,35557392.850598,46.24,39,1,1.0,340.0,12222.444042,0.0,,0.0,12222.444042,0.0,35557392.850598,UPBIT,UPBIT,UPBIT,Upbit,True,Low pledge,declared_brand,200000.0,Healthy core,1.0,private,True,12222.444042,340.0,11882.444042,0.0,100.0,2.781767695819736,97.21823230418026,0.0,0.0,12222.444042,100.0,UPBIT
pool1k2224hj6uhdgkflj6ncqvmfhqvhlhj0t8crhqux5mphwwumupec,614,35512254.241312,46.18,29,1,1.0,340.0,9088.48398,0.0,,0.0,9088.48398,0.0,35512254.241312,UPBIT,UPBIT,UPBIT,Upbit,True,Low pledge,declared_brand,200000.0,Healthy core,1.0,private,True,9088.48398,340.0,8748.48398,0.0,100.0,3.740997956845163,96.25900204315484,0.0,0.0,9088.48398,100.0,UPBIT
pool1sjnh0ymk9fhhnusm7uksux5yhpfyhjfmseq5nuupsj6ezskc0pj,614,35627223.921507,46.33,48,1,1.0,340.0,15043.00818,0.0,,0.0,15043.00818,0.0,35627223.921507,UPBIT,UPBIT,UPBIT,Upbit,True,Low pledge,declared_brand,200000.0,Healthy core,1.0,private,True,15043.00818,340.0,14703.00818,0.0,100.0,2.260186233575524,97.73981376642448,0.0,0.0,15043.00818,100.0,UPBIT
pool1859zslu3scj23wxcamw0slkhn80waxwkdl4k8k0asyw7sfa8dv5,614,35474295.06512,46.13,39,1,1.0,340.0,12222.443916,0.0,,0.0,12222.443916,0.0,35474295.06512,UPBIT,UPBIT,UPBIT,Upbit,True,Low pledge,declared_brand,200000.0,Healthy core,1.0,private,True,12222.443916,340.0,11882.443916,0.0,100.0,2.781767724496712,97.2182322755033,0.0,0.0,12222.443916,100.0,UPBIT
pool13t8yafhx3mfnxs8nnkvgqnm9v5gspk7cdjc5dmpzpt0a6h294yn,614,35508625.043875,46.17,32,2,1.0,340.0,10028.671974,0.0,,0.0,10028.671974,0.0,35508623.388323,UPBIT,UPBIT,UPBIT,Upbit,True,Low pledge,declared_brand,200000.0,Healthy core,0.9999999533760601,private,True,10028.671974,340.0,9688.671974,0.0,100.0,3.3902793997198493,96.60972060028014,1.6555519998073578,0.0,10028.671974,100.0,UPBIT
pool19yzqr3meksnvzdxh5xf6aknfhldyqdj7eaquxgcjva4mzt5kg3v,614,117814323.513431,153.2,115,85,0.1,170.0,2504.380835,21009.427512,21009.42579,0.001722,23513.808347,1.310176685,9.63521,gjp7a,FIGMENT,FIGMENT,Figment,True,Minimal pledge,provider_cluster,2.0,Healthy core,8.1783010016618e-08,hollow,False,2504.380835,170.0,2334.3808347,21009.427512,10.650681497621036,0.7229794403835454,9.927702055961646,117814313.87822099,0.017832661261955346,2504.382557,10.650681497621036,FIGMENT
pool1z46azf72z9yjlq6rpngwn5syg5xup8jcwguu2t259ngl5cnv2ds,614,32111079.010063,41.75,30,14,0.06,345.0,887.97448,8506.600194,8498.957319,7.642875,9394.574674,1.952414332,28850.653789,BNP,BINANCE,BINANCE,Binance,True,Minimal pledge,declared_brand,2.0,Healthy core,0.0008984641649680709,hollow,False,887.97448,345.0,542.97448044,8506.600193999999,9.451992355306068,3.6723322978613004,5.779660062128322,32082228.356274,0.026514991725431217,895.617355,9.451992355306068,BINANCE
pool1ewgnsmk42ljf00wytawfcl3dcash9f852u5fr92e37wqxutyksl,614,32078178.548587,41.71,27,12,0.06,345.0,831.607032,7623.510176,7616.921216,6.58896,8455.117208,1.749801456,27724.999707,BNP,BINANCE,BINANCE,Binance,True,Minimal pledge,declared_brand,2.0,Healthy core,0.0008642947000561927,hollow,False,831.607032,345.0,486.60703248,7623.510176,9.83554706034301,4.080369219170262,5.755177846849784,32050453.548880003,0.023785966599110427,838.195992,9.83554706034301,BINANCE
pool16vdezg50c80dhs78jhfl0gpqr68trtmqy40xplw39t9mgk6vrkd,614,32221331.392315,41.9,35,10,0.06,345.0,981.920227,9978.416897,9969.629318,8.787579,10960.337124,2.286079327,28375.991998,BNP,BINANCE,BINANCE,Binance,True,Minimal pledge,declared_brand,2.0,Healthy core,0.0008806585815000762,hollow,False,981.920227,345.0,636.92022744,9978.416897,8.958850589092519,3.1477133969223337,5.81113719618466,32192955.400317002,0.030995653468030904,990.707806,8.958850589092519,BINANCE
pool1lvgs6gdcgl3lgcc77wxmuyst8x4h9gxcth07pzry0rfsv5ntl3r,614,32116551.27724,41.76,32,9,0.06,345.0,925.552779,9095.326878,9094.535969,0.790909,10020.879657,2.088560458,2792.781555,BNP,BINANCE,BINANCE,Binance,True,Minimal pledge,declared_brand,2.0,Healthy core,8.695770386091103e-05,hollow,False,925.552779,345.0,580.55277942,9095.326878,9.236242831770394,3.442811527618768,5.793431308342874,32113758.495685,0.028322212360232153,926.343688,9.236242831770394,BINANCE
pool1f89cpnym44rfv52jj88f3g20axraw4g9g7aglnqsgjl220lpdd8,614,32004595.087256,41.62,31,9,0.06,345.0,906.76363,8800.963536,8800.38472,0.578816,9707.727166,2.027434401,2104.85866,BNP,BINANCE,BINANCE,Binance,True,Minimal pledge,declared_brand,2.0,Healthy core,6.576738915963163e-05,hollow,False,906.76363,345.0,561.76362996,8800.963536000001,9.340637767157455,3.553869964622778,5.786767802122633,32002490.228596,0.02750087094202392,907.342446,9.340637767157455,BINANCE
pool1ptzl40tt9a6l2kp6fhjmzsg3t2maqdhwv6cnqu8kj6xgz3vw9us,614,32117043.810287,41.76,28,10,0.06,345.0,850.396182,7917.873515,7917.288277,0.585238,8768.269697,1.815748382,2373.885341,BNP,BINANCE,BINANCE,Binance,True,Minimal pledge,declared_brand,2.0,Healthy core,7.391356922580936e-05,hollow,False,850.396182,345.0,505.39618182,7917.873514999999,9.698563244364586,3.934641747140137,5.763921495171592,32114669.924946,0.024655005122283892,850.98142,9.698563244364586,BINANCE
pool17c4u37tjcjaeym0cs5mffvdkyyv74rkhczhnsgplef4sjglkwpj,614,32074136.62804,41.71,34,11,0.06,345.0,963.131078,9684.053554,9681.58494,2.468614,10647.184632,2.228197346,8176.191489,BNP,BINANCE,BINANCE,Binance,True,Minimal pledge,declared_brand,2.0,Healthy core,0.0002549154037665404,hollow,False,963.131078,345.0,618.13107792,9684.053554,9.045875612087347,3.240293203548909,5.805582407787066,32065960.436551,0.030200416336076577,965.599692,9.045875612087347,BINANCE
pool1l7xwy6sswcpxcepf9m43sez4kwgrgxuw5ekhkavj3k2lv6njvec,614,32007358.239834,41.62,40,10,0.06,345.0,1075.865974,11450.233597,11449.732764,0.500833,12526.099571,2.64540271,1400.000344,BNP,BINANCE,BINANCE,Binance,True,Minimal pledge,declared_brand,2.0,Healthy core,4.3739952966741966e-05,hollow,False,1075.865974,345.0,730.86597426,11450.233597,8.588994266745319,2.754249222149984,5.834745046671,32005958.23949,0.03577531880571014,1076.366807,8.588994266745319,BINANCE
pool1jsala5rdc0hjewcvu9dujcz8jpfxp7hadqr3r3hzs63skhhtpqs,614,33116413.781816,43.06,29,15,0.06,345.0,869.185331,8212.236855,8205.380896,6.855959,9081.422186,1.826516312,27647.127059,BNP,BINANCE,BINANCE,Binance,True,Minimal pledge,declared_brand,2.0,Healthy core,0.0008348466485879233,hollow,False,869.185331,345.0,524.1853311599999,8212.236855,9.57102657709212,3.798964445589316,5.77206213326464,33088766.654756997,0.02481880615462399,876.04129,9.57102657709212,BINANCE
pool1me68mzk9kephj0yqya6xu9jefjvtg0dvmly3m9sy67cezrexalx,614,33258155.234653,43.25,32,9,0.06,345.0,925.552779,9095.326877,9087.42008,7.906797,10020.879656,2.016161593,28912.151694,BNP,BINANCE,BINANCE,Binance,True,Minimal pledge,declared_brand,2.0,Healthy core,0.0008693251772387927,hollow,False,925.552779,345.0,580.5527793599999,9095.326877,9.236242832692094,3.4428115279623315,5.793431308322259,33229243.082959,0.027371453674984156,933.459576,9.236242832692094,BINANCE
pool1nll5ghr8cdkl6ppnxpuk6c6vrg9d5kq3tp8d6xjdds5pct6pxj9,614,33309979.900885,43.31,33,16,0.06,345.0,944.341929,9389.690215,9381.448466,8.241749,10334.032144,2.078806189,29237.652572,BNP,BINANCE,BINANCE,Binance,True,Minimal pledge,declared_brand,2.0,Healthy core,0.0008777445275859561,hollow,False,944.341929,345.0,599.34192864,9389.690215,9.138174875411922,3.3384839063066876,5.799690965621599,33280742.248313002,0.02821358413505926,952.5836780000001,9.138174875411922,BINANCE
pool1nwv3c3q62lqcdgp7s0jtl4xldgfnjnt0szkdclk4tzjqzv6kv7n,614,33111044.10747,43.06,37,11,0.06,345.0,1019.498526,10567.143576,10557.975459,9.168117,11586.642102,2.356710735,28727.340018,BNP,BINANCE,BINANCE,Binance,True,Minimal pledge,declared_brand,2.0,Healthy core,0.0008676059844189264,hollow,False,1019.498526,345.0,674.49852612,10567.143576,8.798912722297876,2.977566726950586,5.821345996382965,33082316.767451998,0.031941969633748485,1028.666643,8.798912722297876,BINANCE
pool1f4n4mdsv5ydxuc3y4tzgumqvfa8xxlyr8jl70qquama0ug2pmhf,614,33157603.885817,43.12,28,15,0.06,345.0,850.396182,7917.873514,7911.041606,6.831908,8768.269696,1.758274987,28609.91611,BNP,BINANCE,BINANCE,Binance,True,Minimal pledge,declared_brand,2.0,Healthy core,0.0008628463084522748,hollow,False,850.396182,345.0,505.39618175999993,7917.873513999999,9.698563245470684,3.934641747588874,5.763921495144667,33128993.969706997,0.023900132679066762,857.22809,9.698563245470684,BINANCE
pool10xk8jp4m2cztf69x9gvg3j33x5drkrz2hulsjes29wktcfcxdls,614,14146447.869654,18.39,11,4,0.06,345.0,530.980643,2913.696738,2909.969163,3.727575,3444.677381,1.514759793,18097.954308,,BINANCE,BINANCE,Binance,True,Minimal pledge,declared_brand,2.0,Healthy core,0.0012793285264792516,hollow,False,530.980643,345.0,185.98064286,2913.696738,15.414524620760123,10.015451719889237,5.399072896806645,14128349.915346,0.020623050501001442,534.708218,15.414524620760123,BINANCE
pool19m547w9wkcqm5hcstz67fly4ucz0zsp3dqv4n956xyusy4dlpue,614,4155914.995469,5.4,3,388,0.01,340.0,345.994577,593.463095,593.352605,0.11049,939.457672,1.047814353,773.737944,WRM01,,,,False,,,,,0.00018617751923308593,hollow,False,345.994577,340.0,5.99457672,593.4630950000001,36.82918212413087,36.191093024572154,0.6380890697542784,4155141.2575250003,0.014282621413296906,346.105067,36.82918212413087,pool19m547w9wkcqm5hcstz67fly4ucz0zsp3dqv4n956xyusy4dlpue
pool1flkcdxj7cq6sfgl4fujx50p20ylqgj02kgwvfj4g5w24s6th8vz,614,21869503.804928,28.44,20,11,0.1,340.0,932.305095,5330.745859,5330.112272,0.633587,6263.050954,1.795097923,2599.302529,U0001,,,,False,,,,,0.00011885512136833585,hollow,False,932.305095,340.0,592.3050954,5330.745859000001,14.885797702229583,5.428664120684719,9.457133587931528,21866904.502399,0.02437814578837699,932.9386820000001,14.885797702229583,pool1flkcdxj7cq6sfgl4fujx50p20ylqgj02kgwvfj4g5w24s6th8vz
pool1ch3k0e07dhqwum847sa02cyecrp000a6egdx89fz5rza230jhlp,614,2024003.614307,2.63,1,64,0.0,170.0,170.0,143.158547,142.713233,0.445314,313.158547,0.517648718,6295.945714,ZAM,,,,False,,,,,0.0031106395608664333,hollow,False,170.0,170.0,0.0,143.158547,54.28560121656204,54.28560121656204,0.0,2017707.6685930002,0.007095108435595537,170.445314,54.28560121656204,pool1ch3k0e07dhqwum847sa02cyecrp000a6egdx89fz5rza230jhlp
pool1q9049mstrv5czwyylpf3xen08pmvsfsgtru4wf3zvc9uxat2sm0,614,10563713.914204,13.74,6,1758,0.04,340.0,401.48734,1475.696151,1468.614876,7.081275,1877.183491,1.024917657,50022.570203,SNEK,,,,False,,,,,0.0047353204194350166,hollow,False,401.48734,340.0,61.48733964,1475.696151,21.387751486463504,18.11224111175608,3.2755103555297564,10513691.344000999,0.014035947059088972,408.568615,21.387751486463504,pool1q9049mstrv5czwyylpf3xen08pmvsfsgtru4wf3zvc9uxat2sm0
pool19zkd9hmkgdjmx2xr0psuat88uuw25wsrktr2qe69v2uzqldfnmj,614,33313055.979871,43.32,35,1,1.0,340.0,10960.337044,0.0,,0.0,10960.337044,0.0,33313055.979871,,CHUCK BUX,CHUCK_BUX,CHUCK BUX,True,Zero pledge,unresolved_label,0.0,Healthy core,1.0,private,True,10960.337044,340.0,10620.337044,0.0,100.0,3.102094384826657,96.89790561517334,0.0,0.0,10960.337044,100.0,CHUCK_BUX
pool1etfxpqw7456eh337p7x5jsvxxa67fsduvnmucevrqweckex3nhl,614,4345472.444733,5.65,4,8,0.0,170.0,170.0,1082.769996,1073.658073,9.111923,1252.769996,1.835368511,36568.811643,KYBK,,,,False,,,,,0.008415382241653337,hollow,False,170.0,170.0,0.0,1082.769996,13.569929080581206,13.569929080581206,0.0,4308903.633090001,0.02512866585562333,179.111923,13.569929080581206,pool1etfxpqw7456eh337p7x5jsvxxa67fsduvnmucevrqweckex3nhl
pool1z5rt6kn6yvuczj44qla73mfyln9l55lw0jkz6x4kjw00u32zec3,614,13750795.687166,17.88,20,1563,0.99,340.0,6203.818397,59.230489,59.229646,0.000843,6263.048886,0.031449062,0.0,,5BINARIES,5BINARIES,,True,Zero pledge,opaque_fleet,0.0,Healthy core,0.0,hollow,False,6203.818397,340.0,5863.818397139999,59.23048899999958,99.05428665689647,5.428665913178696,93.62562074595309,13750795.687166,0.0004307422664659402,6203.81924,99.05428665689647,5BINARIES
pool1k7zrx5rw6cvef9m5qtp9sy4e53u93kwqx73ykz7md9gmwgf56yk,614,10555505.92073,13.73,10,13,0.01,340.0,367.91525,2763.609735,2763.300373,0.309362,3131.524985,1.929389872,1181.597883,TREFI,,,,False,,,,,0.00011194137844965394,hollow,False,367.91525,340.0,27.915249850000002,2763.609735,11.748756652503605,10.85732994718546,0.8914267005281454,10554324.322847001,0.02618462016576087,368.22461200000004,11.748756652503605,pool1k7zrx5rw6cvef9m5qtp9sy4e53u93kwqx73ykz7md9gmwgf56yk
pool13r4e7tttcxp4qfs4gqtv0hz5k48qdhhxrskz8pjrj6fqy5qmee0,614,2256299.989841,2.93,2,87,0.0,170.0,170.0,456.360552,449.010281,7.350271,626.360552,1.487304879,36340.60107,SOLCY,,,,False,,,,,0.016106280739983027,hollow,False,170.0,170.0,0.0,456.360552,27.14091739289482,27.14091739289482,0.0,2219959.3887710003,0.020557157680828,177.350271,27.14091739289482,pool13r4e7tttcxp4qfs4gqtv0hz5k48qdhhxrskz8pjrj6fqy5qmee0
pool1rxgxstg6t7azlsrk4vuuwp0jgl9e776dg86zqzaa0qt6vz43n9r,614,5815752.091016,7.56,5,7,0.9999,340.0,1565.639879,0.122576,0.122487,8.9e-05,1565.762455,0.000153859,4134.422751,RKD,IBEX,IBEX,IBEX,True,Minimal pledge,protocol_project,4.0,Healthy core,0.0007109007891493059,hollow,False,1565.639879,340.0,1225.6398787545002,0.12257599999998092,99.9921714817207,21.714660414436874,78.27751105160458,5811617.668265,2.109154576174567e-06,1565.639968,99.9921714817207,IBEX
pool1nqheyct9a0mxn80cwp9pd5guncfu3rzwqtmru0l94accz7gjcgl,614,73066604.268269,95.01,77,24,1.0,170.0,30633.465433,0.0,,0.0,30633.465433,0.0,73005256.0,CAG,,,,False,,,,,0.9991603788230837,private,True,30633.465433,170.0,30463.465433,0.0,100.0,0.5549486406355676,99.44505135936443,61348.26826900244,0.0,30633.465433,100.0,pool1nqheyct9a0mxn80cwp9pd5guncfu3rzwqtmru0l94accz7gjcgl
pool1072lq3k32sfxs96s9qhrx3s9la2t68vrqwfsp7h9qnwk56yr2mv,614,8307582.202658,10.8,3,25,1.0,340.0,939.458926,0.0,,0.0,939.458926,0.0,96426.831419,lSPF0,SPIRE,SPIRE,Spire,True,Minimal pledge,declared_brand,400.0,Healthy core,0.011607087244727877,hollow,False,939.458926,340.0,599.458926,0.0,100.0,36.19104471630727,63.80895528369274,8211155.371239,0.0,939.458926,100.0,SPIRE
pool1xvaagsvl9prlr20hvg2qv434yss5c88r2ml6n43wcpepxmw85lj,614,2912438.607124,3.79,2,65,0.0,340.0,340.0,286.305188,286.290918,0.01427,626.305188,0.720166811,145.164997,DCONE,,,,False,,,,,4.9843109703640686e-05,hollow,False,340.0,340.0,0.0,286.30518800000004,54.286633180499855,54.286633180499855,0.0,2912293.442127,0.00983091826731912,340.01427,54.286633180499855,pool1xvaagsvl9prlr20hvg2qv434yss5c88r2ml6n43wcpepxmw85lj
pool10d6mmw3mn9ku3r7uqqye672dz3sv76lh5kvh5rdpr9l5ug5yknr,614,75966313.184931,98.78,75,40,0.05,340.0,1497.322245,21989.122648,21987.799794,1.322854,23486.444893,2.135220385,4569.959583,KILN4,ADALITE,KILN,Kiln,True,Minimal pledge,provider_cluster,100.0,Healthy core,6.015771190415644e-05,hollow,False,1497.322245,340.0,1157.3222446500001,21989.122648,6.375261355311669,1.4476435303383657,4.927617823483082,75961743.225348,0.028947627732511486,1498.645099,6.375261355311669,KILN
pool1gaztx97t53k47fr7282d70tje8323vvzx8pshgts30t9krw62tm,614,115460952.089495,150.14,119,34725,0.1,340.0,2776.44642,21928.017782,21914.183918,13.833864,24704.464202,1.395916931,7950.30084,TW001,ADALITE,KILN,Kiln,True,Minimal pledge,provider_cluster,100.0,Healthy core,6.885705250237014e-05,hollow,False,2776.44642,340.0,2436.4464202,21928.017782,11.238642527512203,1.3762694759130807,9.862373052408692,115453001.788655,0.018993025250344558,2790.2802840000004,11.238642527512203,KILN
pool1h59405hmvnxz2kyjpll3f65lnqhm7we3u96cws9vzzxzzws9gjc,614,6791911.157428,8.83,6,597,0.05,340.0,416.946097,1461.975842,1460.475426,1.500416,1878.921939,1.58358198,6970.423644,LBA,,,,False,,,,,0.0010262831009467445,hollow,False,416.946097,340.0,76.94609695000001,1461.975842,22.190708849879474,18.095482997071972,4.095225850146402,6784940.733784,0.02154736348278532,418.446513,22.190708849879474,pool1h59405hmvnxz2kyjpll3f65lnqhm7we3u96cws9vzzxzzws9gjc
pool1c30lqt59t8sjn5lg04r5wk5eucxa5h9cj05xs9gzc8lngl4cmta,614,1579296.267552,2.05,2,172,0.019,170.0,178.670935,447.69407,439.534006,8.160064,626.365005,2.090642425,28785.625963,RUMOR,,,,False,,,,,0.018226868862052954,hollow,False,178.670935,170.0,8.670935094999999,447.69407,28.525050661155625,27.140724440695724,1.3843262356267811,1550510.641589,0.02887397596582714,186.830999,28.525050661155625,pool1c30lqt59t8sjn5lg04r5wk5eucxa5h9cj05xs9gzc8lngl4cmta
pool1g2y0j7rsv7dpu8p6jt2dva3rxfqjl2zu0ag9dd0cfm8guzg0lh0,614,2851484.706361,3.71,1,20,0.03,340.0,313.152486,0.0,,0.0,313.152486,0.0,1804.120751,SOCIO,SOCIOUS,,,False,,,,,0.0006326952225889291,hollow,False,313.152486,313.152486,0.0,0.0,100.0,100.0,0.0,2849680.58561,0.0,313.152486,100.0,pool1g2y0j7rsv7dpu8p6jt2dva3rxfqjl2zu0ag9dd0cfm8guzg0lh0
pool1lugxr82p89qm35spzwccle405t5dfdznhrasyrtr2cyv2vyfud6,614,1254988.445591,1.63,2,10,0.025,340.0,347.15763,279.147584,278.906368,0.241216,626.305214,1.636812747,1084.455954,KISSA,coffeepool.jp,COFFEEPOOL_JP,COFFE,True,Minimal pledge,community_branded_fleet,101.0,Subscale active,0.0008641162855402286,hollow,False,347.15763,340.0,7.15763035,279.147584,55.42946509782689,54.28663092688224,1.1428342268279439,1253903.989637,0.022262277359912704,347.398846,55.42946509782689,COFFEEPOOL_JP
pool1ljqjqskd4f4zekzddw204u5xtzhyz2cllq5v5dmn27zdwf9c70f,614,74925636.922933,97.43,76,51,0.04,340.0,1388.603807,25166.491361,264.318039,24902.173322,26555.095168,2.481855704,74138709.617772,,WAVE,WAVE,Wave / Wavepool,True,High pledge,declared_brand,30000000.0,Healthy core,0.9894972223463323,private,True,1388.603807,340.0,1048.60380672,25166.491361,5.2291426493297815,1.2803569252868436,3.9487857229885264,786927.3051609993,3.198070672595498,26290.777129,5.2291426493297815,WAVE
pool16r6g7plyuh4cqs9f3qy97l4rh5edwx3w9xvd205mhj2e58cpp28,614,23767480.432235,30.91,26,13,1.0,250.0,8407.74113,0.0,,0.0,8407.74113,0.0,23744505.981902,LQWD,LIQWID,LIQWID,LQWD,True,High pledge,protocol_project,20000000.0,Healthy core,0.9990333661829026,private,True,8407.74113,250.0,8157.74113,0.0,100.0,2.973450254170706,97.0265497458293,22974.45033299923,0.0,8407.74113,100.0,LIQWID
pool1chfk2749hyrwqqpj9fapredjsgw3fdauyxw3hn82kavqva6nv3w,614,2575292.059322,3.35,1,7,0.0,340.0,313.153707,0.0,,0.0,313.153707,0.0,13848.477593,KSP,,,,False,,,,,0.005377439635582888,hollow,False,313.153707,313.153707,0.0,0.0,100.0,100.0,0.0,2561443.581729,0.0,313.153707,100.0,pool1chfk2749hyrwqqpj9fapredjsgw3fdauyxw3hn82kavqva6nv3w
pool1522rtve5zlgnlh3zm5a4mcy3u7gpndg3kkac3xyzxmp6x6weca3,614,8395702.121922,10.92,6,55,0.25,340.0,724.72887,1154.18661,1152.951623,1.234987,1878.91548,1.008539443,8983.410084,1112,,,,False,,,,,0.0010700010497684805,hollow,False,724.72887,340.0,384.72887,1154.1866099999997,38.57165890186822,18.09554520249096,20.47611369937726,8386718.7118379995,0.013762076083115141,725.9638570000001,38.57165890186822,pool1522rtve5zlgnlh3zm5a4mcy3u7gpndg3kkac3xyzxmp6x6weca3
pool1z9m2kxeat06t30yf6ar7sqpert0cjdgxzcv2dv36dcwcqcqtgk4,614,17077598.724552,22.21,18,2809,0.99,340.0,5583.769126,52.967365,52.959174,0.008191,5636.736491,0.022643988,0.0,,5BINARIES,5BINARIES,,True,Zero pledge,opaque_fleet,0.0,Healthy core,0.0,hollow,False,5583.769126,340.0,5243.769126089999,52.96736499999952,99.06031858887549,6.031859047214063,93.02845954325807,17077598.724552,0.00031015698315858527,5583.777317,99.06031858887549,5BINARIES
pool1zmhvvzlqp0xrhhqjhxyvfuct83wk4w85jckfkypz4fskcjzze2x,614,6513285.484453,8.47,5,4,1.0,170.0,1565.770975,0.0,,0.0,1565.770975,0.0,10104.137583,ASC,TKGEM,,,False,,,,,0.0015513119465004638,hollow,False,1565.770975,170.0,1395.770975,0.0,100.0,10.857271128046042,89.14272887195396,6503181.3468700005,0.0,1565.770975,100.0,pool1zmhvvzlqp0xrhhqjhxyvfuct83wk4w85jckfkypz4fskcjzze2x
pool1r3ax7pd3cgad5kttench60ttr23kvfpx3vzvd6c3azppgw7q93t,614,4785153.382953,6.22,6,995,0.99,170.0,1861.897684,17.089876,16.988466,0.10141,1878.98756,0.026074845,28257.732759,PALM1,,,,False,,,,,0.005905292996389108,hollow,False,1861.897684,170.0,1691.8976844000001,17.089876000000004,99.09047423390072,9.0474255188789,90.0430487363099,4756895.650194,0.00035926531201715614,1861.999094,99.09047423390072,pool1r3ax7pd3cgad5kttench60ttr23kvfpx3vzvd6c3azppgw7q93t
pool13z5t8wlhtf7ccc0hud8pnvpjeekjdsyn7sq69fcxf3k6kpnlm74,614,45295391.991328,58.9,45,5,0.02,170.0,448.43724,13643.42478,13643.421823,0.002957,14091.86202,2.222847007,9.816417,BTV2,FIGMENT,FIGMENT,Figment,True,Minimal pledge,provider_cluster,2.0,Healthy core,2.167199922208289e-07,hollow,False,448.43724,170.0,278.4372404,13643.424780000001,3.1822426260174237,1.2063700294448385,1.975872599411103,45295382.174911,0.030121005994198365,448.44019699999996,3.1822426260174237,FIGMENT
pool1p70svj9zrg7lgzkdn8udlslry0t27qs8r9tz9lr955v2yfna2rl,614,46681246.644134,60.7,41,8,0.02,170.0,423.385041,12415.867021,12415.86441,0.002611,12839.252062,1.960297952,9.816417,BTV1,FIGMENT,FIGMENT,Figment,True,Minimal pledge,provider_cluster,2.0,Healthy core,2.102860935748711e-07,hollow,False,423.385041,170.0,253.38504124,12415.867021,3.2975833713326783,1.324064666532598,1.9735187066693483,46681236.827717,0.02659712523646776,423.387652,3.2975833713326783,FIGMENT
pool1f2wfjqkf2wx6jq93pdck6hgmy9zgw32lmvrq9zejl7scqxjqfze,614,93089423.279086,121.05,102,10957,0.06,170.0,1742.177313,24630.777901,24629.447531,1.33037,26372.955214,1.950040585,9.816417,,FIGMENT,FIGMENT,Figment,True,Minimal pledge,provider_cluster,2.0,Healthy core,1.0545147508938765e-07,hollow,False,1742.177313,170.0,1572.17731284,24630.777901,6.605923753569985,0.6445997371950036,5.9613240157683,93089413.462669,0.02645926855138851,1743.5076829999998,6.605923753569985,FIGMENT
pool1cpwymxe2fjr20u34f874e2q6za3razk0rttslrxqhc4tu3zxau8,614,45057533.29319,58.59,65,4,0.02,170.0,573.698236,19781.213573,19781.209264,0.004309,20354.911809,3.256037288,9.816417,BTV3,FIGMENT,FIGMENT,Figment,True,Minimal pledge,provider_cluster,2.0,Healthy core,2.1786405696300408e-07,hollow,False,573.698236,170.0,403.69823618000004,19781.213573,2.8184756651529046,0.8351792510583803,1.9832964149788326,45057523.476773,0.04390213231137115,573.702545,2.8184756651529046,FIGMENT
pool1hnaps49hfe3uljp4cleu4amhes6wvatufyvgt2tjdtj3xjrgknk,614,34954920.867512,45.45,32,1,1.0,340.0,10028.671276,0.0,,0.0,10028.671276,0.0,34954920.867512,UPBIT,UPBIT,UPBIT,Upbit,True,Low pledge,declared_brand,200000.0,Healthy core,1.0,private,True,10028.671276,340.0,9688.671276,0.0,100.0,3.3902796356848106,96.6097203643152,0.0,0.0,10028.671276,100.0,UPBIT
pool1jldj0znj8rltkuj4sumqq5z6p8sdt3yk4qde90q42daru5kgfl6,614,34975119.473182,45.48,43,1,1.0,340.0,13476.027062,0.0,,0.0,13476.027062,0.0,34975119.473182,UPBIT,UPBIT,UPBIT,Upbit,True,Low pledge,declared_brand,200000.0,Healthy core,1.0,private,True,13476.027062,340.0,13136.027062,0.0,100.0,2.52299879211982,97.47700120788018,0.0,0.0,13476.027062,100.0,UPBIT
pool13mxx49xrq4hp6mca8qrzxxmjhfrts0ayh5n6ff9uyuusq9cx4d8,614,27728034.974767,36.06,25,2,1.0,340.0,7834.890328,0.0,,0.0,7834.890328,0.0,27727308.554216,UPBIT,UPBIT,UPBIT,Upbit,True,Low pledge,declared_brand,200000.0,Healthy core,0.9999738019462374,private,True,7834.890328,340.0,7494.890328,0.0,100.0,4.33956297747937,95.66043702252063,726.4205509983003,0.0,7834.890328,100.0,UPBIT
pool1fgp4f4afdrq26axqlnm80fz49hdkyq4am3ca3r33w0w8sw2x8ap,614,28561827.99976,37.14,23,1,1.0,340.0,7208.100285,0.0,,0.0,7208.100285,0.0,28561827.99976,UPBIT,UPBIT,UPBIT,Upbit,True,Low pledge,declared_brand,200000.0,Healthy core,1.0,private,True,7208.100285,340.0,6868.100285,0.0,100.0,4.71691550556722,95.28308449443279,0.0,0.0,7208.100285,100.0,UPBIT
pool1pjmqlsyny06w0x60rfd3seul5xc9pluh3t08y55ylhks28jeh7c,614,25106960.193893,32.65,15,8,0.999,200000.0,4697.470444,0.0,,0.0,4697.470444,0.0,79689.319621,RIZIN,,,,False,,,,,0.0031739931479392545,hollow,False,4697.470444,4697.470444,0.0,0.0,100.0,100.0,0.0,25027270.874272,0.0,4697.470444,100.0,pool1pjmqlsyny06w0x60rfd3seul5xc9pluh3t08y55ylhks28jeh7c
pool1wthsvhhxueqfd9eqjdj8pgyprhr4gptn5g63z9rdrtelcfumnvg,614,34955809.467778,45.45,39,1,1.0,340.0,12222.44312,0.0,,0.0,12222.44312,0.0,34955809.467778,UPBIT,UPBIT,UPBIT,Upbit,True,Low pledge,declared_brand,200000.0,Healthy core,1.0,private,True,12222.44312,340.0,11882.44312,0.0,100.0,2.7817679056623827,97.21823209433762,0.0,0.0,12222.44312,100.0,UPBIT
pool1yraracv4ntq9azvjw2nkw8g4xluujalz8fpt2stz8rw6k0zueuv,614,5500592.329009,7.15,5,1,1.0,340.0,1569.597847,0.0,,0.0,1569.597847,0.0,5500592.329009,,ADALITE,ADALITE_PLATFORM,Adalite platform cluster,True,Material pledge,platform_cluster,5210000.0,Healthy core,1.0,private,True,1569.597847,340.0,1229.597847,0.0,100.0,21.6615995396431,78.33840046035691,0.0,0.0,1569.597847,100.0,ADALITE_PLATFORM
pool107rsdzswa5s3y8wk5z62tgh5lhm790dsyqjp4lq66fht7qnaq9d,614,6055113.48739,7.87,5,31,0.005,340.0,346.128845,1219.640167,1217.527311,2.112856,1565.769012,1.4811023,10489.6393,WORLD,QUARASHI,,,False,,,,,0.0017323604787664287,hollow,False,346.128845,340.0,6.12884506,1219.640167,22.10599662832004,21.714569479549773,0.39142715260225114,6044623.84809,0.0201772715333707,348.24170100000003,22.10599662832004,pool107rsdzswa5s3y8wk5z62tgh5lhm790dsyqjp4lq66fht7qnaq9d
pool1gecx8vya3f8lyre2gn9w53547p0rhkmq0x78zrw956lkcvn8uyp,614,23722631.306162,30.85,19,4,1.0,250.0,6143.380221,0.0,,0.0,6143.380221,0.0,23706817.09208,LQWD,LIQWID,LIQWID,LQWD,True,High pledge,protocol_project,20000000.0,Healthy core,0.9993333701528342,private,True,6143.380221,250.0,5893.380221,0.0,100.0,4.069420921489144,95.93057907851086,15814.214081998914,0.0,6143.380221,100.0,LIQWID
pool167qekemyleju9g7eugaguqxh5telvmmmrs3a7sp897f6za308hg,614,1280150.84736,1.66,1,589,0.0,170.0,170.0,143.153117,143.040202,0.112915,313.153117,0.819618912,1009.743945,HOT,,,,False,,,,,0.0007887695009399491,hollow,False,170.0,170.0,0.0,143.153117,54.2865425158773,54.2865425158773,0.0,1279141.103415,0.011191346804337341,170.112915,54.2865425158773,pool167qekemyleju9g7eugaguqxh5telvmmmrs3a7sp897f6za308hg
pool1pj5jnehwjtt4esfl0325hr338n98v3kcww3sggce59ugyf2f883,614,5086290.190095,6.61,6,7,1.0,340.0,1878.915654,0.0,,0.0,1878.915654,0.0,5898.239163,MIMSA,,,,False,,,,,0.001159634810944563,hollow,False,1878.915654,340.0,1538.915654,0.0,100.0,18.095543526723954,81.90445647327604,5080391.950932,0.0,1878.915654,100.0,pool1pj5jnehwjtt4esfl0325hr338n98v3kcww3sggce59ugyf2f883
pool16qr7dz5q4vwf3n87t4lmr0d2zlr5knexpdzkuk4trc8dwed7aw3,614,6952215.950097,9.04,4,2,0.02,170.0,191.6522,1060.957819,1060.629404,0.328415,1252.610019,1.120174647,2152.029092,YASP,,,,False,,,,,0.0003095457775545615,hollow,False,191.6522,170.0,21.65220038,1060.957819,15.300228889515214,13.571662163114153,1.728566756737717,6950063.921005,0.015265439729172768,191.980615,15.300228889515214,pool16qr7dz5q4vwf3n87t4lmr0d2zlr5knexpdzkuk4trc8dwed7aw3
pool1pqm2cev326p2mrruzw9xru65uvt3r7f0rdf5gtx54zdskxqhmur,614,3907992.13965,5.08,3,539,0.05,340.0,369.974687,569.519058,567.377605,2.141453,939.493745,1.069443342,14694.375968,RSNG,infinityrising.com,,,False,,,,,0.0037600832967171808,hollow,False,369.974687,340.0,29.974687250000002,569.519058,39.38021822593401,36.18970342373062,3.1905148288134693,3893297.763682,0.014628191640327814,372.11614000000003,39.38021822593401,pool1pqm2cev326p2mrruzw9xru65uvt3r7f0rdf5gtx54zdskxqhmur
pool1uu65k00dp467qsszmqwl6udwnet3zszgx8n3kmn2aq84sae8ha9,614,2960445.369632,3.85,1,549,0.9999,170.0,313.137996,0.014315,0.014086,0.000229,313.152311,3.5299e-05,11341.340621,NVL,,,,False,,,,,0.003830957577308644,hollow,False,313.137996,170.0,143.1379957689,0.014315000000010514,99.99542874202196,54.28668224006815,45.70874642815585,2949104.029011,4.854016629861354e-07,313.138225,99.99542874202196,pool1uu65k00dp467qsszmqwl6udwnet3zszgx8n3kmn2aq84sae8ha9
pool1mtuhuh8hkf8am0qzx45y58kll8q83sjh6pwljrflcmw970d82f3,614,68440398.712833,88.99,65,20,0.03,340.0,940.447587,19414.471995,19413.566826,0.905169,20354.919582,2.092079114,3190.924255,KILN6,ADALITE,KILN,Kiln,True,Minimal pledge,provider_cluster,100.0,Healthy core,4.662340247882983e-05,hollow,False,940.447587,340.0,600.4475874599999,19414.471995,4.620247126064033,1.670357864251473,2.9498892640724557,68437207.788578,0.028368299383248984,941.352756,4.620247126064033,KILN
pool1w4cetqsly2cz9fq2te95tnk2r56mh6ew6dmpyfctv2ldv8xuj9g,614,74848811.9627,97.33,68,22,0.04,340.0,1276.751925,22482.046202,319.994908,22162.051294,23758.798127,2.216551772,73783469.913717,,WAVE,WAVE,Wave / Wavepool,True,High pledge,declared_brand,30000000.0,Healthy core,0.9857667473798529,private,True,1276.751925,340.0,936.75192508,22482.046201999998,5.373806865882969,1.431048818978839,3.9427580472408463,1065342.0489829928,2.1103124788383254,23438.803219,5.373806865882969,WAVE
pool1t6n7rysk6wzm9wqxda6zxpzmm3j6256fs3mp06dc26n6503hhj4,614,36620087.236698,47.62,44,1322,0.01,170.0,306.088162,13472.728021,13471.896981,0.83104,13778.816183,2.721592314,2258.823178,DAVE,,,,False,,,,,6.168262689817874e-05,hollow,False,306.088162,170.0,136.08816183000002,13472.728021,2.2214402016455144,1.2337779802138753,0.9876622201978612,36617828.41352,0.03679280996364495,306.919202,2.2214402016455144,pool1t6n7rysk6wzm9wqxda6zxpzmm3j6256fs3mp06dc26n6503hhj4
pool13h08lf24fjmxxg0mmuattjv8dvy0r6fc4hrqg4qmj38xsweexrv,614,36707069.193422,47.73,36,26,0.1,170.0,1280.34896,9993.140644,9993.137971,0.002673,11273.489604,2.006957063,9.816417,qzsbu,FIGMENT,BLOCKDAEMON,Blockdaemon,True,Minimal pledge,declared_brand,2.0,Healthy core,2.6742579060926845e-07,hollow,False,1280.34896,170.0,1110.3489604000001,9993.140644000001,11.357166281021925,1.5079625384111899,9.849203746158882,36707059.377004996,0.027224029419965382,1280.351633,11.357166281021925,BLOCKDAEMON
pool1aqg8vxzv75zhjzjjd9s20fu6r0xz70yl8lk3teacwy7qyc2p2j7,614,82934543.439451,107.84,83,33,0.03,340.0,1053.048069,23055.220909,23054.240942,0.979967,24108.268978,2.049792237,3525.14815,KILN7,ADALITE,KILN,Kiln,True,Minimal pledge,provider_cluster,100.0,Healthy core,4.25051854607923e-05,hollow,False,1053.048069,340.0,713.04806934,23055.220909,4.36799535446099,1.4103044905889635,2.957690865282331,82931018.291301,0.027800479704731134,1054.028036,4.36799535446099,KILN
pool19kfm6lz5uw7nylq27swr367mqdycmug7tve94l6h3xsz64seqtc,614,35137953.202771,45.69,37,103,0.05,340.0,902.109829,10680.08675,10679.003804,1.082946,11582.196579,2.243269532,2829.793333,KILN8,ADALITE,KILN,Kiln,True,Minimal pledge,provider_cluster,100.0,Healthy core,8.05338124469026e-05,hollow,False,902.109829,340.0,562.10982895,10680.086749999999,7.7887628900690595,2.935539883828801,4.85322300580856,35135123.409438,0.0303971801252621,903.192775,7.7887628900690595,KILN
pool1agwy5atgc4ptg3whplaxyz28g4dgvsna8auktszctkq8xmtl7dh,614,3511692.279977,4.57,3,23,0.0,170.0,170.0,769.777872,745.300819,24.477053,939.777872,1.612884459,111663.222211,8964,,,,False,,,,,0.031797553233146994,hollow,False,170.0,170.0,0.0,769.777872,18.08938101917769,18.08938101917769,0.0,3400029.057766,0.02264033215368415,194.477053,18.08938101917769,pool1agwy5atgc4ptg3whplaxyz28g4dgvsna8auktszctkq8xmtl7dh
pool1cunvnkjkzh2lna593sjmkylcr3r5rmxdpr8r9u6pfuer72p24x4,614,55840768.092717,72.61,53,8888,0.06,170.0,1155.084945,15432.997478,15432.454793,0.542685,16588.082423,2.037743618,9.816417,,FIGMENT,FIGMENT,Figment,True,Minimal pledge,provider_cluster,2.0,Healthy core,1.7579301530560967e-07,hollow,False,1155.084945,170.0,985.0849453799999,15432.997478,6.963342208852491,1.0248321395141406,5.938510071629151,55840758.2763,0.027637514164183707,1155.62763,6.963342208852491,FIGMENT
pool16f95up5u5lyqne5mnxmlhe0rgdgmya27mph288r6gw0ukegjffa,614,63525298.817432,82.6,55,672,0.0,170.0,170.0,17055.688855,17028.647238,27.041617,17225.688855,1.979016764,100692.649315,MARAC,,,,False,,,,,0.0015850795067392724,hollow,False,170.0,170.0,0.0,17055.688855,0.9868981230939574,0.9868981230939574,0.0,63424606.168117,0.02689128066446512,197.041617,0.9868981230939574,pool16f95up5u5lyqne5mnxmlhe0rgdgmya27mph288r6gw0ukegjffa
pool1j3kzujz0m07detlksr26sx7smft8xn280695zgu60zjhge9566f,614,1845950.770412,2.4,1,3,1.0,290.0,313.154926,0.0,,0.0,313.154926,0.0,19714.330969,TCSP1,,,,False,,,,,0.010679770709486437,hollow,False,313.154926,290.0,23.15492599999999,0.0,100.0,92.60591992092758,7.394080079072424,1826236.439443,0.0,313.154926,100.0,pool1j3kzujz0m07detlksr26sx7smft8xn280695zgu60zjhge9566f
pool1xsj9s3mfpztls97x7jjql0msmeh5v3wa5vyqhmmmsx8jzsqxrsv,614,73878562.399094,96.07,73,4,0.03,340.0,1015.604214,21844.536249,21842.436807,2.099442,22860.140463,2.181613748,7100.348722,,BD,BLOCKDAEMON,Blockdaemon,True,Minimal pledge,declared_brand,100.0,Healthy core,9.610837692866468e-05,hollow,False,1015.604214,340.0,675.60421389,21844.536249,4.442685799082441,1.4873049470116024,2.9553808515896516,73871462.050372,0.029571008401193536,1017.7036559999999,4.442685799082441,BLOCKDAEMON
pool1gnnwyf9vwcgtm3us0w0duuy43r9k7yhnchvyx0xqv9766ysw2a9,614,5934399.713369,7.72,8,23,0.0,170.0,170.0,2335.219881,2329.464054,5.755827,2505.219881,2.913666642,14627.05159,,,,,False,,,,,0.0024647904247245456,hollow,False,170.0,170.0,0.0,2335.219881,6.785831506819341,6.785831506819341,0.0,5919772.6617789995,0.03944779663714694,175.755827,6.785831506819341,pool1gnnwyf9vwcgtm3us0w0duuy43r9k7yhnchvyx0xqv9766ysw2a9
pool13fpvzhz7p0f4c960k44erfykflr7qdp86t6jnxlfamhqcmfha42,614,11124272.233764,14.47,14,4,0.1,340.0,744.413485,3639.721364,3619.708356,20.013008,4384.134849,2.416820048,61166.813735,CET,COINEX,,,False,,,,,0.005498500256884099,hollow,False,744.413485,340.0,404.4134849,3639.721364,16.979712318150916,7.755235906522182,9.224476409347782,11063105.420029,0.03289963555269511,764.426493,16.979712318150916,pool13fpvzhz7p0f4c960k44erfykflr7qdp86t6jnxlfamhqcmfha42
pool1w4g7j8u97pvu2q7gsdaupnng0a2vmyllygfewhc29m2j5cehysn,614,18793722.635552,24.44,13,25,0.15,345.0,903.897824,3167.08767,3165.812504,1.275166,4070.985494,1.237677129,7566.919688,MIMIC,,,,False,,,,,0.0004026301672498716,hollow,False,903.897824,345.0,558.8978241,3167.08767,22.20341549563871,8.474606468347194,13.728809029747921,18786155.715864,0.016858625670421477,905.17299,22.20341549563871,pool1w4g7j8u97pvu2q7gsdaupnng0a2vmyllygfewhc29m2j5cehysn
pool1zgjk3dzwcwd02juqntuzknr368hvxjxy8l8uzkxvgu4252d7ekf,614,72738906.920653,94.58,65,3,0.03,170.0,775.547588,19579.372002,19577.751549,1.620453,20354.91959,1.984127984,6020.113363,,BD,BLOCKDAEMON,Blockdaemon,True,Minimal pledge,declared_brand,100.0,Healthy core,8.276331907993918e-05,hollow,False,775.547588,170.0,605.5475877,19579.372002,3.81012356531741,0.8351789317974898,2.974944632046075,72732886.80729,0.02691955848511373,777.168041,3.81012356531741,BLOCKDAEMON
pool154xmvhp4jnz7phwcla09uvzqnn3ch54lh2yzrt2znxdgc4trp8x,614,3347319.336086,4.35,5,74,0.0,170.0,170.0,1395.763007,1395.648726,0.114281,1565.763007,3.090096918,274.070557,LEAP,,,,False,,,,,8.187762489385582e-05,hollow,False,170.0,170.0,0.0,1395.763007,10.857326379534268,10.857326379534268,0.0,3347045.2655289997,0.041701348391516305,170.114281,10.857326379534268,pool154xmvhp4jnz7phwcla09uvzqnn3ch54lh2yzrt2znxdgc4trp8x
pool1k8s63hvxl5un403f0lwqm87f7svwn2j7vpeflgupvkhqkjpknut,614,3121428.275615,4.06,1,2,0.06,170.0,178.589156,134.563451,134.48952,0.073931,313.152607,0.315188803,1714.944647,,BD,BLOCKDAEMON,Blockdaemon,True,Minimal pledge,declared_brand,100.0,Healthy core,0.000549410236460459,hollow,False,178.589156,170.0,8.589156419999998,134.563451,57.029432937149394,54.28663092688224,2.742802144387065,3119713.330968,0.004313327435064265,178.663087,57.029432937149394,BLOCKDAEMON
pool1jcetszf3sh39hc8nezj5pzj3ukg4fhfjwdqkmwg8ern8u3c4y7v,614,26421505.380902,34.36,27,3,0.06,170.0,667.107227,7788.013217,7786.35488,1.658337,8455.120444,2.174743985,5626.052541,,BD,BLOCKDAEMON,Blockdaemon,True,Minimal pledge,declared_brand,100.0,Healthy core,0.00021293459475123718,hollow,False,667.107227,170.0,497.10722663999996,7788.013217,7.88997899460319,2.0106159471759737,5.879363043169441,26415879.328361,0.02948231675422033,668.7655639999999,7.88997899460319,BLOCKDAEMON
pool1kjhpg98jhm08usqg4sh5x9esa595apyw75qczyjp3z24g0cdate,614,12762284.090163,16.6,12,4,0.06,170.0,385.269878,3372.561428,3371.692097,0.869331,3757.831306,1.94756565,3289.679645,,BD,BLOCKDAEMON,Blockdaemon,True,Minimal pledge,declared_brand,100.0,Healthy core,0.0002577657433229873,hollow,False,385.269878,170.0,215.26987836,3372.561428,10.252452721463383,4.523885884088699,5.728566846954678,12758994.410518,0.02643281531042757,386.139209,10.252452721463383,BLOCKDAEMON
pool1jvknf3dwtnqln5hcjrh5m7s979revuj5dlxr0337nwmm6p7250q,614,7211308.471546,9.38,10,7,1.0,170.0,3131.526091,0.0,,0.0,3131.526091,0.0,2205.327876,SQQQ,,,,False,,,,,0.000305815218514319,hollow,False,3131.526091,170.0,2961.526091,0.0,100.0,5.428663056283634,94.57133694371636,7209103.14367,0.0,3131.526091,100.0,pool1jvknf3dwtnqln5hcjrh5m7s979revuj5dlxr0337nwmm6p7250q
pool18mnua97ndq302yw2c6aaw6msx5rgf79mfnk4xe5y92tvjl45etl,614,1429166.982863,1.86,1,15,0.0,170.0,170.0,143.154918,142.780917,0.374001,313.154918,0.733859825,3733.792789,CAHLI,CPU,,,False,,,,,0.0026125658049559923,hollow,False,170.0,170.0,0.0,143.154918,54.286230305985484,54.286230305985484,0.0,1425433.1900739998,0.010042906184369699,170.374001,54.286230305985484,pool18mnua97ndq302yw2c6aaw6msx5rgf79mfnk4xe5y92tvjl45etl
pool1nhhsh9yhlrvj9e3nce0zpx0xm2xlt6tx7gqakhr6hjc8wy84sat,614,22345791.017113,29.06,22,1504,0.99,340.0,6823.848432,65.493418,65.480685,0.012733,6889.34185,0.021397873,0.0,,5BINARIES,5BINARIES,,True,Zero pledge,opaque_fleet,0.0,Healthy core,0.0,hollow,False,6823.848432,340.0,6483.8484315,65.49341800000002,99.04935160098057,4.935159372299112,94.11419222142388,22345791.017113,0.00029309062252414077,6823.861164999999,99.04935160098057,5BINARIES
pool153sc4fct34a680nyfj4084w8dpax6c0zt0js8zqvg3sj7wtk486,614,24199881.06265,31.47,23,62,0.03,340.0,545.371536,6640.346314,6639.210571,1.135743,7185.71785,2.023005653,2297.592143,SASA2,SASA,SASA,SASA,True,Minimal pledge,community_branded_fleet,80.0,Healthy core,9.494229071010165e-05,hollow,False,545.371536,340.0,205.3715355,6640.346314,7.589659758210518,4.731607990981722,2.8580517602705484,24197583.470507,0.02744218786183143,546.507279,7.589659758210518,SASA
pool1hv59awqky90plv68xun2k3rd7jqfe5y2c4ry8f7p0x9pxhd7wqr,614,74032622.422709,96.27,83,1,1.0,340.0,33116.955275,0.0,,0.0,33116.955275,0.0,74032622.422709,,CHUCK BUX,CHUCK_BUX,CHUCK BUX,True,High pledge,unresolved_label,73000000.0,Healthy core,1.0,private,True,33116.955275,340.0,32776.955275,0.0,100.0,1.0266644296755931,98.97333557032441,0.0,0.0,33116.955275,100.0,CHUCK_BUX
pool1yyar66t9fw9dscj8huhredgwplcnf22zq7q7vugur0t5c9nzt97,614,74027386.081289,96.26,69,1,1.0,340.0,27530.53376,0.0,,0.0,27530.53376,0.0,74027386.081289,,CHUCK BUX,CHUCK_BUX,CHUCK BUX,True,High pledge,unresolved_label,73000000.0,Healthy core,1.0,private,True,27530.53376,340.0,27190.53376,0.0,100.0,1.23499240139687,98.76500759860313,0.0,0.0,27530.53376,100.0,CHUCK_BUX
pool130c3kgpkjctag540j7sxqfrlhsmpc6d8u0n7j6crm9ayy75mkpt,614,17605250.544643,22.89,15,4,0.9999,20000.0,4697.289135,0.0,,0.0,4697.289135,0.0,24854.251759,TOIRO,,,,False,,,,,0.0014117522324362918,hollow,False,4697.289135,4697.289135,0.0,0.0,100.0,100.0,0.0,17580396.292884,0.0,4697.289135,100.0,pool130c3kgpkjctag540j7sxqfrlhsmpc6d8u0n7j6crm9ayy75mkpt
pool13xzckaj3srgldr67dksx874jxe3c9xnc245xyr44p7cdxh07hft,614,4756767.387096,6.19,6,103,0.055,240.0,330.138948,1548.75102,1546.770196,1.980824,1878.889968,2.404874369,6073.191695,LGC,DAPP,DAPP,DAPP,True,Low pledge,multi_brand_fleet,5000.0,Healthy core,0.0012767476735303796,hollow,False,330.138948,240.0,90.13894824,1548.75102,17.570956981127487,12.773499464445488,4.797457529455499,4750694.195401,0.03260052018290922,332.119772,17.570956981127487,DAPP
pool1m06dl8dfcy6d0475fanf0mtnnp2tzhw8rarums042q3jux23q0j,614,23984412.783094,31.19,24,406,1.0,170.0,7515.662618,0.0,,0.0,7515.662618,0.0,9813.384077,BTCS,BTCS,,,False,,,,,0.00040915673715877693,hollow,False,7515.662618,170.0,7345.662618,0.0,100.0,2.261942940238566,97.73805705976143,23974599.399017,0.0,7515.662618,100.0,pool1m06dl8dfcy6d0475fanf0mtnnp2tzhw8rarums042q3jux23q0j
pool14mhf0xtx45a8979mcnad8upas8apwal4nfqd95arv4wlsuk6m9q,614,37979580.839782,49.39,35,30,0.04,340.0,789.892217,10797.413199,4018.411529,6779.00167,11587.305416,2.096739202,23844953.766513,GMO2,WAVE,WAVE,Wave / Wavepool,True,High pledge,declared_brand,20000000.0,Healthy core,0.6278361487743547,balanced,False,789.892217,340.0,449.89221663999996,10797.413198999999,6.816875784678117,2.9342456058034054,3.8826301757678636,14134627.073268998,0.07638979891743841,7568.893886999999,6.816875784678117,WAVE
pool10pd44d65586rldtdzuu88e7mn4sxjctvdksmt05nnqfzqu7g7hd,614,3714380.097679,4.83,3,31,0.01,340.0,345.994611,593.466498,593.247352,0.219146,939.461109,1.17309453,1371.586966,RDB,THC,,,False,,,,,0.00036926403058670863,hollow,False,345.994611,340.0,5.994611089999999,593.466498,36.8290510043881,36.19096062016975,0.6380903937983025,3713008.510713,0.015983440282662808,346.21375700000004,36.8290510043881,pool10pd44d65586rldtdzuu88e7mn4sxjctvdksmt05nnqfzqu7g7hd
pool1xmtmp6cmmmaatkn3jd9dlht8xjyf7xnqmrurs59kj2ygxuz2jkd,614,1051470.682239,1.37,2,5,0.15,345.0,387.195929,239.110263,238.236384,0.873879,626.306192,1.67372416,3842.824463,NRVN,,,,False,,,,,0.003654713847862211,hollow,False,387.195929,345.0,42.1959288,239.11026300000003,61.822146091763365,55.08487771744719,6.737268342382921,1047627.8577759999,0.0228239695255532,388.06980799999997,61.822146091763365,pool1xmtmp6cmmmaatkn3jd9dlht8xjyf7xnqmrurs59kj2ygxuz2jkd
pool1nffpy6r7l4ueeedzvvzsta2vty9g6mtet6huuhfzyvndkwd35dl,614,4321230.842323,5.62,5,33,0.01,340.0,352.257685,1213.510837,1213.12982,0.381017,1565.768522,2.070888079,1356.775253,ALAB,THC,,,False,,,,,0.0003139788876149526,hollow,False,352.257685,340.0,12.25768522,1213.510837,22.497430498222773,21.71457627502362,0.7828542372497638,4319874.06707,0.028091347529097685,352.63870199999997,22.497430498222773,pool1nffpy6r7l4ueeedzvvzsta2vty9g6mtet6huuhfzyvndkwd35dl
pool1fuu0vcmzc28lqm09m4j3llg64ghf9j36tcsp9vcy3kpnz9pg9hn,614,19149576.748323,24.9,21,9,1.0,170.0,6576.204277,0.0,,0.0,6576.204277,0.0,190843.210293,AID,QUARASHI,,,False,,,,,0.009965923153351828,hollow,False,6576.204277,170.0,6406.204277,0.0,100.0,2.5850778479398504,97.41492215206014,18958733.538030002,0.0,6576.204277,100.0,pool1fuu0vcmzc28lqm09m4j3llg64ghf9j36tcsp9vcy3kpnz9pg9hn
pool1ntlyr9hrrdg3gpdkmr267hq46ys2rlj5y25dzx3reuecgd7p5sh,614,74035544.396806,96.27,79,1,1.0,340.0,31521.231523,0.0,,0.0,31521.231523,0.0,74035544.396806,,CHUCK BUX,CHUCK_BUX,CHUCK BUX,True,High pledge,unresolved_label,73000000.0,Healthy core,1.0,private,True,31521.231523,340.0,31181.231523,0.0,100.0,1.0786380594042249,98.92136194059577,0.0,0.0,31521.231523,100.0,CHUCK_BUX
pool1hx4wc45qhhychdvquhem0q3madcs2mp4r0wllk70zkpxz7jhyf4,614,16263228.370847,21.15,11,1,1.0,340.0,3444.677356,0.0,,0.0,3444.677356,0.0,16263228.370847,,CHUCK BUX,CHUCK_BUX,CHUCK BUX,True,Zero pledge,unresolved_label,0.0,Healthy core,1.0,private,True,3444.677356,340.0,3104.677356,0.0,100.0,9.870300317322375,90.12969968267763,0.0,0.0,3444.677356,100.0,CHUCK_BUX
pool1kphkk90f2mculhcndpdd3a7ukvptzqrgyr9jtuvw6c5z2dptuph,614,74028379.34142,96.26,56,1,1.0,340.0,22343.687659,0.0,,0.0,22343.687659,0.0,74028379.34142,,CHUCK BUX,CHUCK_BUX,CHUCK BUX,True,High pledge,unresolved_label,73000000.0,Healthy core,1.0,private,True,22343.687659,340.0,22003.687659,0.0,100.0,1.5216825673046346,98.47831743269536,0.0,0.0,22343.687659,100.0,CHUCK_BUX
pool1qeqylk3pnenvt3j4mah2dafcnd3h8uc3fqhvfzrxlxf3xuvdvvp,614,1533918.684961,1.99,2,3,0.9999,340.0,626.278171,0.028631,0.028572,5.9e-05,626.306802,0.000136255,3051.699539,LILIE,no-tax.biz,,,False,,,,,0.0019894793439311875,hollow,False,626.278171,340.0,286.2781713197999,0.028630999999904816,99.9954285982671,54.286493283207236,45.70893536612108,1530866.985422,1.870247400495894e-06,626.27823,99.9954285982671,pool1qeqylk3pnenvt3j4mah2dafcnd3h8uc3fqhvfzrxlxf3xuvdvvp
pool1a5ld0eulnjxwpg6qyjs6hxzqwj0esft7k0qsf6nj8pkfxy5lml3,614,76331812.491426,99.26,90,1,1.0,340.0,36148.26254,0.0,,0.0,36148.26254,0.0,76331812.491426,,CHUCK BUX,CHUCK_BUX,CHUCK BUX,True,High pledge,unresolved_label,73000000.0,Healthy core,1.0,private,True,36148.26254,340.0,35808.26254,0.0,100.0,0.9405707940285418,99.05942920597145,0.0,0.0,36148.26254,100.0,CHUCK_BUX
pool1cxjqg6nn588ura2rx4uptwprgzw82j89j2gjguwhtun4ypw2sh4,614,74737566.074072,97.18,87,1,1.0,340.0,34785.091611,0.0,,0.0,34785.091611,0.0,74737566.074072,,CHUCK BUX,CHUCK_BUX,CHUCK BUX,True,High pledge,unresolved_label,73000000.0,Healthy core,1.0,private,True,34785.091611,340.0,34445.091611,0.0,100.0,0.9774302273002571,99.02256977269974,0.0,0.0,34785.091611,100.0,CHUCK_BUX
pool1a0kp4vl4fh0p0rs8s08rm7qq3vkj3epwraayk3sdgm8sz0zwt7t,614,48724717.152762,63.36,52,1289,0.01,340.0,499.374354,15778.061044,15776.384554,1.67649,16277.435398,2.391658988,4972.674333,,BLC,BIGLAZYCAT,BigLazyCat,True,Minimal pledge,declared_brand,1000.0,Healthy core,0.00010205650486199118,hollow,False,499.374354,340.0,159.37435398,15778.061044,3.067893324653329,2.0887811358893527,0.9791121886411064,48719744.478429005,0.03238535261814816,501.050844,3.067893324653329,BIGLAZYCAT
pool189lfh7azuvxu0hyskwahnp35rtez0mzhsmule3742p3jkza00cq,614,2537700.90257,3.3,2,141,0.0,170.0,170.0,456.168392,455.986339,0.182053,626.168392,1.320750854,1012.470893,SEBI,,,,False,,,,,0.00039897171962804707,hollow,False,170.0,170.0,0.0,456.16839200000004,27.14924646020778,27.14924646020778,0.0,2536688.431677,0.017982830934362246,170.182053,27.14924646020778,pool189lfh7azuvxu0hyskwahnp35rtez0mzhsmule3742p3jkza00cq
pool1w3xys99a8xmwcwse4tqpqmyqqzykryfc4w7cvvjusej0vnxdlrf,614,2608048.77554,3.39,2,43,0.9999,2000.0,626.304973,0.0,,0.0,626.304973,0.0,2622.097483,THANK,SOCIOUS,,,False,,,,,0.0010053866735897574,hollow,False,626.304973,626.304973,0.0,0.0,100.0,100.0,0.0,2605426.678057,0.0,626.304973,100.0,pool1w3xys99a8xmwcwse4tqpqmyqqzykryfc4w7cvvjusej0vnxdlrf
pool1xlra52x2es7dmsvpmcp2922h89h346awe7yuu664e50yvrzaaqe,614,26521904.703978,34.49,37,11,0.9999,20000.0,11586.646537,0.0,,0.0,11586.646537,0.0,16006.315756,CTAX,WEP,WEP,ISP,True,Minimal pledge,multi_brand_fleet,100.0,Healthy core,0.0006035130558929738,hollow,False,11586.646537,11586.646537,0.0,0.0,100.0,100.0,0.0,26505898.388221998,0.0,11586.646537,100.0,WEP
pool1c60f68y8406zjmacluvcu8c0krgngp6h2qkkqhdz4mtl62ns0dq,614,12109813.639873,15.75,6,14,0.99994,500.0,1878.839507,0.082735,0.082632,0.000103,1878.922242,4.9874e-05,14377.78113,MYUJK,GIFT,,,False,,,,,0.0011872834345410112,hollow,False,1878.839507,500.0,1378.8395066654803,0.0827350000001843,99.99559667781078,26.611000116097404,73.38459654390957,12095435.858743,6.840183435008716e-07,1878.83961,99.99559667781078,pool1c60f68y8406zjmacluvcu8c0krgngp6h2qkkqhdz4mtl62ns0dq
pool1a6wdglfp93m2z4nhptx9xhjazgyqusjpu387gdrp899cj98yuqq,614,1152485.054012,1.5,1,5,0.05,340.0,313.163994,0.0,,0.0,313.163994,0.0,18702.404286,HYVEN,,,,False,,,,,0.016227893126156988,hollow,False,313.163994,313.163994,0.0,0.0,100.0,100.0,0.0,1133782.6497260001,0.0,313.163994,100.0,pool1a6wdglfp93m2z4nhptx9xhjazgyqusjpu387gdrp899cj98yuqq
pool1lx7hdfz430vmrwhkrdgxu8c0xclffltavmkejpqzzz4ax0lnfvd,614,2110849.120153,2.74,3,105,0.0,340.0,340.0,585.216987,584.931969,0.285018,925.216987,2.044202783,1003.618222,NIGHT,IOG,IOG,IOG,True,Minimal pledge,declared_brand,1000.0,Subscale active,0.00047545710985125026,hollow,False,340.0,340.0,0.0,585.216987,36.74813635906579,36.74813635906579,0.0,2109845.501931,0.02773743321320875,340.285018,36.74813635906579,IOG
pool1wr79nyuty7wjgkey5vlfx9rn0x5ecxgge5mq45fpftqhye2shc0,614,15457441.652455,20.1,18,5,0.02,170.0,279.334896,5357.40991,5357.406508,0.003402,5636.744806,2.561943641,9.816417,BTV4,FIGMENT,FIGMENT,Figment,True,Minimal pledge,provider_cluster,2.0,Healthy core,6.350609124531888e-07,hollow,False,279.334896,170.0,109.33489612,5357.409909999999,4.9556065710596595,3.015925074682191,1.9396814985063564,15457431.836038,0.03465912039482228,279.338298,4.9556065710596595,FIGMENT
pool1c3fjkls7d2aujud8y5xy5e0azu0ueatwn34u7jy3ql85ze3xya8,614,4444586.218443,5.78,9,28,0.04,340.0,439.139282,2379.342768,2365.72795,13.614818,2818.48205,3.984223215,25432.331233,MANDA,CRDNS,CRDNS,,True,Low pledge,multi_brand_fleet,10000.0,Healthy core,0.005722091997555917,hollow,False,439.139282,340.0,99.13928200000001,2379.342768,15.580701746885348,12.063230986338905,3.5174707605464444,4419153.887209999,0.05384159114454782,452.7541,15.580701746885348,CRDNS
pool1q8fqknvzyj9p4ezhxqdghlc7rnmwvwuku9eevgvl25cpjy385gg,614,1601330.36137,2.08,3,257,0.0,170.0,170.0,769.475599,766.943887,2.531712,939.475599,3.56919275,5268.661859,PORTO,,,,False,,,,,0.003290177958339874,hollow,False,170.0,170.0,0.0,769.475599,18.09520121448093,18.09520121448093,0.0,1596061.699511,0.04821089305230188,172.531712,18.09520121448093,pool1q8fqknvzyj9p4ezhxqdghlc7rnmwvwuku9eevgvl25cpjy385gg
pool1m4njkh73pdj90xxkgaz9dnh7gffweeupft8nfurlntg6cgqfmy8,614,12007337.84044,15.61,12,5,0.01,170.0,205.878313,3551.952994,3551.788436,0.164558,3757.831307,2.182609508,556.288771,Pier2,PIERTWO,,,False,,,,,4.632906797428923e-05,hollow,False,205.878313,170.0,35.87831307,3551.9529939999998,5.478647022193218,4.523885882884843,0.9547611411711515,12006781.551669,0.029582890125174812,206.042871,5.478647022193218,pool1m4njkh73pdj90xxkgaz9dnh7gffweeupft8nfurlntg6cgqfmy8
pool1ra2su7cvnmr83pu9nvvz4a9carsgc9egc3e5fuk7h9pycyp5ela,614,73656123.194208,95.78,79,5326,0.06,170.0,1638.066817,22999.713466,22993.634406,6.07906,24637.780283,2.30529811,9.816417,LBF4,FIGMENT,FIGMENT,Figment,True,Minimal pledge,provider_cluster,2.0,Healthy core,1.3327360407114015e-07,hollow,False,1638.066817,170.0,1468.0668169799999,22999.713466,6.648597390610961,0.6899972239678569,5.958600166561928,73656113.377791,0.031225803821648482,1644.145877,6.648597390610961,FIGMENT
pool1y6gnk7t3n6rvpr67f68mehxgqs5x24n0esz9l5j7m4aqzn4e0qw,614,52920057.767288,68.81,50,2,0.03,340.0,799.52873,14858.095617,14846.851838,11.243779,15657.624347,2.070438471,40046.951831,,COINBASE,COINBASE_BISON,Coinbase / bison.run,True,Zero pledge,opaque_operational,0.0,Healthy core,0.0007567442954636119,hollow,False,799.52873,340.0,459.52873041000004,14858.095617,5.106322084890161,2.171466069596592,2.9348560179121024,52880010.815457,0.02809775449716234,810.772509,5.106322084890161,COINBASE_BISON
pool1095d0cr8yp0selmnrst5hnuf8jcl6vlkxlr2j6kq4x6qs4yxuwt,614,58677046.27227,76.3,65,2,0.03,340.0,940.44735,19414.464302,19402.648825,11.815477,20354.911652,2.444346342,35710.352563,,COINBASE,COINBASE_BISON,Coinbase / bison.run,True,Zero pledge,opaque_operational,0.0,Healthy core,0.0006085915163026235,hollow,False,940.44735,340.0,600.4473495599999,19414.464302,4.620247761712074,1.6703585150004463,2.9498892445499862,58641335.919707,0.03310713168025829,952.262827,4.620247761712074,COINBASE_BISON
pool1q5q3rld4nll02w8sqhf9582jcf22t99yt27z0pqksvpnv4rdra9,614,52595047.185805,68.39,45,2,0.03,340.0,752.555857,13339.306056,13329.341767,9.964289,14091.861913,1.868453258,39287.818178,,COINBASE,COINBASE_BISON,Coinbase / bison.run,True,Zero pledge,opaque_operational,0.0,Healthy core,0.0007469870316725085,hollow,False,752.555857,340.0,412.55585739,13339.306056000001,5.34035787212585,2.4127400772096963,2.927617797683709,52555759.367627,0.02538124501768054,762.520146,5.34035787212585,COINBASE_BISON
pool1j6xfryctrxm4aplw3vnrtgfsvqdr35exenxqse5kzxmfue7qqmr,614,60862867.811855,79.14,66,2,0.03,340.0,949.841924,19718.222215,19704.836803,13.385412,20668.064139,2.392835071,41315.824519,,COINBASE,COINBASE_BISON,Coinbase / bison.run,True,Zero pledge,opaque_operational,0.0,Healthy core,0.0006788346656079261,hollow,False,949.841924,340.0,609.84192417,19718.222214999998,4.595698550246308,1.6450500526482812,2.9506484984205517,60821551.987336,0.03241979458055533,963.2273359999999,4.595698550246308,COINBASE_BISON
pool197na7w0h8hjc8wdvwys7nsalhtpctefa3m23udeqxpfk6nzq8l9,614,73898357.865024,96.09,64,4,0.03,340.0,931.052775,19110.706389,19098.572677,12.133712,20041.759164,1.905522008,46919.322364,,COINBASE,COINBASE_BISON,Coinbase / bison.run,True,Zero pledge,opaque_operational,0.0,Healthy core,0.0006349169821838065,hollow,False,931.052775,340.0,591.0527749199999,19110.706389,4.645564131278471,1.6964578668858814,2.949106263993423,73851438.54266,0.02587722970076036,943.1864869999999,4.645564131278471,COINBASE_BISON
pool1kl2vuauwfc5k0avf874ym5tcm04ywa22frleszhujeccj4va3lt,614,68187444.391324,88.67,74,4,0.05,340.0,1481.664202,21691.619832,21683.805194,7.814638,23173.284034,2.349054181,24565.256956,,COINBASE,COINBASE_BISON,Coinbase / bison.run,True,Zero pledge,opaque_operational,0.0,Healthy core,0.0003602607074554861,hollow,False,1481.664202,340.0,1141.6642017000001,21691.619832,6.393846464860535,1.467206803753623,4.926639659812319,68162879.134368,0.031823215373927766,1489.47884,6.393846464860535,COINBASE_BISON
pool1f776th42gqa5ammpj738evvnlga5jk4ll0gr4uupkrqnqpjsfyt,614,12217469.596053,15.89,13,2,1.0,10000.0,4070.98233,0.0,,0.0,4070.98233,0.0,83650.681289,,,,,False,,,,,0.006846809041049249,hollow,False,4070.98233,4070.98233,0.0,0.0,100.0,100.0,0.0,12133818.914764,0.0,4070.98233,100.0,pool1f776th42gqa5ammpj738evvnlga5jk4ll0gr4uupkrqnqpjsfyt
pool1qtscx3ge0rgmpffgqen5uup8r8tnav7a2veduweskqx7gf8gjec,614,35018764.005186,45.54,32,3,0.05,340.0,824.043979,9196.835603,9192.329869,4.505734,10020.879582,1.935408441,17156.470427,,COINBASE,COINBASE_BISON,Coinbase / bison.run,True,Zero pledge,opaque_operational,0.0,Healthy core,0.0004899222149719294,hollow,False,824.043979,340.0,484.0439791,9196.835603,8.223269946085258,3.392915733771763,4.830354213311412,35001607.534759,0.026275466330701838,828.549713,8.223269946085258,COINBASE_BISON
pool1lu2luhmkyayq9njh848kfknn6evwzmn3gzsxar7z3sttg7grxcm,614,59564060.145659,77.45,61,2640,0.04,170.0,925.808452,18139.402855,18136.769299,2.633556,19065.211307,2.247662326,3763.752226,PPTG1,P2P,P2P,P2P,True,Minimal pledge,declared_brand,500.0,Healthy core,6.318830880225516e-05,hollow,False,925.808452,170.0,755.8084522800001,18139.402855,4.856009393717442,0.8916764533188397,3.964332941867247,59560296.393433,0.030455528184712016,928.442008,4.856009393717442,P2P
pool1k3nkfa5ugavrpd9nwd3s6yyx454qxnquxwmux4rzfunl7q0z38t,614,95299063.926684,123.92,99,6,0.05,340.0,1574.238095,23450.523811,23449.734156,0.789655,25024.761906,1.812338804,3209.027492,KILN9,ADALITE,KILN,Kiln,True,Minimal pledge,provider_cluster,100.0,Healthy core,3.367323203162611e-05,hollow,False,1574.238095,340.0,1234.2380953000002,23450.523811,6.290721569752704,1.3586542852121233,4.932067285739395,95295854.899192,0.024608125753010933,1575.02775,6.290721569752704,KILN
pool1wun8t7nt4daw2zgv0vj7cmwru97vsw0fccucjzuvs7y0qlc8xyv,614,5025101.020951,6.53,5,3,0.05,340.0,401.288122,1164.474316,1162.373966,2.10035,1565.762438,1.705830062,9063.721658,BCW,,,,False,,,,,0.0018036894423039264,hollow,False,401.288122,340.0,61.2881219,1164.474316,25.628927624076773,21.71466065020012,3.914266967489994,5016037.299293,0.02321502505900684,403.388472,25.628927624076773,pool1wun8t7nt4daw2zgv0vj7cmwru97vsw0fccucjzuvs7y0qlc8xyv
pool19qgfp80d2sv3p2azmygfq87g7va4s3ewd6aaulas6eqsyz4r2yl,614,7268841.659437,9.45,8,4,0.0,170.0,170.0,2335.219893,2334.660579,0.559314,2505.219893,2.37256115,1740.979745,P2P2,P2P,P2P,P2P,True,Zero pledge,declared_brand,0.0,Healthy core,0.00023951267981463305,hollow,False,170.0,170.0,0.0,2335.219893,6.785831474315216,6.785831474315216,0.0,7267100.679692,0.032134134311993225,170.559314,6.785831474315216,P2P
pool1mdzxt5rl2sgnehedgnl0jwk8vumsglequrap26qgg0uwg4cuq52,614,10018973.458422,13.03,11,6,0.1,170.0,497.467735,2947.209618,2947.20673,0.002888,3444.677353,2.170288366,9.816417,FGMT4,FIGMENT,FIGMENT,Figment,True,Minimal pledge,provider_cluster,0.0,Healthy core,9.7978271334258e-07,hollow,False,497.467735,170.0,327.4677353,2947.209618,14.44163513795424,4.935150162959253,9.506484983704075,10018963.642005,0.02941631213874934,497.470623,14.44163513795424,FIGMENT
pool1mvtxupzcgdtslv2sw0l3f4zlhd3a69fue6gu0vhqz47w7j5zryx,614,10025549.779671,13.04,16,4,0.1,170.0,654.043979,4356.39581,4356.391545,0.004265,5010.439789,3.222199369,9.816417,FGMT5,FIGMENT,FIGMENT,Figment,True,Minimal pledge,provider_cluster,0.0,Healthy core,9.791400188251956e-07,hollow,False,654.043979,170.0,484.0439789,4356.39581,13.053624163609323,3.392915735126101,9.660708426487389,10025539.963254001,0.04345297935041136,654.0482440000001,13.053624163609323,FIGMENT
pool1sysgx87cwxnqy0pqn8g97gdhd0dmre9rw3jvpn2k7apuwa7cgkn,614,60758432.45596,79.01,44,2634,0.0,170.0,170.0,13586.97561,13586.970662,0.004948,13756.97561,1.645658735,22.091225,EVE6,EVE,EVERSTAKE,Everstake,True,Minimal pledge,declared_brand,10.0,Healthy core,3.6359109521155854e-07,hollow,False,170.0,170.0,0.0,13586.97561,1.235736726002671,1.235736726002671,0.0,60758410.364735,0.022362296064753637,170.004948,1.235736726002671,EVERSTAKE
pool1wm5pnu72efdcvjm34r7ykkxx2h549swddjrn6r2aqy3tvjc4l57,614,50304132.528716,65.41,56,3,0.1,170.0,1906.653927,15629.885341,15629.882348,0.002993,17536.539268,2.293724907,9.63521,FGMT6,FIGMENT,FIGMENT,Figment,True,Minimal pledge,provider_cluster,0.0,Healthy core,1.9153913437429347e-07,hollow,False,1906.653927,170.0,1736.6539268000001,15629.885341000001,10.872464046992377,0.9694044953910002,9.9030595504609,50304122.893506,0.03107078394764684,1906.6569200000001,10.872464046992377,FIGMENT
pool1rqgmaq82p2l3j2jknc2syky2xtgylevss39c7ffgpp5x56s5pt5,614,17128811.54756,22.27,17,3,0.04,340.0,539.343691,4784.248586,4780.609596,3.63899,5323.592277,2.059601391,13028.497984,,,COINBASE_BISON,Coinbase / bison.run,True,Zero pledge,opaque_operational,0.0,Healthy core,0.0007606189108815265,hollow,False,539.343691,340.0,199.34369107999999,4784.248586,10.13119831378101,6.38666491175391,3.7445334035298434,17115783.049576,0.02795226237761011,542.9826810000001,10.13119831378101,COINBASE_BISON
pool1u8f87frd3k6cy9lp4uk5faj53wfzh8smxjdpt8ua45f0x8s5v58,614,9989650.731304,12.99,8,3,0.1,170.0,403.521989,2101.697904,2101.695839,0.002065,2505.219893,1.547519366,9.816417,FGMT7,FIGMENT,FIGMENT,Figment,True,Minimal pledge,provider_cluster,0.0,Healthy core,9.826586798714447e-07,hollow,False,403.521989,170.0,233.5219893,2101.697904,16.107248314908702,6.785831474315216,9.321416852568479,9989640.914887,0.021038773284312532,403.52405400000004,16.107248314908702,FIGMENT
pool13l9qxpuzd70h7hkjr4ec3pf50w4x6tst5pxc7w33l5lyj4lpmtv,614,75631086.392258,98.34,77,1,1.0,340.0,31093.350179,0.0,,0.0,31093.350179,0.0,75631086.392258,,,,,False,,,,,1.0,private,True,31093.350179,340.0,30753.350179,0.0,100.0,1.093481397284848,98.90651860271515,0.0,0.0,31093.350179,100.0,pool13l9qxpuzd70h7hkjr4ec3pf50w4x6tst5pxc7w33l5lyj4lpmtv
pool1uy07qyf0gzzua2glqspyvyevwpe8tamajnqj6c7mjzy4v3m4kne,614,76324507.892945,99.25,75,1,1.0,340.0,30348.449514,0.0,,0.0,30348.449514,0.0,76324507.892945,,,,,False,,,,,1.0,private,True,30348.449514,340.0,30008.449514,0.0,100.0,1.1203208250990058,98.87967917490099,0.0,0.0,30348.449514,100.0,pool1uy07qyf0gzzua2glqspyvyevwpe8tamajnqj6c7mjzy4v3m4kne
pool1v96277f457qtwhuq3ma9yjlacq4mjw9h4j3jfy5rjgjru5lyxea,614,39635104.787139,51.54,41,3,0.1,170.0,1436.925196,11402.326767,11402.323943,0.002824,12839.251963,2.121980867,9.816417,FGMT8,FIGMENT,FIGMENT,Figment,True,Minimal pledge,provider_cluster,0.0,Healthy core,2.47669762770131e-07,hollow,False,1436.925196,170.0,1266.9251963000002,11402.326767,11.191658206731306,1.3240646767421025,9.86759353232579,39635094.970722,0.028768258977107972,1436.9280199999998,11.191658206731306,FIGMENT
pool106sjgd9m4shsvtc9ruk7femgndknefmct6eedskww37pzv8hz9n,614,50643588.79581,65.85,43,3,0.03,170.0,568.866866,12896.695323,12895.928373,0.76695,13465.562189,1.876134699,3011.71143,,,,,False,,,,,5.946876004666506e-05,hollow,False,568.866866,170.0,398.86686567,12896.695323,4.224605389775011,1.2624797807467167,2.9621256065775983,50640577.08438,0.025467117607113454,569.6338159999999,4.224605389775011,pool106sjgd9m4shsvtc9ruk7femgndknefmct6eedskww37pzv8hz9n
pool159s558a4ffhp9nqjp9dx048lphdlxjc8xmy5pcmfe4jhuxe4a2u,614,30537916.192841,39.71,28,6,0.1,170.0,1029.826963,7738.44267,7738.440182,0.002488,8768.269633,1.866829243,9.816417,FGMT9,FIGMENT,FIGMENT,Figment,True,Minimal pledge,provider_cluster,0.0,Healthy core,3.2145012573913804e-07,hollow,False,1029.826963,170.0,859.8269633,7738.44267,11.744928088481378,1.938808991003117,9.806119100899688,30537906.376424,0.025340449258742456,1029.829451,11.744928088481378,FIGMENT
pool1da9msyhpfmt58vrdkk7lpzgwldvc0t7q46kvpcyvvpff7347lsp,614,1769879.681373,2.3,1,3,0.1,170.0,184.315248,128.837236,128.83687,0.000366,313.152484,0.53279372,5.046709,,FIGMENT,FIGMENT,Figment,True,Minimal pledge,provider_cluster,0.0,Subscale active,2.8514418539936967e-06,hollow,False,184.315248,170.0,14.315248400000002,128.83723600000002,58.85798689688823,54.28665224957947,4.571334775042053,1769874.634664,0.007279455475356818,184.315614,58.85798689688823,FIGMENT
pool1kf0c6a38vy9t7muc2jpfefdc0y6ey8386ujtn6rtly25y5yxwqf,614,1308476.939094,1.7,5,3,0.1,170.0,309.576243,1256.186188,1256.181343,0.004845,1565.762431,7.256081766,5.046709,FGMTC,FIGMENT,FIGMENT,Figment,True,Minimal pledge,provider_cluster,0.0,Subscale active,3.856933851271679e-06,hollow,False,309.576243,170.0,139.57624310000003,1256.1861880000001,19.771597329888927,10.857330373639549,8.914266962636045,1308471.8923850001,0.09600406361884496,309.58108799999997,19.771597329888927,FIGMENT
pool12582dmkl7xanxlmfnwd4fepmx4tt5kkw327mmklcjdxngwaxvh2,614,1071124.421162,1.39,1,3,0.1,170.0,184.315248,128.837236,128.83663,0.000606,313.152484,0.881873284,5.046709,FGMTF,FIGMENT,FIGMENT,Figment,True,Minimal pledge,provider_cluster,0.0,Subscale active,4.711599231884865e-06,hollow,False,184.315248,170.0,14.315248400000002,128.83723600000002,58.85798689688823,54.28665224957947,4.571334775042053,1071119.374453,0.012028279860570602,184.315854,58.85798689688823,FIGMENT
pool1w9u6rtvuzke9cq5q4x2r7g8xlt6lqmcd2tugzpjpj5w5xv0eyws,614,1005926.282284,1.31,1,3,0.1,170.0,184.315248,128.837236,128.836591,0.000645,313.152484,0.939295,5.046709,FGMTG,FIGMENT,FIGMENT,Figment,True,Minimal pledge,provider_cluster,0.0,Subscale active,5.01697697821477e-06,hollow,False,184.315248,170.0,14.315248400000002,128.83723600000002,58.85798689688823,54.28665224957947,4.571334775042053,1005921.2355749999,0.012807885095134182,184.315893,58.85798689688823,FIGMENT
pool1dzdglfergm9km74055n6c9xsp8n78ec8ztsklgxg5c5gyrfz9zc,614,12705318.583391,16.52,8,3,0.1,170.0,403.521989,2101.697905,2101.69707,0.000835,2505.219894,1.214776193,5.046709,FGMTJ,FIGMENT,FIGMENT,Figment,True,Minimal pledge,provider_cluster,0.0,Healthy core,3.972123144237642e-07,hollow,False,403.521989,170.0,233.5219894,2101.697905,16.107248308479225,6.78583147160654,9.321416852839347,12705313.536682,0.016541881465043005,403.522824,16.107248308479225,FIGMENT
pool1lu0gwsvugl2cgx6gzk9zqdjwutd5szp293wpvwj4fvq4jleg8ww,614,20674733.919253,26.88,30,4,0.01,339.0,429.555892,8965.033332,8962.32252,2.710812,9394.589224,3.215370392,6251.547127,WBFL,strixjpn.github.io,STRIXJPN_GITHUB_IO,PNR39,True,Minimal pledge,community_branded_fleet,399.0,Healthy core,0.00030237618299785475,hollow,False,429.555892,339.0,90.55589223999999,8965.033331999999,4.57237545738168,3.608460060541759,0.9639153993945824,20668482.372126,0.04337538272326397,432.26670399999995,4.57237545738168,STRIXJPN_GITHUB_IO
pool18rjrygm3knlt67n3r3prlhnzcjxun7wa8d3l8w9nmlpasquv4au,614,76314766.749444,99.23,80,9,1.0,170.0,32418.829396,0.0,,0.0,32418.829396,0.0,76301499.928745,CF1,cardanofoundation.org,CARDANO_FOUNDATION,Cardano Foundation,True,High pledge,declared_brand,76000000.0,Healthy core,0.9998261565714726,private,True,32418.829396,170.0,32248.829396,0.0,100.0,0.5243866085460059,99.475613391454,13266.820698991418,0.0,32418.829396,100.0,CARDANO_FOUNDATION
pool1n0uxgs5qfk5n9xl7qvq9jt8zuu02cntrsjnjayjlqtejyffnemj,614,54520975.205365,70.89,51,2912,0.0,170.0,170.0,15758.323149,15758.319646,0.003503,15928.323149,2.132040994,12.090609,EVE7,EVE,EVERSTAKE,Everstake,True,Minimal pledge,declared_brand,10.0,Healthy core,2.2176068851406483e-07,hollow,False,170.0,170.0,0.0,15758.323149,1.0672812097654663,1.0672812097654663,0.0,54520963.114756,0.028903236936280455,170.003503,1.0672812097654663,EVERSTAKE
pool1xmlq3sgssww6kwu8dupgxukzhlk77j40p9c4r3qux3j5z2ysk2c,614,76301499.880772,99.22,86,4,1.0,170.0,34848.859429,0.0,,0.0,34848.859429,0.0,76301499.880772,CF2,cardanofoundation.org,CARDANO_FOUNDATION,Cardano Foundation,True,High pledge,declared_brand,76000000.0,Healthy core,1.0,private,True,34848.859429,170.0,34678.859429,0.0,100.0,0.4878208434521446,99.51217915654786,0.0,0.0,34848.859429,100.0,CARDANO_FOUNDATION
pool1l0erdjregched3dj828q93rfa2f4w4p62nr248xshj5huq6zuvp,614,76301499.726481,99.22,81,4,1.0,170.0,32822.762936,0.0,,0.0,32822.762936,0.0,76301499.72648099,CF3,cardanofoundation.org,CARDANO_FOUNDATION,Cardano Foundation,True,High pledge,declared_brand,76000000.0,Healthy core,0.9999999999999998,private,True,32822.762936,170.0,32652.762936,0.0,100.0,0.5179332414260106,99.48206675857399,1.4901161193847656e-08,0.0,32822.762936,100.0,CARDANO_FOUNDATION
pool1n6erydn8x79sa3fmrqmj7mcyqa9em5fppr447j6d9k0xwfl7sc5,614,76301500.320156,99.22,75,4,1.0,170.0,30391.447217,0.0,,0.0,30391.447217,0.0,76301500.32015601,CF4,cardanofoundation.org,CARDANO_FOUNDATION,Cardano Foundation,True,High pledge,declared_brand,76000000.0,Healthy core,1.0000000000000002,private,True,30391.447217,170.0,30221.447217,0.0,100.0,0.559367899745516,99.44063210025449,0.0,0.0,30391.447217,100.0,CARDANO_FOUNDATION
pool1luhm55xxqp0cv7a43rcfrr8m6m74kfe7wdvqdgfzt483x29lr0t,614,75500025.793072,98.17,83,5,1.0,170.0,33258.767232,0.0,,0.0,33258.767232,0.0,75500005.967373,CF5,cardanofoundation.org,CARDANO_FOUNDATION,Cardano Foundation,True,High pledge,declared_brand,73000000.0,Healthy core,0.9999997374080499,private,True,33258.767232,170.0,33088.767232,0.0,100.0,0.5111434191596679,99.48885658084033,19.825699001550674,0.0,33258.767232,100.0,CARDANO_FOUNDATION
pool1r2fph82mjhgu955cesn4yejjva4sk7uuh06yhwf8e9ln5djy5h7,614,75500001.574016,98.17,72,4,1.0,170.0,28850.976813,0.0,,0.0,28850.976813,0.0,75500001.574016,CF6,cardanofoundation.org,CARDANO_FOUNDATION,Cardano Foundation,True,High pledge,declared_brand,14750000.0,Healthy core,1.0,private,True,28850.976813,170.0,28680.976813,0.0,100.0,0.5892348155206983,99.4107651844793,0.0,0.0,28850.976813,100.0,CARDANO_FOUNDATION
pool139gdv4lxw53enk4rms0ryr4ey07k56jufmfrclqqehjdzglheu6,614,11065443.352923,14.39,13,263,0.0,170.0,170.0,3900.998059,3900.487479,0.51058,4070.998059,2.606469129,1448.294865,BLC3,,BIGLAZYCAT,BigLazyCat,True,Minimal pledge,declared_brand,1000.0,Healthy core,0.00013088448594492373,hollow,False,170.0,170.0,0.0,3900.998059,4.175880153619105,4.175880153619105,0.0,11063995.058058001,0.03525849422861835,170.51058,4.175880153619105,BIGLAZYCAT
pool1rkm8rplkafvllxjuddrkqc3u3lgd9uf327tvmvfdyygsv7lkhm8,614,75500009.831419,98.17,67,1,1.0,340.0,27044.54604,0.0,,0.0,27044.54604,0.0,75500009.831419,,,,,False,,,,,1.0,private,True,27044.54604,340.0,26704.54604,0.0,100.0,1.2571850882507916,98.7428149117492,0.0,0.0,27044.54604,100.0,pool1rkm8rplkafvllxjuddrkqc3u3lgd9uf327tvmvfdyygsv7lkhm8
