epoch_no,pool_count,total_rewards_ada,total_operator_take_ada,total_fixed_cost_ada,total_margin_take_ada,total_delegator_pot_ada,total_active_stake_ada,mean_margin_rate,median_margin_rate,stake_weighted_margin,operator_take_pct,fixed_cost_share_pct,margin_share_pct,delegator_pot_pct,hollow_pool_count,hollow_total_rewards_ada,hollow_total_operator_take_ada,hollow_total_fixed_cost_ada,hollow_total_margin_take_ada,hollow_total_delegator_pot_ada,hollow_total_active_stake_ada,hollow_mean_margin_rate,hollow_median_margin_rate,hollow_stake_weighted_margin,hollow_operator_take_pct,hollow_fixed_cost_share_pct,hollow_margin_share_pct,hollow_delegator_pot_pct,balanced_pool_count,balanced_total_rewards_ada,balanced_total_operator_take_ada,balanced_total_fixed_cost_ada,balanced_total_margin_take_ada,balanced_total_delegator_pot_ada,balanced_total_active_stake_ada,balanced_mean_margin_rate,balanced_median_margin_rate,balanced_stake_weighted_margin,balanced_operator_take_pct,balanced_fixed_cost_share_pct,balanced_margin_share_pct,balanced_delegator_pot_pct,priv_pool_count,priv_total_rewards_ada,priv_total_operator_take_ada,priv_total_fixed_cost_ada,priv_total_margin_take_ada,priv_total_delegator_pot_ada,priv_total_active_stake_ada,priv_mean_margin_rate,priv_median_margin_rate,priv_stake_weighted_margin,priv_operator_take_pct,priv_fixed_cost_share_pct,priv_margin_share_pct,priv_delegator_pot_pct
211,255,7235489.131813,383701.254798,86930.708951,301971.8511458146,6851787.877015,9510567886.134432,0.03148494117647059,0.02,0.042341772330489684,5.303045140527435,1.20144896035823,4.1734822020270155,94.69695485947257,212,7079639.35815,365287.19636,72847.273977,297641.22768088325,6714352.16179,9308934156.755478,0.032649811320754715,0.02,0.0426061737618484,5.159686502102477,1.028968712836185,4.204186295707875,94.84031349789753,42,155772.609521,18336.894296,14006.270832,4330.6234649313,137435.715225,201533721.557699,0.025878571428571428,0.025,0.030140036836847434,11.77157804082878,8.991485008223982,2.780093033202657,88.22842195917121,1.0,77.164142,77.164142,77.164142,0.0,0.0,100007.821255,0.02,0.02,0.02,100.0,100.0,0.0,0.0
212,351,8916617.064233,483334.929109,120126.068282,368663.8740322616,8433282.135124,11593985319.142952,0.030475042735042736,0.02,0.04176940345240354,5.420608798462247,1.3472157368275761,4.134571120151315,94.57939120153776,280,8667985.269887,454659.189367,96605.61052,363139.814400409,8213326.08052,11270164848.627068,0.031152642857142858,0.02,0.04225704668665387,5.2452695200868416,1.1145105524765089,4.18943737320337,94.75473047991316,70,248397.247831,28441.193227,23285.911247,5524.0596318526,219956.054604,323515987.954764,0.027485714285714283,0.025,0.024773873354509285,11.449882587407048,9.374464270571487,2.2238811742435085,88.55011741259295,1.0,234.546515,234.546515,234.546515,0.0,0.0,304482.561121,0.05,0.05,0.05,100.0,100.0,0.0,0.0
213,369,9526255.75496,522457.477496,127304.0,401158.3789722752,9003798.277464,12276672362.774166,0.028598455284552845,0.02,0.041646783347940246,5.484394823474837,1.3363487531154838,4.2110813449807445,94.51560517652517,290,9178932.815655,487242.073394,100199.0,393047.9748726823,8691690.742261,11940473090.410313,0.030218137931034485,0.02,0.04218296954864373,5.308264949526497,1.0916192765798112,4.282066148281691,94.6917350504735,79,347322.939305,35215.404102,27105.0,8110.40409959287,312107.535203,336199272.363854,0.022652784810126583,0.02,0.02260356277243472,10.139095382662232,7.803976338055193,2.335119043913986,89.86090461733777,0.0,0.0,0.0,0.0,0.0,0.0,0.0,0.0,0.0,0.0,0.0,0.0,0.0,0.0
214,395,10130609.812413,547072.959884,136794.0,411149.5810945857,9583536.852529,12969385938.486284,0.02826420253164557,0.02,0.04193624060946085,5.400197717749167,1.3503037085920218,4.058487975628137,94.59980228225085,304,9773373.269158,508314.355588,105129.0,404055.97679692355,9265058.91357,12597331739.013975,0.03030973684210526,0.02,0.04251296875204785,5.201012399598982,1.0756675009206633,4.134252991973711,94.79898760040102,88,349310.28726,37515.806262,30640.0,6875.8062636072,311794.480998,371221555.739874,0.021167045454545456,0.02,0.022388296597505086,10.73996605032021,8.771571040847679,1.9683950099326368,89.2600339496798,3.0,7926.2559949999995,1242.798034,1025.0,217.798034055,6683.457961,832643.732435,0.029166666666666664,0.03,0.031586618767661986,15.679509150145737,12.931704459792684,2.747804691046949,84.32049084985427
215,388,10589020.861519,558108.3732339999,134233.0,423875.37324346567,10030912.488285,13563321011.459778,0.029846778350515465,0.02,0.04147023344754494,5.270632483709538,1.2676620601231323,4.002970423675797,94.72936751629047,293,10194096.323163,517188.700024,101159.0,416029.7000331778,9676907.623139,13196634061.920536,0.031921433447098975,0.02,0.04199835868590125,5.073413901817321,0.99232925404233,4.081084647865021,94.92658609818267,91,385620.281204,39287.505684,31714.0,7573.50568428788,346332.77551999997,362096443.403689,0.02305021978021978,0.022,0.022276981309197093,10.188132626565928,8.224152500740159,1.963980125900422,89.81186737343407,4.0,9304.257152,1632.167526,1360.0,272.167526,7672.089626,4590506.135552,0.0325,0.03,0.037185918771513275,17.542158383371387,14.616964877283737,2.925193506087653,82.45784161662861
216,393,10798513.210875,566495.043912,135399.0,431806.4306459857,10232018.166963,14097642840.187464,0.028606819338422393,0.02,0.040905806593288525,5.24604668114396,1.2538670588803091,3.998758182849846,94.75395331885603,286,10424795.862701,522694.22319499997,98464.0,424940.60993051797,9902101.639506,13729797394.835964,0.0313848951048951,0.02,0.04146695681826792,5.013951640675803,0.944517296039297,4.076248739324651,94.98604835932419,103,366436.119769,42285.363402,35575.0,6710.363400207701,324150.756367,364665063.427258,0.020984466019417475,0.02,0.019804984476671148,11.53962754235487,9.708377007819632,1.8312505340461223,88.46037245764514,4.0,7281.228405,1515.457315,1360.0,155.45731526,5765.77109,3180381.92424,0.026250000000000002,0.0225,0.03784131253491651,20.813209402404404,18.678166984379885,2.1350424215953434,79.1867905975956
217,382,11053356.116314,573776.97549,131580.0,443087.65199651243,10479579.140824,14473952619.04115,0.0284920942408377,0.02,0.04052444265372032,5.1909752065541825,1.1904076790378344,4.0086255010145315,94.80902479344581,286,10653693.040944,532681.106107,98600.0,434971.78261567076,10121011.934837,14075930536.446463,0.030732447552447556,0.02,0.04106317866555853,4.999966716328448,0.9255006655538414,4.082826311439595,95.00003328367154,93,394441.746828,39907.95685,31960.0,7947.9568484357,354533.789978,392572462.892378,0.02123225806451613,0.02,0.021192669630324814,10.117579381728637,8.102590625108567,2.0149887562234836,89.88242061827137,3.0,5221.328542,1187.912533,1020.0,167.912532406,4033.4160089999996,5449619.702309,0.03996666666666667,0.04,0.04160911792960487,22.75115468112215,19.53525796730069,3.215896702445046,77.24884531887784
218,390,10928027.196482,561177.435196,133579.0,428054.4150676852,10366849.761286,14666789750.124092,0.028393794871794872,0.02,0.04020328880333098,5.1352126518925285,1.2223523752118988,3.917032849309584,94.86478734810746,288,10534196.482851,519094.21169,98399.0,421151.1915616814,10015102.271161,14269547354.640137,0.031385694444444445,0.02,0.04083295396978511,4.927705805896561,0.9340911778149126,3.9979431962113927,95.07229419410342,98,378966.398263,40130.729259,33820.0,6310.7292602487,338835.66900399997,388884137.376053,0.01923061224489796,0.02,0.01697531506445144,10.589521773682309,8.924274066253536,1.6652477077582741,89.41047822631768,4.0,14864.315368,1952.494247,1360.0,592.4942457551,12911.821120999999,8358258.107902,0.037475,0.044950000000000004,0.04594056318922587,13.135446864934952,9.149429128285433,3.986017728274426,86.86455313506505
219,398,11323798.223374,575154.216314,136370.0,439706.32094169204,10748644.00706,14865562042.394918,0.02721243718592965,0.02,0.03985080719642048,5.079163412915609,1.2042779049039578,3.8830285763488166,94.9208365870844,283,10877038.086715,529339.472053,96810.0,433451.57667863567,10347698.614662,14474680485.63927,0.031524310954063606,0.02,0.04049965596846272,4.866577351600201,0.8900400938950636,3.9850147919224894,95.13342264839982,109,435416.789388,43482.429228,37520.0,5962.42923090638,391934.36016,383446843.43555,0.01600155963302752,0.012,0.015446125045011411,9.986392414752018,8.617031064129666,1.3693613512898462,90.01360758524798,6.0,11343.347271,2332.315033,2040.0,292.31503215000004,9011.032238,7434713.320098,0.0275,0.0275,0.03528031182664519,20.56108287333064,17.984109551290842,2.5769733145464238,79.43891712666935
220,407,11576997.212425001,590799.010838,139464.77,451925.00145910087,10986198.201587,15074664352.500519,0.02788201474201474,0.02,0.039758681315868905,5.103214590083217,1.204671362020538,3.9036461110491834,94.89678540991679,294,11169453.998673,545567.291743,100639.77,445518.28237004974,10623886.70693,14666066394.553812,0.031158435374149664,0.02,0.04039558135799725,4.884458021026066,0.9010267647098653,3.9887203297760134,95.11554197897394,107,398334.829226,43060.283376,36785.0,6275.2833712911,355274.54585,402241591.470339,0.019414953271028036,0.02,0.016826615593310355,10.81007238550291,9.234693353698576,1.575379030622186,89.1899276144971,6.0,9208.384526,2171.435719,2040.0,131.43571776000002,7036.948807,6356366.476368,0.018333333333333333,0.025,0.021416804232895777,23.581071282035644,22.153722992779375,1.4273482757902807,76.41892871796435
221,411,11643679.821617,592841.741512,140589.0,452252.74150159146,11050838.080105,15317320770.00286,0.027527615571776156,0.02,0.039475829881651214,5.091532493115823,1.2074275671767476,3.884104925849683,94.90846750688418,299,11241235.501932,548178.000523,102104.0,446074.0005187788,10693057.501409,14903285364.229418,0.030901270903010036,0.02,0.0401133076200912,4.876492449862706,0.9082987362238935,3.968193713601261,95.12350755013729,104,387631.495797,41724.603783,35765.0,5959.60377714967,345906.892014,406349071.84170103,0.01809971153846154,0.02,0.016325060095955322,10.763986991617134,9.226546446249014,1.53744054385887,89.23601300838287,8.0,14812.823888,2939.137206,2720.0,219.137205663,11873.686682,7686333.931739,0.024,0.0225,0.027347963033266743,19.84184263731793,18.362467687228065,1.479374947814812,80.15815736268206
222,405,11960911.551834,725591.916235,138514.0,587077.9162432683,11235319.635599,15769738439.357943,0.030595950617283953,0.02,0.04873568011599741,6.066359684130789,1.1580555495267522,4.9083041346731635,93.93364031586921,302,11625732.930579,684936.943153,103264.0,581672.9431585027,10940795.987426,15425447750.832926,0.03431576158940398,0.02,0.049398616150504754,5.891559243988997,0.8882364717701898,5.00332277226614,94.108440756011,95,319435.346898,37530.209091,32530.0,5000.209094300601,281905.137807,337688543.789245,0.019168421052631578,0.02,0.01882633390205868,11.74892179448879,10.18359436921903,1.5653274263030241,88.25107820551122,8.0,15743.274356999998,3124.7639910000003,2720.0,404.763990465,12618.510366,6602144.735771,0.025875000000000002,0.0225,0.02964467275271813,19.848247068187714,17.277219073493406,2.5710279912960297,80.1517529318123
223,419,12101695.399848,711417.800552,143554.0,568296.5796972677,11390277.599296,16188201590.221506,0.03031711217183771,0.02,0.047230656294177775,5.878662262156553,1.1862304847121097,4.696007963515639,94.12133773784345,319,11714565.729528,669483.365604,109099.0,560817.1447494498,11045082.363924,15767153848.912914,0.03350586206896552,0.02,0.04795831797633495,5.714965292451986,0.9313106650210906,4.78734899524138,94.28503470754801,95,378782.91654,40009.327854,32755.0,7254.327853312,338773.58868600003,413180988.118117,0.019647368421052632,0.02,0.01976628379755772,10.562600927060279,8.647433284267725,1.915167642610918,89.43739907293973,5.0,8346.75378,1925.107094,1700.0,225.107094506,6421.646686,7866753.190474,0.029600000000000005,0.025,0.031290518946915424,23.064141398453952,20.367199570130367,2.6969418343858234,76.93585860154606
224,424,12329778.933141,709833.438217,145199.0,564634.4382270942,11619945.494924,16418681110.86282,0.031827641509433964,0.02,0.04710575835116802,5.75706541103548,1.1776285753974234,4.5794368357199255,94.24293458896452,306,11868989.631963,661574.273491,104669.0,556905.273504042,11207415.358472,15967206386.259893,0.03674885620915033,0.02,0.04786761881535104,5.573972966573255,0.8818695040235611,4.692103462659576,94.42602703342675,112,418669.484053,45357.646012,38490.0,6867.64601008135,373311.838041,412199146.782204,0.018542589285714287,0.02,0.020083483701500066,10.833759741194346,9.193409471211304,1.6403502695247703,89.16624025880566,6.0,42119.817125,2901.518714,2040.0,861.518712971,39218.298411,39275577.820723,0.028833333333333332,0.025,0.020976932974772995,6.8887258113896666,4.843325871871292,2.0453999370753437,93.11127418861034
225,437,12368402.09484,704181.555196,150132.0,554049.5551961942,11664220.539644001,16553625131.588371,0.03366199084668192,0.02,0.04674732817244955,5.693391513280273,1.2138350520042835,4.47955646127756,94.30660848671974,313,11884087.413636,651698.093751,107557.0,544141.0937525325,11232389.319885,16062500653.558535,0.03676747603833866,0.02,0.04750811977617155,5.483787446760369,0.9050505626253414,4.578736884147923,94.51621255323963,116,436005.565462,46601.348722,39850.0,6751.34872201072,389404.21674,447991468.126202,0.01735405172413793,0.0185,0.020406719209624457,10.688246300851757,9.139791589076198,1.5484547117780156,89.31175369914823,8.0,48309.115742,5882.112723,2725.0,3157.1127216510004,42427.003018999996,43133009.903635,0.148625,0.025,0.03701354070085593,12.175989215811882,5.640757356340683,6.535231856678765,87.82401078418812
226,443,12332064.104629,699053.648227,151475.198939,547813.6482321015,11633010.456402,16434561983.362103,0.03175148984198646,0.02,0.046023205664681835,5.668585909836466,1.22830369396265,4.442189430611802,94.33141409016353,320,11907125.997161,648720.166637,109185.198939,539770.1666451745,11258405.830524,15987159914.653404,0.03653940625,0.02,0.046707278337511156,5.448167482158781,0.9169735750258532,4.53316918603088,94.55183251784122,114,380976.757863,46405.106414,39230.0,7175.106412898001,334571.651449,403817520.718022,0.018871052631578948,0.02,0.021537433276290676,12.180561007001737,10.297216087420006,1.8833449192924738,87.81943899299827,9.0,43961.349604999996,3928.375176,3060.0,868.375174029,40032.974428999994,43584547.990676,0.024666666666666667,0.025,0.02196432784299863,8.935974921828155,6.960659823901237,1.9753150934434331,91.06402507817184
227,445,12367643.644706,936480.216072,152767.0,783713.2160715306,11431163.428634,17012085530.558569,0.035730112359550564,0.02,0.06479334401527898,7.572018106075223,1.2352150853359385,6.33680302073549,92.42798189392477,328,11978494.526523,885554.5229,112672.0,772882.5228982592,11092940.003623,16587672966.392553,0.03922323170731708,0.02,0.06586995908872553,7.392869954894492,0.9406190381480711,6.452250916731887,92.6071300451055,109,347003.164015,44199.851067,37370.0,6829.85106744534,302803.312948,386531305.783191,0.01695119266055046,0.018,0.021101515907685144,12.737593097303678,10.769354252454193,1.968238844977824,87.26240690269633,8.0,42145.954168000004,6725.842105,2725.0,4000.842105826,35420.112063,37881258.382824,0.148375,0.024,0.039179638981204475,15.958452567451193,6.465626544217619,9.49282602519343,84.0415474325488
228,427,12504135.269953,894508.861705,146667.0,749030.9983229855,11609626.408248,17120019591.427563,0.038687484777517565,0.02,0.06428901687988184,7.153704293766508,1.1729479634824145,5.99026627713218,92.84629570623349,314,12146084.542726,849500.298047,107902.0,742787.4346661363,11296584.244679,16728807221.758606,0.04606228025477707,0.02,0.06533507148560262,6.994025894177934,0.888368590062383,6.1154475918000575,93.00597410582206,109,331226.065405,43125.259668,37405.0,5720.2596677692,288100.805737,349335569.906031,0.018009174311926605,0.02,0.0194564597719073,13.019887071770592,11.292891443873474,1.7269956278274379,86.98011292822942,4.0,26824.661822000002,1883.30399,1360.0,523.3039890800001,24941.357832,41876799.762926,0.02325,0.024,0.020406987563405636,7.020793039245049,5.069961399791473,1.9508316360238962,92.97920696075495
229,434,14285752.513863,1026840.583559,148962.0,877878.5835653251,13258911.930304,19225862604.941933,0.03968303225806452,0.02,0.06380396186899426,7.18786485039935,1.0427312096821373,6.145133640761488,92.81213514960066,332,13915119.670743,985559.470855,113982.0,871577.4708584981,12929560.199888,18817380214.84412,0.045924265060240964,0.02,0.06476521005562438,7.082651778605767,0.819123390218849,6.263528388412057,92.91734822139423,98,363162.753756,39688.150515,33560.0,6128.15051709706,323474.603241,403833964.925235,0.018883469387755102,0.02,0.019437032449849623,10.928474934317046,9.241035776082954,1.6874391588115372,89.07152506568295,4.0,7470.0893639999995,1592.9621889999999,1420.0,172.96218973,5877.127175,4648425.172579,0.03125,0.03,0.026952859958576804,21.32453992688273,19.009143409224684,2.315396527430351,78.67546007311728
230,475,14340749.110128,1083200.894376,163212.0,920821.6664497873,13257548.215752,19397640963.55745,0.03586626526315789,0.02,0.06407609543483699,7.553307613554168,1.1380995424062839,6.421015104430401,92.44669238644583,358,13942447.01885,1037070.302613,123142.0,914345.9525514957,12905376.716237,18951510382.771366,0.04169406703910615,0.02,0.06515980540729104,7.438223012150556,0.8832165532600817,6.55800198713549,92.56177698784943,110,387456.202009,43532.458565,37690.0,6257.5807005916,343923.743444,438270377.191981,0.017522727272727273,0.02,0.017811674142065886,11.235452765829985,9.72755108953567,1.6150420791164022,88.76454723417002,7.0,10845.889269,2598.133198,2380.0,218.1331977,8247.756071,7860203.594103,0.026071428571428572,0.025,0.030792552433430747,23.955003905729072,21.943797700411505,2.0112062025515414,76.04499609427093
231,490,14338990.654135,1076107.555963,167611.0,909069.3187795444,13262883.098172,19631869806.9157,0.038394399999999995,0.02,0.06373211855713946,7.504765027883452,1.1689177016909853,6.339841769248883,92.49523497211655,377,13844664.131836,1026558.609208,128947.0,898184.3720202441,12818105.522628,19090677427.95907,0.043235506631299735,0.02,0.06488287166368539,7.414832165176286,0.9313840969495573,6.4875851336462285,92.58516783482371,102,476670.248616,45527.377708,34924.0,10603.37771121532,431142.87090800004,526628259.90755796,0.022239901960784316,0.02,0.023162629133493182,9.55112634786576,7.326658229961058,2.2244681185792397,90.44887365213425,11.0,17656.273683,4021.569047,3740.0,281.569048085,13634.704636,14564119.049072,0.022272727272727274,0.025,0.022286650160242408,22.776997679142738,21.182272472367636,1.5947252129202287,77.22300232085728
232,515,14359839.578061,1060901.151929,176257.0,886734.8957863735,13298938.426132,19718906758.895958,0.03863078834951456,0.02,0.06331273508359493,7.387973564480814,1.227430146707808,6.175103078039461,92.61202643551918,395,13862885.404098,1010090.728485,135132.0,877049.4723447326,12852794.675613,19148828296.331837,0.04243110379746835,0.02,0.06456692216906118,7.286295017532263,0.9747754241700195,6.326601185677179,92.71370498246773,111,479869.60022100003,46635.392236,38060.0,8575.39223442091,433234.207985,557770185.169601,0.017653783783783784,0.02,0.019988633826166034,9.718346862256423,7.931321338645285,1.7870255232820713,90.28165313774356,9.0,17084.573742,4175.031208,3065.0,1110.0312072200002,12909.542534,12308277.394524,0.13055555555555556,0.025,0.07539231574517352,24.437432686636356,17.94016079233591,6.497271889734925,75.56256731336364
233,537,14532054.021742,1067592.277486,183644.0,886199.0075199713,13464461.744256,19695002741.888554,0.04711889199255121,0.02,0.06348528124396678,7.346465103203798,1.2637167445513395,6.0982363965485735,92.6535348967962,410,14021687.623539,1013930.6686259999,140069.0,876112.3986548393,13007756.954913,19077870242.71343,0.05365871951219512,0.02,0.0648485961130609,7.231160013320059,0.9989453749123482,6.2482664154068,92.76883998667994,114,488439.770642,48001.360091,39070.0,8931.36009537412,440438.410551,607276307.738986,0.017541842105263158,0.02,0.020138104067519123,9.827488049940635,7.998939142209245,1.8285489086269195,90.17251195005936,13.0,21926.627561,5660.248769,4505.0,1155.2487697580002,16266.378792,9856191.436139,0.10023076923076925,0.025,0.09540121308430732,25.81449770719713,20.54579523215353,5.268702478500589,74.18550229280287
234,596,11702878.395016,949435.351408,205542.0,745335.0672811025,10753443.043608,19753196180.582954,0.04300703859060403,0.02,0.061601707676370014,8.112836170393292,1.756337142557474,6.368818354965771,91.8871638296067,473,11236345.832977,899623.793142,163477.0,737588.509017959,10336722.039835,19175892845.207092,0.049536141649048626,0.02,0.0628905056318546,8.006373304226168,1.4548947000208856,6.564309429256321,91.99362669577383,109,440324.375294,44542.829924,37300.0,7242.8299199195,395781.54537,554680351.532961,0.01778073394495413,0.02,0.01853773389854919,10.115912818648573,8.471027745192433,1.6448850725294364,89.88408718135142,14.0,26208.186745,5268.728342,4765.0,503.728343224,20939.458403,22622983.842902,0.018821428571428572,0.0175,0.02504104062422293,20.103368436983413,18.181341755392776,1.922026686260931,79.8966315630166
235,611,12817643.874588,996303.118432,210231.0,786741.4980039591,11821340.756156,20035096955.630882,0.04567995908346972,0.02,0.06209946577108502,7.772903726926368,1.6401688333438542,6.137957222885064,92.22709627307363,486,12281832.54416,943686.4475,167287.0,777068.8270753367,11338146.09666,19464290818.20483,0.052212973251028805,0.02,0.06333478376290033,7.683596434871783,1.3620687254814008,6.326977869803577,92.31640356512823,111,510694.636964,47182.007465,38080.0,9102.00746213642,463512.62949900003,550159510.430094,0.019923873873873874,0.02,0.019535125904547503,9.238790472813593,7.456510651135806,1.7822798211170645,90.76120952718641,14.0,25116.693464,5434.663467,4864.0,570.663466486,19682.029996999998,20646626.995958,0.023100000000000002,0.024,0.03171134169527776,21.637654951634282,19.365606412211935,2.2720485373758987,78.36234504836571
236,648,14055627.230401,2988751.46578,227328.0,2761423.465775356,11066875.764621,20099276497.07888,0.09821755401234568,0.02,0.16608289823615222,21.263735988356405,1.6173451122004068,19.646390876122958,78.7362640116436,487,11648631.197518,1120193.755643,167603.0,952590.755637323,10528437.441875,17537601164.631474,0.0652809137577002,0.02,0.08304622222925107,9.616526926199551,1.4388214130747958,8.177705513076022,90.38347307380043,119,578491.822099,53160.989059,40804.0,12356.98906110232,525330.8330399999,681413754.395757,0.021219915966386556,0.02,0.02298591210688612,9.189583504587954,7.053513712941826,2.136069792009542,90.81041649541204,42.0,1828504.2107839999,1815396.721078,18921.0,1796475.7210769309,13107.489706,1880261578.051651,0.6982857142857143,1.0,0.9924425806037795,99.28315780577941,1.0347802257391208,98.24837757998182,0.716842194220595
237,672,14763646.438042,3295533.249645,235676.435478,3059971.2496454283,11468113.188397,20266683979.372536,0.09995345833333333,0.02,0.17361594027325514,22.32194643427172,1.5963294465703566,20.726392104329282,77.67805356572828,498,12153192.131402,1211491.660406,171338.0,1040153.6603998467,10941700.470996,17557026099.47007,0.06443334337349398,0.02,0.08320491987876372,9.96850578273744,1.4098189031117896,8.55868687957502,90.03149421726255,125,553282.568466,53952.357051,42614.435478,11452.357057887752,499330.211415,645469567.778335,0.021620152,0.02,0.023187193732657967,9.751320595656079,7.702110622452894,2.0698929824664294,90.24867940434392,49.0,2057171.738174,2030089.232188,21724.0,2008365.2321876937,27082.505985999996,2064188312.12413,0.6607836734693877,1.0,0.9896489605471867,98.68350777509518,1.0560129519999528,97.62749482308034,1.3164922249048174
238,654,14600630.934788,3239142.74279,230212.124174,3009045.7427877076,11361488.191998,20286136690.57488,0.10156331132390069,0.02,0.1754057640858896,22.184950480956953,1.5767272332422848,20.609011735364426,77.81504951904304,497,12035830.245224,1177968.58929,171828.0,1006140.5892855043,10857861.655934,17591109789.89615,0.06451989256706447,0.02,0.08310685803609211,9.787181817036974,1.4276372838357698,8.35954453316385,90.21281818296302,113,537934.775143,50890.722333,38360.124174,12645.722334853252,487044.05280999996,590552512.975753,0.0187488407079646,0.02,0.024578424337320454,9.460389007100655,7.130999137172843,2.3507910102096714,90.53961099289934,44.0,2026865.914421,2010283.431167,20024.0,1990259.43116735,16582.483254,2104474387.702978,0.7326681818181818,1.0,0.9892487190446704,99.18186579901428,0.9879291894708342,98.19393660956072,0.8181342009857123
239,678,16054983.045109,3267701.459067,238653.396655,3029169.014626075,12787281.586042,21136739502.004227,0.10055160266346762,0.02181,0.17064181972579973,20.35319159095889,1.4864755445986193,18.86746940881313,79.64680840904111,532,13625460.325276,1290283.750255,183860.0,1106423.750256011,12335176.575021,18470806563.272137,0.06398132820644932,0.02,0.08182834175441075,9.469652543492058,1.3493856032073228,8.120266940292154,90.53034745650794,109,489008.336488,47830.435062000004,37193.396655,10757.99062092642,441177.901426,581703451.332397,0.018334128440366974,0.02,0.024425929359500442,9.781108315149089,7.605881920565725,2.1999605769891444,90.21889168485092,37.0,1940514.383345,1929587.27375,17600.0,1911987.2737491375,10927.109595,2084229487.39969,0.8685810810810811,1.0,0.9985309127063621,99.4368962328347,0.9069760137341345,98.52992021905614,0.5631037671652904
240,720,16320349.273338,3416795.119206,253867.444445,3163271.0031256094,12903554.154132,21277496705.438602,0.095410550841432,0.02,0.17085702172081915,20.93579654442753,1.5555270306606406,19.382373196469132,79.06420345557247,547,13730333.133519,1319056.133856,189528.0,1129528.1338498804,12411276.999663,18557533908.13726,0.06250726984612621,0.02,0.08298100048209583,9.606876402990332,1.3803598074202381,8.226516595525526,90.39312359700968,130,535544.378018,55679.958508,44759.444445,11263.84243389293,479864.41951,626913345.644847,0.017931692307692308,0.02,0.022614398240048416,10.396889743118274,8.35774704808788,2.103250990250213,89.6031102568817,43.0,2054471.761801,2042059.026842,19580.0,2022479.026841836,12412.734959,2093049451.656497,0.7482093023255815,1.0,0.9943910865940192,99.3958186629872,0.9530430334479602,98.44277562953124,0.6041813370128141
241,711,16379203.595419,3355845.159948,250767.444445,3105077.715506045,13023358.435471,21429875442.073265,0.09775314571846841,0.02,0.16997295639454016,20.488451348675927,1.5310112178783566,18.95744013081616,79.51154865132408,551,13876134.937192,1297034.756029,190943.0,1106091.75603215,12579100.181163,18756101289.849876,0.06256182687083674,0.02,0.08250804468767878,9.347233663407069,1.3760532083629302,7.97118045506684,90.65276633659293,116,482609.062075,48761.738166,39899.444445,8862.29372056793,433847.323909,578268561.708326,0.016102758620689654,0.015,0.021732174506391838,10.103775912608572,8.267446175471818,1.8363297370472258,89.89622408739143,44.0,2020459.5961520001,2010048.665753,19925.0,1990123.665753327,10410.930399,2095505590.515063,0.7537045454545453,1.0,0.9937472926807774,99.4847246429066,0.9861617642811321,98.49856287864165,0.5152753570933958
242,717,16474618.070865,3313827.164638,252775.444445,3061051.7201926056,13160790.906227,21514296578.535007,0.09479749875290243,0.02,0.16541338937721295,20.11474348226883,1.5343326525549494,18.580410829711486,79.88525651773118,566,14031526.968458,1333323.152333,195896.0,1137427.1523295252,12698203.816125,18896080461.065,0.059866637112775685,0.02,0.08199411675822667,9.502338236816474,1.3961131988012567,8.106225037990452,90.49766176318353,106,485103.126625,46429.631264,36490.0,9939.63126739791,438673.495361,593108794.944482,0.017342830188679246,0.0199,0.02177895532892485,9.5710847272876,7.52211189688083,2.0489728311072213,90.4289152727124,45.0,1957987.975782,1934074.381041,20389.444445,1913684.9365956825,23913.594740999997,2025107322.525528,0.7165988888888889,1.0,0.9858578739839537,98.77866488268656,1.0413467650053707,97.73731811766498,1.2213351173134328
243,741,16570233.358934,3330139.698891,261206.888888,3069274.3146620365,13240093.660043,21595270648.050865,0.09377502510908373,0.02,0.16623624432342712,20.09712009937098,1.5763621623781647,18.522818889615746,79.90287990062902,570,14120853.359656,1369191.975868,197303.0,1171888.975858404,12751661.383788,18963514248.343662,0.06144818702777376,0.02,0.08335075408044514,9.696241020247767,1.3972455840643792,8.298995436115431,90.30375897975223,132,525766.0002359999,55140.698637,45110.0,10372.20330680319,470625.301599,619765058.673435,0.017696507575757577,0.01885,0.02178959809738254,10.487688175395341,8.579862520541749,1.972779392761691,89.51231182460468,39.0,1923613.999042,1905807.024386,18793.888888,1887013.1354968292,17806.974656,2011991341.033766,0.8237407179487181,1.0,0.9919471335778569,99.0742958480824,0.9770093634876723,98.09728648453387,0.9257041519176011
244,736,16584928.404657,3350060.983172,259706.888888,3090707.7019918934,13234867.421485,21684049165.816364,0.09401618017096608,0.02,0.1657568787310251,20.19942987653364,1.5659210733467803,18.635640905896413,79.80057012346636,581,14165034.292699,1358270.44692,201403.0,1156867.446926745,12806763.845779,19098121541.60176,0.06076390809953707,0.02,0.08306473689621648,9.588896284000423,1.421832067881459,8.167064216166581,90.41110371599957,114,463712.42337,47225.601463,38850.0,8729.20916558016,416486.821907,573086329.340427,0.015282368421052631,0.015,0.021124866344630903,10.184243311790313,8.378037344279056,1.8824617857208132,89.81575668820969,41.0,1956181.688588,1944564.934789,19453.888888,1925111.0458995686,11616.753799,2012841294.874178,0.7841436097560975,1.0,0.9915304797660164,99.40615159283159,0.9944827211853771,98.41166887157304,0.5938484071684129
245,770,16720650.655189,3349560.031394,271576.888888,3077983.142514894,13371090.623795,21864177065.571426,0.09167052935822213,0.02,0.16551709084786317,20.03247421687215,1.6242004841104687,18.408273732814866,79.96752578312785,602,14259068.264557,1335008.927649,208658.0,1126350.9276564994,12924059.336908,19278376540.063683,0.0603172435312808,0.02,0.08355599361641733,9.362525677553279,1.4633354447053877,7.899190232900486,90.63747432244672,128,482660.178041,53112.721254,43805.0,9307.721254959517,429547.456787,573775204.386104,0.0167690546875,0.0175,0.02156078561444755,11.00416476651784,9.075743554770526,1.9284212119461126,88.99583523348217,40.0,1978922.212591,1961438.382491,19113.888888,1942324.493603435,17483.8301,2012025321.121638,0.8032222000000001,1.0,0.9918861405155233,99.11649735453177,0.9658736844928439,98.15062367006091,0.8835026454682343
246,768,16621120.320463,3330568.259287,271479.946627,3059418.010175139,13290552.061176,21991718442.518066,0.08967447604925917,0.02,0.16424240099954374,20.038169479987396,1.6333432487867197,18.406809837051437,79.96183052001261,600,14149646.484677,1368598.519667,208461.360231,1160137.1594394587,12781047.96501,19335878728.435104,0.05940195100971841,0.02,0.08292956460424511,9.672315991421334,1.4732619677583318,8.199054023687445,90.32768400857867,127,549175.648579,54113.824141,43569.697508,10873.824143410899,495061.824438,645441133.687985,0.016424716535433072,0.0175,0.021786016892610126,9.853645965734334,7.93365430909714,1.9800266402101179,90.14635403426566,41.0,1922298.187207,1907855.915479,19448.888888,1888407.0265922695,14442.271728,2010398580.394978,0.7595826341463414,1.0,0.9920396198658082,99.2486976357719,1.0117519236835066,98.23694571215444,0.7513023642280948
247,801,16644290.707978,2939435.436972,282864.888888,2656922.3639721624,13704855.271006,22020362158.761757,0.08312029788493264,0.02,0.15005903931582162,17.660322620795487,1.699470970862196,15.962965383070586,82.3396773792045,640,14563566.71708,1340124.841354,222701.0,1117423.8413456252,13223441.875726,19666673140.50529,0.058321532196611,0.02,0.08210803931712855,9.201899969890723,1.5291652403996512,7.672734729433567,90.79810003010927,123,514136.225495,52884.351678,42510.0,10726.167575334981,461251.873817,654292716.750407,0.01670479674796748,0.0199,0.023449147512562572,10.286058257630847,8.268236683589496,2.086250111049468,89.71394174236916,38.0,1566587.765403,1546426.24394,17653.888888,1528772.3550512025,20161.521462999997,1699396301.506058,0.7157602105263158,1.0,0.9851850398622822,98.7130295596421,1.1269007251220675,97.58612883446912,1.2869704403579014
248,821,16488989.074963,2989407.345957,292379.888888,2697027.457065632,13499581.729006,22179241688.843918,0.08048076565874669,0.02,0.14938271234076853,18.12971876181383,1.773182622408015,16.35653613938539,81.87028123818617,659,14330456.765517,1361291.889274,232146.0,1129145.8892657317,12969164.876243,19811700008.679775,0.05737576723191357,0.02,0.08201101687499145,9.499291694244114,1.6199483645113588,7.879343329675057,90.5007083057559,124,562263.82632,54876.893408,42605.0,12271.893413931919,507386.932912,668585106.069622,0.016884596774193548,0.02,0.023227192625857124,9.759990033000635,7.577403703675632,2.1825863303800097,90.24000996699937,38.0,1596268.483126,1573238.5632749998,17628.888888,1555609.6743859684,23029.919851,1698956574.094517,0.6886944210526316,1.0,0.9846562813137105,98.55726526618503,1.1043811911563302,97.45288407496408,1.4427347338149603
249,818,16439766.158316,2903205.94002,292106.888888,2611439.733313594,13536560.218296,22174256364.229107,0.07945925257436558,0.02,0.15042508021165635,17.65965471808991,1.7768311670311607,15.884895856578874,82.3403452819101,666,14510804.400606,1406514.717978,235193.0,1171321.7179803043,13104289.682628,19923735159.06447,0.05702235826701357,0.02,0.08596954488535083,9.692879037906824,1.620812971541246,8.072066066381458,90.30712096209317,119,469635.302989,50240.275183,41145.0,9435.95736329913,419395.027806,619325228.077222,0.015478067226890756,0.015,0.022792927980456654,10.697721160067209,8.761053468112834,2.00920955116531,89.3022788399328,33.0,1459326.454721,1446450.946859,15768.888888,1430682.0579699907,12875.507861999999,1631195977.087414,0.762996606060606,1.0,0.9861559465921308,99.1177088703938,1.0805593797732365,98.0371494905514,0.8822911296061984
250,852,16506531.928995,2849261.225306,302819.888888,2547141.7231731247,13657270.703689,22803315230.858047,0.07595505704909747,0.02,0.14660506920866323,17.261416495981525,1.834545803992136,15.431113780471797,82.73858350401846,690,14493576.585881,1338078.166241,242716.0,1095702.1662372984,13155498.41964,20632792180.678024,0.055547145805552235,0.02,0.08650336030731842,9.232215101029627,1.6746453062278857,7.559915661567504,90.76778489897038,126,537427.975079,54383.771706,43475.0,11269.15846420957,483044.203373,603407254.748653,0.017081666666666665,0.018349999999999998,0.023162441136444646,10.11926699535985,8.089456078948873,2.09686860133268,89.88073300464016,36.0,1475527.368035,1456799.287359,16628.888888,1440170.3984716167,18728.080676,1567115795.431372,0.6731635555555555,1.0,0.9854404958066189,98.73075341862749,1.1269793599386193,97.60377405873066,1.2692465813725093
251,858,16716095.843469,2911357.462163,305113.596598,2606243.865572289,13804738.381306,22678263073.796986,0.0743443445289406,0.02,0.14189054065168785,17.41649180182507,1.825268289049732,15.591223512818948,82.58350819817493,696,14714155.485824,1369542.471926,245434.70771,1124107.7642244878,13344613.013898,20577839889.935444,0.05533781696240093,0.02,0.08382483110333987,9.307652574729502,1.6680176306853502,7.639634944101838,90.6923474252705,127,495894.263208,53002.727792,43550.0,9452.727789998762,442891.535416,599338660.228507,0.015893220472440944,0.015,0.02163462127392976,10.688312352943738,8.7821140979268,1.906198254613377,89.31168764705626,35.0,1506046.094437,1488812.262445,16128.888888,1472683.3735578028,17233.831992,1501084523.633036,0.6643968,1.0,0.985907566901129,98.85569027032717,1.0709425792196225,97.78474769116086,1.1443097296728135
252,894,16094938.098302,2472938.389815,316647.888888,2156290.500916854,13621999.708487,22436961340.95308,0.06755761589019131,0.02,0.13401981627454132,15.364696494706573,1.9673756242741067,13.397320870369429,84.63530350529344,720,14503387.782321,1369923.524619,253309.0,1116614.5246126435,13133464.257702,20589333234.0136,0.05541865361920977,0.02,0.08903765738841007,9.445541587799765,1.7465505563381039,7.698991031417833,90.55445841220023,146,535679.592365,61707.277893,50390.0,11317.27789059802,473972.314472,668791888.241818,0.015788972602739728,0.0153,0.023152318942684144,11.519437882739808,9.406742522620757,2.112695359670652,88.48056211726019,28.0,1055870.723616,1041307.587303,12948.888888,1028358.6984136127,14563.136313,1178836218.697664,0.6496388571428572,1.0,0.9825685170280825,98.6207462725052,1.2263706719374163,97.39437560043639,1.3792537274948002
253,900,15891715.292704,2378938.075381,321076.780773,2058201.2945969973,13512777.217323,22559898190.557182,0.06487210845092338,0.02,0.1292086116765844,14.96967464848296,2.0204035553066357,12.95141057266444,85.03032535151705,728,14273018.262286,1295622.197121,259411.780773,1036550.4163399116,12977396.065165,20810033760.390633,0.054694259073943735,0.02,0.08978218557221071,9.077422681819577,1.8174977149609002,7.262307083840971,90.92257731818042,148,583846.904612,63825.200352,50945.0,12880.200349322587,520021.70426,707964526.028736,0.016395114864864866,0.0153,0.024086179121661725,10.931838440492466,8.725746355349079,2.206092084684807,89.06816155950754,24.0,1034850.125806,1019490.677908,10720.0,1008770.677907763,15359.447897999999,1041899904.137817,0.6725416666666666,1.0,0.9881089800021053,98.51578044830045,1.0358987966156603,97.4798816516619,1.4842195516995458
254,905,15806556.684005,2459881.630339,329507.295984,2130714.3343484504,13346675.053666,22675175954.982597,0.06556343492357021,0.02,0.12782853309818054,15.562412987948274,2.084624137763259,13.479939856253239,84.43758701205172,731,14266983.328737,1384907.832905,266997.295984,1118250.5369138268,12882075.495832,20961677534.02133,0.05574135513793576,0.02,0.08846503751582861,9.707082436379356,1.8714348354652226,7.838030725538257,90.29291756362065,147,512868.362301,60728.13643,50770.0,9958.136430935667,452140.225871,667172744.913673,0.016435224489795917,0.0175,0.02192981834057239,11.840881772769393,9.899226337966882,1.9416554349849493,88.1591182272306,27.0,1026704.992967,1014245.661004,11740.0,1002505.661003688,12459.331963,1046325676.047591,0.598962962962963,1.0,0.9839459521034413,98.78647400681332,1.143463807074068,97.64301019970887,1.213525993186678
255,921,16011228.522958,2203360.129937,344532.0,1860286.4990169297,13807868.393021,22491865946.72599,0.06151569772620091,0.02,0.11868143791251158,13.761343339629878,2.151814893566639,11.618636860685132,86.23865666037013,746,14759785.332696,1441857.084878,282437.0,1160537.4428694858,13317928.247818,21035155695.953434,0.056542400275912924,0.02,0.08950476351370215,9.768821513169208,1.9135576408035093,7.862834158560922,90.2311784868308,150,535752.862472,62127.247024,51665.0,10803.258113002918,473625.615448,665909685.618955,0.01526218,0.015,0.021594862845759254,11.596251065713522,9.64343890980147,2.016462975700392,88.40374893428648,25.0,715690.32779,699375.798035,10430.0,688945.7980344411,16314.529755,790800565.1536009,0.48744,0.05,0.9765295594775875,97.72044847869076,1.4573342121594806,96.26311426645319,2.2795515213092354
256,935,15606218.343478,1921187.858515,348028.495834,1574970.3140434606,13685030.484963,22263604315.091522,0.05771188086185138,0.02,0.10726842794539877,12.31039971523841,2.2300629670444456,10.091940785268182,87.6896002847616,758,14562727.127273,1370287.675126,285927.306361,1085860.1306499839,13192439.452147,21083331602.34557,0.0569425205881676,0.02,0.08817896640652818,9.409554015193573,1.9634186911702605,7.456433957458357,90.59044598480642,157,548239.004128,64418.222313,54011.189473,10718.222316432586,483820.781815,652272547.24831,0.01669540127388535,0.0175,0.021783663147689727,11.750025413726304,9.851759737326121,1.9550273212465836,88.2499745862737,20.0,495252.212077,486481.961076,8090.0,478391.961077044,8770.251001,528000165.49764,0.40885,0.025,0.9751257563382312,98.22913441128934,1.6335111288189856,96.59562328268115,1.770865588710674
257,947,15451201.339417,1857163.41278,353224.0,1505898.8864401586,13594037.926637,22195811146.053577,0.05520740085093035,0.02,0.1052992187177903,12.019540565057927,2.2860617258212996,9.7461605305635,87.98045943494208,758,14320082.80303,1292245.217643,286844.0,1007360.6913016973,13027837.585387,20886995955.73265,0.05434713800241562,0.02,0.08647976039085083,9.024006602598503,2.0030889761287303,7.034601022618032,90.97599339740151,169,626755.739756,69913.645713,58290.0,11623.64571315118,556842.094043,778480797.067543,0.01704898224852071,0.0187,0.0205225919943087,11.154847299877595,9.300273823211045,1.8545734766906705,88.84515270012241,20.0,504362.796631,495004.549424,8090.0,486914.54942531,9358.247207,530334393.25338703,0.41025,0.035,0.9709397122411196,98.14454054313474,1.6040041125235442,96.54053643087093,1.8554594568652623
258,977,15629508.018848,1939255.459941,363869.055464,1577113.496732809,13690252.558907,22455789790.250923,0.056297173598598815,0.02,0.10804978183074028,12.407655171246626,2.328090270181259,10.090615103373247,87.59234482875338,778,14470095.287773,1358836.466292,294184.055464,1066379.5030788528,13111258.821481,21172715940.533375,0.05648465373500133,0.02,0.08959322308897641,9.390653200744262,2.033048501847675,7.369540295839839,90.60934679925575,175,634454.738425,71647.772239,60235.0,11412.772244597243,562806.966186,752595118.763054,0.01587016,0.015,0.019239820007955433,11.292810645068514,9.493979058227254,1.7988315877234744,88.70718935493149,24.0,524957.99265,508771.22141,9450.0,499321.221409359,16186.77124,530478730.954495,0.345,0.025,0.9706921321114157,96.91655875962782,1.8001440367249544,95.11641472278077,3.083441240372169
259,967,15626459.846937,1800623.66343,359523.301024,1442707.4453110646,13825836.183507,22273763109.48197,0.05302500206825233,0.02,0.10092542231541152,11.52291485766654,2.3007341684909615,9.232465058897233,88.47708514233345,781,14736255.735016,1441237.858434,294633.301024,1148211.6403234068,13295017.876582,21190523313.750134,0.05576094622279129,0.02,0.09022229598281913,9.780217474167193,1.9993769538343322,7.791746159745647,90.21978252583281,172,592837.973082,69387.224311,59330.0,10057.224303276766,523450.748771,751806137.817755,0.01502836046511628,0.01,0.01897674198113862,11.70424761259389,10.007793477121549,1.6964541341695858,88.2957523874061,14.0,297366.13883899996,289998.580685,5560.0,284438.580684381,7367.558154,331433657.914082,0.3672142857142857,0.025,0.9711278355445164,97.5223950572298,1.8697488630372592,95.65264619398438,2.477604942770214
260,991,15778260.413607,1927327.189027,367219.0,1560108.1890272587,13850933.22458,22561472974.371693,0.056836415343926375,0.02,0.11516135963576979,12.215080360601059,2.3273731727948563,9.887707187807843,87.78491963939894,789,14774284.564993,1434562.936439,296909.0,1137653.9364405146,13339721.628554,21147948751.266876,0.05501271306188978,0.02,0.09035073742511544,9.709863987851787,2.009633689495277,7.70023029836676,90.29013601214821,179,588639.047747,91940.601007,61630.0,30310.60100653296,496698.44674,799661366.194448,0.020658418994413407,0.015,0.10998661648341121,15.61918145914719,10.469913648421244,5.149267810646603,84.38081854085281,23.0,415336.800867,400823.651581,8680.0,392143.651580211,14513.149286,613862856.910371,0.40095652173913043,0.04,0.9766433718209377,96.50569146396266,2.0898701925475485,94.41582127122514,3.4943085360373423
261,976,15721896.723729,2029533.720983,362771.927842,1667136.851061895,13692363.002746,22502812586.084522,0.05761919939122033,0.02,0.11235122000542871,12.90896230045725,2.307431057567435,10.603916819690665,87.09103769954277,780,14577617.397632001,1437616.349001,294331.927842,1143284.4211453397,13140001.048631,21064045067.43821,0.05566225718696287,0.02,0.08737653620973423,9.861806012514277,2.019067449868807,7.842738562551762,90.13819398748572,172,661045.266324,119602.122171,59320.0,60657.180108015236,541443.144153,824732599.509735,0.020708011627906975,0.01225,0.10691832440014791,18.09287930251649,8.973666860950688,9.175949545077774,81.90712069748352,24.0,483234.059773,472315.249811,9120.0,463195.24980854,10918.809962,614034919.136575,0.38575,0.0325,0.9763876690708437,97.74047177735585,1.887284187766925,95.85318758907985,2.259528222644142
262,1012,15775391.524911,2072480.269579,374828.037835,1697779.0227408328,13702911.255332,22545798134.840736,0.05521282955121644,0.02,0.11332364335741414,13.13742525062745,2.3760300163904473,10.762198960703204,86.86257474937256,801,14612838.667881,1468798.156455,301481.246852,1167316.9096154042,13144040.511426,21090710659.694447,0.05343527653661803,0.02,0.08851339966605432,10.051422518496809,2.063125814935981,7.988296703645714,89.9485774815032,187,673970.150025,133299.072621,64226.790983,69199.07262255592,540671.077404,843666460.665182,0.020618326203208557,0.01,0.10507462793874192,19.778186410192717,9.529619521074872,10.267379441061163,80.22181358980728,24.0,488582.70700500003,470383.040503,9120.0,461263.0405028726,18199.666502,611421014.481107,0.38408749999999997,0.030000000000000002,0.9805249272112379,96.27500805061982,1.8666235765701522,94.40838447402359,3.724991949380179
263,995,15657665.28326,2040078.694471,368788.618553,1671290.0759207471,13617586.588789,22475479080.18166,0.0577874548802322,0.02,0.11481746579325545,13.029264948281266,2.3553231716307095,10.673941776668102,86.97073505171873,793,14532513.884304,1428414.335533,297909.0,1130505.3355338427,13104099.548771,21079307871.719418,0.056214111734969784,0.02,0.08983523122855254,9.829093210609448,2.049948153304432,7.779145057310815,90.17090678939054,182,644559.748347,139665.43297700002,63119.618553,76545.81442632542,504894.31537,786701627.887309,0.02072926923076923,0.01225,0.11106743220652289,21.668345461406453,9.79267146527112,11.875673996496108,78.33165453859355,20.0,480591.650609,471998.925961,7760.0,464238.925960579,8592.724648,609469580.574935,0.4574,0.037500000000000006,0.9837014726712457,98.21205286502347,1.6146764077500348,96.59737645718585,1.7879471349765235
264,1001,15841821.396245,2091410.205875,377058.939119,1714351.2667587183,13750411.190369999,22737233767.543777,0.06228113237345758,0.02,0.11987666952879733,13.201829218771072,2.3801489089403227,10.821680309847908,86.79817078122892,784,14562583.243911,1409729.632123,301387.939119,1108341.6930086536,13152853.611787999,21071041239.03956,0.05777026212478449,0.02,0.09023631182810425,9.680491493241387,2.0696049187908896,7.610886574482453,90.31950850675861,191,662328.500342,76181.86691,65871.0,10310.866906847654,586146.633432,840921589.881805,0.015138366492146596,0.01,0.01690049409210361,11.502127248134833,9.945366984206,1.5567602634528837,88.49787275186515,26.0,616909.6519919999,605498.706842,9800.0,595698.7068432173,11410.94515,825270938.622415,0.5446192307692308,1.0,0.981591356594411,98.15030529784158,1.5885632472041604,96.56174205083474,1.8496947021584251
265,1012,16099768.508545,2288922.27749,389828.264101,1899094.0133744138,13810846.231055,22819005217.20421,0.0632253919029951,0.02,0.12030034919177579,14.217112974482504,2.421328380554649,11.79578459383726,85.7828870255175,799,14686707.315765,1442725.023388,315728.264101,1126996.7592697658,13243982.292377,21182097586.40717,0.057997959456609564,0.02,0.08908594421076792,9.823338835379055,2.1497552672142586,7.67358356804745,90.17666116462094,185,626355.943215,74698.93385,63780.0,10918.933855386273,551657.0093650001,776060740.69923,0.018289875675675676,0.015,0.019258359405406492,11.925955945525242,10.18270852075354,1.7432474256316413,88.07404405447478,28.0,786705.249565,771498.320252,10320.0,761178.3202492618,15206.929313,860846890.09781,0.5092892857142857,0.525,0.9794557952440254,98.06701057080673,1.3118000681584787,96.75521050230019,1.932989429193272
266,1007,16065904.615028,2409341.670809,385110.619503,2024593.4947401318,13656562.944219,22789389764.941177,0.06829481976745884,0.02,0.1281599840823994,14.996613813798627,2.397067757658468,12.601802035139267,85.00338618620138,796,14577548.760109,1446796.545892,311959.984467,1135198.3698213089,13130752.214217,20980403181.196754,0.06065488128873247,0.02,0.0893297823077836,9.924827347181392,2.1400030252045434,7.787306278321244,90.07517265281861,184,589661.221107,73440.252843,63510.0,9930.252843243006,516220.968264,760150951.526672,0.018106510869565218,0.01,0.018974526955256883,12.454651961871766,10.770591269469874,1.6840606924431039,87.54534803812824,27.0,898694.633812,889104.872074,9640.635036,879464.8720755801,9589.761738,1048835632.21775,0.6355555555555555,1.0,0.9840335741783229,98.93292322250517,1.0727375766234681,97.8602563081018,1.067076777494824
267,995,16130960.004042,2567223.008799,380925.504364,2186674.1432660418,13563736.995243,22671076905.327946,0.06937222362395079,0.02,0.13059430539173977,15.914880504047623,2.361455885257604,13.555759500476835,84.08511949595237,793,14499629.575461,1455548.561903,310949.470899,1144974.696374877,13044081.013558,20799536046.537407,0.06076767403005175,0.02,0.08903076742569352,10.038522393471025,2.144533895026168,7.896578946489904,89.96147760652897,167,568899.373677,66499.929261,57615.0,8884.929255286628,502399.444416,754324144.121799,0.015105371257485031,0.01,0.017729509128820292,11.689225254580117,10.127450066892084,1.561775186683746,88.31077474541988,35.0,1062431.054904,1045174.517635,12361.033465,1032814.517635878,17256.537269,1117216714.668741,0.5232571428571429,1.0,0.9805985476487882,98.37574991907977,1.1634668817278622,97.21238031104069,1.624250080920242
268,1038,15888498.173824,2474122.258499,398717.106187,2075503.952101298,13414375.915325,22616344775.651752,0.06826843304993356,0.02,0.13259383320764942,15.57178174696882,2.5094700696374117,13.06293350947827,84.42821825303119,809,14286033.948899,1408250.721755,318948.306394,1089302.4153599637,12877783.227144,20615824786.26972,0.05957857293675036,0.02,0.08852750279208031,9.857534475924519,2.23258818742049,7.624946288496775,90.14246552407546,190,586153.5879030001,75488.070542,65708.799793,9878.07053851697,510665.517361,818199812.806078,0.0172472,0.01,0.01812372240433517,12.878547892552042,11.210167633380392,1.6852358737334296,87.12145210744795,39.0,1016310.637022,990383.466202,14060.0,976323.466202817,25927.17082,1182320176.575957,0.4970923076923077,0.05,0.9801841813268789,97.44889309670398,1.3834352891551644,96.0654578076292,2.55110690329602
269,1009,15876194.008673,2465500.434309,392345.391835,2073258.2109533108,13410693.574364,22509986077.494076,0.06943372409894058,0.02,0.13295034632848854,15.529543371428462,2.471281162353306,13.058912040383932,84.47045662857154,792,14279958.274808,1423834.080534,316762.223344,1107071.8571807675,12856124.194274,20550078073.380196,0.0619610474821099,0.02,0.089497029085199,9.970856028661219,2.218229334064766,7.752626694531798,90.02914397133878,185,612399.04048,73366.712602,63903.168491,9566.712601377849,539032.327878,801069681.1601061,0.01459447572972973,0.01,0.01791685836016018,11.980213513152304,10.434890368363824,1.562169756810761,88.01978648684769,32.0,983836.693385,968299.641173,11680.0,956619.6411711655,15537.052211999999,1158838322.953775,0.571421875,1.0,0.9830420993484452,98.42076918695287,1.1871888981710628,97.23358028859533,1.5792308130471364
270,1017,15815957.752305,2452670.83753,390959.102422,2061815.216744331,13363286.914775,22647887376.655483,0.06835743127417014,0.02,0.1320340603798886,15.507570745581631,2.4719280902544276,13.036296941573736,84.49242925441838,807,14221789.050327,1381657.089793,317805.620779,1063851.46900668,12840131.960534,20701805862.08152,0.05966121512494553,0.02,0.08865415963034545,9.715072308439504,2.2346388323886206,7.480433475999414,90.2849276915605,174,576137.900583,69352.655399,60113.481643,9342.655400987927,506785.245184,782017313.3119969,0.01731498275862069,0.01,0.019462876635738285,12.037509653300244,10.433870360233295,1.6216005563136873,87.96249034669975,36.0,1018030.801395,1001661.092338,13040.0,988621.092336663,16369.709057,1164064201.261965,0.5100027777777778,0.525,0.9791307215712143,98.39202222225803,1.2809042695104496,97.11111795261627,1.6079777777419615
271,1038,15816001.740206,2370191.869334,398155.61864,1972036.2507030235,13445809.870872,22740296888.04402,0.06664996486110891,0.02,0.1293963443610082,14.986036978667713,2.517422703791471,12.468614274933294,85.0139630213323,812,14175898.368204,1337521.109316,319639.61864,1017881.4906824783,12838377.258888,20728423912.553368,0.05795036515496434,0.02,0.08611134791475297,9.435177048926995,2.254810314928185,7.180366734044509,90.56482295107301,192,665499.293375,78799.335769,66151.0,12648.335771295595,586699.957606,850923439.293947,0.019882640729166668,0.01,0.02042387706002586,11.840634025226173,9.94005563319581,1.900578392375306,88.15936597477383,34.0,974604.078627,953871.424249,12365.0,941506.4242492495,20732.654378,1160949536.196708,0.538514705882353,1.0,0.9821095340303547,97.87271007451481,1.2687203215299008,96.60398975301051,2.127289925485197
272,1024,15917429.312297,2465107.072819,390193.165502,2074913.9073259376,13452322.239478,22789014803.24402,0.06963922316975688,0.02,0.12960296202514887,15.486841652970831,2.4513579287615026,13.035483724265475,84.51315834702918,805,14235103.100775,1372215.921563,312610.165502,1059605.756073198,12862887.179212,20777745761.533596,0.06065420683954167,0.02,0.08639370173341082,9.639662683498882,2.196051291577794,7.443611392006779,90.36033731650112,185,653558.558702,76121.47379999999,65223.0,10898.473797804949,577437.084902,849630374.964903,0.02266934064864865,0.01,0.02084075695685518,11.647230808388624,9.979671925578657,1.6675588824741066,88.35276919161139,34.0,1028767.65282,1016769.677456,12360.0,1004409.6774549347,11997.975364,1161638666.745518,0.5379441176470587,1.0,0.9820183699368172,98.83375266211843,1.2014374641464927,97.63231519786838,1.1662473378815736
273,1029,15872029.796227,2456722.1094359998,398077.669637,2058644.4397866216,13415307.686791,22836433430.214035,0.06847735036523911,0.02,0.13072882234203087,15.478310846039342,2.508045125593379,12.970265720367975,84.52168915396065,810,14244841.641152,1408741.2777,321188.124789,1087553.1529000509,12836100.363452,20838942410.25402,0.05928240309361857,0.02,0.0876470403658625,9.88948359826114,2.2547679565711554,7.63471564161312,90.11051640173886,186,641673.248132,76275.322298,64869.544848,11405.777449917012,565397.925834,834440721.93012,0.022550252795698927,0.01,0.021087212075558148,11.886941292947473,10.109435766076311,1.7775055268582283,88.11305870705253,33.0,985514.906943,971705.509438,12020.0,959685.5094366535,13809.397505,1163050298.029896,0.5530333333333334,1.0,0.9813095750683414,98.59876320411674,1.2196669898464774,97.37909621413363,1.4012367958832614
274,1055,15878394.992551,2419331.812482,406706.303958,2012625.5085114178,13459063.180069,22865804656.13097,0.06546577774960288,0.02,0.12808721955930547,15.236626961459116,2.561381702299239,12.675245259080636,84.76337303854088,827,14335052.246323,1376319.258471,327691.303958,1048627.9545063467,12958732.987852,21028914209.48421,0.05730920980148856,0.02,0.08721168577191324,9.601075983689084,2.2859442597570867,7.3151317238855835,90.39892401631091,199,564542.335598,78216.868947,68355.0,9861.868941211233,486325.466651,738197576.278855,0.02211899005025126,0.01,0.021799819798231534,13.85491645443164,12.108037907838025,1.7468785455682256,86.14508354556837,29.0,978800.41063,964795.685064,10660.0,954135.68506386,14004.725566000001,1098692870.367901,0.5955172413793103,1.0,0.9818555650847017,98.5691949641719,1.0890882231178003,97.4801067410398,1.4308050358280835
275,1060,15813920.624094,2391126.203094,410403.157538,1980723.045560688,13422794.421,22793355179.98022,0.06701838068474626,0.02,0.1259335297400166,15.120388295429368,2.5952018306751334,12.52518646478388,84.87961170457064,821,14263701.831379,1384260.4152539999,327808.157538,1056452.2577157186,12879441.416125,20934011496.31478,0.0588644537220841,0.02,0.08476947185800186,9.704776723590351,2.2981983317742127,7.4065783918141666,90.29522327640964,208,611594.157464,82919.661019,71255.0,11664.661024358697,528674.4964449999,757738032.600463,0.026233495288461535,0.01,0.02174975547850803,13.557955060072802,11.65069991764829,1.9072551433006957,86.44204493992719,31.0,938624.635251,923946.126821,11340.0,912606.1268206107,14678.50843,1101605651.0649781,0.5566193548387096,1.0,0.9798442446727808,98.43616842359195,1.2081506892228053,97.22801773432766,1.5638315764080475
276,1030,15688656.313755,2386585.613409,396733.696548,1989851.9168628752,13302070.700346,22819722025.178955,0.06914970342313694,0.02,0.12771137177293707,15.212173469034218,2.5287933435074645,12.683380125538706,84.78782653096579,815,14149471.648256,1358955.175224,321983.696548,1036971.4786797051,12790516.473032,20892791035.9881,0.05989486687832029,0.02,0.08501642278386203,9.604282117428028,2.2755881247882934,7.3286939926659205,90.39571788257197,184,572869.338385,75649.415978,63410.0,12239.415976660239,497219.922407,784390802.488311,0.022743902282608697,0.01,0.021769569219971314,13.205352583761323,11.06884166270127,2.1365109208261854,86.79464741623867,31.0,966315.327114,951981.0222070001,11340.0,940641.02220651,14334.304907,1142540186.702547,0.5879032258064517,1.0,0.9811749386490841,98.5166017235998,1.1735299732715692,97.34307175027752,1.4833982764001967
277,1070,15814860.364835,2583939.256831,409619.823399,2174319.4334196737,13230921.108004,22988524613.370377,0.06950723974376734,0.02,0.13420426627551005,16.33867892110193,2.590094467794396,13.748584453229592,83.66132107889808,837,14143979.963311,1518423.551388,328669.823399,1189753.7279716537,12625556.411923,21002985922.331806,0.06177672222918881,0.02,0.09261185718162905,10.735475837258951,2.3237435591082445,8.411732278028067,89.26452416274105,196,664174.953782,78095.970375,67550.0,10545.970379617902,586078.983407,835703121.852239,0.01750270418367347,0.01,0.018877049627082657,11.758343179052366,10.170512997419008,1.5878301823286416,88.24165682094764,37.0,1006705.447742,987419.7350679999,13400.0,974019.735068402,19285.712674000002,1149835569.18633,0.5198675675675676,1.0,0.9777545300307349,98.08427452962958,1.3310745491698355,96.75319998049969,1.9157254703704132
278,1054,15792059.187286,2705172.358662,412128.964568,2293043.3941033483,13086886.828624,22974602517.665173,0.07198884869623438,0.02,0.13717386354061334,17.129953266891896,2.609722770668186,14.520230496282904,82.87004673310811,819,14118926.155456,1643589.641147,330478.964568,1313110.6765884885,12475336.514309,20964070242.576225,0.06527962943324914,0.02,0.09594450366753339,11.641038582186118,2.3406805937595507,9.30035798849377,88.35896141781389,191,663495.745729,76631.816271,65870.0,10761.816272142489,586863.929458,855428385.635799,0.015744136230366492,0.01,0.017991672394969998,11.549707253480976,9.927720022925984,1.6219872307271848,88.45029274651904,44.0,1009637.286101,984950.901244,15780.0,969170.9012427173,24686.384857,1155103889.453149,0.441025,0.03,0.9737107626254381,97.55492539777988,1.5629375239239562,95.99198787372887,2.445074602220116
279,1085,15805104.451222,2711698.866416,420882.308464,2290816.5579648167,13093405.584806,22959393557.924026,0.07329685301919911,0.02,0.1388268008559347,17.157108165813735,2.6629517682906467,14.49415639760418,82.84289183418626,850,14124339.74369,1617470.4528639999,339167.308464,1278303.1444125387,12506869.290826,20960798699.690918,0.0655147135362718,0.02,0.09760797410674706,11.451653544276992,2.4012967304579447,9.050356813907822,88.548346455723,195,639539.859941,77240.701105,67225.0,10015.701104751692,562299.158836,843956629.465862,0.017923482153846152,0.01,0.01864654563608482,12.077542924709297,10.51146366486082,1.566079259809651,87.92245707529071,40.0,1041224.847591,1016987.712447,14490.0,1002497.7124475265,24237.135144,1154638228.767245,0.5086125,0.52,0.9749384323593976,97.67224771862911,1.3916302548411492,96.28061746383854,2.327752281370883
280,1070,15617219.001218,2650198.855081,417842.964244,2232695.8908413504,12967020.146137,22995766579.907715,0.07352583787460845,0.02,0.1397852946108831,16.969723321894307,2.6755273407602984,14.296373065314768,83.03027667810568,851,14026574.152779,1611706.065195,341667.964244,1270378.1009569534,12414868.087584,20987248524.8656,0.06543703467195187,0.02,0.09756636533921541,11.490375680049304,2.435861818591729,9.056937831860113,88.5096243199507,180,604242.913158,70735.195574,62110.0,8625.195574808455,533507.717584,828859088.352279,0.014697944555555556,0.01,0.016737645435028398,11.706417077249835,10.278978643769252,1.4274384336143802,88.29358292275016,39.0,986401.935281,967757.594312,14065.0,953692.5943095888,18644.340969,1179658966.689833,0.5215410256410257,1.0,0.9773564497477815,98.10986370746639,1.4258893354657958,96.68397437175615,1.8901362925336027
281,1082,15737984.247041,2676214.029654,421310.173823,2255243.8558411887,13061770.217387,23005035086.175365,0.07517978708487158,0.02,0.14106216652066467,17.004808161230507,2.6770275481894275,14.329940991427867,82.99519183876949,853,14152077.545364,1609193.257934,341890.173823,1267643.0841169397,12542884.28743,21044078512.846645,0.06646694092125562,0.02,0.09760432364366382,11.370721032129637,2.4158302745804123,8.957293231707876,88.62927896787036,190,574486.902645,74602.670333,65350.0,9252.670335729123,499884.232312,758312426.696272,0.017516994842105265,0.01,0.01907062294591521,12.985965387465095,11.375368123994038,1.61059726394611,87.01403461253491,39.0,1011419.799032,992418.1013870001,14070.0,978348.10138852,19001.697645,1202644146.632447,0.5466666666666666,1.0,0.9784153967068195,98.12128478568583,1.3911137604252932,96.73017102541081,1.8787152143141714
282,1093,15681115.806302,2766656.12719,426255.827905,2340740.299284873,12914459.679112,22996415829.76304,0.07285713597971732,0.02,0.14044026441983554,17.643235094776376,2.7182748547376607,14.927128453092383,82.35676490522363,857,14087734.353071,1681433.669582,344625.827905,1337147.8416787132,12406300.683489,21039465511.223118,0.06481414306398021,0.02,0.09775442756252516,11.935444177476718,2.4462828391555713,9.491574785318315,88.06455582252329,198,569709.383656,76546.890339,67910.0,8636.890337550827,493162.493317,774513907.879106,0.014437520303030303,0.01,0.0179042253552458,13.436129460914811,11.92011259568882,1.5160168649716195,86.56387053908519,38.0,1023672.069575,1008675.567269,13720.0,994955.567268609,14996.502306,1182436410.660812,0.5586447368421052,1.0,0.9802258544915082,98.53502867258787,1.3402729651201837,97.19475570742951,1.4649713274121203
283,1072,15640393.341777,2680777.046575,414778.454306,2266338.5922671473,12959616.295202,22996124991.220074,0.07516041652596178,0.02,0.14141014238832392,17.140087132044087,2.6519694565358964,14.490291533867875,82.85991286795591,852,14068455.951714,1598640.572078,338588.454306,1260392.1177753583,12469815.379636,21091076718.02222,0.066615418434074,0.02,0.09820497199535647,11.36329798781673,2.40672079059784,8.958993951442135,88.63670201218328,184,544764.198261,71353.466003,63150.0,8203.465998313866,473410.732258,713913470.499837,0.013943641358695653,0.01,0.01797924205219214,13.098046132762581,11.592171475582989,1.5058746563193812,86.90195386723742,36.0,1027173.191802,1010783.008494,13040.0,997743.008493475,16390.183308,1191134802.698015,0.5902777777777778,1.0,0.9804105171028815,98.40434082209191,1.2695035368985386,97.13483728514227,1.595659177908082
284,1098,15685615.433817,2672149.794964,420325.114346,2252164.6806248846,13013465.638853,23026781511.055313,0.07605046131678601,0.02,0.14050060784700916,17.035670715240457,2.679685193861191,14.358153112496868,82.96432928475956,875,14075766.892825,1627555.607296,342955.114346,1284940.4929541664,12448211.285529,21076163827.124153,0.06794013314952119,0.02,0.09808501108227394,11.562820126878005,2.436493279245896,9.128742346601049,88.43717987312199,187,623529.316542,74516.202815,64330.0,10186.202814903172,549013.113727,775849432.944249,0.014924010802139039,0.01,0.018431213580297562,11.950713597278098,10.317077047277348,1.6336365499852235,88.04928640272188,36.0,986319.22445,970077.984853,13040.0,957037.984855815,16241.239597,1174768250.986913,0.5906944444444444,1.0,0.982084073973118,98.35334857170035,1.3220871779389152,97.03126139404684,1.6466514282996545
285,1087,15358193.263621,2610955.389621,423094.638145,2187860.751483331,12747237.874,22852610339.573166,0.07411154141290804,0.02,0.138570357217033,17.000407175533972,2.7548464255049163,14.245560750076791,82.99959282446602,854,13873204.825865,1618122.729663,342303.638145,1275819.091523386,12255082.096202,20983914587.042484,0.06830624883586774,0.02,0.0982667227422668,11.663654865429477,2.4673724812799858,9.196282384188313,88.33634513457052,192,543710.913638,74592.667835,66041.0,8551.667838733043,469118.245803,752847160.50612,0.015363067760416666,0.01,0.018468328185804794,13.7191779609308,12.146344379610847,1.5728335820065404,86.2808220390692,41.0,941277.524118,918239.992123,14750.0,903489.992121212,23037.531995,1115848592.024563,0.4701463414634146,0.03,0.9775251236468958,97.55252500939224,1.5670192501219138,95.98550575908037,2.4474749906077626
286,1076,15551020.738527,2728493.794525,422684.705625,2306149.088887591,12822526.944002,22867557382.820587,0.07563349118571658,0.02,0.14030979304110625,17.545432164239042,2.7180511989017955,14.82956731691704,82.45456783576095,860,14004307.697921,1687876.372703,347689.705625,1340526.667063465,12316431.325218,20988056346.202564,0.06811632151840818,0.02,0.0985038656478024,12.05255132285884,2.482733978178843,9.572245168980913,87.94744867714115,177,557933.096171,70132.200781,60855.0,9277.200783230644,487800.89539,726209968.254007,0.01452881361581921,0.01,0.018390586710998365,12.570001898490228,10.90722174713017,1.6627801517598608,87.42999810150978,39.0,988779.944435,970485.221041,14140.0,956345.221040895,18294.723394,1153291068.364016,0.5187179487179487,0.99,0.9778816161409852,98.14976795423841,1.4300451864524575,96.71972276777534,1.8502320457615888
287,1108,15105692.20782,2541766.804269,427327.239937,2114779.564336871,12563925.403551,22784056542.695507,0.07642842645833127,0.02,0.1385547402784906,16.826549682729294,2.828915312571898,13.99988517733785,83.1734503172707,880,13705895.323818,1601931.433175,348632.239937,1253639.1932447709,12103963.890643,20972077861.894066,0.071037200574808,0.02,0.09831557716295679,11.687900683081795,2.543666296145933,9.14671507133289,88.31209931691821,187,511444.133813,72762.877992,64265.0,8497.877991608992,438681.255821,705327033.877174,0.014940962620320856,0.01,0.018541594360786354,14.226945463139163,12.565399767298397,1.6615456957643164,85.77305453686084,41.0,888352.750189,867072.493102,14430.0,852642.493100491,21280.257087,1106651646.924266,0.47258536585365857,0.035,0.9776149637675708,97.6045262332477,1.6243547393678885,95.98017149370996,2.39547376675229
288,1104,15158500.376478,2607358.678989,435125.262364,2172573.4166180417,12551141.697489,22809235433.22423,0.07462570246904986,0.02,0.14041226448883742,17.20063736011073,2.8705033582292865,14.33237696777251,82.79936263988928,872,13710066.126269,1649984.9612,354945.262364,1295379.698835964,12060081.165069,20930478301.21578,0.06795348223145761,0.02,0.09883416202697178,12.034843202094898,2.588939098433024,9.44838403334881,87.96515679790511,191,544214.314176,74329.47116,65680.0,8649.471152977902,469884.843016,725389083.685649,0.014640518429319372,0.01,0.01784641663468313,13.65812497463301,12.06877479866488,1.5893501746778103,86.341875025367,41.0,904219.936033,883044.246629,14500.0,868544.2466291,21175.689404,1153368048.3228061,0.49597560975609756,0.05,0.9720266835328393,97.65812624117733,1.6035921596259537,96.05453408156242,2.3418737588226746
289,1094,15272492.983641,2784802.484873,431064.927481,2354480.9463846344,12487690.498768,22916455497.85633,0.07680184234536658,0.02,0.1434832470545711,18.2341055114965,2.8224922279730724,15.416480786120617,81.7658944885035,889,13742776.807315,1685064.169554,360652.975296,1325112.6310678658,12057712.637761,21059344826.504673,0.06782377559711028,0.02,0.09793109596505079,12.26145336695765,2.624309339754625,9.642248067090309,87.73854663304236,167,479043.68767200003,65228.627192,57001.952185,8268.627188793485,413815.06048,616528405.494563,0.014975323473053893,0.01,0.02036021075107933,13.616425572579901,11.899113515514912,1.7260695426290624,86.3835744274201,38.0,1050672.488654,1034509.688127,13410.0,1021099.688127975,16162.800527,1240582265.857092,0.5585526315789473,1.0,0.9779360158275368,98.46167091062735,1.276325414894925,97.18534549582523,1.5383290893726465
290,1116,15360810.477727,2762657.506043,435034.854265,2328309.96902668,12598152.971684,23000454553.360928,0.07472790817726796,0.02,0.14782855650741278,17.985102479122585,2.8321087282197484,15.157468236475562,82.01489752087741,886,13762964.47036,1663934.316845,355619.854265,1309001.7798252578,12099030.153515,21064473212.161198,0.06810387867475286,0.02,0.10270858753715163,12.089941236340897,2.583889939052484,9.511045259503007,87.91005876365911,187,554445.039837,74196.920611,64315.0,9881.920614412425,480248.119226,683640687.667279,0.014338550909090909,0.01,0.01935348569878531,13.382195759711907,11.599887343010197,1.7823084173171773,86.6178042402881,43.0,1043400.96753,1024526.268587,15100.0,1009426.26858701,18874.698943,1252340653.532453,0.4738372093023256,0.03,0.9768834630416096,98.19104068997738,1.4471905307645636,96.74385015921378,1.8089593100226171
291,1078,15243574.379317,2690736.662084,427581.914974,2263494.7470960086,12552837.717233,22944155356.554897,0.07914310438388779,0.02,0.14947209354022237,17.65161237862219,2.804997727791178,14.848845098740066,82.34838762137781,864,13752155.586583,1663398.301321,353521.914974,1310216.3863466803,12088757.285262,20978405351.837402,0.07138325984471185,0.02,0.10447248792719882,12.095545973489855,2.570665469483971,9.527352843687758,87.90445402651015,171,507776.29804,67115.923165,58880.0,8235.923153238375,440660.374875,716254923.141227,0.013895497192982458,0.01,0.01883222551184601,13.217616384235592,11.595657423805498,1.6219589581137932,86.7823836157644,43.0,983642.494694,960222.437598,15180.0,945042.43759609,23420.057096,1249495081.576266,0.49453488372093024,0.05,0.9798806570919301,97.6190478530225,1.5432436156311369,96.07580423719718,2.380952146977517
292,1106,15293705.932077,2775923.042862,427978.991793,2348649.2137335828,12517782.889215,23079616252.25577,0.07958016240129388,0.019995,0.15113485882678848,18.15075466463483,2.7983995095352094,15.35696595818237,81.84924533536517,871,13694328.373233,1726548.784807,346858.991793,1380394.9556821622,11967779.588426,21050998805.29827,0.07356902480577616,0.02,0.10549313730719376,12.60776532992827,2.532866032853223,10.080048601582307,87.39223467007173,192,605970.462336,75901.367256,66020.0,9881.36725130069,530069.09508,745410615.338689,0.013591349010416668,0.01,0.018594835523709545,12.525588617537931,10.89492047937364,1.6306681373887897,87.47441138246205,43.0,993407.096508,973472.890799,15100.0,958372.89080012,19934.205708999998,1283206831.618814,0.49598837209302327,0.05,0.9768790330308572,97.99334977784312,1.5200213540933163,96.47332842386254,2.0066502221568805
293,1088,15279841.723871,2836585.952752,420650.429774,2416275.5229821173,12443255.771119,23128520586.46223,0.08292533972962411,0.02,0.15479142473267496,18.56423648891946,2.7529763552251794,15.813485287660278,81.43576351108055,876,13666093.921224,1732190.834527,347195.429774,1385335.404751071,11933903.086697,21024937719.0971,0.07601566279204458,0.02,0.10782880172924131,12.675098272497873,2.5405608345394977,10.13702534708611,87.32490172750212,167,558354.673408,66970.212928,57675.0,9295.212935083682,491384.46048,774976159.780514,0.013925443233532933,0.01,0.018283858774910938,11.99420657110962,10.329455943830853,1.6647506285474394,88.00579342889037,45.0,1055393.129239,1037424.905297,15780.0,1021644.9052959625,17968.223942,1328606707.584617,0.47350000000000003,0.03,0.9775904718690075,98.29748522667036,1.495177442682264,96.8023077838898,1.7025147733296446
294,1132,15016693.276544,2821570.701351,438392.688478,2383518.012876577,12195122.575193,23138675577.01523,0.08217179021716524,0.019995,0.15534418229253952,18.789560720123912,2.919369000915583,15.87245586616343,81.21043927987608,890,13430140.074026,1736210.48383,354812.688478,1381737.7953557454,11693929.590196,21039319879.19725,0.07614183877059669,0.02,0.10896686601559596,12.927716868626302,2.6419135356913412,10.288334952127846,87.07228313137371,199,562233.07442,78471.539357,68400.0,10071.539356191857,483761.535063,787374128.4258109,0.01489060311557789,0.01,0.021855067753406565,13.957119018291712,12.165773077395258,1.7913459407527144,86.0428809817083,43.0,1024320.128098,1006888.678164,15180.0,991708.67816464,17431.449934,1311981569.392167,0.5183488372093024,0.99,0.9791766908579247,98.29824197964679,1.481958577557863,96.8162834021514,1.7017580203532112
295,1116,15096030.98095,2922158.731483,430564.880606,2491933.8508830657,12173872.249467,23151485699.093136,0.08605888487977692,0.01946080291552,0.16075443581725102,19.35713258120981,2.852172740963098,16.507212087916947,80.64286741879019,884,13546946.664428,1825374.085783,350614.880606,1475099.2051814282,11721572.578645,21107935667.389782,0.07942719061745591,0.02,0.11410860468109894,13.47443177418071,2.5881469034395455,10.888794661418357,86.5255682258193,193,506250.830697,75135.181089,66130.0,9005.18109160262,431115.649608,721994445.09044,0.013720616683937823,0.01,0.022230610659119025,14.841492898995307,13.062694615029672,1.7787982844797303,85.15850710100469,39.0,1042833.485825,1021649.464611,13820.0,1007829.464610035,21184.021214,1321555586.6129131,0.5943589743589743,1.0,0.9814619762624351,97.96860941828686,1.325235542188867,96.64337387600544,2.031390581713151
296,1121,14912493.03191,2894653.338389,435756.928302,2459236.410090704,12017839.693521,23196085088.1052,0.08463279797130334,0.01999,0.16343337848437414,19.410928355138022,2.9220930891270833,16.491115233572206,80.58907164486197,877,13359587.600582,1833046.007126,351631.928302,1481754.078825862,11526541.593456,21136626240.44636,0.08048042931109584,0.02,0.11750794845533936,13.72082778248443,2.6320567581493415,11.091316013087937,86.27917221751558,202,549473.596371,79603.321274,69365.0,10238.321273482126,469870.275097,740189309.030743,0.014683316930693071,0.01,0.021814769735244897,14.487196800672564,12.623900485504915,1.863296315073399,85.51280319932742,42.0,1003431.834957,982004.009989,14760.0,967244.00999136,21427.824967999997,1319269538.628095,0.5077619047619047,0.525,0.9786824220799972,97.86454602878749,1.4709519357269056,96.39359409329576,2.1354539712125282
297,1138,15122143.290847,3008345.365719,441402.419201,2567583.13857774,12113797.925128,23222500047.853233,0.0859211911386916,0.0199695,0.16626033166128465,19.893644094351792,2.918914407246546,16.9789631614708,80.1063559056482,890,13543794.056358,1880206.025672,356295.227129,1523910.798536861,11663588.030686,21147945756.206158,0.081507906186327,0.02,0.11935330086901655,13.882417421943563,2.630689935526159,11.25172748637208,86.11758257805644,205,509382.40426,79281.213963,70007.192072,9914.21395715894,430101.190297,728349461.556725,0.014494043951219513,0.01,0.021937279122802928,15.564183862647349,13.743543453115981,1.9463204606687803,84.43581613735265,43.0,1068966.830229,1048858.126084,15100.0,1033758.12608372,20108.704145,1346204830.090352,0.5177906976744187,1.0,0.9812217222786181,98.1188654711866,1.4125789101206436,96.70628656103976,1.8811345288134151
298,1113,14340527.014847,2903282.734849,433843.825895,2469801.651770687,11437244.279998,23238497798.25187,0.08752215320380148,0.0199,0.16954528040296776,20.245300133273904,3.0252990384930336,17.22253058910358,79.75469986672611,870,12735451.40776,1795986.770697,349898.825895,1446087.9447988002,10939464.637063,21095312284.18044,0.0831928350641736,0.02,0.12213992280473177,14.102262363489249,2.7474395268140923,11.35482283665003,85.89773763651075,201,561623.802086,79223.453588,69185.0,10401.196407410931,482400.348498,771120056.359637,0.013718358258706468,0.01,0.020968042055289664,14.106142455812213,12.318744280963697,1.8519863953020677,85.8938575441878,42.0,1043451.805001,1028072.510564,14760.0,1013312.510564476,15379.294437,1372065457.711793,0.5304047619047619,1.0,0.9818984408311056,98.52611358154819,1.4145358634925986,97.11157771810122,1.4738864184518097
299,1112,14444813.685216,2940309.083178,434819.986141,2505784.7520329673,11504504.602038,23310620237.456966,0.08749476215452431,0.0199,0.16989132677455732,20.355465617305622,3.0102152621465117,17.347297145117153,79.64453438269437,874,12881381.818908,1853660.78187,352624.331151,1501036.4507203847,11027721.037038,21200892929.553642,0.08255805092200348,0.02,0.12238712070231311,14.390232413956513,2.7374728589552295,11.652759555012032,85.60976758604349,195,535530.554897,76530.978711,67095.65499,9730.97871611853,458999.576186,730042635.267832,0.014950969282051283,0.01,0.020753620903574688,14.290683885575756,12.52881920115738,1.817072551161925,85.70931611442425,43.0,1027901.311411,1010117.322597,15100.0,995017.322596464,17783.988814,1379684672.635491,0.5168139534883721,1.0,0.9787779460055575,98.26987390554179,1.4690126213840737,96.80086128410555,1.7301260944582242
300,1111,14794994.412611,3124689.149999,435547.474429,2689141.675568067,11670305.262612,23623667724.515472,0.09260207517176512,0.0199,0.18102646526625915,21.11990760426086,2.9438840075380277,18.17602359670977,78.88009239573914,876,13046842.465062,1856706.770736,354322.474429,1502384.2963022848,11190135.694326,21200303965.693237,0.08354242751807196,0.02,0.12490375398714221,14.231081395426177,2.715771845776757,11.515309549613278,85.76891860457383,187,507050.675058,72894.641454,64425.0,8469.641455859275,434156.033604,727687755.98446,0.013458497379679146,0.01,0.02054224978212189,14.376204399227316,12.705830633719325,1.670373765874675,85.62379560077268,48.0,1241101.272491,1195087.737809,16800.0,1178287.737809923,46013.534682,1695676002.837774,0.5662708333333334,1.0,0.9515751638065792,96.2925237688584,1.3536365139873652,94.9388872549454,3.707476231141619
301,1148,14558302.466823,3090618.537683,450816.001238,2640102.7176270657,11467683.92914,23574946626.238605,0.09191622519671692,0.0199,0.17971877257882354,21.22925076413427,3.096624776586193,18.134687911888157,78.77074923586572,894,12769773.541191,1806313.9951829999,363165.82004,1443148.1751232732,10963459.546008,21138530059.881706,0.08459254642710408,0.02,0.12336061810908418,14.14523123183381,2.8439487894483726,11.301282442230958,85.8547687681662,207,541121.330751,79655.925365,71190.181198,8765.92536851773,461465.405386,739955230.727744,0.012908647439613527,0.01,0.020044437046094914,14.720529544538344,13.15604784960114,1.6199556126075945,85.27947045546166,47.0,1247407.594881,1204648.617135,16460.0,1188188.617135275,42758.977746000004,1696461335.629155,0.5791914893617022,1.0,0.9516081016585365,96.57217272674382,1.3195366187882036,95.25263610797765,3.42782727325619
302,1116,14715947.989909,3202195.688638,439381.729888,2763188.9603455947,11513752.301271,23541444817.74626,0.09431758649268014,0.019945,0.17953914554781644,21.760036735885482,2.9857521254443973,18.77683287709609,78.23996326411452,880,12888943.883968,1911697.6717380001,357736.729888,1553960.941840061,10977246.21223,21122271007.61399,0.08468833693844435,0.02,0.1234084590548283,14.832073821935701,2.7755317511543613,12.056542070704225,85.1679261780643,187,559685.036497,74049.830196,64425.0,9999.83180313557,485635.20630099997,731097351.989207,0.013720267486631016,0.01,0.01998736686852554,13.23062532803607,11.510938438381018,1.7866891467607016,86.76937467196392,49.0,1267319.069444,1216448.186704,17220.0,1199228.186702398,50870.88274,1688076458.143065,0.5748367346938776,1.0,0.950982552962212,95.98594513674301,1.358773841188611,94.62717129542798,4.014054863256981
303,1117,14439707.945402,3124187.284959,436728.616365,2687458.6685895966,11315520.660443,23544528873.891956,0.09245676412339394,0.02,0.18132754646583765,21.636083615900468,3.024497573055599,18.611586042814373,78.36391638409954,887,12678348.403293,1830511.681899,357218.616365,1473293.0655302538,10847836.721394,21140198584.114754,0.08277369392991099,0.02,0.12347846801293166,14.438092594328403,2.817548508701797,11.620544085597057,85.5619074056716,185,490125.323644,73226.095929,63730.0,9496.095928370594,416899.227715,678208127.137951,0.014864535189189189,0.01,0.021881467678498696,14.940280046045407,13.00279682065356,1.9374832252634298,85.0597199539546,45.0,1271234.218465,1220449.507131,15780.0,1204669.507130972,50784.711334,1726122162.639252,0.6023111111111111,1.0,0.952465685866753,96.00508619132972,1.2413133449990168,94.76377284632852,3.99491380867028
304,1114,14605901.317229,3106182.677557,432802.888893,2673379.7886723983,11499718.639672,23536586251.860863,0.09510112793162571,0.0199,0.18184805846200117,21.266627851942093,2.963205621432409,18.303422230567186,78.7333721480579,886,12847629.331435,1840036.677054,354132.888893,1485903.7881709253,11007592.654381,21081724445.790993,0.08522953330229238,0.02,0.12428685805741023,14.32199380590691,2.756406491480289,11.565587314503874,85.67800619409309,179,507382.271766,70610.15295,61450.0,9160.15294850805,436772.118816,728269008.860284,0.012817262625698324,0.01,0.020037632423298344,13.91655894957338,12.111183898112264,1.8053750511670672,86.08344105042661,49.0,1250889.7140280001,1195535.847553,17220.0,1178315.847552965,55353.866475,1726592797.209585,0.5741836734693878,1.0,0.9529220988753643,95.57484038326972,1.3766201613849505,94.19822022188195,4.4251596167302845
305,1122,14454842.232334,3061109.915636,440936.334402,2620524.525100355,11393732.316698,23438314221.08666,0.09219969386437704,0.02,0.17707169754754215,21.17705517939595,3.05044031138348,18.129042731704885,78.82294482060405,887,12660726.870219,1790509.2949650001,359331.334402,1431177.9605587348,10870217.575254,20925374004.86749,0.08400774126925709,0.02,0.11927417601857969,14.142231432041221,2.8381572249791724,11.30407420702836,85.85776856795879,186,549122.145481,73501.53987,64135.0,9717.483741307158,475620.60561100004,793263887.829987,0.013474139838709678,0.01,0.019849264870970412,13.385280574619113,11.67955081174542,1.7696397461433997,86.6147194253809,49.0,1244993.216634,1197099.080801,17470.0,1179629.080800313,47894.135833,1719676328.389184,0.5393265306122449,1.0,0.9528884083565607,96.15306049919789,1.4032204968339026,94.74984000230883,3.8469395008020997
306,1105,14466225.398166,3136829.995746,430532.545715,2706999.986681643,11329395.40242,23489596969.13216,0.0957381235437385,0.02,0.1806476527869004,21.683818061784667,2.9761222009549364,18.71255225309037,78.31618193821532,850,12622769.067327,1798450.809939,342212.545715,1456238.264224298,10824318.257388,20981133287.669857,0.08779978223529411,0.02,0.12164019755458388,14.247672601364009,2.7110734886276977,11.53659911273867,85.75232739863598,199,533643.955517,78148.857364,68720.0,10131.394014763717,455495.098153,752364144.951205,0.014617143798145929,0.01,0.021731577811835264,14.644381624877308,12.877499930346502,1.8985306420173562,85.35561837512267,56.0,1309812.375322,1260230.328443,19600.0,1240630.328442581,49582.046879,1756099536.511098,0.5045,0.5125,0.9537280003623361,96.21456875708549,1.4963975275605104,94.71817122949298,3.7854312429145374
307,1100,14313439.042006,3091345.250742,429292.975384,2662403.0354630826,11222093.791264,23548717397.070423,0.09552273172727273,0.02,0.18018492090097724,21.597501772074153,2.9992301229924085,18.600722213925412,78.40249822792583,874,12589871.420744,1784293.647405,351087.975384,1433205.6720211362,10805577.773339,21105595802.84191,0.08608777448512586,0.02,0.12014771255820166,14.172453298173215,2.7886541780364933,11.383799120137802,85.82754670182679,180,443471.98256100004,70109.845442,62085.0,8375.60554690962,373362.137119,673914625.918519,0.014807166666666668,0.01,0.02134532189311323,15.80930660762911,13.999757017673634,1.888643674520644,84.19069339237089,46.0,1280095.638701,1236941.757895,16120.0,1220821.757895037,43153.880806,1769206968.309993,0.5906304347826087,1.0,0.9568975418515449,96.62885494635455,1.2592809093825255,95.36957403697491,3.3711450536454586
308,1099,14350297.414804,2997642.714504,424570.654531,2573360.8632982364,11352654.7003,23551894585.373257,0.09703926889520567,0.01999,0.17828996411376663,20.889063326391987,2.958619199717812,17.932456651689428,79.11093667360801,868,12680514.290373,1736692.682946,345021.851209,1391670.8317362987,10943821.607427,21159681706.76822,0.08875880748847927,0.02,0.11898062942722157,13.695759045549838,2.720882160678131,10.974876884866177,86.30424095445017,181,439172.994215,69733.424616,62058.803322,7963.424619862178,369439.569599,641066204.759352,0.01287188738028199,0.01,0.021707872727286623,15.878349883659181,14.13083321139248,1.8132773929090074,84.1216501163408,50.0,1230610.130216,1191216.606942,17490.0,1173726.6069420755,39393.523274,1751146673.845688,0.545474,1.0,0.9522663257222562,96.79886242549577,1.4212462233615866,95.37761620214032,3.201137574504246
309,1114,14135240.623401,2850147.407684,434222.226281,2416211.649300703,11285093.215717,23500433079.94796,0.09674843492444438,0.02,0.16885459396555824,20.163416270152197,3.071912518858305,17.093530373304336,79.8365837298478,875,12425065.122207,1605399.24289,351795.758375,1253603.4845073586,10819665.879317,21039532178.389416,0.0865273656,0.02,0.10774449286414056,12.920650532613395,2.831339352469424,10.08931118008247,87.0793494673866,187,485372.28463,83498.46176399999,64261.467906,19523.46176236405,401873.822866,702845517.037553,0.025591505913534974,0.01,0.042335041624304896,17.202972730025365,13.239624498746691,4.022368474798023,82.79702726997463,52.0,1224803.216564,1161249.70303,18165.0,1143084.7030309802,63553.513534,1758055384.520994,0.5246288461538462,1.0,0.9507705966306834,94.8111245402923,1.4830953866172198,93.32802915375511,5.188875459707704
310,1118,14245904.328249,2855259.008143,429082.332625,2426176.675517635,11390645.320106,23518284063.863506,0.09958562300163779,0.0199,0.16931137886991954,20.04266589437321,3.0119697755806816,17.03069611878997,79.95733410562679,875,12540919.579691,1593678.910686,345227.332625,1248451.5780580346,10947240.669005,21097240072.95046,0.08860618845714285,0.02,0.10781678055575675,12.70783135605808,2.7528071640302008,9.955024192004233,87.29216864394192,192,477006.816768,81196.401448,66015.0,15181.401450677136,395810.41532000003,668587973.028006,0.03413703966578666,0.01,0.05792176651117538,17.022063122316172,13.839424863420236,3.182638259457172,82.97793687768383,51.0,1227977.93179,1180383.696009,17840.0,1162543.696008923,47594.235781,1752456017.885042,0.5343529411764706,1.0,0.9521213581026454,96.12417824873914,1.452794837607136,94.67138341112573,3.875821751260854
311,1111,14210014.525258,2884402.720983,432245.429414,2452157.2915674653,11325611.804275,23470732596.063194,0.09261400226447439,0.02,0.1683788376500274,20.29837982118903,3.041836647286271,17.256543173891963,79.70162017881098,873,12519358.762411,1588844.724588,350115.429414,1238729.2951728827,10930514.037823,21068103839.32107,0.08313120836197022,0.02,0.10763330973652714,12.691103072774451,2.796592349962932,9.894510722802595,87.30889692722556,190,422347.857734,72891.55026,65330.0,7561.550260110197,349456.30747400003,651798351.158522,0.014862692714900212,0.01,0.022363709253870222,17.25865277287804,15.46829202603548,1.7903607468686527,82.74134722712196,48.0,1268307.905113,1222666.446135,16800.0,1205866.4461344723,45641.458978,1750830405.583598,0.5728479166666667,1.0,0.9537007656927967,96.40138969456842,1.3245994866288564,95.07679020789794,3.598610305431596
312,1081,13952098.09544,2793916.739916,417620.774073,2376295.9658288048,11158181.355524,23461886538.189922,0.0935468607917031,0.02,0.16901102412882177,20.025065196675637,2.9932471175033672,17.03181807907053,79.97493480332436,863,12299854.761895,1541228.552249,342280.774073,1198947.7781575834,10758626.209646,21090962937.651104,0.08226656419466975,0.02,0.10843167300420961,12.530461392306291,2.782803380194271,9.747658011962294,87.4695386076937,173,417145.810522,67485.459785,59555.0,7930.459790632488,349660.350737,634843645.902526,0.0154977550048037,0.01,0.022372987612143718,16.17790664145741,14.276782481759842,1.9011241610478167,83.82209335854259,45.0,1235097.523023,1185202.727882,15785.0,1169417.727880589,49894.795141,1736079954.636291,0.6099333333333333,1.0,0.9585881812324879,95.96025461868966,1.2780367303599598,94.68221788821546,4.039745381310335
313,1094,13618267.211487,2725474.102022,406233.334748,2319525.002885715,10892793.109465,23285172609.015244,0.09093734599253295,0.02,0.16473063251077852,20.013369246588613,2.983003112211974,17.032453298678096,79.98663075341138,869,11977278.630231,1488963.002948,328579.099145,1160383.9038071726,10488315.627283,20899860917.39921,0.08021455109321057,0.02,0.1028416735973383,12.431563537228014,2.743353555419983,9.688209981842869,87.56843646277198,181,424564.272348,69748.457337,62214.235603,7818.457341908377,354815.815011,640375112.216674,0.01432603102669083,0.01,0.022204095033823076,16.428244645095738,14.653667219554741,1.841525029571935,83.57175535490427,44.0,1216424.3089080001,1166762.641737,15440.0,1151322.641736634,49661.667171,1744936579.399355,0.6178636363636364,1.0,0.9583073718561435,95.91740589140463,1.2692939369043592,94.64811195447017,4.082594108595374
314,1104,13610780.729312,2774174.096081,417646.206433,2356527.8896490955,10836606.633231,23322756820.041397,0.09112287727883246,0.0199,0.16438159234194769,20.38218197216692,3.068495589922792,17.31368638225218,79.61781802783307,866,11909723.044825,1513871.382847,335511.206433,1178360.176408938,10395851.661978,20882444040.6816,0.07930755762124711,0.02,0.10290207633535825,12.711222394922153,2.8171201393199983,9.89410225555965,87.28877760507785,192,464897.55997299997,80608.054638,66015.0,14593.054642222622,384289.505335,704610238.937912,0.024866206332453334,0.01,0.034416025151013045,17.33888528962843,14.199902448150938,3.1389828423857824,82.66111471037158,46.0,1236160.124514,1179694.658596,16120.0,1163574.658597935,56465.465918,1735702540.421886,0.5901086956521739,1.0,0.9568086297959487,95.43218837121124,1.3040381808414687,94.1281501905263,4.567811628788752
315,1094,13469946.690641,2724213.943598,414537.644581,2309955.5272684125,10745732.747043,23211281759.288883,0.08900306811319109,0.0199,0.16591542146268523,20.224385486921044,3.0775002611481987,17.14895819798146,79.77561451307895,857,11810178.781529,1472752.382868,332737.644581,1140293.9665359077,10337426.398661,20750587210.468243,0.07653960898483081,0.02,0.10223349623336442,12.470195499253322,2.8173802508510564,9.655179550027777,87.52980450074669,187,434468.86533,76741.760935,64320.0,12421.760937720033,357727.104395,675858363.592929,0.018963698480379893,0.01,0.03370850291113752,17.66335106123449,14.804282914759812,2.8590681471007384,82.3366489387655,50.0,1225299.043782,1174719.799795,17480.0,1157239.7997947847,50579.243986999994,1784836185.227713,0.564574,1.0,0.9563467823382277,95.87208981810006,1.4265905199800326,94.44549929810245,4.127910181899957
316,1083,13416769.955023,2687727.454529,411394.819725,2276610.660487146,10729042.500494,23225810640.90063,0.09254068006078582,0.02,0.16568161354528965,20.032596992711817,3.0662731872434104,16.968396030631975,79.96740300728818,853,11723103.964042,1425982.079755,331824.819725,1094435.2857138389,10297121.884287,20743444126.68106,0.07892924372801877,0.02,0.10210216328027148,12.163861074071178,2.830520148441901,9.335712530322809,87.83613892592882,185,495258.763999,78339.683072,63790.0,14549.683071400375,416919.08092700003,745397624.716108,0.025204927599086702,0.01,0.030250851721261466,15.817929689813258,12.88013552449297,2.9377941651992154,84.18207031018675,45.0,1198407.226982,1183405.691702,15780.0,1167625.691701907,15001.53528,1736968889.503462,0.6273777777777778,1.0,0.9830863183356551,98.74821054627824,1.316747733551261,97.43146281271922,1.2517894537217542
317,1056,13544724.977472,2625442.518626,397250.746484,2228191.772152579,10919282.458846001,23239579298.243954,0.09065545123658243,0.02,0.15585635796533348,19.383505556537443,2.9328815988860577,16.450623957729487,80.61649444346256,847,11824489.433766,1367369.618297,325000.746484,1042368.871828785,10457119.815469,20773996113.494095,0.07702590897284534,0.02,0.09282945056025765,11.56387872775581,2.74853936235021,8.815339365539094,88.4361212722442,165,488395.296598,69033.336096,56810.0,12223.336092178712,419361.960502,745511543.897833,0.020057646095945698,0.01,0.03122439767909124,14.134725820838852,11.631971150361123,2.5027546696953116,85.86527417916116,44.0,1231840.247108,1189039.564233,15440.0,1173599.564231615,42800.682875,1720071640.852026,0.6177659090909091,1.0,0.9710754809990804,96.52546805679684,1.2534092822708622,95.27205877441357,3.4745319432031434
318,1042,13343056.949522,2569999.412852,397964.497468,2172034.915370857,10773057.53667,23273109432.47978,0.09172299089811041,0.02,0.15564808111284653,19.260949140624536,2.9825586368516297,16.2783905036744,80.73905085937547,833,11697045.616805,1361384.045163,325929.497468,1035454.5476824869,10335661.571642,20812727918.62526,0.07915779699879953,0.02,0.09265158089829513,11.638699974009818,2.7864258048181085,8.852274169084733,88.36130002599019,162,485694.537862,64139.908164,55575.0,8564.908163338718,421554.629698,751998807.923068,0.014968590221179261,0.01,0.0191258199211281,13.205812123467615,11.442376981350876,1.7634351419805874,86.79418787653238,47.0,1160316.794855,1144475.459525,16460.0,1128015.459525031,15841.33533,1708382705.931451,0.5789787234042553,1.0,0.9832106591895055,98.63474049498873,1.4185781049611488,97.21616239003026,1.3652595050112695
319,1051,13429450.655423,2596633.530428,395248.304306,2201659.085585173,10832817.124995,23284712030.578693,0.0910248762226451,0.02,0.1567694651444312,19.335366703026253,2.94314573579667,16.39426021269241,80.66463329697375,840,11815287.146951,1408726.366989,322533.304306,1086466.922150952,10406560.779962,20846292714.67718,0.07853148202380952,0.02,0.09358886011697203,11.922912659406078,2.7297965787419014,9.195433920802516,88.07708734059392,162,474305.002818,63116.006232,55575.0,7541.006229148843,411188.996586,722046286.789537,0.01519259265432099,0.01,0.018820280851395567,13.307050496412081,11.717143962178532,1.5899065336324256,86.69294950358793,49.0,1139858.505654,1124791.157207,17140.0,1107651.1572050725,15067.348447,1716373029.111977,0.5559081632653061,1.0,0.9821652611330349,98.67813870122811,1.5036954073668847,97.17444329369211,1.3218612987719056
320,1018,13336952.6676,2624286.466439,382193.735953,2242714.8008157294,10712666.201161,23270886981.9822,0.09511980011378295,0.02,0.15876395211234728,19.676807227593194,2.8656751319323397,16.815796357019753,80.32319277240681,833,11695876.530476,1377366.976573,318382.076332,1059335.310951804,10318509.553903,20833239255.44893,0.0813293456182473,0.02,0.095752372645264,11.776517758066172,2.7221737122685106,9.057340065034793,88.22348224193382,141,435894.950765,55268.681856999996,48366.659621,7173.681855501567,380626.26890799997,723316204.758069,0.01351001145979461,0.01,0.018210689825204542,12.67935812516362,11.09594399662488,1.6457363965587772,87.32064187483637,44.0,1205181.186359,1191650.808009,15445.0,1176205.808008424,13530.37835,1714331521.775203,0.6177204545454545,1.0,0.9838084345708857,98.87731583407165,1.2815500420033306,97.59576579202053,1.1226841659283557
321,1029,13173757.608075,2622943.929411,388019.312257,2235108.447313974,10550813.678664,23235234509.053223,0.096718325078553,0.02,0.1623824002524596,19.91037035479716,2.9453958680639403,16.96636991365273,80.08962964520285,819,11487207.899245,1368399.916701,315800.482099,1052599.4346014638,10118807.982544,20794917612.472645,0.0840739253968254,0.02,0.09983088650526974,11.912380525392411,2.749149182890266,9.163231342497477,88.08761947460759,165,486004.497013,64273.360463,56438.830158,8018.360464453401,421731.13655,730076687.479315,0.01514916124746085,0.01,0.018510594332563746,13.224848917659452,11.612820561306519,1.64985314204591,86.77515108234054,45.0,1200545.211817,1190270.652247,15780.0,1174490.652248057,10274.55957,1710240209.101264,0.6259333333333333,1.0,0.9843669489227743,99.14417554050716,1.3144028100463871,97.82977273054881,0.8558244594928389
322,1058,13305137.414637,2689452.652559,394712.013748,2295348.0565701905,10615684.762078,23227356877.231174,0.09515128215106904,0.02,0.16477241489121008,20.213640556619353,2.966613582763729,17.251592261234936,79.78635944338065,833,11628953.77051,1450799.833717,317324.897836,1133825.2377269259,10178153.936793,20724568687.70811,0.08499285102040816,0.02,0.10260202062081523,12.475755449265783,2.728748467817526,9.750019306140906,87.52424455073422,176,485899.364946,67709.234908,60247.115912,7719.234910599527,418190.130038,789244383.895106,0.015081315999040001,0.01,0.01905467961352951,13.934826795981675,12.399093363436586,1.588648898822372,86.06517320401834,49.0,1190284.279181,1170943.583934,17140.0,1153803.5839326647,19340.695247,1713543805.627958,0.5554428571428571,1.0,0.983812760396818,98.37511965962385,1.4399921346347222,96.93512752487695,1.6248803403761467
323,1109,13367821.048332,2706199.504985,413495.038895,2292975.7078731367,10661621.543347,23165078254.50615,0.09488291840922547,0.0199,0.16925992659457645,20.244133245056208,3.0932119557853808,17.152950354308103,79.75586675494378,906,11738497.24216,1494358.30874,343430.038895,1151199.5116324418,10244138.93342,20717163242.421017,0.08126958598233995,0.02,0.10674130062225357,12.730405586950782,2.9256729529358863,9.807043336840362,87.26959441304922,164,469491.989888,64153.752897,56325.0,7828.752892409788,405338.236991,729755932.827291,0.02118848546238439,0.01,0.01936725869084903,13.66450424687847,11.99700979210245,1.6674944537983238,86.33549575312152,39.0,1159831.816284,1147687.443348,13740.0,1133947.443348285,12144.372936,1718159079.25784,0.721025641025641,1.0,0.9867591096488294,98.9529194866451,1.1846545168955411,97.76826496977414,1.0470805133549028
324,1121,13186218.620316,2728227.521961,418930.645653,2309296.8763034577,10457991.098355,23089120779.00391,0.09315178993383678,0.0199,0.17089567970452663,20.68999157770387,3.177033975514055,17.512957602155367,79.31000842229614,904,11526363.354997,1540236.9450380001,344110.645653,1196126.2993805252,9986126.409959,20609959915.758335,0.08254186382743363,0.02,0.10903877347239171,13.362731137312833,2.985422505389078,10.377308631884931,86.63726886268716,171,519499.178305,67046.669184,58700.0,8346.669183839484,452452.509121,767142518.160698,0.015371997753397896,0.01,0.017930758179526562,12.906020256424089,11.299344147477553,1.6066761089156376,87.09397974357591,46.0,1140356.087014,1120943.907739,16120.0,1104823.907739093,19412.179275,1712018345.084878,0.5907978260869565,1.0,0.9840962257401727,98.29770897914611,1.4135935418391903,96.8841154373151,1.7022910208538817
325,1126,13293759.029493,2739188.418524,415697.022017,2323491.396512585,10554570.610969,23162846819.97909,0.09101405409413854,0.0199,0.17402885834384385,20.60507048794059,3.1270088550179924,17.478061632964614,79.39492951205939,915,11664509.675033,1530097.089537,342927.022017,1187170.0675257347,10134412.585496,20670778457.361607,0.07955949169398907,0.02,0.11271045058526662,13.117543147244817,2.9399180211664566,10.177625126127525,86.88245685275517,170,472388.222877,65745.58557,58350.0,7395.585570882608,406642.637307,782332722.364442,0.014846411823529412,0.01,0.01753867370664438,13.917702090367051,12.352128434665298,1.5655736558885942,86.08229790963294,41.0,1156861.131583,1143345.743417,14420.0,1128925.743415968,13515.388166,1709735640.253043,0.6624634146341464,1.0,0.9869771186377783,98.83171905451553,1.246476314773259,97.58524273965308,1.1682809454844516
326,1090,13163367.637814,2916446.820668,406750.103641,2509696.717028613,10246920.817146,22961044431.373547,0.1048129876292028,0.02,0.18773885107711005,22.155780351298652,3.090015525149822,19.065764826161086,77.84421964870134,888,11427176.830783,1617484.978534,336975.103641,1280509.874892169,9809691.852249,20359257748.722443,0.09311302534440433,0.02,0.12286271917199215,14.15472082462881,2.948892002206902,11.205828822414638,85.84527917537119,159,488814.475486,63131.972105,54670.0,8461.972106789586,425682.503381,788243216.850173,0.015168490628930819,0.01,0.018531363687263616,12.915323762094305,11.184202338861748,1.7311214235986643,87.0846762379057,43.0,1247376.331545,1235829.870029,15105.0,1220724.870029655,11546.461516,1813543465.800931,0.677906976744186,1.0,0.9895980691187821,99.07434017914237,1.2109416876052916,97.86339849158959,0.9256598208576361
327,1083,13021473.446551,2808429.621378,406905.281447,2401524.3399328715,10213043.825173,22946760530.908756,0.10334400416974242,0.02,0.18375177388771308,21.567679210081014,3.124878940292099,18.44280026980329,78.43232078991898,886,11346551.59901,1579980.399486,338680.281447,1241300.1180411312,9766571.199524,20405262601.194798,0.09187705023231493,0.02,0.1204332224796819,13.924762829473716,2.984874113440336,10.939888716052163,86.0752371705263,155,491612.483625,61455.346103,53305.0,8150.346102587868,430157.137522,775231236.042476,0.015264451677419355,0.01,0.018573779699053286,12.500770047547835,10.842889832037065,1.6578802154269374,87.49922995245217,42.0,1183309.363916,1166993.875789,14920.0,1152073.8757891525,16315.488127,1766266693.671484,0.6702976190476191,1.0,0.9877542581660858,98.62119842667296,1.2608706104229843,97.36032781626287,1.3788015733270402
328,1109,13101999.20494,2908460.714986,414383.888849,2494076.826120914,10193538.489954,22934253768.8708,0.10656568134881068,0.02,0.18832479841918917,22.19860243839268,3.1627531216210114,19.03584931664889,77.80139756160732,891,11323874.432515,1546301.618879,339338.888849,1206962.7300145922,9777572.813636,20250152999.164043,0.0948978121277565,0.02,0.11746064192954496,13.655234593903659,2.9966677118445735,10.658566881923019,86.34476540609633,175,472442.993673,67338.259847,59945.0,7393.2598463659715,405104.733826,738195955.080337,0.014162228628571428,0.01,0.018653610602002317,14.253203190395489,12.6883033091376,1.5648998811236885,85.7467968096045,43.0,1305681.778752,1294820.83626,15100.0,1279720.836259956,10860.942492,1945904814.626419,0.7243953488372094,1.0,0.990142330235033,99.16817844372606,1.1564839339668902,98.01169450975581,0.8318215562739286
329,1101,13683146.934838,2897850.2891079998,409891.777874,2487958.5112395203,10785296.64573,24258802343.671715,0.10377923760747597,0.02,0.17740823418399818,21.178244324263762,2.995595821823665,18.182648502480443,78.82175567573623,900,11977657.123371,1577979.015329,340426.777874,1237552.2374618822,10399678.108042,21600343909.542404,0.0895935006731456,0.02,0.10918026937117709,13.174354542592656,2.8421816918581992,10.332172850791913,86.82564545740735,162,439860.634286,63179.60166,55565.0,7614.601657772921,376681.032626,707701172.590064,0.015628333333333334,0.01,0.019437772089787544,14.363549891786917,12.632410283815329,1.7311396074652732,85.63645010821308,39.0,1265629.177181,1256691.672119,13900.0,1242791.672119865,8937.505062,1950757261.539247,0.7973076923076923,1.0,0.9901917704670755,99.29382909124243,1.0982679801172233,98.19556111119357,0.7061709087575683
330,1083,13886548.296328,3009144.8249150002,399940.882164,2609203.9427669374,10877403.471413,24279168544.249767,0.10475887028239246,0.02,0.1809446356780359,21.669494540343795,2.8800597069161946,18.78943483354237,78.3305054596562,887,12084372.191678,1603742.863823,332215.882164,1271526.9816735014,10480629.327855,21582314342.03344,0.09016692954434165,0.02,0.11161178692144365,13.271213749336772,2.749136462321006,10.522077287135765,86.72878625066322,154,446516.971039,60255.899386,52805.0,7450.899386709608,386261.071653,706671922.4784939,0.015175909155844158,0.01,0.019091217903935285,13.494649317760663,11.825978277405243,1.6686710405143426,86.50535068223934,42.0,1355659.133611,1345146.061706,14920.0,1330226.0617067264,10513.071905,1990182279.737834,0.741397619047619,1.0,0.9902878895048948,99.22450477082711,1.100571642980663,98.12393312790003,0.7754952291729019
331,1131,13911977.298951,2976491.1388210002,428576.542511,2547914.5963094113,10935486.16013,24404857052.64582,0.10596989965148633,0.02,0.18332166404855268,21.395169607166018,3.0806299730183992,18.314539634143387,78.60483039283397,915,12064000.894916,1615241.959362,353896.542511,1261345.41684798,10448758.935554,21550696090.033844,0.09322029126320332,0.02,0.11222442670733694,13.388940977637805,2.9334923429932664,10.455448634619508,86.61105902236218,177,544115.001934,70049.59781199999,60940.0,9109.59781348804,474065.404122,794567102.561924,0.013817457627118643,0.01,0.018622489013821592,12.874042723140514,11.199838229674816,1.6742044937391773,87.12595727685947,39.0,1303861.402101,1291199.581647,13740.0,1277459.581647943,12661.820454,2059593860.050055,0.8233256410256411,1.0,0.9907912983981196,99.02889828369817,1.0537929858081394,97.97510529796234,0.9711017163018365
332,1141,13732572.413694,3013022.346588,424688.219436,2588334.1271504825,10719550.067106,24464822823.80286,0.10481072797180635,0.02,0.18323586968731753,21.940698769470465,3.0925612961815125,18.8481374732779,78.05930123052953,913,11819961.0353,1545652.325892,345893.219436,1199759.1064535317,10274308.709408,21646402468.261536,0.09280005542807342,0.02,0.11210789990766343,13.07662792860273,2.9263482206328693,10.150279707948977,86.92337207139728,183,503453.991385,69535.367357,63015.0,6520.3673592307805,433918.624028,753160860.098966,0.014877541038251367,0.01,0.015388794967807562,13.8116627431453,12.516535985075016,1.2951267585133799,86.1883372568547,45.0,1409157.387009,1397834.653339,15780.0,1382054.65333772,11322.73367,2065259495.442356,0.7142222222222222,1.0,0.9899531424747366,99.19648906684348,1.1198181370992037,98.07667092965346,0.8035109331565164
333,1123,13622488.520384,2953662.347248,418637.6603,2535024.6869556396,10668826.173136,24425998321.941067,0.1073970227122271,0.02,0.18316152222839044,21.682252422736784,3.0731364513434665,18.6091159714494,78.3177475772632,911,11838560.684031,1592586.903157,345282.6603,1247304.2428635021,10245973.780873999,21611048161.069633,0.09337537486918884,0.02,0.11160896581571064,13.452538240609229,2.9165932372653267,10.535945003398826,86.54746175939076,166,472914.187737,63284.771695,57235.0,6049.77169452258,409629.416042,743008626.359078,0.014507168674698794,0.01,0.015366586265591783,13.381872089275173,12.102618505459152,1.2792535837150687,86.61812791072482,46.0,1311013.648616,1297790.672396,16120.0,1281670.672397615,13222.97622,2071941534.512354,0.7202978260869565,1.0,0.9896508945045649,98.99139293980966,1.2295829274559749,97.76181001247686,1.0086070601903436
334,1109,13589913.826807,2983461.196533,411792.884885,2572046.4876771993,10606452.630274,24479746223.007717,0.10665035222347254,0.02,0.18252187265407702,21.95349606005541,3.0301361004417218,18.926142729497432,78.04650393994459,902,11717712.651223,1554893.790494,340127.884885,1215144.081638951,10162818.860729,21691745617.60817,0.0919055993412761,0.02,0.11142694804980274,13.269601643045178,2.9026815643025707,10.370147466554611,86.73039835695482,163,490748.98565499997,62973.812888,56225.0,6748.812887949609,427775.172767,728300155.456792,0.013728159570552147,0.01,0.015312672322805273,12.832184014389597,11.456977323133293,1.375206691246036,87.1678159856104,44.0,1381452.189929,1365593.593151,15440.0,1350153.5931502986,15858.596778,2059700449.942756,0.7531522727272727,1.0,0.9903827952752601,98.85203433795165,1.1176644485100524,97.7343698893908,1.147965662048359
335,1119,13700662.400166,3001057.149888,414633.032657,2586424.117235697,10699605.250278,24502598473.753517,0.10845626140824936,0.02,0.18182310987788997,21.904467552252356,3.026372160312309,18.878095391974327,78.09553244774764,902,11851106.58253,1575919.526318,339763.032657,1236156.4936633795,10275187.056212,21727014439.311424,0.09498843293329384,0.02,0.11068320089214605,13.2976571879043,2.866930866674112,10.430726321250265,86.70234281209571,175,482541.16512900003,66794.042829,60110.0,6684.04283199789,415747.1223,717205142.046827,0.01479022862857143,0.01,0.015164097808353002,13.842143977735791,12.456968305269978,1.3851756730870852,86.1578560222642,42.0,1367014.652507,1358343.580741,14760.0,1343583.5807403196,8671.071766,2058378892.395266,0.7879690476190477,1.0,0.9908027084937466,99.36569284388445,1.0797250763136514,98.28596776752103,0.6343071561155486
336,1103,13674550.911892,2906874.633862,408656.154276,2498218.479590195,10767676.27803,24484145663.423504,0.10900322439331918,0.02,0.1817973083312212,21.257550998139557,2.988442961740077,18.26910803643016,78.74244900186044,889,11912975.387966,1539451.684775,334801.154276,1204650.5305020195,10373523.703191,21701150445.818333,0.095208061311396,0.02,0.11033537335559114,12.922478513051333,2.810390715775359,10.112087797301319,87.07752148694865,169,445148.71641,63801.056071,58065.0,5736.05607221557,381347.660339,720576071.59187,0.014411775147928994,0.01,0.015670483215972857,14.332526124199052,13.043955392768062,1.2885707317040604,85.66747387580095,45.0,1316426.807516,1303621.893016,15790.0,1287831.89301596,12804.9145,2062419146.0133,0.7367777777777778,1.0,0.9917748632390818,99.02729764944837,1.199459013585006,97.82783863586032,0.9727023505516366
337,1112,13821976.457358,2989600.945251,414832.022917,2574768.9223299706,10832375.512107,24481648685.59791,0.10920977204661066,0.02,0.1820659190735624,21.629330323880808,3.0012496707456626,18.62808065310599,78.37066967611919,904,11987140.12253,1575496.543325,343027.022917,1232469.5204054886,10411643.579205,21702671802.840744,0.09495903374538832,0.02,0.11051935584681817,13.143222880692216,2.861625203431766,10.281597677239498,86.85677711930778,167,475630.828154,63838.632928,57385.0,6453.632926697241,411792.19522600004,715371165.741532,0.015019760538922157,0.01,0.01464954783597254,13.4218871337184,12.065029557213617,1.356857576230883,86.57811286628161,41.0,1359205.506674,1350265.768998,14420.0,1335845.768997785,8939.737676,2063605717.015636,0.8070731707317074,1.0,0.9925484696871811,99.3422821175971,1.0609138889737133,98.28136822860755,0.6577178824029117
338,1105,13620806.186167,2880433.46934,407158.639469,2473274.829873933,10740372.716827,24345135650.81215,0.10717199684690593,0.02,0.18164625108467608,21.147305306093457,2.9892403863913843,18.158064919723607,78.85269469390654,895,11804252.963865,1477587.534071,334663.639469,1142923.8945978456,10326665.429794,21589997533.673954,0.092745102241152,0.02,0.10958039680049542,12.517416719161886,2.8351107053827738,9.682306013743917,87.48258328083811,169,468585.386609,63721.718977,58075.0,5646.71898447762,404863.667632,693038026.377051,0.013746686449704143,0.01,0.014301882841393132,13.59874225658921,12.393685688806876,1.205056569378121,86.4012577434108,41.0,1347967.8356930001,1339124.216292,14420.0,1324704.21629161,8843.619401,2062100090.761143,0.8071951219512195,1.0,0.9924107888686299,99.34392949395165,1.0697584629374017,98.2741710309853,0.6560705060483457
339,1121,13648550.797001,2878014.543614,424139.698479,2453874.845133295,10770536.253387,24437758931.887714,0.10745747236024178,0.02,0.18139099312348347,21.086594367560156,3.1075804661414774,17.979013901406187,78.91340563243983,905,11749159.449268,1450733.785239,349454.698479,1101279.0867616963,10298425.664029,21583747825.3274,0.09399473647053154,0.02,0.10991601604027784,12.347553810152641,2.974295310127669,9.373258500039409,87.65244618984735,172,529895.896104,66273.636369,59245.0,7028.636365596374,463622.25973499997,788264408.3955489,0.013342383779069768,0.01,0.014511476854426575,12.506916331352905,11.180497987546648,1.326418343163937,87.49308366864709,44.0,1369495.451629,1361007.122006,15440.0,1345567.1220060023,8488.329623,2065746698.164764,0.7522659090909091,1.0,0.9918693861605138,99.38018562873626,1.1274225103584161,98.252763118378,0.6198143712637544
340,1091,13436000.777017,2763128.028616,410215.176489,2353179.304473295,10672872.748401,24196913272.08473,0.10926876857546383,0.02,0.17508126959597783,20.565107686972443,3.053104739251691,17.513986070159614,79.43489231302756,897,11754457.231135,1529469.686961,342995.176489,1186740.9628220634,10224987.544174,21505395667.786263,0.09579268283816168,0.02,0.1081593494409997,13.011827402032377,2.9180009739665427,10.096093247748138,86.98817259796763,153,496661.39200399996,59365.740065,52800.0,6565.740060942178,437295.651939,775397857.747606,0.014323464117647058,0.01,0.014769943088973806,11.952960512083026,10.630985385627632,1.3219751256383745,88.04703948791698,41.0,1184882.153878,1174292.60159,14420.0,1159872.6015902893,10589.552287999999,1916119746.550859,0.7584073170731708,1.0,0.9910466776772796,99.1062780164811,1.2169986654626193,97.88927935104287,0.893721983518906
341,1105,13511678.916543,2840805.301046,409886.313906,2431410.9411109057,10670873.615497,24259673003.196953,0.11067468462971135,0.02,0.1742651123129252,21.024813560125864,3.0335705609771146,17.994883952829962,78.97518643987415,896,11802288.077541,1527764.076478,337566.313906,1190200.7508618368,10274524.001063,21545829139.96939,0.09793240681454356,0.02,0.10743296905954955,12.94464316105991,2.8601768715370297,10.084491609103432,87.0553568389401,169,453152.56076,63949.116998,58240.0,6198.0826790440005,389203.443762,796088089.121865,0.02028455627218935,0.01,0.015174234108874857,14.112050231107249,12.852183799275767,1.3677695363011855,85.88794976889275,40.0,1256238.278242,1249092.10757,14080.0,1235012.1075700251,7146.170672,1917755774.105697,0.778,1.0,0.9911596898051627,99.43114528543101,1.1208064778684963,98.3103388075645,0.5688547145689962
342,1121,13716120.854542,2886516.674335,413732.057674,2472784.616656525,10829604.180207,24412019665.29756,0.10543311910422037,0.02,0.17243185013908668,21.044701376914084,3.016392623407043,18.028308753474416,78.95529862308591,907,11947176.584434,1538481.5867319999,339727.057674,1198754.5290519265,10408694.997702,21683498235.289463,0.09336156174843556,0.02,0.10589526147463305,12.877365424869424,2.843576097440721,10.033789327377868,87.12263457513058,174,477224.19559,66008.388143,59925.0,6083.388144829957,411215.807447,809118412.619398,0.013976379367816092,0.01,0.015119886546244974,13.831735430219075,12.556991148764732,1.2747442818377985,86.16826456978093,40.0,1291720.074518,1282026.69946,14080.0,1267946.6994597688,9693.375058,1919403017.388699,0.7769925,1.0,0.9904101459594868,99.24957618533435,1.0900194459897896,98.15955673932666,0.7504238146656537
343,1128,13613280.466861,2803613.840173,425346.572186,2378267.268003342,10809666.626688,24300569567.621365,0.10790073272680056,0.02,0.16785311976975284,20.594696825631974,3.124497237983358,17.47019958776866,79.40530317436803,918,11889154.220497001,1519721.434254,352531.572186,1167189.8620799794,10369432.786243,21751539299.360413,0.09810341667301857,0.02,0.10570224656300935,12.782418379551236,2.9651526563448276,9.817265723307166,87.21758162044875,176,500350.559869,67259.221089,60775.0,6484.221093778152,433091.33878,766996566.070412,0.014649943238636364,0.01,0.0147420465295429,13.442419472181577,12.146483860418163,1.2959356127183765,86.55758052781842,34.0,1223775.686495,1216633.18483,12040.0,1204593.1848295846,7142.501665,1782033702.19054,0.8551382352941177,1.0,0.9923677328449771,99.41635532199068,0.9838404319408901,98.43251489001584,0.5836446780093127
344,1111,13455611.103739,2793352.613528,419175.781861,2374176.831657897,10662258.490211,24334690460.299843,0.10841307517176511,0.02,0.1673803742291283,20.759760311085333,3.115248936887904,17.644511374129777,79.24023968891467,897,11770894.785547,1511534.388404,345160.781861,1166373.6065364461,10259360.397143,21811933580.483826,0.09906436622723638,0.02,0.10529490917828101,12.841287055423784,2.9323240768816388,9.908962978486468,87.15871294457622,174,455164.013996,65573.525159,59935.0,5638.525156122807,389590.488837,738910823.889021,0.014222356379310346,0.01,0.014578017979345066,14.406570630071,13.167780878328998,1.2387897511098842,85.593429369929,40.0,1229552.304196,1216244.699965,14080.0,1202164.6999653282,13307.604231,1783846055.926993,0.7277875,1.0,0.9898231798045468,98.91768701619391,1.1451322527679588,97.77255476345266,1.0823129838060688
345,1112,13614180.767446,2738525.226342,415685.000238,2322840.22609766,10875655.541104,24424643078.53683,0.1055385130448121,0.02,0.1669884908871313,20.115240667953486,3.0533236434760656,17.061917024430855,79.88475933204651,912,12018759.413734,1548586.825816,346430.000238,1202156.8255761825,10470172.587918,21906971254.425533,0.09421034704586737,0.02,0.10516794694543387,12.884747689070212,2.882410640836439,10.00233704821865,87.11525231092979,164,459275.8242,62165.701214,56535.0,5630.70121031252,397110.122986,739408954.604986,0.014445060975609757,0.01,0.01466194522306361,13.535591890185977,12.309596329934582,1.2259955594485046,86.46440810981403,36.0,1136145.529512,1127772.699312,12720.0,1115052.699311165,8372.8302,1778262869.506314,0.8075,1.0,0.9919129247865054,99.26304949652037,1.1195748845188453,98.14347461192801,0.7369505034796306
346,1117,13279187.916985,2753616.530333,418605.631479,2335010.898859086,10525571.386652,24374206678.04735,0.10524048927111104,0.02,0.1669926202223941,20.73633227835366,3.1523436078766114,17.583988670515353,79.26366772164634,916,11630080.910978,1513008.443493,348995.631479,1164012.8120215796,10117072.467485,21857303087.569126,0.0939945813382435,0.02,0.10483560417811125,13.0094403906066,3.0008014058575636,10.008638984814208,86.99055960939339,163,461955.469657,61735.622974,56200.0,5535.622970036507,400219.846683,731153364.145134,0.014506687177914111,0.01,0.014501811477693487,13.363977056021966,12.165674765519775,1.1983022896442126,86.63602294397803,38.0,1187151.53635,1178872.463866,13410.0,1165462.46386747,8279.072484,1785750226.333089,0.7655263157894737,1.0,0.9902202389764406,99.30261030454001,1.1295946296148682,98.17301567504896,0.6973896954600021
347,1069,12490577.401690999,2581830.610439,397257.061297,2184573.549158441,9908746.791252,22315999780.31157,0.10995839711490275,0.02,0.17542426364029337,20.67022626263432,3.1804539415705357,17.489772321195407,79.3297737373657,883,10934475.781766,1415190.129405,332767.061297,1082423.0681251222,9519285.652361,19850788903.18358,0.09677852378916313,0.02,0.10971802330361662,12.942459772647979,3.0432831709400485,9.89917660186452,87.05754022735202,149,435506.398569,56890.823411,51430.0,5460.823410408733,378615.575158,725082198.713081,0.013725436308724833,0.01,0.014546947523444938,13.063142952189352,11.809240959258057,1.2539019927955297,86.93685704781065,37.0,1120595.221356,1109749.657623,13060.0,1096689.65762291,10845.563732999999,1740128678.414908,0.8120270270270271,1.0,0.9920132907992785,99.03216045131121,1.1654520518297828,97.8667083994734,0.9678395486887847
348,1146,12866010.68486,2655050.380287,426990.140975,2228349.697480708,10210960.304573,24447782912.33018,0.10603675961241801,0.02,0.1636798039733642,20.63615867668534,3.3187454249315835,17.319663041341204,79.36384132331466,926,11284860.65881,1444140.617123,350935.140975,1093494.934316099,9840720.041687,22040258591.19857,0.09497390551385641,0.02,0.10325791697045247,12.797150632033466,3.1097870995954895,9.689928545661006,87.20284936796652,176,421474.07812099997,65938.437764,60615.0,5323.437766012203,355535.640357,668283571.121815,0.01961698869318182,0.01,0.014626841901480373,15.644719613116964,14.381667378034619,1.2630522355597655,84.35528038688305,44.0,1159675.947929,1144971.3254,15440.0,1129531.3253985967,14704.622529,1739240750.009796,0.6845386363636364,1.0,0.9866387070947265,98.73200590602399,1.3314064181095957,97.40059948779339,1.2679940939760075
349,1100,13337448.163935,2688698.457458,416259.641198,2272720.776225277,10648749.706477,24136371801.885498,0.10841984227802821,0.02,0.1642646775654543,20.159017110397098,3.120984134908077,17.040147022807602,79.8409828896029,900,11778028.786732,1496338.030648,347159.641198,1149460.3494155786,10281690.756084,21738129681.404533,0.09527048500647893,0.02,0.10305198457097116,12.704486104955281,2.9475190414636856,9.75936101217931,87.29551389504473,162,420873.084428,61031.026236,55700.0,5331.02623585858,359842.05819199997,667476795.024834,0.021193765432098766,0.01,0.014487300546896304,14.501052334802075,13.234393469399624,1.2666588653688482,85.49894766519792,38.0,1138546.292775,1131329.400574,13400.0,1117929.40057384,7216.892201000001,1730765325.456132,0.7917105263157895,1.0,0.9908483634066411,99.36613098239422,1.1769394081763624,98.18919157420379,0.6338690176057871
350,1132,13299548.248125,2678949.438257,422277.642458,2257023.5509669967,10620598.809868,24147539776.98016,0.10321477607405569,0.02,0.1634960893323423,20.14316116815986,3.1751277154660773,16.97067831822932,79.85683883184014,917,11671254.64412,1461027.127518,347922.642458,1113456.2402342276,10210227.516602,21682720585.302345,0.0930120354480164,0.02,0.10284641520521014,12.518166830110832,2.981021775866094,9.540158913379454,87.48183316988917,175,463678.166453,66264.675784,60275.0,5989.6757773691725,397413.490669,738982321.580632,0.013840514342857144,0.01,0.014345059451870657,14.29109252456398,12.999318139365029,1.2917743837688995,85.70890747543602,40.0,1164615.437552,1151657.634955,14080.0,1137577.6349554,12957.802597,1725836870.097179,0.728125,1.0,0.9893388655011043,98.88737499270685,1.2089827719951831,97.67839222074602,1.1126250072931423
351,1102,13235213.087358,2624884.786287,409690.993458,2215193.792825491,10610328.301071,24160071583.184032,0.10997234711055448,0.02,0.16452225341356277,19.832584250526615,3.095462012994172,16.737122237505933,80.16741574947338,913,11695047.032308,1467650.351977,344175.993458,1123474.3585182677,10227396.680331,21703116493.336082,0.0984155931060581,0.02,0.10404018444359417,12.54933261852271,2.942920986185016,9.606411632331433,87.45066738147729,150,430176.61872,57449.984147,51775.0,5674.984143838576,372726.634573,730208909.826952,0.014940600066666669,0.01,0.014662829829239886,13.354975990546322,12.035754094227077,1.3192218955843336,86.64502400945368,39.0,1109989.43633,1099784.450163,13740.0,1086044.450163385,10204.986167000001,1726746180.021,0.746025641025641,1.0,0.9880816690300056,99.08062312730281,1.2378496182296186,97.84277350910786,0.9193768726971971
352,1101,12975445.628668,2504238.923533,411242.965775,2092995.9577521428,10471206.705135,24072724143.49112,0.10847204951483291,0.02,0.161198095780589,19.299829810855396,3.1693937730076733,16.130436037802582,80.7001701891446,913,11469073.98113,1374015.142011,345922.965775,1028092.1762335772,10095058.839119,21604682831.189087,0.0953325701049628,0.02,0.09993557075532374,11.980175071428253,3.01613684194683,8.964038229460296,88.01982492857175,155,431128.690453,59171.552419,53620.0,5551.552416175565,371957.138034,743411471.322128,0.021574774258064516,0.01,0.014771414318177516,13.72480044341903,12.437121719656338,1.2876787231075668,86.27519955658097,33.0,1075242.957085,1071052.229103,11700.0,1059352.22910239,4190.727982,1724629840.979905,0.8801515151515152,1.0,0.9917604943191394,99.61025292429154,1.088126169337475,98.52212675489733,0.3897470757084639
353,1109,12632044.492742,2374704.711558,418406.33234,1956558.4815487333,10257339.781183999,24010778160.97718,0.1023116560106682,0.02,0.158253217816679,18.799052781380208,3.3122613887277232,15.488850460215794,81.20094721861979,914,11220943.308682,1371886.13,350856.33234,1021289.8999922015,9849057.178682,21562425854.79723,0.09093351915298802,0.02,0.09958372930331584,12.226121211560956,3.126798903515815,9.101640315765582,87.77387878843903,161,463654.97670400003,61958.127263,55510.0,6448.127260861755,401696.849441,793142949.8674229,0.014257080807453417,0.01,0.01629510429697661,13.36298117696134,11.972264461519606,1.390716714980561,86.63701882303866,34.0,947446.207356,940860.454295,12040.0,928820.45429567,6585.753061,1655209356.312525,0.8251470588235295,1.0,0.9905645914014863,99.30489425047374,1.2707845476103117,98.03410970293416,0.695105749526255
354,1117,12890758.500463,2506718.002835,419457.740063,2087260.262767719,10384040.497628,24195099686.46287,0.10625776768650944,0.02,0.16388440869449256,19.44585342084382,3.2539414965219797,16.191911924288636,80.55414657915618,911,11419455.067542,1453353.161867,348172.740063,1105180.4217981198,9966101.905675,21719190453.953827,0.09567742755854121,0.02,0.10321353898145094,12.726992253754096,3.0489435616995957,9.67804869200301,87.2730077462459,166,476066.574411,64237.717768,57205.0,7032.71776902432,411828.856643,747878046.71095,0.014715602409638553,0.01,0.016848283019807717,13.493431637681413,12.016176533875598,1.477255104020977,86.50656836231857,40.0,995236.85851,989127.1232,14080.0,975047.123200575,6109.73531,1728031185.798096,0.727125,1.0,0.9900774059642244,99.38610238781278,1.4147386001237539,97.9713637877468,0.6138976121872208
355,1115,13119312.669872,2686643.090918,419383.907203,2267259.18371398,10432669.578954,24279767830.584946,0.11156549462406372,0.02,0.1643227761438399,20.478535412055336,3.1966911511004614,17.2818442609471,79.52146458794466,928,11556706.957394,1492074.441234,354553.907203,1137520.5340325842,10064632.51616,21836360409.022926,0.09924346606231793,0.02,0.10345235991259648,12.910896215806252,3.0679492740460623,9.8429469417739,87.08910378419374,151,418544.47365,58285.213483,52110.0,6175.21348057585,360259.260167,709174925.8249711,0.01485158940397351,0.01,0.01648925616405196,13.925691808737135,12.45028982119019,1.4754019869677593,86.07430819126287,36.0,1144061.238828,1136283.436201,12720.0,1123563.43620082,7777.802627000001,1734232495.737047,0.834861111111111,1.0,0.9912177721514662,99.32015854020474,1.1118285952096962,98.20832994497931,0.6798414597952592
356,1106,13033062.277377,2594783.37505,409814.805796,2184968.5692662518,10438278.902327,24202943206.423492,0.11073347786241504,0.02,0.16340928799104337,19.909237904541182,3.144424518766884,16.764813385868305,80.09076209545881,910,11506644.858345,1435586.006925,341909.805796,1093676.2011423367,10071058.85142,21777723545.235935,0.09891861154486926,0.02,0.10345372164562838,12.47614769203436,2.9714118233868643,9.504735868763401,87.52385230796564,161,420568.137401,61679.969306,55515.0,6164.9693055201515,358888.16809500003,720387275.578823,0.02118192552795031,0.01,0.016157340151204555,14.665868338758592,13.200001394082783,1.4658669445617143,85.33413166124141,35.0,1105849.281631,1097517.398819,12390.0,1085127.398818395,8331.882812,1704832385.608734,0.829857142857143,1.0,0.9915107426055524,99.2465625333941,1.120405846059436,98.12615668727996,0.7534374666058863
357,1113,12976224.629449,2667955.550573,417053.730469,2250901.8201233246,10308269.078876,24234845445.1321,0.110395172071726,0.02,0.16321481907180202,20.560337284221994,3.2139835921344484,17.34635369223647,79.439662715778,920,11391263.961579,1450808.494087,350188.730469,1100619.7636336111,9940455.467492,21796340511.236668,0.10048123533242503,0.02,0.10331607325764297,12.736150254970442,3.074186777254335,9.661963477853153,87.26384974502955,155,417661.676097,59261.879985,53465.0,5796.879988183628,358399.796112,731047882.987157,0.014886387161290324,0.01,0.016143402827181706,14.188967620585974,12.801030848610347,1.387936772737877,85.81103237941402,38.0,1167298.991773,1157885.176501,13400.0,1144485.1765015298,9413.815272,1707457050.908276,0.739992105263158,1.0,0.9908137953993688,99.19353864448205,1.1479492481739284,98.04558939635349,0.8064613555179586
358,1115,13257210.477185,2686792.06701,418706.45309,2268085.6139124497,10570418.410175,24279019871.870564,0.11001616727877224,0.02,0.16441068441481815,20.266647132395125,3.15832998058357,17.108317151754605,79.73335286760486,915,11658059.604463,1496435.071621,349451.45309,1146983.6185240995,10161624.532842,21797024545.228085,0.10052167924134539,0.02,0.10358737159264066,12.83605610532414,2.997509576604165,9.838546528660782,87.16394389467585,164,463624.87282,63108.164404,56535.0,6573.164402726297,400516.708416,746004755.242105,0.016042622012195123,0.01,0.016354991898814557,13.61190223038388,12.194125750011137,1.4177764800980157,86.38809776961612,36.0,1135525.999902,1127248.830985,12720.0,1114528.8309856239,8277.168916999999,1735990571.400374,0.7794361111111111,1.0,0.9917294019388049,99.27107182770676,1.1201857113881835,98.15088611637354,0.7289281722932235
359,1112,13179037.806696,2664954.274834,417304.838558,2247649.436280662,10514083.531862,24354086702.35235,0.10925721808977612,0.02,0.16379019007963697,20.221159647026667,3.166428723240903,17.054730923821143,79.77884035297333,919,11545881.290433,1428067.619715,350424.838558,1077642.7811632848,10117813.670718,21869543378.43396,0.09931222688338526,0.02,0.1031258103791681,12.368632448164066,3.035063584521387,9.333568863697112,87.63136755183592,156,447164.083736,60023.956948,53810.0,6213.956946688352,387140.126788,745917799.307329,0.013662756474358976,0.01,0.015678543580019487,13.423250911948776,12.033614048432554,1.3896368632228955,86.57674908805122,37.0,1185992.432527,1176862.698171,13070.0,1163792.698170689,9129.734356,1738625524.611059,0.7593162162162163,1.0,0.9904094801165061,99.23020298396446,1.1020306404613127,98.12817234347693,0.7697970160355264
360,1137,13260675.920503,2574364.33798,427554.644121,2146809.693862136,10686311.582523,24389189589.172638,0.10895227485121464,0.02,0.16251412317859426,19.413522760175788,3.2242296447342946,16.18929311546514,80.5864772398242,932,11690022.170735,1424494.340177,356584.644121,1067909.6960563667,10265527.830558,21929062147.78458,0.10133394474874576,0.02,0.10265493917086768,12.185557215991457,3.0503333433676465,9.135223872626948,87.81444278400855,167,477457.019996,64501.321604,57560.0,6941.3216071413,412955.698392,744664634.297976,0.014046706586826349,0.01,0.016085177039327297,13.509346161574998,12.055535386301834,1.4538107759310885,86.490653838425,38.0,1093196.7297719999,1085368.6761989999,13410.0,1071958.676198628,7828.053573,1715462807.09008,0.7128868421052632,1.0,0.9912678670502854,99.28393002285758,1.2266776541489313,98.05725236867464,0.7160699771424162
361,1139,13291518.18589,2609428.918574,425958.280052,2183470.6385088246,10682089.267316,24488745016.054794,0.1085459407513881,0.02,0.16164221513040927,19.632286410623244,3.2047375935142495,16.42754881700987,80.36771358937675,936,11742956.192212,1461251.896838,355688.280052,1105563.6167706253,10281704.295374,22024359698.331703,0.1005340133609306,0.02,0.1029696376528723,12.443645985898433,3.028950072111268,9.414695913656237,87.55635401410157,169,457187.133681,64780.91166,58230.0,6550.91166213944,392406.222021,771402245.461759,0.014609408343195268,0.01,0.016322868251117357,14.169452044378955,12.736578899578063,1.4328731452688486,85.83054795562106,34.0,1091374.859997,1083396.110076,12040.0,1071356.11007606,7978.749921,1692983072.261334,0.7960294117647059,1.0,0.99113994862485,99.2689267259627,1.1031956517701988,98.165731074198,0.7310732740372938
362,1113,13267908.236511,2649032.264719,408377.887101,2240654.3776175403,10618875.971792,24433021583.505665,0.10802985311395422,0.02,0.1616079371862533,19.96571138040674,3.0779372288482847,16.88777415155499,80.03428861959327,929,11639025.359192,1434062.882772,344557.887101,1089504.9956654161,10204962.47642,21965984457.673332,0.09774718676623363,0.02,0.10292730343508442,12.32115953454332,2.9603671825397564,9.360792351955586,87.67884046545667,150,466413.124529,58642.754477,51780.0,6862.754481629076,407770.370052,776313241.004828,0.015600600066666666,0.01,0.01649917619324308,12.573135572936433,11.101745915123898,1.4713896588050177,87.42686442706355,34.0,1162469.75279,1156326.62747,12040.0,1144286.627470495,6143.125319999999,1690723884.827504,0.7967647058823529,1.0,0.9906183711592007,99.47154536234115,1.0357258733918235,98.43581948899191,0.5284546376588393
363,1118,13275852.067431,2500437.424309,414004.623553,2086432.8007661814,10775414.643122,24455387342.261116,0.10765959437909753,0.02,0.16114372409645955,18.83447790476064,3.1184787345488534,15.715999170288478,81.16552209523937,927,11779183.803161,1412812.949116,347819.623553,1064993.3255735245,10366370.854045,21981532878.178753,0.09857965103110145,0.02,0.10251332963605882,11.994149787669201,2.952832975232638,9.04131681252591,88.0058502123308,152,454418.962316,58302.933965,52445.0,5857.933964852436,396116.028351,779556534.095383,0.012173618486842105,0.01,0.01521358706981822,12.830215902050432,11.541111694086851,1.2891042079311088,87.16978409794956,39.0,1042249.301954,1029321.541228,13740.0,1015581.5412278046,12927.760726,1694297929.986983,0.6956333333333333,1.0,0.9889478018262934,98.75962874700292,1.3183026339514323,97.44132611303276,1.2403712529970656
364,1130,13152929.72141,2517944.026619,420048.136978,2097895.8896409646,10634985.694791,24667982068.265636,0.10900028894321331,0.02,0.15809348591796896,19.143598270128027,3.1935709068243288,15.950027363303429,80.85640172987198,933,11599980.96988,1400783.397768,351808.136978,1048975.260790531,10199197.572112,22190087453.36856,0.10053883869863992,0.02,0.09991564197423129,12.075738756858415,3.032833742499143,9.042905014363852,87.92426124314157,163,491181.067935,63443.265687,56200.0,7243.26568789837,427737.802248,792866788.759306,0.014126319018404908,0.01,0.015803442455187666,12.916472117650043,11.441809073845894,1.4746630439870498,87.08352788234996,34.0,1061767.683595,1053717.363164,12040.0,1041677.363162535,8050.320431,1685027826.13777,0.7960294117647059,1.0,0.9911886271479682,99.24180020211739,1.1339580386581563,98.10784216332127,0.758199797882595
365,1117,13153025.109965,2550704.631104,414661.162889,2136043.468212771,10602320.478861,24655362383.045418,0.10646349732840737,0.02,0.1577075432113057,19.392532210491517,3.152591585755008,16.239940624719566,80.60746778950848,941,11604113.515613,1406042.663492,353571.162889,1052471.500600669,10198070.852121,22229052230.556564,0.09542118650991609,0.02,0.10009697100919725,12.116760678014826,3.0469467780824466,9.069813899912294,87.88323932198516,144,453209.549709,56407.576731,49730.0,6677.576732207376,396801.972978,760727638.0657591,0.014294375069444445,0.01,0.01604239029982985,12.44624628214886,10.97284910080359,1.4733971816116767,87.55375371785115,32.0,1095702.044643,1088254.390881,11360.0,1076894.390879895,7447.653762,1665582514.423094,0.8459375,1.0,0.9912879894880176,99.32028476186457,1.0367782058580806,98.28350655590565,0.6797152381354352
366,1116,13123735.300704,2515519.426125,418505.615971,2097013.810154615,10608215.874579,24649801751.18417,0.10912520297117476,0.02,0.15567835421905052,19.167709257211698,3.1889214951519937,15.978787762064389,80.83229074278829,939,11651257.267031,1443352.239951,357070.615971,1086281.6239805764,10207905.02708,22267935845.15842,0.09980057135871251,0.02,0.10003412574080779,12.3879527064876,3.0646530909705807,9.323299615521966,87.61204729351239,141,447787.994027,55038.700292,48705.0,6333.700293448608,392749.293735,767272120.4381189,0.013943191560283688,0.01,0.01605724100000916,12.291240726896614,10.876798987393856,1.41444173982626,87.7087592731034,36.0,1024690.039646,1017128.485882,12730.0,1004398.48588059,7561.553764,1614593785.587628,0.7251388888888889,1.0,0.9894543228379322,99.26206428564365,1.2423268995956902,98.01973738591036,0.7379357143563425
367,1117,13020545.368952,2546109.362935,415521.175682,2130588.187261144,10474436.006017,24701013398.388687,0.10853941495598124,0.02,0.1567249504716076,19.55455236926018,3.1912732063652762,16.363279162957454,80.4454476307398,938,11485163.604599,1392972.192066,353421.175682,1039551.0163914168,10092191.412533,22278417756.941936,0.09833873827913757,0.02,0.09933023399765918,12.128448840800253,3.077197572879847,9.051251267984982,87.87155115919974,146,432056.256828,56294.928849,50400.0,5894.92885036738,375761.327979,761368085.871228,0.013231438356164384,0.01,0.01583744978357349,13.029536769655161,11.665147582867675,1.3643891871039675,86.97046323034483,33.0,1103325.507525,1096842.24202,11700.0,1085142.24201936,6483.265505,1661227555.575522,0.8201515151515152,1.0,0.9910060293751791,99.41238868667658,1.0604304822287354,98.35195820438982,0.5876113133234253
368,1107,13145526.180028,2508381.421451,412496.934019,2095884.4874234777,10637144.758577,24727015251.57136,0.10977725972523128,0.02,0.15632853878648964,19.08163573750273,3.137926381719939,15.943709355717955,80.91836426249726,930,11619436.325907,1350789.136426,351071.934019,999717.2024009731,10268647.189481,22296833835.62863,0.09949294247938821,0.02,0.09894256851957635,11.625255292412465,3.0214196641900846,8.603835628170511,88.37474470758754,143,418425.827046,55452.191418,49380.0,6072.191415342968,362973.635628,769378142.638883,0.01337895111888112,0.01,0.01602338487513336,13.252573773822956,11.801374773783113,1.4511989994048375,86.74742622617705,34.0,1107664.027075,1102140.093607,12045.0,1090095.0936071617,5523.933467999999,1660803273.3038461,0.7965235294117647,1.0,0.991751484152297,99.5012988295208,1.0874235964678873,98.4138752330675,0.49870117047919377
369,1120,13141802.069505,2618353.695721,422565.602678,2195788.093039104,10523448.373784,24815351516.578083,0.10842448795163487,0.02,0.15467967548863018,19.923855814240117,3.215431190053803,16.708424624156663,80.07614418575987,942,11602201.592477,1469002.81014,360805.602678,1108197.2074605066,10133198.782337,22367134215.564632,0.09910693896585036,0.02,0.09737080744229075,12.661414287892725,3.1098029094060085,9.551611378473844,87.33858571210729,144,439625.709707,55792.209768,49720.0,6072.209764606971,383833.499939,783613793.94881,0.013796458333333334,0.01,0.01596002135932523,12.690843264190388,11.309620639142599,1.38122262427599,87.30915673580961,34.0,1099974.767321,1093558.675813,12040.0,1081518.67581399,6416.0915079999995,1664603507.064641,0.7673529411764706,1.0,0.9900364267513742,99.41670557374451,1.0945705626796827,98.32213501115483,0.5832944262554728
370,1112,13179440.432221,2563180.756487,418486.352248,2145308.4697357262,10616259.675734,24828412713.708088,0.10553950225344517,0.02,0.15455358402779618,19.448327640834844,3.1752968147637564,16.27769009442079,80.55167235916517,925,11666109.712436,1443346.505297,353816.352248,1090144.2185477365,10222763.207139,22432319847.912766,0.09545874216846599,0.02,0.09705095343365096,12.372132106373058,3.0328563760276825,9.344539400187962,87.62786789362694,153,439093.979742,58668.786427,52630.0,6038.78642437969,380425.193315,731104869.569739,0.019513660130718955,0.01,0.016458916674771024,13.361327901027526,11.986044543567642,1.3752833568631302,86.63867209897246,34.0,1074236.740043,1061165.464763,12040.0,1049125.46476361,13071.275280000002,1664987996.225583,0.7669117647058823,1.0,0.9899224206204197,98.78320347901366,1.1207957753816964,97.66240770368876,1.2167965209863125
371,1108,12994945.440287,2470870.216541,414209.799804,2057307.7312893611,10524075.223746,24724307528.04476,0.10965644089876449,0.02,0.15408350274390883,19.014086883972556,3.1874685561962006,15.831599607269489,80.98591311602745,932,11526400.18373,1399493.911864,353119.799804,1047021.4266154115,10126906.271866,22325208615.946453,0.10018909496333803,0.02,0.09780679029536248,12.141639102895669,3.0635740055463585,9.083681027258853,87.85836089710432,143,440689.196095,55651.499892,49390.0,6261.499888924549,385037.696203,768891348.242532,0.014462237832167834,0.01,0.015823597566642963,12.628287778582873,11.207445164903232,1.4208426129817688,87.37171222141713,33.0,1027856.060462,1015724.804785,11700.0,1004024.804785025,12131.255677000001,1630207563.855776,0.7895454545454546,1.0,0.9899869918125059,98.81975150571695,1.1382916781889765,97.68145982753039,1.1802484942830667
372,1122,13018029.287497,2463351.318297,413446.675449,2049904.642837565,10554677.9692,24741068914.0812,0.10826223397132892,0.02,0.15352975997468393,18.922613122885615,3.1759544115182585,15.746658711287195,81.07738687711438,939,11544088.909847,1377999.364421,349981.675449,1028017.6889628482,10166089.545426,22357952181.56335,0.09938566188054425,0.02,0.09750858675938505,11.936839495801001,3.031695945710093,8.905143550011632,88.06316050419899,148,437555.357726,57353.603163,51085.0,6268.603163046629,380201.754563,757431177.1368589,0.013696554121621624,0.01,0.016654401420471702,13.107736461294847,11.675094156198117,1.4326423051073844,86.89226353870515,35.0,1036385.019924,1027998.350713,12380.0,1015618.35071167,8386.669211,1625685555.380991,0.7462857142857143,1.0,0.9877577392813236,99.19077668532734,1.1945367563212992,97.9962399288777,0.8092233146726696
373,1127,12998498.017756,2476436.583414,420573.171702,2055863.4117098888,10522061.434342,24766643821.70899,0.10698964198387848,0.02,0.15394582276792707,19.05171335973724,3.235552070150685,15.816161289570314,80.94828664026276,943,11525243.33214,1380325.918307,356768.171702,1023557.7466109142,10144917.413833,22378450759.695126,0.09796716490544119,0.02,0.09756433072812844,11.976544690017422,3.0955370001351246,8.881007689933611,88.02345530998257,149,426068.86428,57898.848166,51425.0,6473.84815914968,368170.016114,752944725.660695,0.014055637651006711,0.01,0.01738391930532824,13.589082193049098,12.06964514689461,1.5194370445466903,86.4109178069509,35.0,1047185.821336,1038211.816941,12380.0,1025831.816939825,8974.004395,1635248336.353167,0.7457142857142858,1.0,0.988408685670006,99.1430361057075,1.1822161595165213,97.96081994607876,0.8569638942925109
374,1141,12829222.048496,2459565.504337,422699.469125,2036866.0352152742,10369656.544159,24741087826.704796,0.10797749913745053,0.02,0.15410614380307766,19.171587295313365,3.294817624382408,15.876769670956476,80.82841270468664,964,11327607.985545,1377099.872427,361259.469125,1015840.4033062005,9950508.113118,22310948162.808365,0.09841144865750107,0.02,0.09797242443155865,12.157022684615301,3.189194661273572,8.96782802337881,87.8429773153847,141,465612.066185,55674.572199,48720.0,6954.572197528163,409937.493986,798723111.230582,0.01593539014184397,0.01,0.01728297557164527,11.957287244544695,10.463646356759632,1.493640887468953,88.04271275545531,36.0,1036001.996766,1026791.059711,12720.0,1014071.0597115454,9210.937055,1631416552.66585,0.7246333333333334,1.0,0.9887674861051067,99.11091512528421,1.227796861367734,97.88311826396911,0.8890848747157829
375,1117,12739261.456015,2480838.48445,415270.00975800003,2065568.4746953128,10258422.971565,24756765486.414898,0.10634299598552466,0.02,0.15417912623734634,19.473958463099457,3.2597651849112896,16.21419327821417,80.52604153690055,940,11274398.023561,1418252.382307,353815.00975800003,1064437.372552175,9856145.641254,22338119843.569305,0.09737014521896918,0.02,0.09848677998826981,12.57940671726478,3.138216417573735,9.441190299719207,87.42059328273521,141,447576.286522,55367.792037,48725.0,6642.792037087898,392208.49448500003,796346025.185877,0.015157375957446808,0.01,0.017265993256116233,12.370582111766655,10.886412320596657,1.484169791189637,87.62941788823335,36.0,1017287.145932,1007218.310106,12730.0,994488.31010605,10068.835826,1622299617.659716,0.6977777777777778,1.0,0.9882374711925835,99.01022677163827,1.2513674286464374,97.75885934299676,0.9897732283617242
376,1103,12602281.034687,2376820.513826,414277.1822,1962543.3316454277,10225460.520861,24612460334.13095,0.1110454456172539,0.02,0.15240027101838538,18.860240517442424,3.287319026291571,15.572921491305014,81.13975948255758,925,11189949.002934,1340772.519989,352507.1822,988265.3378053526,9849176.482945,22239365942.542248,0.10227041784414168,0.02,0.09696359100765373,11.981935928728987,3.150212589061601,8.831723339813523,88.01806407127101,146,428022.302408,56896.053306,50410.0,6486.05330918,371126.24910200003,778053546.134147,0.01224650691780822,0.01,0.01719331969401743,13.292777732821378,11.777423680121254,1.5153540534430738,86.70722226717864,32.0,984309.729345,979151.940531,11360.0,967791.940530895,5157.7888140000005,1595040845.454555,0.81546875,1.0,0.9912971965431138,99.47599940747999,1.1541082711393507,98.32189113632997,0.5240005925200195
377,1113,12823518.368026,2338144.321785,410892.64271,1927251.679072362,10485374.046241,24843744990.688274,0.10637890971772779,0.02,0.1454079656186268,18.23325123949524,3.2042114411791585,15.029039798295507,81.76674876050477,934,11467000.758197,1370406.354882,348772.64271,1021633.7121714128,10096594.403315,22578721342.24944,0.0985728442246585,0.02,0.09451270513841918,11.950870011954844,3.0415332663223684,8.909336745627355,88.04912998804515,146,437846.448678,57391.677037,50420.0,6971.677035834245,380454.771641,783284826.596891,0.015360890479452055,0.01,0.01760200869791019,13.107717833565632,11.515452541007077,1.5922652922923073,86.89228216643437,33.0,918671.161151,910346.289866,11700.0,898646.289865115,8324.871285000001,1481738821.841945,0.73,1.0,0.9885109149464661,99.09381380007947,1.2735786748047158,97.82023512517843,0.9061861999205242
378,1121,12744672.401829,2362624.295995,418954.312906,1943669.9830816507,10382048.105834,24831486165.315994,0.10496719582143714,0.02,0.14503724415890615,18.538132809564704,3.2872897764392555,15.250843033067785,81.46186719043529,946,11401890.461701,1404535.428284,358204.312906,1046331.1153736786,9997355.033417,22565870507.942436,0.09786092653893344,0.02,0.09456074008377273,12.318443445864004,3.1416221205528143,9.176821325273291,87.68155655413598,145,436901.88914,56969.117614,50070.0,6899.117610406894,379932.771526,796361538.862024,0.013702000068965518,0.01,0.017430597895937663,13.039338814977047,11.460238841850297,1.5790999723043435,86.96066118502296,30.0,905880.050988,901119.750097,10680.0,890439.750097565,4760.300891,1469254118.511534,0.7701666666666667,1.0,0.9894570516030936,99.47451090397584,1.1789640348467587,98.29554686919145,0.5254890960241555
379,1123,12658294.573766,2318963.368223,420272.851813,1898690.5164133052,10339331.205543,24765555440.23085,0.10695675557954679,0.02,0.14592559198335076,18.319714039749034,3.3201380277877632,14.999576011987381,81.68028596025097,942,11336617.043433,1367526.280451,357477.851813,1010048.428641912,9969090.762982,22506979125.20664,0.09971447612083975,0.02,0.09523519898969939,12.0629132589706,3.153302704355506,8.9096105546496,87.9370867410294,150,420490.556934,57907.054138,51770.0,6137.054136618113,362583.502796,786406344.890601,0.013942666733333334,0.01,0.017434889009941817,13.771309053936513,12.311810371552719,1.4594986820551554,86.2286909460635,31.0,901186.973399,893530.033634,11025.0,882505.033634775,7656.939764999999,1472169970.133608,0.7770967741935484,1.0,0.9895330192708821,99.15034948451148,1.2233865252642404,97.92696295933322,0.8496505154885206
380,1131,12833705.850106,2394448.553035,420043.038363,1974405.514660263,10439257.297071,24772565748.27919,0.10619542574344035,0.02,0.14594235674188977,18.657499096531208,3.272967631243712,15.38453146519604,81.34250090346879,939,11381209.979875,1372732.925885,353513.038363,1019219.8875100678,10008477.05399,22485374386.997055,0.09997895261536852,0.02,0.09536777840889256,12.061397059823658,3.1061112042401895,8.955285855478627,87.93860294017635,158,483307.624138,61554.516391,54490.0,7064.51639106515,421753.107747,814423664.267841,0.013587278544303798,0.01,0.017061564730493646,12.736094635540901,11.274392804621128,1.4617018309332528,87.26390536445909,34.0,969188.246093,960161.1107590001,12040.0,948121.11075913,9027.135334,1472767697.014295,0.708235294117647,1.0,0.9893556782615011,99.0685880302005,1.2422767247266722,97.82631130548724,0.9314119697994961
381,1127,12625046.840916,2298596.055508,418599.857273,1879996.1982366003,10326450.785408,24811683671.89008,0.10378538288893614,0.02,0.14590834136096503,18.20663388003103,3.3156301322889097,14.891003747754796,81.79336611996895,949,11252495.895199,1345851.858648,356829.857273,989022.0013779077,9906644.036551,22542409899.25165,0.09653481191341522,0.02,0.09539422088125675,11.960474113322915,3.1711174178276775,8.789356695521077,88.03952588667708,147,467840.25677,58268.908924,50750.0,7518.908924045504,409571.347846,797069266.320652,0.015174081700680273,0.01,0.017145961758060973,12.454872807716976,10.847719764515638,1.6071530432110626,87.54512719228302,31.0,904710.688947,894475.287936,11020.0,883455.287934647,10235.401011,1472204506.317779,0.7459354838709678,1.0,0.9890945560930149,98.86865479362105,1.2180689511722544,97.65058584229924,1.1313452063789657
382,1127,12675978.647195,2292006.6691240002,418138.580377,1874222.0551211284,10383971.978071,24709994659.845737,0.10297988154909586,0.02,0.14338161088002596,18.08149676578373,3.2986690181079443,14.785620166186261,81.91850323421627,943,11341631.426464,1374836.479663,354313.580377,1020876.8656631992,9966794.946801,22387349531.680157,0.09702262619918456,0.02,0.09582480188860991,12.122034546591108,3.1240089459287335,9.0011465482923,87.87796545340888,151,431359.294509,58600.631637,52125.0,6475.631633459309,372758.662872,802091433.294829,0.014244966887417219,0.01,0.017211658076103774,13.585109300520088,12.083894021417093,1.5012152782821744,86.41489069947991,33.0,902987.926222,858569.557824,11700.0,846869.55782447,44418.368398000006,1520553694.870749,0.6792424242424242,1.0,0.9101225340833475,95.08095655455313,1.2956983875688663,93.7852581670363,4.9190434454468805
383,1110,12608693.393371,2295335.170568,420387.761469,1874947.4090932703,10313358.222803,24838002753.310017,0.10532200587011804,0.02,0.14393896148501628,18.20438564851429,3.3341104296343516,14.870275218834497,81.7956143514857,927,11213786.883286,1363144.180744,356907.761469,1006236.4192703057,9850642.702542,22476569811.861717,0.09938687864706693,0.02,0.09542367982174667,12.155966534157594,3.182758555907338,8.973207978208393,87.84403346584241,148,482944.018317,58240.40257,51090.0,7150.402570124673,424703.615747,884438605.088885,0.015376959527027029,0.01,0.016714756672798464,12.059452102328667,10.578865885541417,1.4805862168130663,87.94054789767132,35.0,911962.4917680001,873950.587254,12390.0,861560.58725284,38011.904514,1476994336.359415,0.6428571428571429,1.0,0.9584167721782175,95.83185658871702,1.3586085076788412,94.47324808091098,4.168143411282982
384,1128,12725838.243849,2352978.45128,418772.507804,1934205.9434667642,10372859.792569,25051616754.47388,0.1050263532853112,0.02,0.14513419752376575,18.489771802791115,3.2907263142874896,15.199045488431045,81.51022819720889,949,11255869.687137,1357226.111887,356597.507804,1000628.6040734309,9898643.57525,22674022636.826195,0.09866631876273028,0.02,0.095359264879658,12.057940875399552,3.1681026674599213,8.889838207854615,87.94205912460045,150,494737.029968,59683.81241,51835.0,7848.81240972329,435053.217558,861271391.397372,0.01586926666666667,0.01,0.01851933887156668,12.063744736038942,10.477283255581805,1.5864614804012058,87.93625526396106,29.0,975231.526744,936068.526983,10340.0,925728.52698361,39162.999761,1516322726.250313,0.7743103448275861,1.0,0.9613507479823322,95.98423567255323,1.0602610473968268,94.92397462521896,4.015764327446764
385,1132,12812841.685087,2339366.402731,422937.35898,1916429.0437524975,10473475.282356,25097079477.604603,0.10456866299985075,0.02,0.14586642354941734,18.2579825789451,3.3008864807270757,14.95709609822971,81.7420174210549,947,11377386.310507,1347329.044369,358782.35898,988546.6853929766,10030057.266138,22700180544.47551,0.09773256230816371,0.02,0.09529797622755522,11.842166624198597,3.1534690761854947,8.688697548048054,88.1578333758014,150,476233.469639,59391.186851,51765.0,7626.186848360793,416842.282788,877578172.8528141,0.013593266733333333,0.01,0.018003545432658016,12.471023276885681,10.86966861846974,1.6013546578617592,87.52897672311431,35.0,959221.904941,932646.171511,12390.0,920256.17151116,26575.73343,1519320760.2762802,0.6794285714285715,1.0,0.9752650521736527,97.22944885921527,1.291671920353204,95.93777693887873,2.770551140784741
386,1107,12487041.159332,2337526.257801,410672.393851,1926856.2488675627,10149514.901531,24807066210.422466,0.10774121636479769,0.02,0.14818403655109613,18.719616824952045,3.2887886618687903,15.430847262223974,81.28038317504796,940,11064301.584044,1340158.413755,352647.393851,987513.4048207804,9724143.170289,22447461716.09913,0.09951493245301175,0.02,0.09707079994430866,12.112453764706336,3.1872539913369518,8.925221328428798,87.88754623529367,137,456346.787052,54549.704019,47345.0,7204.704019076702,401797.083033,840692974.838862,0.014297007372262773,0.01,0.01832364172034522,11.953563729765921,10.374785435841167,1.5787782939415629,88.04643627023407,30.0,966392.788236,942818.140027,10680.0,932138.1400277056,23574.648209,1518911519.484476,0.7922266666666666,1.0,0.9754442998660148,97.560552138222,1.1051406974481548,96.45541144084685,2.4394478617780107
387,1130,12698219.399182,2344640.551072,422576.829575,1922063.7214927261,10353578.84811,25131830438.594734,0.1036937402794965,0.02,0.1442850410553129,18.464325409458894,3.327843190378501,15.136482219046732,81.5356745905411,951,11252410.80452,1368078.707583,360456.829575,1007621.8780062351,9884332.096937,22763458673.163925,0.09611991220381813,0.02,0.09360427629309663,12.158094219537862,3.2033742443015627,8.954719975220616,87.84190578046214,146,506509.461887,58278.296789,50410.0,7868.296786310935,448231.165098,850352322.240914,0.013862260342465755,0.01,0.018201987740547796,11.505865373547874,9.95243007153265,1.5534353014843219,88.49413462645212,33.0,939299.132775,918283.5467,11710.0,906573.54670018,21015.586074999996,1518019443.189896,0.7193939393939394,1.0,0.9748966099828643,97.76263116384308,1.2466742054157753,96.51595695844648,2.237368836156913
388,1115,12742169.255311,2274345.172563,412691.623784,1861653.5487658558,10467824.082748,25137609566.647312,0.10296926144917581,0.02,0.14376906539918338,17.848963759565837,3.238786234235494,14.610177525227186,82.15103624043417,940,11306923.561204,1319735.242105,351936.623784,967798.6183110864,9987188.319099,22741993246.530136,0.09559227287854366,0.02,0.09314807565696163,11.671921499790082,3.1125763067113597,8.559345192991046,88.32807850020991,144,516287.682178,58200.266805,49735.0,8465.266801389504,458087.41537299997,877893539.808599,0.015236041736111114,0.01,0.018569079202676506,11.272836601384254,9.63319515782151,1.6396414428634272,88.72716339861574,31.0,918958.011929,896409.663653,11020.0,885389.66365338,22548.348275999993,1517722780.308577,0.7341935483870968,1.0,0.9747076809874061,97.5463135438943,1.1991842779484272,96.34712926598723,2.453686456105691
389,1110,12501415.426941,2256427.601461,415816.89537,1840610.7060886666,10244987.82548,25177705370.824284,0.10842678064489283,0.02,0.14432622244888718,18.049377005729426,3.326158528208731,14.723218477502028,81.95062299427057,944,11161865.605062,1333494.408117,358061.89537,975432.5127495268,9828371.196945,22782004878.63085,0.09916179714600747,0.02,0.09314575632372062,11.946877478190107,3.2079036609042837,8.738973817308459,88.0531225218099,133,459611.224232,56546.5896,46055.0,10491.58959519595,403064.634632,866875179.4990261,0.022345789548872178,0.01,0.0237330286601118,12.303135045165199,10.020425431723707,2.2827096123962507,87.6968649548348,33.0,879938.597647,866386.603744,11700.0,854686.603743944,13551.993903000002,1528825312.694407,0.7203939393939394,1.0,0.9753779226767961,98.45989323127333,1.3296382305863599,97.13025500068059,1.5401067687266718
390,1128,12559504.372368,2220280.438779,420556.023141,1799732.777880688,10339223.933589,25214188032.5741,0.10094488166297079,0.02,0.1405162541311967,17.67808962003158,3.348508115226742,14.329648085797528,82.32191037996841,953,11188079.393193,1283356.754506,359791.023141,923574.0936090486,9904722.638687,22799674570.739502,0.09234012225165901,0.02,0.08906878632293393,11.470751229087755,3.215842599042534,8.254983372489878,88.52924877091223,141,467820.097527,57964.700266,48710.0,9254.700264824485,409855.397261,884931250.793594,0.021410567446808512,0.01,0.024605481784578484,12.39038266470683,10.412122150692495,1.9782605137630613,87.60961733529317,34.0,903604.881648,878958.984007,12055.0,866903.9840068148,24645.897641,1529582211.041002,0.6719647058823529,1.0,0.9744423936108221,97.27249175590434,1.3341008049905638,95.93839095089328,2.7275082440956564
391,1138,12650621.378956,2214648.986166,424325.384054,1790323.6020940104,10435972.39279,25259065434.99218,0.09968543630565119,0.02,0.13807979956143232,17.50624668800866,3.3541861015606314,14.152060586305826,82.49375331199136,956,11212753.179531,1247064.015458,361130.384054,885933.6313888477,9965689.164073,22851774770.42554,0.09126886663789857,0.02,0.08818897760045558,11.121835962059064,3.2207110802478676,7.901124881676062,88.87816403794093,152,499635.79327900003,63914.167519,52515.0,11399.167515982837,435721.62576,891675960.695642,0.022328881644736842,0.01,0.025295492216779302,12.792151478889322,10.510656103189802,2.2814953750956475,87.20784852111068,30.0,938232.406146,903670.803189,10680.0,892990.80318918,34561.602957,1515614703.870999,0.7598333333333334,1.0,0.9566657363419562,96.31630684139662,1.1383107138529243,95.17799612756288,3.6836931586033717
392,1116,12291080.91121,2182868.302608,415591.289528,1767277.013076627,10108212.608602,24919447996.57509,0.0972859556593468,0.02,0.13563416059686562,17.75977490000191,3.3812428095641502,14.378532090410317,82.24022509999809,940,10931021.150567,1236974.06862,354506.289528,882467.7790851886,9694047.081947,22642803234.318996,0.08909674096365004,0.02,0.08747016852755522,11.316180360293577,3.2431214306964495,8.073058929534815,88.68381963970641,143,452946.418369,60877.49384,49385.0,11492.493843083314,392068.924529,861157190.712211,0.02113769237762238,0.01,0.02676854965487191,13.440330107744705,10.903055636873967,2.537274471551461,86.5596698922553,33.0,907113.342274,885016.740148,11700.0,873316.740148355,22096.60212599999,1415487571.543881,0.660530303030303,1.0,0.9723198531437304,97.56407484090057,1.2898057447451734,96.27426909619454,2.4359251590994186
393,1135,12380329.566815,2231031.845682,419012.167976,1812019.6777120642,10149297.721133,25139373217.718735,0.10006909825183352,0.02,0.13785284028515293,18.02077912095487,3.3844993036303825,14.63627981737347,81.97922087904513,965,11016897.549537,1258385.874934,359887.167976,898498.7069642965,9758511.674603,22847847651.98068,0.09092863886614616,0.02,0.08772398777538246,11.422325289635515,3.2666834411210877,8.15564184857158,88.57767471036449,138,427755.349997,56412.271425,47750.0,8662.271423262688,371343.07857199997,816703201.004408,0.02190065224637681,0.01,0.029770938465925684,13.187975656036945,11.162922918517532,2.025052737113268,86.81202434396305,32.0,935676.6672810001,916233.699323,11375.0,904858.699324505,19442.967958,1474822364.733648,0.7128125,1.0,0.974297452054409,97.9220420217916,1.215697729543136,96.70634429240931,2.0779579782083992
394,1101,12199379.401544,2058167.958297,412403.701649,1645764.256641896,10141211.443247,24995565555.0136,0.10225343006887469,0.02,0.1385148342350254,16.8710873770883,3.380530173500503,13.490557203537762,83.1289126229117,937,10850764.662297,1137326.847832,355398.701649,781928.146179485,9713437.814465,22717035287.34922,0.09349000694325618,0.02,0.08796907508837826,10.481536400691224,3.2753332388075735,7.2062031618512545,89.51846359930877,134,469349.580867,58663.333169,46325.0,12338.33316595105,410686.247698,800719263.199417,0.02388723880597015,0.01,0.03008452478435204,12.498857048222971,9.870041838415352,2.628815209158006,87.50114295177703,30.0,879265.15838,862177.777296,10680.0,851497.77729646,17087.381084,1477811004.464962,0.7260000000000001,1.0,0.9742590721115187,98.05662934313438,1.2146506543802258,96.84197868880646,1.9433706568656266
395,1130,12300766.221967,2065811.7399,420896.244088,1644915.495805545,10234954.482067,24880819300.21457,0.09596515620870004,0.02,0.1319011547365952,16.794171213585248,3.4217075301890825,13.37246368334369,83.20582878641474,960,11125240.821579,1258033.067043,361786.244088,896246.8229520908,9867207.754536,22855032149.7642,0.08896347552690734,0.02,0.08844534947576771,11.307917619211121,3.251940788430069,8.055976830754904,88.69208238078888,144,403897.802408,58181.59648,49790.0,8391.596476559207,345716.205928,752528016.032339,0.023060347291666665,0.01,0.031321331564473975,14.405029225989075,12.327375812187338,2.0776534129498385,85.59497077401093,26.0,771627.59798,749597.076377,9320.0,740277.076376895,22030.521602999997,1273259134.41803,0.7582692307692308,1.0,0.9713790993446696,97.14492824509226,1.2078365294862832,95.93709171559237,2.8550717549077365
396,1125,12256764.317003,2048874.564918,423635.351349,1625239.2135706472,10207889.752085,24884912754.556057,0.09788978214222223,0.02,0.13223967924436683,16.71627610621289,3.4563392131259194,13.259936893100408,83.28372389378711,960,11103030.121862,1259067.968457,366295.351349,892772.617103962,9843962.153405,22839859962.85206,0.09188855718750001,0.02,0.08874551580518407,11.339859071244705,3.299057530500255,8.040801540708081,88.6601409287553,143,408369.652287,63174.451661,49380.0,13794.451666475174,345195.200626,769446138.301011,0.022433496573426574,0.01,0.030420619144303402,15.469918322089551,12.09198571036224,3.3779326130680514,84.53008167791045,22.0,745364.542854,726632.1448,7960.0,718672.14480021,18732.398053999994,1275606653.402989,0.8502272727272726,1.0,0.9724241372766514,97.48681390420401,1.067933815247123,96.41888008898508,2.5131860957959797
397,1116,12142590.146433,2094132.23769,418054.175441,1676078.0622482032,10048457.908743,24891024045.19565,0.10013492375448028,0.02,0.13257006563637108,17.246174106479014,3.442874793594243,13.80329931287821,82.753825893521,960,10936181.317628,1264953.92695,363774.175441,901179.7515022482,9671227.390678,22848248515.729034,0.09169394260416668,0.02,0.08855843538463282,11.566687586927845,3.326336358877239,8.240351227988869,88.43331241307214,129,416085.732438,54679.128087,44620.0,10059.128093084235,361406.604351,756400064.960339,0.023275891550387597,0.013,0.030899083208612454,13.141312913234202,10.723751506343403,2.4175614083530546,86.8586870867658,27.0,790323.096367,774499.182653,9660.0,764839.1826528708,15823.913713999997,1286375464.506277,0.767474074074074,1.0,0.9740760125043041,97.99779181619009,1.222284916688581,96.77550689948515,2.0022081838099153
398,1144,12177940.831603,2096582.108997,429109.444309,1667472.6646959204,10081358.722606,24879683715.289814,0.10181093086538462,0.02,0.13268036280081363,17.216228408304918,3.523661760577922,13.692566647792034,82.78377159169507,968,10985702.488354,1267048.730259,367964.444309,899084.2859589054,9718653.758095,22861516825.453747,0.09563173026859503,0.02,0.08855301408222718,11.53361591215678,3.349484884549541,8.1841310276883,88.46638408784322,151,403629.459796,63174.771273,52165.0,11009.771271665175,340454.688523,726940645.142603,0.021160198741721856,0.01,0.02954534675118462,15.651675005320328,12.9239823144636,2.7276926905260255,84.34832499467967,25.0,788608.883453,766358.607465,8980.0,757378.60746535,22250.275987999994,1291226244.693465,0.8281999999999999,1.0,0.9720306817325899,97.17854104171703,1.1387140302909353,96.03982701147046,2.8214589582829723
399,1128,12011810.14646,2077080.634758,421778.310962,1655302.323792394,9934729.511702,24626571690.177692,0.1010569192464539,0.02,0.13409438715605987,17.291986881512077,3.5113634483001066,13.780623433181951,82.70801311848791,964,10854652.541663,1255333.139184,364713.310962,890619.8282209755,9599319.402479,22641056336.311897,0.09467698641078838,0.02,0.08919781312632093,11.56493157533788,3.3599722290707583,8.204959346257683,88.43506842466212,140,374229.7461,59380.741318,48425.0,10955.741315568577,314849.00478200003,687457825.720454,0.02141850007142857,0.01,0.03010667527923668,15.867456271670225,12.939912047253477,2.9275442237670313,84.1325437283298,24.0,782927.858697,762366.754256,8640.0,753726.75425585,20561.104441000003,1298057528.145341,0.821875,1.0,0.9722645026036565,97.3738187736455,1.103549950870219,96.27026882275611,2.6261812263545132
400,1113,11932956.144408,2038546.250986,411190.238864,1627356.0121311115,9894409.893422,24410998843.660656,0.09899045364779875,0.02,0.1341761405573482,17.08332978279904,3.44583717469448,13.637492608180915,82.91667021720096,956,10773958.639776,1212719.231878,356560.238864,856158.9930202544,9561239.407898,22386240787.825104,0.08911400094142259,0.02,0.08648311593285207,11.256022715743537,3.309463594445478,7.94655912135611,88.74397728425645,126,358927.585261,52538.963475,43600.0,8938.96347769709,306388.621786,666894362.736003,0.025860238174603173,0.01,0.030254732145741658,14.637761384875292,12.147297056673857,2.4904643289528665,85.36223861512471,31.0,800069.919371,773288.055633,11030.0,762258.05563316,26781.863738,1357863693.099553,0.7008064516129032,1.0,0.9715003435379861,96.65255959640935,1.3786295088648726,95.27393008756448,3.3474404035906513
401,1142,11756029.438343,1983042.086731,425471.518019,1557570.5687102561,9772987.351612,24322479451.291058,0.09227723722416813,0.02,0.13393122449565975,16.86829806893124,3.6191770380507804,13.249121030865624,83.13170193106878,967,10558983.142123,1116512.43683,364711.518019,751800.918808212,9442470.705293,22089917800.442142,0.08226702678386763,0.02,0.07906608532711192,10.57405265073198,3.454040158129003,7.120012492576573,89.42594734926801,144,371623.151143,56445.847756,49730.0,6715.847757084026,315177.303387,697177022.3477271,0.014433263958333335,0.01,0.02061784497194362,15.189001972129484,13.381835832091088,1.8071661403300945,84.81099802787053,31.0,825423.145077,810083.802145,11030.0,799053.80214496,15339.342932,1535384628.501189,0.7661290322580645,1.0,0.9747406704855922,98.14163886444338,1.3362843125717128,96.80535455186684,1.8583611355566072
402,1126,11899670.302153,2102186.798212,422519.283928,1679667.5142866971,9797483.503941,24335088122.14862,0.09675488890763766,0.02,0.13507962347130636,17.665924725928353,3.550680591978703,14.115244133972315,82.33407527407164,968,10581094.467252,1096499.208496,367484.283928,729014.9245732438,9484595.258756,22091312193.05581,0.08407790795454545,0.02,0.08006935207238769,10.362814658631152,3.473027152959904,6.889787505720807,89.63718534136886,124,344026.489532,50581.524141,42985.0,7596.524139823268,293444.965391,705392812.099387,0.02269024201612903,0.01,0.026962230175797845,14.702799255315806,12.494677389079863,2.2081218658938964,85.2972007446842,34.0,974549.345369,955106.065575,12050.0,943056.0655736299,19443.279794,1538383116.9934251,0.7277941176470588,1.0,0.9746067198918108,98.00489529992574,1.236468944057156,96.76842635572798,1.995104700074275
403,1129,11677739.808601,2050399.071108,419746.976902,1630992.0941953564,9627340.737493,24180790533.462025,0.1000637775996457,0.02,0.13780830841590544,17.558184243819344,3.5944196718002233,13.966676094239421,82.44181575618067,954,10385528.815609,1104298.851561,359001.976902,745636.8746507543,9281229.964048,21903115698.920525,0.08623072840670859,0.02,0.08174513409814968,10.633053657328327,3.456752017888926,7.17957542547178,89.36694634267167,139,378191.368527,54693.967545,48025.0,6668.967542207055,323497.400982,711378421.402176,0.0142294245323741,0.01,0.02052152623434691,14.461981974370538,12.698597587525686,1.7633843861063532,85.53801802562946,36.0,914019.624465,891406.252002,12720.0,878686.252002395,22613.37246300001,1566296413.139323,0.7980555555555555,1.0,0.9750658469566409,97.52594234765624,1.3916550213509207,96.13428732634853,2.474057652343758
404,1112,11496486.243778,2075681.099018,413910.19771,1661770.9013151794,9420805.14476,23781576476.807354,0.10421331376798561,0.02,0.13947953400295526,18.054917433066795,3.600319166510653,14.45459826661859,81.94508256693321,932,10165536.146942,1091181.807353,351525.19771,739656.609646873,9074354.339589,21502191250.9793,0.09020956534334763,0.02,0.08194111055525123,10.73412943085397,3.4580094215271258,7.276120009364943,89.26587056914602,143,382020.400682,57656.295973,49325.0,8331.295975721365,324364.104709,702586426.7748849,0.021607622447552446,0.01,0.026536872046704615,15.092465185123464,12.911614121115731,2.180851064720094,84.90753481487654,37.0,948929.696154,926842.995692,13060.0,913782.995692585,22086.700462,1576798799.053169,0.7762162162162162,1.0,0.9744333450644618,97.67246187451852,1.3762874165422385,96.29617445803792,2.327538125481489
405,1102,11336983.63904,2090514.932343,413263.661906,1677251.2704257737,9246468.706697,23786772957.036007,0.10458929665154265,0.02,0.14040701814480888,18.439780799754438,3.645269985950113,14.7945108137053,81.56021920024556,939,10047793.723594,1098071.054698,356708.661906,741362.3927829153,8949722.668896,21577034611.078323,0.08879011171458999,0.02,0.08249787062015058,10.928479275201823,3.5501192771143857,7.3783599979970225,89.07152072479818,123,324645.93537200004,48748.719501,42465.0,6283.719499800847,275897.215871,627546884.671051,0.025292601707317074,0.015,0.02792828131961793,15.015964837243567,13.080404025801492,1.9355608110727032,84.98403516275643,40.0,964543.980074,943695.158144,14090.0,929605.1581430575,20848.821930000006,1582191461.286632,0.7193125,1.0,0.9747519085226659,97.83847887077161,1.4607939390092937,96.3776849316646,2.1615211292283925
406,1106,11127591.839139,2082675.286856,406473.486059,1676201.8007984608,9044916.552283,23527287400.118046,0.10655570064195298,0.02,0.1430428603185112,18.716316315005564,3.6528432380967972,15.063473076921893,81.28368368499444,941,9838060.632438,1107475.717923,349243.486059,758232.231869715,8730584.914515,21303814037.112667,0.09170724218916047,0.02,0.0844917518375449,11.257053186594897,3.5499220741481943,7.707131112504795,88.7429468134051,129,342484.22168899997,51774.144957,44510.0,7264.14495375073,290710.076732,635859943.35807,0.021698372170542636,0.01,0.027434762498730145,15.117235095289908,12.99621914857679,2.121015945764383,84.8827649047101,36.0,947046.985012,923425.4239759999,12720.0,910705.423974995,23621.561036000006,1587613419.647311,0.79875,1.0,0.9750290787079786,97.5057667243721,1.3431223794919558,96.16264434477404,2.494233275627893
407,1096,11308089.242897,2123822.55792,414648.729998,1709173.8279226744,9184266.684977,23488579789.779636,0.10644241232664234,0.02,0.14407982507997513,18.781444966522933,3.6668328405566406,15.114612125972258,81.21855503347707,928,9978872.440639,1116696.925087,356408.729998,760288.1950895544,8862175.515552,21231758382.90161,0.08945268739224138,0.02,0.08464572798824845,11.190612283400348,3.5716332894137817,7.618978993992122,88.80938771659964,127,354777.344301,53393.848866,43820.0,9573.848865039994,301383.495435,646554803.417986,0.022707007952755907,0.01,0.02719330495681135,15.049960129556531,12.351408764935751,2.6985513643501866,84.95003987044346,41.0,974439.457957,953731.7839670001,14420.0,939311.78396808,20707.673989999996,1610266603.4600391,0.7503658536585366,1.0,0.9746652246181899,97.87491425753474,1.4798251325159624,96.3950891251296,2.1250857424652625
408,1128,11224084.541949,2113134.989487,432612.837087,1680522.15240007,9110949.552462,23534735837.727215,0.10753296445921987,0.02,0.1449808798024894,18.82679145536858,3.854326252356249,14.972465203012955,81.17320854463142,939,9876543.261515,1105845.047087,367167.837087,738677.2099987247,8770698.214428,21270522681.801804,0.09301745889243876,0.02,0.08561097835822336,11.196681043215216,3.7175743310689326,7.4791067121333725,88.80331895678478,151,382943.956992,62275.49264,52045.0,10230.492641245415,320668.464352,654057285.672133,0.021117814635761588,0.01,0.027824265286061835,16.26229935293142,13.590761533047841,2.6715378202088034,83.73770064706856,38.0,964597.323442,945014.44976,13400.0,931614.4497601,19582.873682000005,1610155870.253278,0.8096052631578947,1.0,0.9768605737634548,97.96983951685436,1.3891807155533462,96.58065880131139,2.0301604831456386
409,1129,10931643.080503,2119388.546904,423484.881271,1696054.387403328,8812254.533599,22975216623.335575,0.10744551276350753,0.02,0.1467154597031039,19.387648602285687,3.8739362248873763,15.515091143327805,80.61235139771432,942,9593144.192116,1091788.730192,358959.159492,732829.5706927306,8501355.461924,20698279155.176453,0.08962876210191083,0.02,0.08575083386810366,11.380926923721969,3.7418301268421037,7.639096796804086,88.61907307627803,142,344638.757956,57644.048557,48735.721779,9059.048556437358,286994.709399,657505401.494903,0.022152746549295776,0.01,0.026867917082311257,16.72593323481029,14.14110301117731,2.6285634877995716,83.2740667651897,45.0,993860.130431,969955.7681549999,15790.0,954165.76815416,23904.362276,1619432066.664222,0.7495555555555555,1.0,0.9745755955804529,97.59479613437821,1.5887547469232384,96.00604138737047,2.4052038656217722
410,1101,10876810.464466,2084266.508971,422266.990772,1662349.454983248,8792543.955495,23093241659.322605,0.10906220155313351,0.02,0.14623179639759665,19.162478888275157,3.882268539582677,15.28342762259268,80.83752111172484,929,9616685.851651,1109539.232605,362661.990772,747227.1786141165,8507146.619046,20824742097.262897,0.08988223240043057,0.02,0.08538675546738646,11.537646645850593,3.7711743563895026,7.770111139544316,88.46235335414941,128,313584.333718,51002.940189,44165.0,6837.940192931386,262581.393529,645085136.886433,0.022319453203125,0.01,0.02699565087844034,16.264505176099107,14.083930621265248,2.180574556087552,83.73549482390091,44.0,946540.279097,923724.336177,15440.0,908284.3361762,22815.94292,1623414425.173277,0.7663636363636364,1.0,0.9741163646769593,97.58954336927252,1.6312036942294488,95.95833967495855,2.4104566307274764
411,1106,10719317.741627,2049774.935027,415818.878114,1634624.3611859856,8669542.8066,22862884571.63501,0.11310812288426762,0.02,0.14798972741462904,19.122251848799856,3.8791543280709413,15.249332099170324,80.87774815120015,928,9393906.479662,1078380.640733,354172.878114,724876.0668988989,8315525.838929,20502185104.94561,0.09427488566810345,0.02,0.08644229235334841,11.47957607484933,3.7702406222671216,7.716449684359436,88.52042392515068,133,380840.789095,53765.642096999996,45866.0,7899.642091476889,327075.146998,719238052.623945,0.021357067744360903,0.01,0.02619372334962123,14.117616504462251,12.043352842796157,2.074263660215854,85.88238349553774,45.0,944570.4728699999,917628.652197,15780.0,901848.65219561,26941.820673,1641461414.065455,0.7726666666666667,1.0,0.9700969153014578,97.14771724854585,1.670600601356272,95.47711664704241,2.8522827514541595
412,1101,10332830.798513,1991442.334468,414519.209843,1577719.3752544636,8341388.464045,22824088475.394485,0.11114721517711172,0.02,0.14822675589598408,19.272959881957892,4.011671321499366,15.268994586473955,80.7270401180421,915,9029725.396029,1040597.618381,350158.209843,691235.659171213,7989127.777648,20460088700.74667,0.09336196054644809,0.02,0.08644448111632584,11.524133600326577,3.8778389650364007,7.65511273992006,88.47586639967344,142,380279.747529,56919.222792,48921.0,7998.222788945558,323360.524737,719053216.474213,0.02247809866197183,0.01,0.026175724680608546,14.967723935300908,12.864476827357024,2.103247107140676,85.03227606469909,44.0,922825.654955,893925.4932949999,15440.0,878485.4932943049,28900.161659999998,1644946558.173603,0.767159090909091,1.0,0.9700358304692466,96.86829668152113,1.6731221024357958,95.19517457901003,3.1317033184788587
413,1091,10569358.97701,2076821.046458,414110.458031,1663107.226867043,8492537.930552,22754204076.409515,0.11317550688359303,0.02,0.14921556039585943,19.6494513146484,3.9180281314293004,15.7351759031419,80.3505486853516,910,9292200.078315,1082375.210048,351449.458031,731322.3904622011,8209824.868267,20479343021.117245,0.09266096483516484,0.02,0.08642936371115248,11.648212489245848,3.7821985651295837,7.870282433638853,88.35178751075416,138,327400.56111199997,54807.581597,47561.0,7246.581593129336,272592.979515,645630524.074694,0.022213768188405796,0.01,0.027422692095891973,16.740222255835093,14.52685353942626,2.213368715226595,83.25977774416492,43.0,949758.337583,939638.254813,15100.0,924538.2548117125,10120.082769999999,1629230531.217577,0.8392441860465116,1.0,0.9866987932117915,98.9344570750751,1.5898781197780643,97.34457895516148,1.0655429249248995
414,1069,10432050.592289,2012560.1886769999,410729.355948,1602393.4381439036,8419490.403612,22008515785.97979,0.11466447512628625,0.02,0.15321346801248162,19.292086161512795,3.937187155242484,15.360292053494598,80.7079138384872,897,9164361.52578,1054684.045896,351119.355948,704127.2953659717,8109677.479884,19699885062.855064,0.09548543355629877,0.02,0.08768213342097686,11.50853818816618,3.8313564448573563,7.683320800747675,88.49146181183382,127,352082.354296,50642.420577,43820.0,6822.42057333438,301439.933719,656368856.15137,0.022349527637795276,0.01,0.027054554208244652,14.383686077724956,12.445951768193412,1.9377343084904182,85.61631392227505,45.0,915606.712213,907233.722204,15790.0,891443.7222045976,8372.990009,1652261866.973354,0.7575,1.0,0.9846594808237689,99.08552548847499,1.7245395636993461,97.3609859248409,0.9144745115250059
415,1076,10206760.561609,1964562.066905,409123.914884,1556258.5368069843,8242198.494704,21768992497.637283,0.11553550930297397,0.02,0.15294444445842126,19.24765507181943,4.008362030386509,15.247330702168002,80.75234492818056,900,8992395.425904,1008685.656337,348158.914884,661347.1262366121,7983709.769567,19475186264.7122,0.09572046444444446,0.02,0.08579187305203344,11.217096319311352,3.871703794086655,7.35451562029288,88.78290368068863,131,298286.388525,51647.150246,45185.0,6462.150247847311,246639.23827899998,628678437.9793351,0.023380076412213742,0.01,0.027688039214305012,17.314618511890743,15.1481937286632,2.1664247838468516,82.68538148810924,45.0,916078.7471800001,904229.260322,15780.0,888449.260322525,11849.486858,1665127794.9457471,0.7801111111111111,1.0,0.9856461996619875,98.70649909797855,1.7225593376744273,96.98393976036144,1.2935009020214392
416,1108,10683106.919542,2073402.8809,414906.584438,1658890.8051787673,8609704.038642,22489580409.71098,0.11097736814079423,0.02,0.1497975524197276,19.408238600582028,3.883763286867746,15.52816814127595,80.59176139941798,939,9427096.269486,1100403.478506,356321.584438,744476.402784452,8326692.79098,20244956846.01086,0.09267085612353568,0.02,0.08692447898207076,11.672772262524035,3.7797596868863623,7.897197413738128,88.32722773747595,128,326791.641687,52872.380114,44165.0,8707.38011490543,273919.261573,629681363.630705,0.022324140625,0.01,0.02745212528271456,16.17923268816067,13.514727540767735,2.6645051476700043,83.82076731183933,41.0,929219.008369,920127.02228,14420.0,905707.02227941,9091.986089000002,1614942200.069413,0.8070121951219512,1.0,0.9856796625392288,99.02154540456952,1.5518408330142237,97.4697045714918,0.9784545954304783
417,1125,10582186.126684,2061370.201584,428057.192527,1633769.5331873249,8520815.9251,22517478563.624977,0.10770304347555557,0.02,0.1481787312900725,19.479625258017876,4.0450733657728115,15.438865973710458,80.52037474198212,931,9319934.93982,1076333.726077,361255.195634,715473.0576827485,8243601.213743,20224067304.749348,0.08791260354457572,0.02,0.08332699319495865,11.548725747840763,3.8761557668231648,7.6768031354580115,88.45127425215922,153,328192.694666,59716.800557,52381.996893,7396.800555081349,268475.894109,636213213.099657,0.02783849679738562,0.01,0.027767831276809485,18.19565198359259,15.960744326228493,2.2537980507485194,81.8043480164074,41.0,934058.492198,925319.67495,14420.0,910899.674949495,8738.817248,1657198045.775972,0.8551219512195123,1.0,0.9858413903751048,99.06442505250008,1.5438005350250887,97.52062451742093,0.9355749474999219
418,1112,10582061.511286,1956654.353589,421917.632366,1535130.5947137992,8625407.157697,22319827597.57109,0.10788068696942446,0.02,0.14455881950207994,18.490294651020363,3.9871024366661976,14.5069143009285,81.50970534897964,931,9323348.281258,994720.007448,359417.632366,635696.2485749904,8328628.27381,20027496823.28928,0.08895363469387756,0.02,0.07733421372561008,10.669128487322608,3.855027416368315,6.818325663676868,89.33087151267739,144,369265.042666,80882.714944,49440.0,31442.714941753802,288382.327722,672620243.851994,0.028350625069444444,0.01,0.11876856509777946,21.903702110561916,13.388757203513155,8.514944906440473,78.09629788943808,37.0,889448.187362,881051.631197,13060.0,867991.631197055,8396.556165,1619710530.429816,0.8936486486486486,1.0,0.986491745306837,99.05598141810788,1.4683261133776038,97.58765530473646,0.9440185818921291
419,1117,10367131.960413,1964283.243245,419514.643714,1544910.4091172095,8402848.717168,22235188499.511616,0.1108534681378693,0.02,0.14491323355102834,18.947219450332415,4.046583426505238,14.902003900562526,81.05278054966757,932,9090031.982511,965416.706754,355654.643714,609903.8726308005,8124615.275757,19939678398.610634,0.09176398487124464,0.02,0.07725259282336433,10.620608471031105,3.9125785739617953,6.709589953085321,89.37939152896888,142,353797.88836599997,85671.023533,48760.0,36911.0235287865,268126.864833,667355405.422292,0.029660493028169012,0.01,0.12229715953965237,24.21467915726345,13.781879882097636,10.43279927397488,75.78532084273655,43.0,923302.089536,913195.512958,15100.0,898095.5129576225,10106.576578,1628154695.478692,0.7927325581395348,1.0,0.9828092758514708,98.90538787981309,1.6354344012790456,97.26995347849316,1.0946121201869043
420,1108,10317212.520973,1902363.089463,422543.181014,1480315.806234344,8414849.43151,22194845733.97119,0.11181634296931409,0.02,0.1414866170920074,18.438731252223842,4.095516886514136,14.34802087506808,81.56126874777615,925,9129357.440447,976696.105678,359343.181014,617848.8224490358,8152661.334769,19974931627.1057,0.09157774918918919,0.02,0.07623711928393366,10.69841017891154,3.936127853006985,6.767714228294955,89.30158982108846,138,327847.825999,78474.796199,47410.0,31064.796198580483,249373.0298,657364223.262384,0.0368883334057971,0.01,0.12620239572676734,23.93634789551399,14.460977392646981,9.475370502739047,76.06365210448601,45.0,860007.254527,847192.187586,15790.0,831402.1875867276,12815.066941000001,1562549883.603107,0.7576111111111111,1.0,0.9820367790468983,98.50988850692332,1.8360310237946105,96.67385748321331,1.490111493076675
421,1108,10436340.383421,1851820.798828,416062.506478,1436117.4351746659,8584519.584593,22202211477.75081,0.11128901074909747,0.02,0.14194596290447484,17.743967049692746,3.9866705300159637,13.760737791343589,82.25603295030724,932,9250300.729963,923462.498626,355262.506478,568559.1349720019,8326838.231337,19974226859.38457,0.09228243980686696,0.02,0.07652006693253512,9.983053800994572,3.8405508842242906,6.146385415669356,90.0169461990054,136,337955.658472,89558.12504300001,46720.0,42838.12504327385,248397.533429,659207150.190728,0.03114698536764706,0.01,0.12404695884028076,26.499963175027,13.82429878855566,12.675664386552368,73.50003682497301,40.0,848083.994986,838800.175159,14080.0,824720.17515939,9283.819827000001,1568777468.175509,0.8266249999999999,1.0,0.9824927369577754,98.90531835503472,1.6602129132542383,97.24510544182647,1.0946816449652792
422,1124,10474706.79361,1937719.497498,421233.188818,1516913.3320725155,8536987.296112,22209587504.57316,0.10796478470640569,0.02,0.14176159012050166,18.499033296856464,4.02143178914535,14.481678217455162,81.50096670314353,944,9261552.978379,990844.583619,359067.188818,632204.418196492,8270708.39476,19971290719.419678,0.0894093411016949,0.02,0.07606267646055404,10.698471259972454,3.8769652309525053,6.82611673951838,89.30152874002755,138,338082.002527,83802.67305900001,47406.0,36396.67305760355,254279.329468,660635235.570364,0.028007246449275363,0.01,0.12383786887388082,24.78767649050095,14.022041885005118,10.76563460508278,75.21232350949906,42.0,875071.812704,863072.2408200001,14760.0,848312.24081842,11999.571884,1577661549.583114,0.7877380952380952,1.0,0.9809359661523996,98.62873289828397,1.6867187110496822,96.94201418705373,1.3712671017160223
423,1128,10388379.744144,1932434.424048,425346.752988,1507087.671057732,8455945.320096,22224967857.711014,0.10938448041666667,0.02,0.14236654627839404,18.601884717752316,4.094447483283145,14.507437234447341,81.39811528224767,944,9156691.55273,989654.273178,361816.752988,627837.5201874844,8167037.279552,19937737080.81098,0.09039142362288136,0.02,0.076962102049501,10.807989626809498,3.951391732531681,6.8565978942503465,89.1920103731905,140,356856.92901100003,78294.10319,48090.0,30204.103189060243,278562.82582100003,706263011.694917,0.0353120715,0.01,0.11515057336211797,21.939913961313778,13.475988860095145,8.463925100955292,78.06008603868622,44.0,874831.262403,864486.04768,15440.0,849046.0476811875,10345.214723,1580967765.205114,0.7525568181818181,1.0,0.9793464500265363,98.81746170174765,1.7649117793972255,97.05254992248616,1.1825382982523513
424,1117,10424508.390161,1969680.992336,425632.40664,1544048.5857097723,8454827.397825,22253409652.353523,0.1104722542614145,0.02,0.1463498125618765,18.894713483036295,4.082997401025895,14.811716082142512,81.10528651696372,952,9194197.509716,1018702.926461,368567.40664,650135.5198329057,8175494.583255,19916188417.30283,0.08860684663865546,0.02,0.07873551727222572,11.079846015755939,4.0086957698104175,7.071150246075014,88.92015398424407,123,345696.341779,74600.750097,42305.0,32295.7500995967,271095.591682,695813435.609838,0.03192105699186992,0.01,0.10909751924965122,21.579849446220482,12.237618651760318,9.342230795211314,78.42015055377952,42.0,884614.538666,876377.315778,14760.0,861617.31577727,8237.222888,1641407799.440856,0.8361309523809524,1.0,0.9825464550740634,99.06883478306588,1.6685233347236303,97.40031144825974,0.9311652169341174
425,1104,10402733.377932,1965890.358915,419911.460419,1545978.8984965747,8436843.019017,22180976368.873238,0.10879131160326087,0.02,0.1453031909496713,18.89782509552126,4.036549291071764,14.861275804455017,81.10217490447873,928,9161091.818356,1010003.895839,359111.460419,650892.4354161897,8151087.922517,19897141831.634155,0.08965896336206897,0.02,0.08037339593818156,11.024929297349297,3.919963553901419,7.104965743406284,88.97507070265071,133,324716.41567,51767.902627999996,45700.0,6067.90263067003,272948.513042,643423841.797383,0.02118112789473684,0.01,0.023342040294367497,15.942496322886932,14.07381881378107,1.868677509928129,84.05750367711306,43.0,916925.143906,904118.560448,15100.0,889018.560449715,12806.583458,1640410695.441701,0.7926744186046512,1.0,0.9806976786564305,98.6033119995548,1.6468083682028467,96.956503631539,1.3966880004452018
426,1114,10373390.303916,1891416.833974,420063.486408,1471353.3475723013,8481973.469942,22241850397.68642,0.10953655647217235,0.02,0.14609315979878296,18.233352631684763,4.049432963583991,14.183919668161519,81.76664736831523,938,9143474.937199,955767.237102,359263.486408,596503.7506989792,8187707.700097,19943970505.76347,0.09065472697228145,0.02,0.08097269617801028,10.452997833609073,3.9291788830347723,6.5238189506287565,89.54700216639094,131,332667.35571699997,51806.829832999996,45020.0,6786.829833987149,280860.525884,644503747.639968,0.014462519160305344,0.01,0.02140930044054972,15.573163083988334,13.533038101369495,2.0401249829155774,84.42683691601167,45.0,897248.011,883842.767039,15780.0,868062.767039335,13405.243961,1653376144.282985,0.7798888888888889,1.0,0.980216613901847,98.505960024803,1.7587110594330422,96.74724896540728,1.4940399751970026
427,1121,10227281.991073,1846660.990111,426222.36526,1420438.6248412228,8380621.000962,22063937218.069595,0.10976077066012489,0.02,0.14261482437666972,18.056224436980216,4.167503796531992,13.888720640352629,81.9437755630198,950,9075694.681871,994830.974757,367057.36526,627773.60948965,8080863.707114,19857625312.24679,0.09349656199999999,0.02,0.08135534731534017,10.961485700309066,4.044399664448928,6.917086035779151,89.03851429969093,127,333943.726638,50248.439847,43725.0,6523.439844608647,283695.286791,657199033.112409,0.024394409527559054,0.01,0.0237077535925919,15.046978229799196,13.093523402941045,1.9534548261420563,84.95302177020079,44.0,817643.582564,801581.575507,15440.0,786141.5755069643,16062.007056999999,1549112872.710396,0.7073181818181818,1.0,0.9783275584607081,98.035573518888,1.8883533521516331,96.14722016673201,1.9644264811119905
428,1128,10248970.628191,1910097.572935,421637.83361,1488459.739316382,8338873.055256,22117956196.466793,0.11067810993794326,0.02,0.14528296326315784,18.636969918530667,4.113952990071368,14.52301692837521,81.36303008146933,950,9065420.560562,1040097.412179,360097.83361,679999.5785646789,8025323.148383,19833733333.731247,0.09226170315789474,0.02,0.08372972414587929,11.47323949540539,3.972213216191662,7.501026279166062,88.52676050459462,138,362626.69231300004,54699.820011,47460.0,7239.820006723021,307926.872302,734296356.217975,0.022817318913043477,0.01,0.023673837104031953,15.084333605477127,13.087839645029511,1.9964939592681707,84.91566639452287,40.0,820923.375316,815300.340745,14080.0,801220.34074498,5623.034571,1549926506.517569,0.8511875,1.0,0.9905666997447272,99.31503539306145,1.7151418053579182,97.59989358770109,0.6849646069385601
429,1128,10252616.343126,1883893.955698,425608.10775,1458358.4367627231,8368722.387428,22143807459.484474,0.11209000346631205,0.02,0.1457834415895868,18.37476301316084,4.1512146120180775,14.224256403981197,81.62523698683914,949,9082004.608541,1014895.869268,363990.518949,650905.350333082,8067108.739273,19869851322.496414,0.09318191138040043,0.02,0.08404428207201925,11.174800201197435,4.007821341630811,7.166978859721677,88.82519979880256,136,353447.39472,55958.612877,46517.588801,9513.612876438325,297488.781843,720588929.064492,0.02906389713235294,0.01,0.027763628564221057,15.832232381095993,13.16110671514529,2.6916630362985083,84.16776761890401,43.0,817164.339865,813039.473553,15100.0,797939.4735532027,4124.866312,1553367207.923567,0.7919813953488372,1.0,0.9902661140542698,99.49522193874962,1.847853517750738,97.6473684210237,0.5047780612503784
430,1136,10240644.983483,1924842.802473,428284.583524,1496630.7854668181,8315802.18101,22155815254.55861,0.10926296118838029,0.02,0.14564537508575132,18.796109088612617,4.182203212930187,14.61461448844984,81.20389091138739,960,9049268.093534,1051315.791698,367752.017009,683563.7746893343,7997952.301836,19882008478.679863,0.09179732697916668,0.02,0.08415401177451624,11.617688644335775,4.0638868603281955,7.553801784011275,88.38231135566423,136,368189.425175,54651.722922,46452.566515,8271.72292442383,313537.702253,723882946.455989,0.021450661838235293,0.01,0.025905824018424475,14.84337115223342,12.616485792040647,2.2465943774708603,85.15662884776658,40.0,823187.464774,818875.287853,14080.0,804795.28785306,4312.176921,1549923829.422759,0.827,1.0,0.9903638063399499,99.47616100760428,1.710424490473207,97.76573651713836,0.5238389923957207
431,1112,10167310.359351,1942486.128559,423876.712519,1518609.416045381,8224824.230792,22355871584.529713,0.10973139208633094,0.02,0.15249912219804593,19.105211308637507,4.169015182359958,14.936196126330472,80.89478869136249,943,8966458.652585,1069184.560301,365391.712519,703792.847786187,7897274.092284,20031426317.91648,0.09138124920466596,0.02,0.09135366967810961,11.924268005103194,4.0750950478498975,7.849172957299991,88.0757319948968,129,358840.327054,52315.348196,44405.0,7910.34819767904,306524.978858,713320431.357126,0.021618527131782948,0.01,0.02625533808865187,14.579004713739248,12.374584641741707,2.2044200724654486,85.42099528626076,40.0,842011.379712,820986.220062,14080.0,806906.220061515,21025.159649999998,1611124835.2561061,0.8265,1.0,0.9686263822292763,97.5029839077482,1.6721864263658643,95.83079748132474,2.4970160922517937
432,1134,9836461.70201,1952062.300311,422577.602197,1529484.698116106,7884399.401699,22391337856.05371,0.11407469842151675,0.02,0.15359709401822397,19.845167494650156,4.2960326080530535,15.549134886618512,80.15483250534984,959,8669245.949247,1088881.2957,362117.602197,726763.693509289,7580364.653547,20074417907.37542,0.09533995620437956,0.02,0.09240169353824328,12.560276892300868,4.1770368993678515,8.383239993005558,87.43972310769912,135,353503.787389,54899.043096,46380.0,8519.043091492076,298604.744293,737569035.307652,0.021442148222222224,0.01,0.026146788730205435,15.529973101982186,13.120085740117648,2.4098873605893263,84.4700268980178,40.0,813711.965374,808281.961515,14080.0,794201.961515325,5430.003859,1579350913.370639,0.875875,1.0,0.9909445326206364,99.33268722962623,1.730342012794235,97.60234521687194,0.6673127703737588
433,1146,10164507.535879,1964917.861845,433210.377692,1532047.484148113,8199589.674034,22475847797.26302,0.11383256885689355,0.02,0.15354916611294706,19.331166364028665,4.261990816208659,15.072520520450633,80.66883363597135,970,8965060.165762,1099764.998224,372350.377692,727754.620525111,7865295.167538,20154234636.601883,0.09514601432989692,0.02,0.09244172745841389,12.267234997753345,4.153350572191631,8.117676926524611,87.73276500224667,138,385315.972466,55691.698083999996,47460.0,8231.698086127162,329624.27438200003,742842017.39289,0.022431087028985507,0.01,0.02610324528777174,14.453514015413466,12.31716393594035,2.1363500800251725,85.54648598458654,38.0,814131.397651,809461.165537,13400.0,796061.165536875,4670.2321139999995,1578771143.268247,0.9227631578947367,1.0,0.9935986231064385,99.42635401024026,1.645925957242627,97.78042805298227,0.5736459897597542
434,1134,10221529.777569,2088183.908244,428877.34715,1659380.7164606545,8133345.869325,22521410034.967896,0.11071720283068782,0.02,0.15790249074993234,20.429269920305764,4.1958234871179965,16.234171915265968,79.57073007969424,953,8989305.670261,1169357.692209,366913.19179,802444.5004227844,7819947.978052,20128651257.983227,0.09183569569779644,0.02,0.09478510106355972,13.008320498851702,4.081663314707897,8.926657184185904,86.9916795011483,138,365637.297837,56051.150584,47199.101677,8926.150586565172,309586.147253,752217415.318179,0.020988333405797102,0.01,0.025846079965761996,15.329713602956183,12.90872182794689,2.441258219380131,84.67028639704382,43.0,866586.809471,862775.065451,14765.053683,848010.065451305,3811.74402,1640541361.666493,0.8171511627906978,1.0,0.992872634944294,99.5601428525866,1.7038170350196298,97.85633201236527,0.43985714741340737
435,1105,10158413.447151,2046449.313714,414888.487392,1631560.8263346641,8111964.133437,22395462038.321598,0.11499068598190046,0.02,0.15630702773679545,20.14536348968885,4.0841858775531374,16.061177612260376,79.85463651031117,940,8925292.768492,1117247.161357,357828.487392,759418.6739787202,7808045.607135,20054412588.225956,0.09585501914893617,0.02,0.09310998307498504,12.517764854740646,4.009151258939128,8.508613595955241,87.48223514525935,125,350173.675344,50234.835378,42980.0,7254.835377294079,299938.839966,713246568.8060269,0.01500792008,0.01,0.022556477156162137,14.345691556811296,12.27390949870168,2.0717820579080217,85.65430844318871,40.0,882947.003315,878967.316979,14080.0,864887.31697865,3979.686336,1627802881.289614,0.877125,1.0,0.9934948377266586,99.54927234352023,1.5946596961241197,97.95461264735648,0.4507276564797636
436,1116,10202194.634175,2012339.4953969999,423681.212101,1588658.2832860383,8189855.138778,22325299804.007706,0.11430627957885305,0.02,0.15160292703053926,19.724574638638302,4.152843846771611,15.57173079176905,80.2754253613617,937,8958107.043061,1086622.8776,361861.212101,724761.6654920944,7871484.165461,19981651558.393665,0.09541869583778015,0.02,0.09043573755554953,12.130050158774383,4.039483010881185,8.09056714781611,87.86994984122562,138,366925.730057,54512.325778,47400.0,7112.3257746238805,312413.404279,774050473.993867,0.022199202971014492,0.01,0.025644726188142834,14.856501278755182,12.918145585657525,1.938355692177547,85.14349872124481,41.0,877161.861057,871204.2920189999,14420.0,856784.29201932,5957.569038000001,1569597771.620173,0.8559756097560975,1.0,0.9924039881831157,99.32081303320449,1.643938324293258,97.67687470894771,0.6791869667955005
437,1125,10182073.586238,1955946.334141,425276.741794,1530669.5923642104,8226127.252097,22350339856.307034,0.11563120712,0.02,0.15203156063191342,19.20970534709786,4.176720372251093,15.032984975015792,80.79029465290213,954,8964276.896752,1079078.642196,366176.741794,712901.9004163616,7885198.254556,20004741074.532997,0.09571354088050314,0.02,0.0904713797815096,12.037542510394559,4.084844165475028,7.952698345079738,87.96245748960546,130,389188.14775299997,53155.591562,44680.0,8475.591564668814,336032.556191,765296076.581346,0.02103376930769231,0.01,0.025832052842435345,13.658070490814495,11.480308498077996,2.177761993422237,86.3419295091855,41.0,828608.541733,823712.100383,14420.0,809292.10038318,4896.44135,1580302705.192693,0.8790243902439024,1.0,0.9924246462272452,99.40907665038556,1.7402668779929755,97.6688097724143,0.590923349614439
438,1137,10058038.717146,1956213.237545,426187.9629,1530025.2746456985,8101825.479601,22351163127.453903,0.11691513457343887,0.02,0.15255641858439262,19.44925141529065,4.2372869590716,15.211964456225994,80.55074858470935,952,8846842.473995,1075624.931999,362322.9629,713301.9691009672,7771217.541996,19986510475.049435,0.09937302310924369,0.02,0.0909269678285485,12.15829190087609,4.095505983801976,8.06278591709635,87.84170809912392,148,388662.76318300003,60665.778524,50805.0,9860.778523136374,327996.984659,784079775.273366,0.022394527094594593,0.01,0.025549330341505375,15.608847636231054,13.071743632944507,2.537104003064341,84.39115236376894,37.0,822533.479968,819922.527022,13060.0,806862.527021595,2610.9529459999994,1580572877.1311061,0.9463513513513514,1.0,0.9948721204249455,99.68257183329467,1.5877773146095027,98.09479451863594,0.3174281667053329
439,1120,10184197.067101,1959302.159238,417999.720157,1541302.4390805634,8224894.907863,22433182539.17569,0.1153707214375,0.02,0.1547340267508185,19.238651278335176,4.10439544131864,15.134255837012251,80.76134872166483,944,8991863.976743,1101892.94384,357194.720157,744698.22368197,7889971.032903,20094676632.35092,0.09459366313559323,0.02,0.09358051792945545,12.254332880145768,3.9724213030898383,8.281911577044474,87.74566711985423,133,385258.900658,53950.087884,45705.0,8245.087884573368,331308.812774,754640311.745975,0.021607443684210526,0.01,0.026154298745798093,14.003592854534016,11.863450765689901,2.140142088992943,85.99640714546597,43.0,807074.1897,803459.127514,15100.0,788359.12751402,3615.0621859999997,1583865595.078794,0.8615116279069768,1.0,0.9918577289415154,99.55207808251882,1.8709556311809286,97.68112245134036,0.44792191748118787
440,1100,10016503.644468,2018253.996857,415855.330446,1602398.6664084839,7998249.647611,22231314596.042316,0.11913182546363636,0.02,0.1577124972184488,20.14928630282742,4.151701483937183,15.997584818865116,79.85071369717257,932,8787977.562891,1114981.854288,357775.330446,757206.523841066,7672995.708603,19843206072.181152,0.09634433261802575,0.02,0.09425161730007538,12.687581941449585,4.0711907590294505,8.616391182409506,87.3124180585504,125,391947.10489,74347.84727500001,42980.0,31367.847273697884,317599.257615,808570401.311927,0.03305672008,0.01,0.08365300761396066,18.96884716009466,10.965765396344066,8.003081763418376,81.03115283990535,43.0,836578.976687,828924.295294,15100.0,813824.29529372,7654.681393,1579538122.549234,0.8632558139534883,1.0,0.9928614626917825,99.08500194167992,1.804970053132181,97.28003188851427,0.9149980583200746
441,1100,10262910.312087,2056138.078778,422092.646294,1634045.4324760935,8206772.233309,22649531899.544647,0.11267191637272728,0.02,0.15332868496470112,20.03464920039701,4.112796794072011,15.921852406247956,79.965350799603,932,9017522.540299,1122362.907993,364007.646294,758355.2616932446,7895159.632306,20325488367.31828,0.09338746566523606,0.02,0.0931068325103708,12.446466343468492,4.0366702125474285,8.409796130857238,87.55353365653151,129,358330.019967,52082.33737,44345.0,7737.3373667138,306247.682597,750884597.890577,0.02218596906976744,0.01,0.026748401093407516,14.534740174657001,12.375463268214007,2.1592769055259065,85.465259825343,39.0,887057.751821,881692.833415,13740.0,867952.833416135,5364.918406,1573158934.335791,0.8728205128205128,1.0,0.9918235873448957,99.39520077526107,1.5489408634098272,97.84625991197919,0.6047992247389311
442,1087,10070260.642093,2014859.05186,416126.05718,1598763.9486572728,8055401.590233,22593587964.586407,0.11688188409383625,0.02,0.1546093967536195,20.00801293501806,4.1322272776200215,15.876093037498446,79.99198706498196,919,8846338.659593,1131923.020178,358355.103216,773567.9169747513,7714415.639415,20187246841.43523,0.0947441980413493,0.02,0.0932835525267595,12.795384211868702,4.050886101080909,8.744498110931936,87.2046157881313,127,407106.159832,69122.060879,43350.953964,25802.06088013666,337984.098953,832059275.235035,0.030832204803149608,0.01,0.057887238088521795,16.978878656005726,10.648562522829325,6.337919546779731,83.02112134399428,41.0,816815.822668,813813.970803,14420.0,799393.970802385,3001.851865,1574281847.91614,0.8796341463414633,1.0,0.9921204981808088,99.63249342364661,1.7653918545430896,97.86710156902822,0.36750657635339684
443,1115,10140381.912782,2031264.251107,415457.688323,1615806.5627693466,8109117.661675,22718394249.561024,0.115343774,0.02,0.15574209486603768,20.03143736180766,4.09706154951929,15.934375812143866,79.96856263819232,930,8887406.489188,1130648.6597,351442.688323,779205.9713672182,7756757.829488,20297524160.24912,0.09626668602150538,0.02,0.09485676081034645,12.721919055637814,3.9543897170738007,8.76752933845395,87.27808094436217,142,418316.236115,70301.726032,48915.0,21386.726027959772,348014.510083,840473593.396015,0.028187253591549295,0.01,0.05804059706001733,16.805880327502575,11.693306588882365,5.11257373765438,83.19411967249744,43.0,834659.187479,830313.865375,15100.0,815213.8653741686,4345.322104,1580396495.91589,0.8157604651162791,1.0,0.9896702080624936,99.47938965158649,1.809121642284674,97.67026800920219,0.5206103484135347
444,1092,10120085.185078,2027728.685341,408003.051428,1619725.633906534,8092356.499737,22713504013.829613,0.11318663737179488,0.02,0.15607708700815526,20.03667605813114,4.031616769684882,16.005059288382363,79.96332394186886,923,8878596.949148,1153398.737926,349428.051428,803970.6864965793,7725198.211222,20266530980.53886,0.09475289057421452,0.02,0.0955702548489468,12.990777084848768,3.935622412294901,9.055154672537864,87.00922291515124,130,411236.511399,67853.973658,44835.0,23018.973652414552,343382.537741,833718110.29803,0.023560692384615382,0.01,0.055802720221779255,16.49998766577539,10.902485250512955,5.597502413904225,83.50001233422462,39.0,830251.724531,806475.973757,13740.0,792735.97375754,23775.750774,1613254922.9927201,0.8482051282051282,1.0,0.9680158112659603,97.13632021813257,1.65491977842763,95.48140043976997,2.86367978186744
445,1085,10041167.033666,2010314.668453,408151.207867,1602163.460579266,8030852.365213,22716906702.447006,0.12013982304147465,0.02,0.15689975287470384,20.02072728909719,4.064778590960111,15.955948698070019,79.97927271090282,917,8790928.11521,1115183.553627,349916.207867,765267.3457528895,7675744.561583,20254523121.170013,0.10038955070883315,0.02,0.09625014089425206,12.685617934897198,3.9804239470639913,8.705193987752322,87.3143820651028,122,390918.374519,63186.60546,42115.0,21071.605460086408,327731.769059,834658194.860865,0.03392860655737705,0.0125,0.05898893968229148,16.1636314838736,10.773348797385083,5.390282686510622,83.8363685161264,46.0,859320.543937,831944.509366,16120.0,815824.5093662901,27376.034571,1627725386.4161289,0.742504347826087,1.0,0.9617965995284476,96.81422319480738,1.8759006884841587,94.93832250635698,3.1857768051926194
446,1105,10059570.456406,2018170.392805,412891.515456,1605278.8773597558,8041400.063601,22771816330.679176,0.11414878552941177,0.02,0.15432166272428538,20.062192531489416,4.104464671183529,15.957727860412806,79.93780746851058,933,8770769.880438,1115009.700746,353296.515456,761713.185298396,7655760.179692,20309834402.853386,0.09746207717041801,0.02,0.0949966283120688,12.712791647092194,4.028112928193218,8.684678718994702,87.28720835290781,133,411000.033168,58171.243119,45855.0,12316.243121284764,352828.790049,844147516.639121,0.02336308278195489,0.01,0.030111548409899342,14.153585991371923,11.156933406196673,2.996652585731152,85.84641400862807,39.0,877800.5428,844989.44894,13740.0,831249.448940075,32811.09386,1617834411.186668,0.8229487179487179,1.0,0.9638812043803254,96.26212422296533,1.5652758605243369,94.69684836244954,3.737875777034664
447,1087,10091906.62887,1921999.015328,412306.802397,1509692.2129405441,8169907.613542,22707945158.47782,0.1151656153725851,0.02,0.1516259457886823,19.044954397712342,4.085519392515093,14.959435005291818,80.95504560228767,917,8909454.253576,1112627.151333,353381.802397,759245.3489472932,7796827.102243,20327954000.15291,0.09945041864776445,0.02,0.09496276854207797,12.488162795004234,3.9663686724151783,8.52179412271581,87.51183720499577,132,410956.0781,55137.19541,45525.0,9612.195408850877,355818.88269,835605773.795485,0.022037803106060606,0.01,0.030051574340479746,13.41680981211408,11.077826178037979,2.338983633796479,86.58319018788593,38.0,771496.297194,754234.668585,13400.0,740834.6685844,17261.628609000003,1544385384.529425,0.8178947368421052,1.0,0.9632334110335578,97.76257790584582,1.7368845513240934,96.02569335444396,2.2374220941541867
448,1092,10025444.051412,1910288.096478,390917.317469,1519370.7790012413,8115155.954934,22598481344.69774,0.11213793397435898,0.02,0.1507778985510664,19.05439885437246,3.8992518981136057,15.155146956181465,80.94560114562755,917,8838227.951197,1097789.725431,334362.317469,763427.4079505318,7740438.225766,20222026077.813046,0.097069393565976,0.02,0.09418262064274673,12.420925682079988,3.7831375171050645,8.637788164845166,87.57907431792002,135,395381.063602,51335.583347,42475.0,8860.58335168462,344045.480255,842448729.409277,0.017125851851851854,0.01,0.024077961208132905,12.983824485503337,10.742800783892966,2.241023702795209,87.01617551449667,40.0,791835.036613,761162.7877,14080.0,747082.787699025,30672.248913,1534006537.475418,0.77825,1.0,0.9664259133457597,96.1264344851173,1.7781481431064075,94.34828634188777,3.873565514882704
449,1081,9890651.94089,1889338.624489,379994.014271,1509344.610211299,8001313.316401,22480452696.39884,0.1149619092506938,0.02,0.15193485389464598,19.102265814026715,3.841951132665241,15.260314681293721,80.89773418597329,906,8702527.43827,1090249.933366,324464.014271,765785.9190895585,7612277.504904,20128924773.600685,0.09838237737306844,0.02,0.09584903193824669,12.527968927412353,3.728388293774815,8.799580633575012,87.47203107258764,138,420888.631632,55120.443036,42640.0,12480.44303473555,365768.188596,841597043.7500551,0.022024565217391306,0.01,0.030765392568024665,13.096206191711548,10.130946002191354,2.9652601892197716,86.90379380828847,37.0,767235.8709880001,743968.248087,12890.0,731078.248087005,23267.622901,1509930879.048102,0.8675675675675676,1.0,0.9671530659012768,96.96734423130692,1.6800570055986872,95.2872872257089,3.032655768693056
450,1091,9849042.54703,1907625.440349,381374.507426,1526250.9329328316,7941417.106681,22564506156.847595,0.11181432071494042,0.02,0.15150875629657415,19.368638436070608,3.8721988011007658,15.496439635069665,80.63136156392939,906,8642758.16137,1064576.102614,323799.507426,740776.5951957863,7578182.058756,20117777863.973404,0.09544937516556291,0.02,0.0923574280917937,12.317550517290531,3.746483488028933,8.57106702935169,87.68244948270947,147,396132.446166,54811.497366,44345.0,10466.4973684202,341320.9488,862609958.3530539,0.023314897959183675,0.01,0.0298647719617411,13.836659404322349,11.194488214534477,2.6421711903988285,86.16334059567767,38.0,810151.939494,788237.840369,13230.0,775007.840368625,21914.099125,1584118334.521138,0.8443421052631579,1.0,0.9689505882763613,97.29506305463059,1.6330270107435794,95.66203604384073,2.704936945369406
451,1090,9932955.263184,1902906.852076,374230.078121,1528676.7739441632,8030048.411108,22586118561.09199,0.11089569165137614,0.02,0.1517243800177823,19.157509539271047,3.767560290018269,15.389949249143676,80.84249046072895,917,8750414.738016,1063069.143907,320400.078121,742669.0657758199,7687345.594109,20247560235.39834,0.09454363565976008,0.02,0.0920748898680047,12.148785808843067,3.6615416264674674,8.48724418225926,87.85121419115694,136,371738.009614,50537.641034,41110.0,9427.64103391328,321200.36858,751623706.28344,0.022939632352941178,0.01,0.03252905174478377,13.594961969715328,11.058863752643216,2.536098217048781,86.40503803028469,37.0,810802.515554,789300.067135,12720.0,776580.06713443,21502.448418999997,1586934619.4102151,0.8394594594594594,1.0,0.9692417895937383,97.34800422957396,1.5688160502694986,95.77918817923417,2.6519957704260375
452,1082,10042938.258477,1892586.673222,378479.691897,1514106.9813362863,8150351.585255,22733626029.952843,0.11417303502772644,0.02,0.15252017419359593,18.84494979967156,3.7686151418638314,15.07633465792011,81.15505020032843,912,8836729.96418,1055664.441587,325839.691897,729824.7496998501,7781065.522593,20296717000.91529,0.09594959857456141,0.02,0.09232979928328454,11.946324555193758,3.687333359939738,8.258991195365487,88.05367544480623,130,389990.901801,48848.613719,39240.0,9608.61372147622,341142.288082,815545759.158196,0.022666846153846155,0.01,0.03014202505267325,12.525577774613291,10.06177318978147,2.463804585466763,87.4744222253867,40.0,816217.392496,788073.617916,13400.0,774673.61791496,28143.774579999998,1621363269.879356,0.8270625,1.0,0.9675577483316977,96.55192662656499,1.6417194883611437,94.91020713807644,3.448073373434997
453,1076,9863894.366889,1828997.416778,368727.73402,1460269.682762214,8034896.950111,22688376195.44856,0.11726905566914497,0.02,0.15331733488485572,18.54234594114832,3.738155745642824,14.804190195548214,81.45765405885169,896,8688135.412623,1009295.952036,313027.73402,696268.2180173808,7678839.460587,20245033510.842335,0.10035950212053571,0.02,0.0928307964942753,11.616945456093985,3.6029334161297917,8.014012039980086,88.38305454390601,140,387515.039207,50917.116475,42130.0,8787.11647832318,336597.922732,819422525.934348,0.0295135,0.01,0.03306531636395434,13.139391074781347,10.871836119241634,2.267554956397277,86.86060892521866,40.0,788243.915059,768784.3482669999,13570.0,755214.34826651,19459.566792,1623920158.6718771,0.8031874999999999,1.0,0.9680674950893703,97.53127598954651,1.721548335578878,95.80972765390547,2.468724010453472
454,1079,9948073.199524,1823590.39419,374886.271189,1448704.1230088063,8124482.805334,22658630687.802483,0.11142290444856348,0.02,0.15063571594533226,18.331091434643405,3.7684309681892745,14.562660466532598,81.66890856535659,898,8778371.514572,1003845.169257,319016.271189,684828.8980688368,7774526.345315,20267754890.646294,0.09570614020044543,0.02,0.09122582313516502,11.435437285726948,3.634116768234706,7.801320517501775,88.56456271427305,147,400058.53623,74814.009192,44170.0,30644.0091981695,325244.527038,852703313.380225,0.03545034013605442,0.01,0.089683571274056,18.700765617206635,11.040884270647325,7.659881348101462,81.29923438279336,34.0,769643.148722,744931.215741,11700.0,733231.2157418,24711.932980999998,1538172483.7759619,0.855,1.0,0.9672406510377856,96.78917001703525,1.5201850389271918,95.268984978212,3.2108299829647553
455,1088,9932496.917864,1915542.118079,378548.606611,1536993.511464689,8016954.799785,22611352637.373276,0.1158918234375,0.02,0.15091041184557752,19.285604958344557,3.8112129280419396,15.474392030269282,80.71439504165544,914,8734080.036924,1066990.269211,324223.606611,742766.6626018579,7667089.767713,20190353783.640675,0.09858338501094091,0.02,0.09199341007709508,12.216401323324448,3.7121666533890187,8.5042346699567,87.78359867667554,139,400121.854538,70680.967624,42115.0,28565.967619111158,329440.88691400003,894146814.783569,0.035504244604316545,0.01,0.08618850688707096,17.664860547447887,10.525543536887785,7.139317009338268,82.33513945255211,35.0,798295.026402,777870.8812439999,12210.0,765660.88124372,20424.145158,1526852038.949031,0.8871428571428571,1.0,0.9679024732381467,97.44152919879085,1.5295097171069396,95.91201948164884,2.558470801209144
456,1086,9683613.20411,1718126.317349,362258.973406,1355867.3439361695,7965486.886761,22424271279.48235,0.11720488388581952,0.02,0.14415352290457537,17.742616119980696,3.7409484019069144,14.001667718003244,82.2573838800193,910,8535673.948574,945284.030616,307248.973406,638035.0572032689,7590389.917958,20029626523.276695,0.09921836692307692,0.02,0.0851456649751299,11.074509597146955,3.599586573446027,7.474923023622069,88.92549040285304,138,418326.30092,73588.793531,42120.0,31468.793530175728,344737.50738900003,892887284.324039,0.03536804347826087,0.01,0.08586109629853837,17.591242379252886,10.068695156715703,7.522547222340142,82.40875762074712,38.0,729612.954616,699253.493202,12890.0,686363.493202725,30359.461414000005,1501757471.881614,0.8451315789473685,1.0,0.9658267596677765,95.83896349126938,1.7666901222695657,94.07227336909918,4.16103650873063
457,1085,9865018.195119,1842650.899086,365678.642534,1476972.2565496673,8022367.296033,22482183323.920303,0.11806002202764977,0.02,0.14654419956276826,18.67863659894418,3.7068217746920125,14.971814824228522,81.32136340105582,912,8642986.03482,993746.109171,312373.642534,681372.4666337053,7649239.925649,20031565093.79938,0.0986369889254386,0.02,0.08519015569306795,11.497717399605817,3.6141865933317514,7.883530806235946,88.50228260039418,135,424932.135009,71972.345993,40415.0,31557.34599407205,352959.789016,884249225.289181,0.03731992592592593,0.01,0.08082693344929433,16.937374244825147,9.510930492264139,7.426443752813297,83.06262575517485,38.0,797100.02529,776932.443922,12890.0,764042.44392189,20167.581368,1566369004.831743,0.8710526315789474,1.0,0.9682713668026155,97.46988072661739,1.6171119798058435,95.85276874679774,2.530119273382616
458,1088,9694043.363851,1797264.356024,367772.643838,1429491.7121943517,7896779.007827,22493662454.931175,0.11623915799632353,0.02,0.14616722544288316,18.539883602398383,3.7938002754291453,14.74608332705539,81.46011639760162,923,8553582.772521,1002005.109954,315747.643838,686257.4661261089,7551577.662567,20047091824.587307,0.09569178104008667,0.02,0.08449666591360314,11.714449215047214,3.6914080594667538,8.023041155698643,88.28555078495278,127,386034.905868,64596.560585,38965.0,25631.5605838678,321438.34528300003,872784170.033083,0.03972196850393701,0.01,0.08176730285109626,16.73334706346167,10.093646819939027,6.6397002432293535,83.26665293653834,38.0,754425.685462,730662.685485,13060.0,717602.685484375,23762.999977,1573786460.3107839,0.8710526315789474,1.0,0.9674492960049723,96.85018677983534,1.7311181540700376,95.11906862568246,3.149813220164669
459,1103,9637806.542884,1805014.430265,365576.137706,1439454.315009044,7832792.112619,22281918240.058807,0.11682747407071624,0.02,0.1469808458243122,18.728477504020027,3.793146667546677,14.935497082288437,81.27152249597998,926,8441922.031303,965570.723745,310130.115244,655440.6084904956,7476351.307558,19848297676.804672,0.09885627850971923,0.02,0.08482238435992136,11.437806700472041,3.6736908264969106,7.7641158738507,88.56219329952796,139,406034.617448,70315.066725,42386.022462,27945.06672411345,335719.550723,859872603.624326,0.030681942446043168,0.01,0.07920885003963718,17.317505380930996,10.439016931217273,6.882434532245842,82.682494619069,38.0,789849.894133,769128.639795,13060.0,756068.639794435,20721.254338,1573747959.62981,0.8698684210526316,1.0,0.9679604193575005,97.37655793943667,1.653478730200459,95.72307920916468,2.6234420605633226
460,1079,9592459.210466,1807976.678077,358546.785662,1449429.8924079658,7784482.532389,22288182249.10126,0.11556934559777571,0.02,0.14691274197750148,18.847895397922354,3.7377983872040033,15.11009701064502,81.15210460207766,918,8411409.88612,969631.184241,308221.785662,661409.398570996,7441778.701879,19865565978.458065,0.09460112625272331,0.02,0.08481537388560322,11.527570257169687,3.664329640749156,7.863240616325376,88.4724297428303,123,385776.744681,62925.541985,37265.0,25660.54198573992,322851.202696,842884517.231837,0.03890642276422764,0.01,0.07128550269047278,16.311388089770247,9.659732089557275,6.651656000404768,83.68861191022975,38.0,795272.579665,775419.951851,13060.0,762359.95185123,19852.627814,1579731753.411359,0.8702631578947368,1.0,0.9681562152397623,97.50367002187316,1.6422042371310457,95.86146578477106,2.4963299781268335
461,1083,9519573.129231,1807127.355023,360152.777505,1446974.5775060132,7712445.774208,22280401942.565067,0.1144852298245614,0.02,0.14754542580719443,18.98328139813325,3.783287050961428,15.199994347045905,81.01671860186674,906,8273967.460265,940960.11599,305977.777505,634982.3384779552,7333007.344275,19788128255.917027,0.09661039061810155,0.02,0.08558704661481237,11.372538271498867,3.698078086171251,7.674460185242473,88.62746172850112,140,420941.301072,70927.1885,41455.0,29472.18849564302,350014.112572,910491257.135496,0.0382035,0.01,0.07056391956403747,16.849662487233168,9.848166453238886,7.001496032959223,83.15033751276684,37.0,824664.367894,795240.050533,12720.0,782520.0505324149,29424.317360999998,1581782429.512546,0.8408108108108108,1.0,0.9669573235500076,96.43196450500913,1.5424456900549621,94.88951881488322,3.5680354949908684
462,1094,9575731.261539,1738533.707793,363477.323085,1375056.384713509,7837197.553746,22332684518.669765,0.11594426316270567,0.02,0.14758419757307734,18.15562342247254,3.795817918835186,14.359805503694886,81.84437657752747,919,8389771.272856,963395.443291,309077.323085,654318.1202150637,7426375.829565,19781573604.29042,0.0971751184983678,0.02,0.08581330045560526,11.482976257147069,3.6839779421040824,7.798998315151019,88.51702374285291,136,459121.221147,72119.817297,41000.0,31119.81729411019,387001.40385,969193207.568604,0.039809485294117646,0.01625,0.06925964248148368,15.708229978310872,8.930103447967776,6.778126529713674,84.29177002168913,39.0,726838.767536,703018.447205,13400.0,689618.447204335,23820.320331,1581917706.810741,0.8237179487179487,1.0,0.9680043554139444,96.72275043724602,1.8436000662741623,94.87915037088037,3.2772495627539833
463,1085,9308382.260245,1733106.846543,364312.192774,1368794.6537699928,7575275.413702,22021161584.41034,0.11804848285714287,0.02,0.1471692639905929,18.618776046025683,3.913807819538464,14.704968226497886,81.38122395397433,914,8106823.230917,937995.277039,310757.192774,627238.0842662888,7168827.953878,19460201659.528435,0.09491292549234136,0.02,0.08449346369307485,11.570441963774002,3.8332794970644604,7.73716246672544,88.429558036226,127,438142.724498,52119.374965,38625.0,13494.3749651339,386023.349533,944724302.07772,0.033166850393700785,0.0115,0.0344343913786554,11.895524460600262,8.815620536493997,3.079903924136825,88.10447553939973,44.0,763416.30483,742992.1945389999,14930.0,728062.19453857,20424.110290999997,1616235622.804184,0.8436363636363636,1.0,0.9677099500752246,97.32464316497035,1.9556826210732636,95.36896054384079,2.675356835029624
464,1082,9443102.902706,1746888.142351,368989.722173,1377898.4201830453,7696214.760355,22185165966.244637,0.11775277624768947,0.02,0.14653955294686774,18.499090398034472,3.907505043360937,14.591585354726963,81.50090960196555,892,8205005.386025,935434.096148,310679.722173,624754.3739783175,7269571.289877,19606057424.74631,0.09754541917040359,0.02,0.08438493180726588,11.400773700176456,3.7864657919927582,7.614307908224132,88.59922629982354,148,465989.93425,57425.510345,44060.0,13365.51034682778,408564.42390500003,963713623.804932,0.02910804054054054,0.01075,0.03378743869826522,12.323337077532594,9.455139856381994,2.868197221542834,87.67666292246741,42.0,772107.582431,754028.535858,14250.0,739778.5358579,18079.046573,1615394917.693395,0.8592857142857143,1.0,0.9681762966019518,97.65848089251014,1.8455977281214515,95.81288316437573,2.3415191074898747
465,1076,9502784.011465,1746228.334954,364231.145045,1381998.7251451619,7756555.676511,22507175449.03705,0.11981413001858737,0.02,0.1453417996805124,18.375965746955796,3.8328888103271557,14.543093092274814,81.62403425304421,899,8246248.776954,917723.27708,310424.609822,607298.6672714454,7328525.499874,19933629694.59695,0.0954839976640712,0.02,0.08414656184607741,11.12897878663065,3.7644342078249147,7.364544578968784,88.87102121336936,130,455028.609662,53182.553644,38195.0,14987.55364343885,401846.056018,960096006.6526769,0.030556846153846157,0.01,0.03404201322141026,11.687738422316908,8.393977694802892,3.293760727390694,88.31226157768309,47.0,801506.624849,775322.50423,15611.535223,759712.5042302775,26184.120619,1613449747.787421,0.8320744680851064,1.0,0.9676182247160283,96.73313734319625,1.9477736975587867,94.7855551878194,3.2668626568037364
466,1071,9497330.931431,1732368.03149,363157.290333,1369210.741159504,7764962.899941,22506134694.35821,0.11995481223155928,0.02,0.14473170196496113,18.240577737022978,3.823782628560904,14.416795108488442,81.75942226297704,907,8312498.390753,929208.029657,313352.290333,615855.7393235206,7383290.361096,19996793092.039017,0.09650288191841234,0.02,0.08321671264204777,11.178444626114704,3.76965234280923,7.408792283299706,88.8215553738853,119,406728.039506,46475.803061,34535.0,11940.80306321596,360252.236445,891520289.221358,0.024041932773109245,0.01,0.03276755081281164,11.426751673537963,8.490931690361256,2.9358199837215335,88.57324832646204,45.0,778104.501172,756684.198772,15270.0,741414.1987727676,21420.302399999997,1617821313.097839,0.8462777777777778,1.0,0.9667760249071009,97.24711753141948,1.9624613373910513,95.28465619412707,2.752882468580533
467,1071,9612355.523845,1807407.968805,356052.996379,1451354.972440259,7804947.55504,22584955597.569942,0.11856396255835668,0.02,0.14487459834512403,18.802966289807244,3.7041180540581657,15.098848235897421,81.19703371019276,895,8389528.800612,964501.926831,302037.996379,662463.9304663019,7425026.873781,20057481875.425713,0.09550225016759777,0.02,0.08359978902196283,11.49649699945772,3.600178312242839,7.896318687385355,88.50350300054227,130,403796.003795,48698.200755,38405.0,10293.2007536772,355097.80304,902619442.992569,0.026019153846153848,0.0155,0.02923691499632413,12.060099727911918,9.510990608886146,2.549109118698181,87.93990027208808,46.0,819030.719438,794207.841219,15610.0,778597.84122028,24822.878219000002,1624854279.151661,0.8288043478260869,1.0,0.9654990788670857,96.96923721786249,1.9059114181591654,95.06332579985961,3.030762782137511
468,1078,9658629.177598,1809749.17155,373508.738414,1436240.4331448625,7848880.006048,22582360700.09717,0.11864443775510204,0.02,0.14540985942839038,18.737122403948277,3.867098855811832,14.870023548228204,81.26287759605174,902,8415722.441941,954370.995363,319963.738414,634407.2569559491,7461351.446578,20067971438.5754,0.0958795054323725,0.02,0.08378720580601673,11.340333547679169,3.8019758924012668,7.538357655360478,88.65966645232082,130,410567.565076,48870.027233,38445.0,10425.02723444087,361697.53784299997,884233357.848593,0.025637615384615384,0.015,0.029633110224407625,11.903041396841392,9.36386682004056,2.539174577151777,88.0969586031586,46.0,832339.170581,806508.148954,15100.0,791408.1489544725,25831.021627,1630155903.673179,0.8278804347826088,1.0,0.9668130844544697,96.89657503335218,1.814164289475852,95.08241074393311,3.1034249666478027
469,1087,9584191.876439,1774268.286253,379114.375759,1395153.9104889804,7809923.590186,22560418637.67953,0.11829485179392824,0.02,0.14577010940724025,18.512445380133897,3.9556217221713195,14.556823657910206,81.4875546198661,911,8379138.517147,960670.684964,324838.375759,635832.3091976416,7418467.832183,20037598080.94444,0.09488870900109769,0.02,0.0840617546376048,11.465029286699242,3.8767514714579963,7.588277815153425,88.53497071330075,130,414964.29127600003,50958.18166,38836.0,12122.18166264876,364006.10961600003,888185651.60992,0.023579923076923075,0.01,0.029340144848064242,12.28013656387287,9.35887757488258,2.9212589896286003,87.71986343612713,46.0,790089.068016,762639.419629,15440.0,747199.41962869,27449.648387,1634634905.125175,0.8495108695652174,1.0,0.9654630150512638,96.52575266533823,1.9542100536552833,94.5715426116437,3.474247334661783
470,1099,9591998.409784,1758703.277668,374377.641124,1384325.6365301188,7833295.132116,22608461183.075314,0.11741292438580528,0.02,0.14629764472231402,18.335108102958948,3.903020258449256,14.432087844364979,81.66489189704104,922,8409225.306007,947024.138226,319852.641124,627171.4970888348,7462201.167781,20053443978.204777,0.09375619728850326,0.02,0.0839200666908403,11.261728682064303,3.8035922392936508,7.458136442614095,88.7382713179357,132,393830.992021,50244.711682,39595.0,10649.71168179408,343586.280339,903014835.383855,0.026390833333333332,0.015,0.029487011726100798,12.757937465551425,10.053805008288606,2.7041324572105316,87.24206253444858,45.0,788942.111756,761434.42776,14930.0,746504.42775949,27507.683996,1652002369.486681,0.8691111111111111,1.0,0.9673418672544354,96.51334570862565,1.8924075388458255,94.62093816971519,3.486654291374351
471,1094,9535587.524907,1811833.869428,373786.992791,1438046.8766270329,7723753.655479,22604676119.55797,0.11343199625228519,0.02,0.14612425431961165,19.000757579912943,3.9199157033026713,15.08084187650575,80.99924242008704,910,8325345.877197,969736.342316,317151.992791,652584.349511031,7355609.534881,20036138418.48987,0.08962891637362638,0.02,0.08360266278853709,11.648000655109039,3.8094752754918524,7.838525379449397,88.35199934489097,139,408192.00497199997,65119.577224,41535.0,23584.57722716186,343072.427748,951397932.338069,0.03210280575539569,0.01,0.06842609519697611,15.95317312216022,10.17535853080932,5.7778145921255,84.04682687783979,45.0,802049.642738,776977.949888,15100.0,761877.94988884,25071.69285,1617139768.7300289,0.846,1.0,0.9664696293136718,96.87404725168739,1.8826764822751265,94.99137076951698,3.1259527483126126
472,1052,9340176.158055,1746900.597691,367095.109167,1379805.4885336196,7593275.560364,22413647641.35361,0.11992540294676807,0.02,0.14425456565831998,18.70307977204977,3.9302803604021523,14.77279941175061,81.29692022795024,882,8201548.456734,972844.559803,315653.060399,657191.4994122065,7228703.896931,20026812921.091057,0.09742895,0.02,0.08703471307026923,11.861718124755233,3.848700791858743,8.013017332996549,88.13828187524477,130,402719.095166,66914.11047700001,37702.048768,29212.06171000318,335804.984689,907528224.960089,0.032032230769230764,0.015,0.07041101945091743,16.615579266093192,9.361872635430732,7.2537066309115605,83.38442073390681,40.0,735908.606155,707141.927411,13740.0,693401.92741141,28766.678744,1479306495.302464,0.9016249999999999,1.0,0.9641971464685669,96.09099846048804,1.8670796733563442,94.2239187871874,3.9090015395119657
473,1076,9353280.044462,1776252.651422,360706.551772,1415546.099660599,7577027.39304,22397677634.46287,0.12052715975836431,0.02,0.14689262669657402,18.990692494807796,3.856471206435986,15.134221288485126,81.00930750519223,901,8200837.140828,980352.838998,307536.551772,672816.2872325433,7220484.30183,19935210163.425934,0.09681857258601553,0.02,0.0878043195872875,11.954302007990107,3.7500629081014702,8.204239099968422,88.04569799200989,133,397067.674678,68853.371235,39090.0,29763.37123985551,328214.303443,932919180.808947,0.04044127819548872,0.015,0.06917892936602366,17.340462501974326,9.844669433667658,7.495793069529512,82.65953749802568,42.0,755375.228956,727046.441189,14080.0,712966.4411882,28328.787766999998,1529548290.227989,0.8827380952380953,1.0,0.964414000336596,96.24970654569213,1.8639742819551937,94.38573226363103,3.750293454307876
474,1069,9275968.763622,1712453.482958,366067.61191,1346385.8710510388,7563515.280664,22354924469.98091,0.11867691665107577,0.02,0.14791354283555058,18.461182078079098,3.946408415535253,14.514773662576605,81.5388179219209,901,8120450.380942,948630.086178,314872.61191,633757.4742709084,7171820.294764,19898521000.70956,0.09521557591564928,0.02,0.08857542532626833,11.681988580391469,3.8775264565248615,7.8044621239024226,88.31801141960854,126,431004.321248,69059.894266,37285.0,31774.894266230513,361944.426982,923293109.907503,0.03175706349206349,0.015,0.06992392038268756,16.023016675571313,8.650725331950024,7.372291343674772,83.97698332442867,42.0,724514.061432,694763.502514,13910.0,680853.5025139,29750.558918,1533110359.363847,0.8827380952380953,1.0,0.9650419711998721,95.8937223579625,1.91990752705433,93.97381483089437,4.106277642037492
475,1056,9391461.653692,1762206.24235,369543.236022,1392663.006342313,7629255.411342,22358146251.733223,0.12064889668560606,0.02,0.14627516680148492,18.76391883746058,3.934885214344926,14.829033623268058,81.23608116253942,889,8246445.203608,995359.560318,319918.236022,675441.3243093346,7251085.64329,19942866985.99537,0.09724695714285715,0.02,0.08819995264970648,12.07016521352144,3.8794684027249557,8.190696810958185,87.92983478647857,126,417340.101998,66074.903439,35885.0,30189.90343945347,351265.198559,910204611.76024,0.03887055555555555,0.015,0.07061871639419458,15.83238781096494,8.598502714740787,7.233885096332809,84.16761218903505,41.0,727676.348086,700771.778593,13740.0,687031.778593525,26904.569493,1505074653.977613,0.879390243902439,1.0,0.9615497565631237,96.30267363179156,1.8882020882141064,94.4144715436496,3.6973263682084525
476,1067,9256528.64459,1707901.743167,368097.32106,1339804.4221029556,7548626.901423,22390287386.76173,0.11772965782567947,0.02,0.14783984315716606,18.450780079043856,3.976623799194262,14.474156279805902,81.54921992095613,895,8156218.643524,965143.068995,316562.32106,648580.7479342624,7191075.574529,19950457430.263184,0.09539546916201116,0.02,0.08860441380280488,11.833217219615847,3.8812387810538773,7.951978438552926,88.16678278038414,131,401859.952323,66497.68682,37455.0,29042.6868165831,335362.265503,900256198.232415,0.024302290076335876,0.0115,0.06894085413965367,16.547477905076654,9.320411198848467,7.227066705377916,83.45252209492334,41.0,698450.048743,676260.987352,14080.0,662180.98735211,22189.061391,1539573758.266131,0.9037804878048781,1.0,0.9615736502374701,96.82309974336265,2.0158921923392756,94.80720755103913,3.176900256637341
477,1066,9142016.201881,1633274.813998,369545.989389,1263728.8246133279,7508741.387883,22187550771.750732,0.11962018283302064,0.02,0.14178917451608583,17.86558651757747,4.04228105954313,13.82330545808168,82.13441348242252,901,8069125.564246,903766.430769,319930.274541,583836.1562292258,7165359.133477,19869844213.840057,0.09766839611542731,0.02,0.08396611394437796,11.200301985305025,3.964869204150191,7.235432781170024,88.79969801469497,124,375925.675018,57413.282194,35875.714848,21537.56734878208,318512.392824,840625593.450974,0.027466854838709677,0.01895,0.07195000609784376,15.272508905184768,9.543299974464954,5.729208931459874,84.72749109481522,41.0,696964.962617,672095.101035,13740.0,658355.10103532,24869.861582,1477080964.459698,0.8807317073170732,1.0,0.9593772600593348,96.43169127345838,1.971404695640415,94.46028657786387,3.5683087265416273
478,1083,9284744.788615,1706476.476934,374470.639801,1332005.837136293,7578268.311681,22270049799.388786,0.11723159270544782,0.02,0.14345691039749398,18.379357922971558,4.033181830266113,14.346176092740915,81.62064207702844,905,8132150.198652,950987.247186,321104.639801,629882.6073869825,7181162.951466,19833376363.81298,0.09529428165745855,0.02,0.08675992245794374,11.694167273787409,3.9485822563167474,7.745585017495041,88.30583272621259,136,442768.691079,71527.747846,39456.0,32071.747847560568,371240.943233,967125139.172545,0.03415801470588235,0.019995,0.06860628745910118,16.15465349902932,8.9111991870627,7.24345431231908,83.84534650097068,42.0,709825.898884,683961.481902,13910.0,670051.48190175,25864.416982,1469548296.403264,0.8589285714285715,1.0,0.957913041274916,96.35623086975772,1.9596354573522226,94.39659541237026,3.643769130242284
479,1103,9358201.833172,1773907.284966,386009.879365,1387898.704136306,7584294.548206,22396360067.9366,0.11987717579329103,0.02,0.1471495598581786,18.955642511128946,4.1248296013098535,14.830826785725268,81.04435748887106,919,8210395.046174,1003915.364156,330998.580852,672916.783320868,7206479.682018,19951025613.972313,0.09917391175190424,0.02,0.08871491540784163,12.227369797800645,4.0314574267196015,8.19591237128649,87.77263020219935,142,424220.72252,69918.498607,41270.0,28648.4986124478,354302.223913,924860135.583119,0.02830070422535211,0.018,0.07023094196723004,16.48163205975957,9.72842621992713,6.753205841116627,83.51836794024044,42.0,723586.064478,700073.4222029999,13741.298513,686333.42220299,23512.642275,1520474318.38117,0.8825,1.0,0.9606917792759408,96.7505396483883,1.899055162555275,94.85166394105664,3.2494603516116882
480,1069,9309313.626555,1722104.827796,364065.045701,1358381.0429119107,7587208.798759,22393631513.66913,0.11903147324602432,0.02,0.14708590915816036,18.498730377754836,3.910761419214596,14.591634758518632,81.50126962224518,894,8177719.093454,975204.338157,311285.045701,664260.5532727285,7202514.755297,19956575286.15474,0.09475676163310962,0.02,0.08810695794695164,11.92513862377126,3.8065020593599708,8.12280962064896,88.07486137622874,132,422291.74854500004,69180.120983,38530.0,30650.1209837872,353111.627562,905109524.483446,0.041038636363636354,0.0155,0.07297472232107667,16.382067900061767,9.124023884614024,7.2580440156341535,83.61793209993823,43.0,709302.784556,677720.368656,14250.0,663470.368655395,31582.4159,1531946703.030942,0.863139534883721,1.0,0.9591876740306046,95.54739998380668,2.009015093451244,93.53838489027015,4.452600016193302
481,1089,9319265.338277001,1741726.353722,374974.588192,1366832.134462041,7577538.984555,22397100861.750893,0.11456844343434344,0.02,0.14700029202373577,18.68952423286212,4.0236496610078,14.666736967430834,81.31047576713787,910,8197717.774436,991044.056521,321319.588192,669804.8372570982,7206673.717915,19976268551.223568,0.09246873065934065,0.02,0.08812417185734864,12.08926781562913,3.9196224733914637,8.170625723976945,87.91073218437087,136,404269.359991,66793.495776,39405.0,27388.49577952278,337475.864215,890351250.299939,0.03311389705882353,0.01675,0.07455551777947315,16.522027733560364,9.747214085400202,6.774813649031556,83.47797226643965,43.0,717278.20385,683888.801425,14250.0,669638.80142542,33389.402425,1530481060.227386,0.8398837209302326,1.0,0.9576124029894301,95.3449857745876,1.9866768463774502,93.35830892826871,4.655014225412392
482,1086,9334894.612577,1715406.860552,371653.13197,1343753.728595211,7619487.752025,22340536199.746563,0.11946504134438306,0.02,0.14802654769681212,18.37628523669474,3.9813318456672007,14.39495339116906,81.62371476330526,914,8250653.826805,969678.1433090001,319428.13197,650250.011351375,7280975.683496,20006423460.461227,0.09859042111597374,0.02,0.08882566093593036,11.752743039087123,3.871549318094418,7.881193721142693,88.24725696091288,131,373085.618418,64672.660861,38655.0,26017.66086116085,308412.957557,806175174.1622,0.02688847328244275,0.0185,0.07841881413798986,17.334536006837347,10.360892538262215,6.973643468618246,82.66546399316265,41.0,711155.167354,681056.056382,13570.0,667486.056382675,30099.110972000002,1527937565.1231341,0.8806097560975609,1.0,0.9599144577881268,95.76757473562485,1.9081630314928308,93.85941170422694,4.23242526437514
483,1082,9346932.164788,1726555.7051269999,371767.272369,1354788.432757342,7620376.459661,22412943499.844055,0.11785160341959335,0.02,0.1471724784931568,18.471897245936205,3.9774255960638194,14.494471649865345,81.5281027540638,904,8284112.66494,1005432.53931,318012.272369,687420.2669366018,7278680.12563,20058714495.900368,0.09745856736725664,0.02,0.09109180731491112,12.1368766936885,3.8388211898045608,8.298055503830847,87.8631233063115,135,372361.01368000003,66335.014643,39505.0,26830.0146450953,306025.999037,866273614.935968,0.031614,0.0175,0.07600305255154559,17.81470460277752,10.609327654787686,7.205376948552542,82.18529539722248,43.0,690458.486168,654788.151174,14250.0,640538.151175645,35670.334994000004,1487955389.007718,0.8173255813953489,1.0,0.944614644133313,94.83381901901618,2.0638460219508024,92.76997299730361,5.1661809809838175
484,1072,9298628.711801,1770314.880064,371897.725464,1398417.154595306,7528313.8317370005,22334072420.390396,0.11664721539179104,0.02,0.14889626294663433,19.038451097819102,3.9994899999826883,15.038961097785936,80.96154890218091,899,8161301.444722,1004668.554415,319672.725464,684995.8289419892,7156632.890307,19901948336.028156,0.09428211890989989,0.02,0.0900009318542697,12.31015128187343,3.916933195388044,8.393218086374977,87.68984871812657,128,385688.652827,63253.227491,37465.0,25788.22749471673,322435.425336,876663785.262505,0.032353046875,0.0165,0.0755382950998642,16.400074782436526,9.713793684463116,6.686281098937073,83.59992521756347,45.0,751638.614252,702393.098158,14760.0,687633.0981586,49245.516094,1555460299.099733,0.8032222222222223,1.0,0.9438005823438278,93.44824558501334,1.9637096498413067,91.48453593525186,6.551754414986664
485,1076,9151109.118174,1694084.994545,366344.316833,1327740.6777235675,7457024.123629,22353054577.296684,0.11647865697026023,0.02,0.14872057722699203,18.51234612841154,4.003277767778381,14.509068360759567,81.48765387158846,904,8004822.767912,913632.689237,315049.316833,598583.3724123247,7091190.078675,19919651977.679005,0.09518998329646018,0.02,0.08975411872394841,11.413528015877787,3.935743813041076,7.477784202940708,88.58647198412221,129,387232.064292,65042.806903,37385.0,27657.806905815178,322189.257389,875428229.807027,0.0323006976744186,0.015,0.07564699873546431,16.796854625642048,9.654417453356626,7.142437173012424,83.20314537435793,43.0,759054.28597,715409.498405,13910.0,701499.4984054274,43644.787565,1557974369.810656,0.8165697674418604,1.0,0.9437028498505837,94.25010985752803,1.8325435027646708,92.41756635481968,5.749890142471966
486,1083,9168196.064736,1703052.101266,369920.432991,1333131.6682679998,7465143.96347,22300127011.23338,0.11655349482917822,0.02,0.14941880582579492,18.57565097038574,4.03482244902942,14.540828521279966,81.42434902961426,907,8053457.20062,934191.11506,317355.432991,616835.6820629099,7119266.0855600005,19873419540.84443,0.09586664266813671,0.02,0.09030764894322657,11.599876820455204,3.940611157237766,7.6592656631418174,88.40012317954479,134,372926.449387,61893.412672,38825.0,23068.41267229734,311033.036715,866765812.107363,0.031148432835820895,0.015,0.07636709532358148,16.59668086662602,10.410900075287987,6.185780791417765,83.40331913337397,42.0,741812.4147290001,706967.573534,13740.0,693227.5735327925,34844.841195,1559941658.281586,0.8357738095238095,1.0,0.9430764012098877,95.30274224276367,1.8522202819993943,93.4505219606015,4.697257757236318
487,1085,9068158.651971,1724639.496829,383158.684392,1341480.8124462722,7343519.155142,22331933853.00613,0.11788416119815669,0.02,0.14921383011399109,19.018629503732193,4.225319594609419,14.793309909225025,80.98137049626781,899,7952022.068966,978381.124982,327583.684392,650797.4405949663,6973640.943984,19885980149.07745,0.09838901546162403,0.02,0.09022706857882538,12.303551430022864,4.119501700962905,8.18404972912241,87.69644856997714,144,394788.60159,68178.025894,42005.0,26173.0258991585,326610.575696,886497580.738432,0.029757569444444448,0.015,0.07455525824503813,17.269502113134706,10.639871523855057,6.629630590586297,82.73049788686531,42.0,721347.981415,678080.345953,13570.0,664510.3459521475,43267.635462,1559456123.190249,0.8373214285714285,1.0,0.9438461341988333,94.00183592707559,1.8812002458759247,92.12063568108148,5.998164072924412
488,1090,9123747.825629,1732477.230923,370128.041628,1362349.1892900167,7391270.594706,22349090226.062878,0.12036379348623852,0.02,0.14948309870315674,18.98865755645281,4.056754402925237,14.931903153472954,81.01134244354719,910,8024251.822846,984656.877067,316482.736625,668174.1404362763,7039594.945779,19906140219.775078,0.09971818120879121,0.02,0.0902439120669154,12.271011663212821,3.9440778232300238,8.326933839911467,87.72898833678718,141,384524.722789,66899.292921,40585.305003,26313.987919080406,317625.429868,886612939.261483,0.031191418439716314,0.016,0.07391401857015033,17.39791720952871,10.554667254846537,6.843249954963146,82.60208279047127,39.0,714971.279994,680921.060935,13060.0,667861.06093466,34050.219058999995,1556337067.026314,0.9244871794871795,1.0,0.9502248572488242,95.23754030241805,1.8266467990308084,93.4108935033397,4.762459697581942
489,1084,9142492.506126,1752730.846913,369615.303126,1383115.5438004676,7389761.659213,22358657920.83028,0.11979689566420665,0.02,0.149846491357991,19.17125822896293,4.0428286146074095,15.128429614502828,80.82874177103707,895,7967611.186402,973752.075349,312800.303126,660951.7722369804,6993859.111053,19860043045.955887,0.0987839607821229,0.02,0.0902440877724444,12.221380443499344,3.9258981871485346,8.295482256526274,87.77861955650067,146,430192.54650500003,68583.308256,42565.0,26018.30825456733,361609.238249,922084867.159159,0.029645136986301373,0.01,0.07197504272482401,15.942467811957517,9.894406666458893,6.048061145165593,84.05753218804247,43.0,744688.773219,710395.463308,14250.0,696145.46330892,34293.309911000004,1576530007.715237,0.8632558139534883,1.0,0.9462223161602894,95.39494737341569,1.9135510715977082,93.48139630194153,4.605052626584306
490,1090,9077045.96842,1764888.050699,373933.865754,1390954.184956519,7312157.917721,22437659234.442013,0.12155599532110092,0.02,0.14927646912576736,19.44341867210138,4.119554611213332,15.32386406101495,80.5565813278986,909,7934077.224387,983742.197111,319479.69286,664262.5042628197,6950335.027276,19940778692.105045,0.09997771716171618,0.02,0.08997963580695709,12.398949106359442,4.02667737941867,8.372271727089746,87.60105089364055,138,393226.930997,66581.904103,40204.172894,26377.73120931929,326645.026894,927710714.239696,0.03254557971014493,0.015,0.07189552715663547,16.932183137656956,10.224165672494777,6.708017465243378,83.06781686234304,43.0,749741.813036,714563.949485,14250.0,700313.94948438,35177.863551,1569169828.097272,0.8633720930232558,1.0,0.9485603559543716,95.3080029765779,1.9006542988840567,93.40734867761114,4.6919970234221
491,1103,8939221.247176,1711468.525697,371755.125829,1339713.3998617814,7227752.721479,22479900842.215466,0.1188595783318223,0.02,0.14866533248460614,19.14561099198291,4.158696999992495,14.986913991920847,80.85438900801708,906,7799208.990482,943621.576362,313230.125829,630391.4505274113,6855587.41412,19952119688.835606,0.0989225440397351,0.02,0.08932705236506035,12.098939488781197,4.016178130516311,8.08276135819323,87.90106051121882,153,412580.455744,69658.562767,43935.0,25723.56276715022,342921.892977,953927628.377889,0.028387516339869284,0.01,0.07039106591750066,16.883631252330115,10.64883209767479,6.234799154691735,83.1163687476699,44.0,727431.8009500001,698188.386568,14590.0,683598.38656722,29243.414382000003,1573853525.001972,0.8439772727272726,1.0,0.9483537612681123,95.97990982195043,2.0056863036433077,93.97422351819989,4.020090178049563
492,1063,9055977.894654,1715180.887234,366493.881468,1348687.0057614327,7340797.00742,22464646568.130146,0.12489081364063971,0.02,0.14887398329019683,18.939764508993775,4.046982951276325,14.892781557667018,81.06023549100621,895,7927230.826446,967280.105235,316648.881468,650631.2237634091,6959950.721211,19950987822.430584,0.10234474290502794,0.02,0.08942889697743008,12.201992428529532,3.9944450767300617,8.207547351754172,87.79800757147048,127,410923.317714,64770.047679,36105.0,28665.0476794686,346153.270035,939169287.539914,0.032207795275590555,0.02,0.06927166116138225,15.762076496247785,8.78631083795757,6.975765658404249,84.23792350375221,41.0,717823.750494,683130.73432,13740.0,669390.734318555,34693.016174000004,1574489458.159649,0.9041463414634147,1.0,0.9496086231798907,95.16691720633031,1.9141188892878302,93.25279831684117,4.833082793669695
493,1080,8953018.204336,1677522.742791,365945.319627,1311577.4231636,7275495.461545,22399746321.88226,0.12377679157407408,0.02,0.14924757296159788,18.736952215494945,4.087396130276721,14.649556085213758,81.26304778450505,901,7863795.471462,948001.274562,312482.299662,635518.9748963519,6915794.1969,19944710470.97577,0.10268639833518313,0.02,0.08930001758819085,12.055263619232354,3.9736829473249857,8.081580671860978,87.94473638076764,135,387648.671158,63782.757243,38873.019965,24909.73728118819,323865.913915,875790485.757597,0.029840666666666665,0.015,0.07407689673593355,16.453753614701046,10.027899708485242,6.425853907038246,83.54624638529896,44.0,701574.061716,665738.710986,14590.0,651148.71098606,35835.350730000006,1579245365.148893,0.8438636363636364,1.0,0.9480280704385432,94.89214999734322,2.079609380699438,92.81254061665233,5.107850002656783
494,1084,9083424.679108,1750505.863317,368383.577604,1382122.285718636,7332918.815791,22505985939.170387,0.11966027204797049,0.02,0.14869980160832144,19.271430381794076,4.055558235114639,15.215872146741482,80.72856961820592,893,7936489.265081,969214.162948,312038.577604,657175.5853503142,6967275.102133,20002921020.935974,0.10118056539753639,0.02,0.08980374117321062,12.212127183392697,3.9316953275160174,8.280431855956238,87.78787281660732,150,406587.764258,71246.415968,42775.0,28471.41596747684,335341.34829,934703204.173225,0.021649933333333333,0.01,0.0670265600030054,17.523010338990584,10.520483831593404,7.002526507268507,82.47698966100941,41.0,740347.649769,710045.284401,13570.0,696475.284400845,30302.365368,1568361714.061186,0.8807317073170732,1.0,0.9485366470916318,95.90700863608403,1.8329226822336846,94.0740859538294,4.092991363915967
495,1083,9002831.995469,1723040.877126,365640.186361,1357400.6907685702,7279791.118343,22511710868.19083,0.12207094635272392,0.02,0.150812140016663,19.13887627796656,4.061390755098191,15.077485522908024,80.86112372203344,902,7858977.180357,939787.304241,311365.186361,628422.1178841335,6919189.876116,20006528243.788338,0.10087798769401331,0.02,0.08951901984678001,11.958137588055822,3.961904701024415,7.996232887084003,88.04186241194418,140,404543.905624,76622.481877,40535.0,36087.48187597684,327921.423747,928227685.976087,0.03668492857142857,0.015,0.11562745665023348,18.940461297720333,10.019926004688084,8.920535292779332,81.05953870227967,41.0,739310.909488,706631.091008,13740.0,692891.09100846,32679.81848,1576954938.426407,0.8798780487804879,1.0,0.9491367505524189,95.57969210779915,1.8584873865198952,93.72120472134148,4.420307892200857
496,1109,8970431.110013,1695381.959115,375713.845321,1319668.1137936725,7275049.150898,22472943329.025387,0.11989940027051398,0.02,0.15104704329312363,18.899670911273994,4.1883588504639375,14.711312060806407,81.100329088726,919,7879452.213824,955075.621807,318688.845321,636386.7764829533,6924376.592017,19971430002.503315,0.09960744820457018,0.02,0.08945935668119602,12.121091617655606,4.044555848208338,8.076535769408602,87.87890838234439,146,394137.504615,82727.990587,42605.0,40122.99058809678,311409.514028,918164897.942463,0.036175958904109594,0.015,0.11626857102259869,20.989626619727563,10.809679236594667,10.179947383411173,79.01037338027244,44.0,696841.391574,657578.346721,14420.0,643158.3467226225,39263.044853,1583348428.579608,0.8215340909090909,1.0,0.9480456835489104,94.36556936373799,2.0693374667983813,92.29623189717245,5.634430636262014
497,1067,9005185.625749,1739438.171547,365609.348956,1373828.822582164,7265747.454202,22400378172.53243,0.12404380028116214,0.02,0.1508142819860417,19.31596131203929,4.059986813715356,15.255974498225813,80.68403868796071,900,7884346.192428,951892.114991,316314.348956,635577.7660277198,6932454.077437,19963140470.87627,0.10145982766666667,0.02,0.08933139104532732,12.07319023998695,4.011928715912846,8.061261523981766,87.92680976001304,125,375151.212553,84514.309688,35385.0,49129.30968696437,290636.902865,831074827.773878,0.03912712,0.015,0.12497014579713214,22.52806518013323,9.432196622582136,13.095868557275036,77.47193481986677,42.0,745688.220768,703031.746868,13910.0,689121.74686748,42656.473900000005,1606162873.882282,0.8607142857142857,1.0,0.9283630721772549,94.27958324779931,1.865390871492351,92.41419237623721,5.720416752200699
498,1081,8969477.590049,1744316.194116,363368.549449,1380947.6446878358,7225161.395933,22489208377.90753,0.1221470258094357,0.02,0.1512240790967886,19.44724401843866,4.051167370685352,15.396076647985602,80.55275598156135,897,7827253.656835,952108.092128,308473.549449,643634.5426964224,6875145.564707,19968434396.86336,0.10107797647714604,0.02,0.08904358774040076,12.16401223047869,3.941018944488037,8.22299328621324,87.83598776952131,142,396013.000734,95984.516662,40815.0,55169.51666553833,300028.484072,910520950.615266,0.03707035211267606,0.01675,0.13824657414041427,24.2377185809797,10.306479818680305,13.931238763192885,75.76228141902031,42.0,746210.93248,696223.585326,14080.0,682143.585325875,49987.347154,1610253030.428905,0.8597619047619047,1.0,0.9296504064364,93.30117732423604,1.8868659499808889,91.4143113742384,6.69882267576397
499,1074,8979199.663091,1719417.012319,360458.885659,1358958.126659422,7259782.650772,22522554440.261612,0.12476110325884544,0.02,0.15034383672178783,19.148889398090382,4.014376550069003,15.134512848014944,80.85111060190961,897,7853656.16995,952222.780988,306950.13892,645272.6420717217,6901433.388962,20008212542.228878,0.10340437558528427,0.02,0.08897069202382195,12.12457943640869,3.9083725118304256,8.216206924625654,87.8754205635913,135,390536.096747,84138.511914,39428.746739,44709.7651705603,306397.584833,902664510.345348,0.037997777777777776,0.015,0.11918047180690422,21.544362381566803,10.096056950285707,11.448305430144275,78.4556376184332,42.0,735007.396394,683055.719417,14080.0,668975.71941714,51951.676976999996,1611677387.687389,0.8597619047619047,1.0,0.9297163070620591,92.93181575697349,1.915626981317128,91.01618877567542,7.0681842430264945
500,1077,8989893.028649,1752523.623494,372244.232148,1380279.3913493378,7237369.405155,22551027809.20721,0.12237439637883009,0.02,0.14935280267742157,19.494376828612488,4.140697013431992,15.353679815217621,80.50562317138751,908,7860133.404669,976408.585376,322276.648825,654131.9365551042,6883724.819293,20046891168.636993,0.10007183359030837,0.02,0.08777603503834733,12.422290247593041,4.100142227020783,8.322148020624473,87.57770975240696,125,385539.64697,77728.758934,35377.583323,42351.175609908496,307810.888036,891690664.471494,0.038356,0.015,0.12017311745006046,20.161028715173437,9.176120692394791,10.984908022495537,79.83897128482657,44.0,744219.97701,698386.279184,14590.0,683796.279184325,45833.697826,1612445976.098723,0.8213068181818183,1.0,0.9310484569628661,93.84137765151873,1.9604418654034537,91.88093578615894,6.158622348481266
501,1090,9008488.822822,1717581.7687600001,367746.448665,1349835.320105326,7290907.054062,22441613919.614838,0.12106480266055046,0.02,0.14761485817700862,19.0662585317162,4.082221290360658,14.984037241470165,80.93374146828378,914,7875703.480222,937692.2243390001,315451.448665,622240.7756823212,6938011.255883,19931813037.95701,0.0993472044857768,0.02,0.08595747954893011,11.906139263543839,4.005374878030681,7.900764385618814,88.09386073645616,134,364842.371586,85494.975088,38215.0,47279.97508993977,279347.396498,852623871.194681,0.03744246268656717,0.015,0.12348016206204576,23.433400763279295,10.474386468292108,12.959014295518855,76.5665992367207,42.0,767942.971014,694394.569333,14080.0,680314.5693330651,73548.401681,1657177010.463151,0.8604761904761905,1.0,0.9016207087094242,90.42267401915458,1.8334694803454767,88.58920453881758,9.577325980845416
502,1079,8725031.926104,1693675.992697,366822.402401,1326853.5902851745,7031355.933407,22388795202.619034,0.12233256246524561,0.02,0.14812886002289016,19.41168819829499,4.2042528383595,15.207435359811413,80.58831180170502,891,7587498.015109,919114.369518,310392.534599,608721.83490521,6668383.645591,19860213343.065327,0.10170947800224467,0.02,0.08590975274275936,12.11353686930482,4.0908417238583095,8.022695145264763,87.88646313069518,145,382445.062478,85721.985301,42009.867802,43712.11750243468,296723.077177,871022702.38276,0.03574958620689655,0.01,0.12190322565685228,22.41419584438513,10.984549657878405,11.429646187404813,77.58580415561487,43.0,755088.848517,688839.637878,14420.0,674419.63787753,66249.210639,1657559157.170947,0.8416279069767442,1.0,0.9073945924530248,91.22630260410892,1.9097090399786707,89.316593564068,8.773697395891084
503,1072,8835856.045588,1720487.124525,363200.019048,1357287.1054878163,7115368.921063,22379786857.160706,0.12230637583955224,0.02,0.1501040801389829,19.471651820132237,4.110524403907149,15.3611274163475,80.52834817986778,895,7719495.247622,963238.186889,310000.019048,653238.16785562,6756257.060733,19884992203.730793,0.10038206134078212,0.02,0.08849921281899155,12.477994428272064,4.015806851406455,8.462187577055,87.52200557172793,136,373365.315853,82765.337208,39290.0,43475.3372029362,290599.97864499997,848292231.298382,0.03776095588235294,0.015,0.12394678009531045,22.16738772826613,10.523205646522644,11.644182080387228,77.83261227173386,41.0,742995.482113,674483.600428,13910.0,660573.60042926,68511.881685,1646502422.131532,0.8813414634146342,1.0,0.9075893556079871,90.77896389219494,1.8721513568886639,88.90681253547586,9.221036107805059
504,1084,8703015.051548,1707388.687319,365345.099282,1342043.5880365167,6995626.364229,22326002706.592827,0.12302918348708486,0.02,0.15073178742737378,19.61835843332602,4.197914138009175,15.420444295311292,80.38164156667398,902,7585152.950169,948490.811624,310537.604844,637953.2067828564,6636662.138545,19820138182.799217,0.10212909634146342,0.02,0.08900363864638712,12.504570677152493,4.094019024851452,8.410551652338699,87.49542932284751,139,379942.533613,84314.32484,40217.494438,44096.83039802023,295628.208773,858671256.107653,0.03667762589928057,0.015,0.12187393380617798,22.191336157662324,10.585151932203658,11.606184224411201,77.80866384233767,43.0,737919.567766,674583.550855,14590.0,659993.55085564,63336.016911,1647193267.6859531,0.8405813953488372,1.0,0.9085298385198283,91.4169484483593,1.9771802561314653,89.43976819231456,8.583051551640699
505,1070,8757010.539393,1658734.034749,361044.898407,1297689.136354333,7098276.504644,22146471082.232117,0.12248489242990654,0.02,0.15128815388162906,18.941784154389936,4.12292410501114,14.818860049519634,81.05821584561006,899,7662672.67479,937176.984061,309891.396437,627285.5876362822,6725495.690729,19617687619.843052,0.10021684638487208,0.02,0.08900482228331068,12.230419121833153,4.044168524339228,8.18625059765421,87.76958087816685,126,388689.192903,75466.806845,36053.50197,39413.30487395335,313222.386058,878181961.753253,0.03802690476190476,0.01,0.11951963986009606,19.415720380945412,9.27566359659436,10.140056784081775,80.58427961905458,45.0,705648.6717,646090.243843,15100.0,630990.2438440975,59558.427857,1650601500.63581,0.8038333333333333,1.0,0.9084384888976352,91.55976192607068,2.1398750689379353,89.41988685728826,8.440238073929333
506,1073,8853981.916231,1683896.230858,360003.350818,1324062.8800313526,7170085.685373,22295425139.476624,0.12130581071761418,0.02,0.14980641676774858,19.018518975864453,4.066005038456727,14.954433977373483,80.98148102413553,886,7761586.484222,929079.121365,304033.350818,625215.770541949,6832507.362857,19728362482.53941,0.10005524255079007,0.02,0.08778393097798307,11.970221851597758,3.917154713614911,8.055257411779246,88.02977814840224,145,351161.486888,78445.963079,42060.0,36385.963076101274,272715.523809,916856684.233151,0.03665303448275862,0.015,0.11560068934743452,22.338999579421326,11.977395463476519,10.361604115119341,77.66100042057867,42.0,741233.945121,676371.146414,13910.0,662461.1464133025,64862.798707,1650205972.70406,0.861845238095238,1.0,0.9102956237584418,91.24934858502577,1.876600510750936,89.37274807418075,8.750651414974216
507,1034,8540779.655765,1540932.921227,351371.29673,1189561.6245028204,6999846.734538,22139111523.08874,0.11912806083172148,0.02,0.14588642635827218,18.042063878639873,4.114042404698093,13.928021474009928,81.95793612136012,866,7501571.784462,874020.531237,301296.29673,572724.2345078642,6627551.253225,19673135513.201786,0.09930961304849885,0.02,0.08745561696626969,11.651165333741897,4.016442225535651,7.6347231082177665,88.34883466625809,129,395134.684123,59753.819158,36675.0,23078.81916306115,335380.864965,919861281.457417,0.0238084496124031,0.015,0.06288583408683679,15.122392834388451,9.281645341106925,5.840747494562393,84.87760716561155,39.0,644073.18718,607158.570832,13400.0,593758.570831895,36914.616347999996,1546114728.429537,0.8744871794871794,1.0,0.9387553124393375,94.2685680629516,2.080508902826766,92.18805916010854,5.731431937048393
508,1024,8649839.285983,1585785.549425,349079.996657,1236705.5527585882,7064053.736558,22157333637.08882,0.12190149892578125,0.02,0.14772857460429295,18.333121541284054,4.035681879346377,14.297439661828864,81.66687845871594,861,7555267.390442,870603.952366,299649.996657,570953.9557021835,6684663.438076,19612602272.342274,0.09848901846689895,0.02,0.08709019328093273,11.523138856308139,3.9661071034505078,7.557031752767409,88.47686114369186,122,395106.883904,58890.888158,35690.0,23200.88815501473,336215.995746,943255738.7945809,0.04002532786885246,0.01,0.06513059735778665,14.905052419261025,9.03299877930542,5.872053639200046,85.09494758073896,41.0,699465.011637,656290.708901,13740.0,642550.70890139,43174.302736000005,1601475625.951968,0.8571951219512196,1.0,0.9389909896229586,93.82752503446075,1.9643584412955055,91.863166593221,6.172474965539246
509,1055,8695407.118094,1630070.254708,351725.419933,1278344.834775642,7065336.863386,22207399261.471684,0.11880268710900474,0.02,0.14770876857761928,18.746336227501505,4.044956321839211,14.701379905669679,81.2536637724985,878,7600770.964982,912872.873177,298250.419933,614622.4532471888,6687898.091805,19662561286.05495,0.09675312630979499,0.02,0.08682969571310754,12.010266818757666,3.923949574419341,8.086317244380279,87.98973318124233,137,400087.472457,63368.077373,39905.0,23463.077370233168,336719.395084,936062321.736765,0.03140576642335767,0.016,0.06447143574448612,15.838555749783087,9.974068859226492,5.86448688986504,84.16144425021692,40.0,694548.680655,653829.304158,13570.0,640259.30415822,40719.376497000005,1608775653.679967,0.9021250000000001,1.0,0.9402082257562839,94.13728977807585,1.9537867363310943,92.18350304177642,5.862710221924149
510,1058,8668694.198295,1636522.476643,358834.767471,1277687.7091660565,7032171.721652,22228288150.89331,0.12279086474480151,0.02,0.1466077139464438,18.878535096610964,4.139432759568072,14.73910233697433,81.12146490338905,880,7558533.526862,914294.462143,305459.341163,608835.1209768405,6644239.064719,19684936253.948925,0.10215846011363637,0.02,0.08694204549411226,12.096188485421436,4.041251389273317,8.054937096106318,87.90381151457855,137,412240.686275,67703.346418,39465.426308,28237.92010742586,344537.339857,958647649.901829,0.035826934306569344,0.01,0.06309552257622071,16.42325677015685,9.5733942868689,6.849862482663522,83.57674322984316,41.0,697919.985158,654524.668082,13910.0,640614.66808179,43395.317076,1584704247.042556,0.8562195121951218,1.0,0.9382845510407806,93.78219308819823,1.9930651501333576,91.78912793803478,6.217806911801768
511,1071,8607118.950491,1624088.042501,361409.337119,1262678.7053741,6983030.90799,22166895844.064404,0.11763261895424837,0.02,0.14422542790668347,18.869125102637888,4.1989583180836965,14.670166784462408,81.13087489736212,886,7496088.569809,865433.446013,304750.036709,560683.4092997739,6630655.123796,19680367732.66642,0.09653605519187358,0.02,0.08329840254360894,11.545133678097018,4.06545405475065,7.47967962328999,88.45486632190298,145,379634.100712,67814.773029,43089.30041,24725.472615491053,311819.327683,892611829.336579,0.03695579310344827,0.015,0.06873576984593475,17.86319324365595,11.350218626089292,6.51297461664236,82.13680675634406,40.0,731396.27997,690839.823459,13570.0,677269.823458835,40556.456511000004,1593916282.061402,0.877375,1.0,0.938777337585721,94.45492715485734,1.8553553486157472,92.59957180621903,5.545072845142653
512,1059,8607394.029157,1585396.700692,360816.641346,1224580.0593718737,7021997.328465,22238454923.21765,0.11820985354107648,0.02,0.14370637375602036,18.419009229989584,4.191938235007676,14.227070995282507,81.58099077001042,879,7530971.026442,859569.702346,307066.641346,552503.061021571,6671401.324096,19741888336.07434,0.09799720693970422,0.02,0.08292182197397743,11.41379643246487,4.077384447076718,7.336411985674583,88.58620356753512,137,355587.241299,47641.395909,39330.0,8311.39591448756,307945.84539000003,861400048.214566,0.021092627737226276,0.01,0.025123205092376363,13.397948625760769,11.06057682393865,2.3373718033653574,86.60205137423924,43.0,720835.761416,678185.602437,14420.0,663765.602435815,42650.158979,1635166538.928743,0.8408139534883721,1.0,0.9400468993497038,94.08323486958825,2.0004556893339402,92.08277918008991,5.916765130411761
513,1037,8706658.440201,1604112.981209,359316.028052,1244796.953148907,7102545.458992,22219245489.626225,0.11659598351012536,0.02,0.14487957595773587,18.423979672871695,4.126910806480481,14.297068866298263,81.5760203271283,883,7618005.694813,878345.086133,313411.028052,564934.0580780508,6739660.60868,19729886535.159233,0.09289065107587768,0.02,0.08384989366839156,11.52985599277057,4.114082354459217,7.41577363827264,88.47014400722942,115,375624.825327,57801.755932,32675.0,25126.75592749625,317823.069395,889851972.096472,0.03302252173913044,0.015,0.06873616956314668,15.388161813234976,8.698839319673505,6.689322492362471,84.61183818676503,39.0,713027.920061,667966.139144,13230.0,654736.13914336,45061.780917,1599506982.370516,0.8997435897435898,1.0,0.9400402605975785,93.68022209941724,1.8554673145012561,91.82475478482621,6.3197779005827615
514,1029,8634506.968976,1609515.778364,347976.276884,1261539.5014956652,7024991.190612,22115232829.283817,0.1209112098153547,0.02,0.1464270822894494,18.64050586961167,4.030065389191154,14.610440480601941,81.35949413038833,876,7539382.212072,874128.856424,302004.006383,572124.8500563801,6665253.355648,19621321295.697422,0.09774639828767123,0.02,0.08503267301392986,11.594170872838252,4.005686379706729,7.588484493335519,88.40582912716175,112,358764.875061,39911.467144,32062.270501,7849.196643815099,318853.407917,848428583.488565,0.024078482142857145,0.015,0.025332440870744363,11.124686366583111,8.936847704377001,2.187838662433305,88.87531363341688,41.0,736359.8818430001,695475.454796,13910.0,681565.45479547,40884.427047,1645482950.097828,0.8803658536585366,1.0,0.9409534462142259,94.44776554846085,1.8890219772953034,92.55874357109356,5.552234451539146
515,1057,8475613.336409999,1614203.260199,356256.872467,1257946.3877373838,6861410.076211,22091013690.183506,0.11856862336802271,0.02,0.14659161907698395,19.045267830525233,4.203316719706554,14.841951110882201,80.95473216947478,884,7392732.297858,870589.888653,305629.336773,564960.5518897267,6522142.409205,19577638103.81924,0.09748070690045249,0.02,0.08507071218484219,11.776293981390998,4.134186447702892,7.642107533819677,88.22370601860901,133,347097.13778,44777.019623,37227.535694,7549.48392388717,302320.118157,868178908.482535,0.02266233082706767,0.015,0.025072869713766228,12.90042894314529,10.72539403007001,2.175034911602252,87.09957105685471,40.0,735783.900772,698836.351923,13400.0,685436.35192377,36947.548849,1645196677.881732,0.9035,1.0,0.9428089247319128,94.97847821755356,1.8211868982102541,93.15729131944798,5.021521782446429
516,1060,8490344.9579,1602574.734511,362126.98042,1240447.7540950333,6887770.223389,22107970378.978012,0.11964088198113208,0.02,0.14604071071734834,18.875260574894007,4.265162160261252,14.610098414680259,81.12473942510599,886,7402866.902641,873216.9924250001,309549.353606,563667.6388167656,6529649.910216,19591370484.60561,0.09997815451467268,0.02,0.08498561007188402,11.795659761402392,4.181479387337994,7.614180374034215,88.2043402385976,133,358076.357212,47050.620827,39007.626814,8042.99401933003,311025.736385,879342988.699612,0.023204436090225565,0.015,0.024939499646005947,13.139828944121984,10.893661652982424,2.246167292907349,86.86017105587801,41.0,729401.698047,682307.121259,13570.0,668737.1212589375,47094.57678799999,1637256905.672791,0.8573780487804877,1.0,0.9416657547073151,93.54339633235055,1.8604289017059017,91.68296743063607,6.456603667649453
517,1061,8586246.40108,1610196.563148,356701.264055,1253495.2990919272,6976049.837932,22118525270.24213,0.11697722422243166,0.02,0.14566377047806578,18.7532070235658,4.15433295753233,14.598874066020976,81.24679297643421,892,7511940.205493,883509.219576,305930.099804,577579.1197767816,6628430.985917,19633313494.95198,0.09624197858744395,0.02,0.08430811760923855,11.761398459081802,4.072584331545836,7.688814127599619,88.2386015409182,127,352076.660817,44925.447942,36861.164251,8064.283686810661,307151.212875,833066518.77563,0.024429055118110235,0.015,0.024773406983374543,12.76013236371582,10.469641516555805,2.290490845970122,87.23986763628417,42.0,722229.53477,681761.89563,13910.0,667851.895628335,40467.63914,1652145256.514519,0.837202380952381,1.0,0.9357422920754842,94.39684515908266,1.9259804993200333,92.47086465953208,5.603154840917334
518,1050,8359591.159773,1516137.000468,352502.54606,1163634.4544231165,6843454.159305,22002972428.4996,0.11714181419047619,0.02,0.1435119875454286,18.136497006740818,4.216743849343609,13.919753157578036,81.86350299325919,883,7345381.879537,840480.167974,302097.54606,538382.6219299652,6504901.711563,19577785091.096764,0.0973040938844847,0.02,0.08399819418452392,11.44229369905786,4.112754803144994,7.329538896130217,88.55770630094214,126,339074.907131,43132.135127,36495.0,6637.1351259314,295942.772004,824165164.187594,0.015312619047619047,0.0115,0.022293657779990886,12.720532902877446,10.763108455530839,1.957424447031456,87.27946709712255,41.0,675134.373105,632524.697367,13910.0,618614.6973672201,42609.675738000005,1601022173.215241,0.8573170731707317,1.0,0.9336648050350699,93.68871184235007,2.0603305881208116,91.62838125426185,6.311288157649937
519,1038,8260920.993677,1556622.744827,352430.295667,1204192.4491575472,6704298.24885,21960583176.231026,0.11541072726396917,0.02,0.1455559528582415,18.843210654338133,4.26623491420332,14.576975740105121,81.15678934566188,867,7255021.027158,875964.081964,301312.211578,574651.8703852061,6379056.945194,19537726453.533237,0.09487386955017302,0.02,0.08599162337384217,12.073901353076304,4.153154214854601,7.92074713821076,87.9260986469237,130,329808.39887,44245.411951,37038.084089,7207.32786019117,285562.986919,818096675.361238,0.018736076923076925,0.015,0.022772039656557188,13.415489751805909,11.230182195450771,2.1853075558066886,86.58451024819409,41.0,676091.567649,636413.250912,14080.0,622333.25091215,39678.316737,1604760047.336551,0.8562195121951218,1.0,0.9333377082245194,94.1312214741895,2.082558143560486,92.04866333065121,5.868778525810488
520,1050,8377683.190312,1601052.9036,355063.582219,1245989.3213860933,6776630.286712,22037587776.225166,0.11437001451428572,0.02,0.14550634366213472,19.1109268186635,4.238207320009397,14.872719498714899,80.8890731813365,889,7368864.905423,890569.313712,307569.554344,582999.759374322,6478295.591711,19641623279.342556,0.09229665381327333,0.02,0.0855307010643606,12.085569828490133,4.17390681321419,7.911663015361735,87.91443017150986,122,296737.221868,41259.473206,34264.027875,6995.44532976124,255477.748662,785302551.262487,0.023826147540983608,0.01,0.02637320035080549,13.904380767018768,11.546926152136702,2.3574546144646056,86.09561923298124,39.0,712081.063021,669224.116682,13230.0,655994.11668201,42856.946339,1610661945.620125,0.9007692307692309,1.0,0.9349796050638022,93.98145119079847,1.8579345368168896,92.12351665398299,6.018548809201532
521,1044,8321635.385142,1584126.447728,352302.118754,1231824.32897874,6737508.937414,22055304139.49258,0.11882886484674329,0.02,0.14774503166443523,19.036239566040162,4.233568312582206,14.802671253514912,80.96376043395983,891,7321208.83071,901604.622519,306168.709147,595435.9133819189,6419604.208191,19637394973.453945,0.09445549371492705,0.02,0.08595313529753286,12.314969335898095,4.1819420293370895,8.133027306696487,87.6850306641019,110,312191.939599,38643.893516,31713.409607,6930.483903921,273548.046083,760728238.85367,0.025386272727272726,0.015,0.027010792744338014,12.37824831917082,10.158305063139942,2.2199432544039968,87.62175168082919,43.0,688234.614833,643877.931693,14420.0,629457.9316929,44356.68314000001,1657180927.184966,0.8629069767441859,1.0,0.935394586789282,93.55500549027701,2.09521574318069,91.4597897470818,6.444994509722989
522,1043,8287804.70734,1570762.89783,347349.491427,1223413.4064073274,6717041.80951,21964529981.0191,0.11597630416107382,0.02,0.14576702810707498,18.95270162964713,4.191091654456745,14.761609975242601,81.04729837035286,877,7240758.281754,855337.892079,297617.518323,557720.3737629999,6385420.389675,19583543275.262268,0.09436635717217788,0.02,0.0855342200469231,11.812822066362408,4.110308709972641,7.70251335648644,88.18717793363759,126,328090.41007700004,43451.226971,36161.973104,7289.2538636975805,284639.183106,767820243.718267,0.016738015873015873,0.015,0.02426515258166631,13.243674803174638,11.021953703405439,2.2217210987626412,86.75632519682536,40.0,718956.015509,671973.77878,13570.0,658403.77878063,46982.236729,1613166462.038562,0.9023749999999999,1.0,0.9348135604197885,93.46521404431981,1.8874589971116427,91.57775504729578,6.534785955680186
523,1041,8146265.360499,1544230.024875,349489.431606,1194740.5932774865,6602035.335624,21809044180.110275,0.1164117530259366,0.02,0.14453820489814587,18.95629416103882,4.290179808046322,14.666114353096676,81.04370583896117,873,7120944.811436,834843.8050619999,299459.431606,535384.373463365,6286101.006374,19467259458.756367,0.09017565280641467,0.02,0.08485633875799804,11.723778616023937,4.205332853093849,7.518445763033517,88.27622138397605,125,302505.111658,42117.216054,35780.0,6337.21605599399,260387.895604,744866438.155822,0.042750319999999994,0.015,0.024418084685033335,13.92281136115677,11.827899305202955,2.0949120566129773,86.07718863884323,43.0,722815.437405,667269.003759,14250.0,653019.0037581275,55546.433646000005,1596918283.198086,0.8631976744186046,1.0,0.9281198273222134,92.31526738756179,1.9714576173358065,90.34380977010527,7.6847326124382205
524,1036,8241933.060938,1539346.146981,354388.960847,1184957.1861220028,6702586.913957,21805347949.2849,0.11820032326254827,0.02,0.1436130465675441,18.677003751421026,4.29982818626129,14.377175565014172,81.32299624857897,883,7197143.076748,852181.13899,308721.98559,543459.1533849732,6344961.937758,19384149834.926586,0.09352202140430352,0.02,0.08513806627995195,11.84054742142287,4.289507410063811,7.551040011150271,88.15945257857712,108,342144.37689300004,38853.897763,30736.975257,8116.92250985458,303290.47913,840887871.2473791,0.02505175925925926,0.0125,0.022178944951010186,11.355994833476661,8.983627185728228,2.372367648875028,88.64400516652331,45.0,702645.607297,648311.110228,14930.0,633381.110227175,54334.497069,1580310243.110933,0.8260000000000001,1.0,0.925484991067428,92.2671548068138,2.124826490758842,90.14232831593756,7.732845193186193
525,1038,8116182.93973,1513889.705906,352534.697841,1161385.8980977854,6602293.233824,21618177020.220074,0.11775099701348747,0.02,0.14183396005659887,18.652730195314724,4.343602164452046,14.309508628897676,81.34726980468527,875,7081478.90896,825092.498782,304368.807809,520723.69097540074,6256386.410178,19187711397.77548,0.09342336559999999,0.02,0.08406902872706846,11.651415041821748,4.298096650741847,7.3533183911138025,88.34858495817825,121,338112.657598,40632.867347,34085.890032,6577.86734507469,297479.79025099997,879355545.033523,0.0362404132231405,0.018,0.0214851010447732,12.017552858169113,10.081222712616253,1.9454661626112393,87.98244714183086,42.0,696591.373172,648164.339777,14080.0,634084.33977731,48427.033395000006,1551110077.411075,0.8594047619047619,1.0,0.9246322188368274,93.04799983748254,2.0212710840625663,91.02672875346448,6.952000162517454
526,1031,8067308.756946,1503164.782127,342283.699456,1161227.9613417098,6564143.974819,21549058651.39854,0.11765570795344325,0.02,0.1427649815577674,18.632791026285762,4.242848634760529,14.394242198079821,81.36720897371423,864,7006108.860195,823534.299402,292463.699456,531070.599940565,6182574.560793,19086014389.21607,0.09404403344907407,0.02,0.084005304954579,11.754517605070138,4.174409865619187,7.580107739373375,88.24548239492988,125,390150.528391,44612.124998,35740.0,9219.00367468798,345538.403393,904695383.313706,0.03131992,0.01,0.03014786600789239,11.434592997216383,9.160566857974926,2.3629350734721815,88.56540700278363,42.0,671049.36836,635018.357727,14080.0,620938.3577264571,36031.010633,1558348878.868767,0.8603333333333334,1.0,0.9278088406468066,94.63064681499405,2.098206281664579,92.53244053324856,5.369353185005955
527,1031,8011455.98577,1485576.227029,342444.696695,1143131.5303376154,6525879.758741,21471701867.157833,0.1143740396702231,0.02,0.1414516232569308,18.543149081361616,4.274437721473506,14.268711359933238,81.45685091863838,869,6954046.279927,807169.533496,293516.168808,513653.3646911959,6146876.746431,19033073988.295692,0.09071351542002302,0.02,0.08339350643057811,11.60719243163382,4.22079688562385,7.386395546055928,88.39280756836617,121,378403.018974,43897.456144,35188.527887,8708.92825651464,334505.56283,900921697.534676,0.024748677685950415,0.015,0.026695673359552467,11.600715095514655,9.299219647456827,2.30149544792956,88.39928490448534,41.0,679006.686869,634509.237389,13740.0,620769.237389905,44497.44948,1537706181.3274639,0.8803658536585366,1.0,0.9273043258308682,93.44668464383109,2.0235441367090456,91.42314050725533,6.553315356168922
528,1049,8098593.264592,1505862.592976,348607.469188,1157255.123800449,6592730.671616,21429635467.87949,0.11542682068636798,0.02,0.14216379267110904,18.594125470651896,4.3045434904374416,14.289581980368174,81.4058745293481,879,7029787.239163,826493.706165,297187.469188,529306.2369859148,6203293.532998,18979281055.101856,0.09327775301478952,0.02,0.08357787190455594,11.757023051289476,4.227545714788724,7.529477336627566,88.24297694871052,129,398863.882775,47235.85275,37680.0,9555.85275398938,351628.030025,902405353.788006,0.023229379844961238,0.01,0.02656490146287318,11.842599641102588,9.44683177074104,2.395767871361734,88.1574003588974,41.0,669942.142654,632133.034061,13740.0,618393.034060545,37809.108593,1547949058.989628,0.8803658536585366,1.0,0.9278716345121483,94.35636211162685,2.050923374601946,92.305438736957,5.643637888373144
529,1050,8052114.078077,1489431.589511,360834.494514,1128597.0949988866,6562682.488566,21425090606.980328,0.11533289038095237,0.02,0.1420270516206694,18.49739801335136,4.481239225067887,14.016158788306901,81.50260198664864,883,7022368.180738,848142.3623179999,310689.690636,537452.6716866688,6174225.81842,18959247515.679802,0.09262394665911663,0.02,0.08310454772740503,12.077725640253547,4.424286546071539,7.653439094248493,87.92227435974645,125,388142.77625,47327.28213,36234.803878,11092.47824816283,340815.49412,910164512.66456,0.02566072,0.018,0.026991547673278698,12.193266247860512,9.335431726458673,2.857834520413242,87.8067337521395,42.0,641603.121089,593961.945063,13910.0,580051.945064055,47641.176026,1555678578.635968,0.859642857142857,1.0,0.9274255174250349,92.57466579259493,2.1680069100023087,90.40665888275707,7.425334207405056
530,1035,7995335.103317,1452383.717583,344687.297291,1107696.4203055715,6542951.385734,21405512608.73008,0.11723462309178745,0.02,0.1419435957578945,18.165388927606724,4.3111050736072425,13.854283854169225,81.83461107239329,872,6978671.57723,828817.11871,295212.297291,533604.8214328232,6149854.45852,18865578029.809994,0.0929243634174312,0.02,0.08293350072826712,11.876431059089573,4.230207626537668,7.646223432749985,88.12356894091042,120,393855.554863,45141.225538,35395.0,9746.225538238321,348714.329325,979922292.280074,0.026356583333333336,0.015,0.02754505901220694,11.461365716601883,8.986797205973625,2.4745685106887674,88.53863428339812,43.0,622807.971224,578425.373335,14080.0,564345.37333451,44382.597889,1560012286.640014,0.8638372093023257,1.0,0.927425376371601,92.87379096934562,2.260728932599992,90.61306203666696,7.126209030654376
531,1036,8070133.277015,1475721.049429,350136.235437,1126301.0671936728,6594412.227586,21515099924.198223,0.11410650086872587,0.02,0.14139447062527588,18.28620418986244,4.338667323304842,13.956412224337782,81.71379581013757,884,7018708.057523,821492.188555,305931.235437,516277.20632151223,6197215.868968,19000251973.63566,0.09082595576923078,0.02,0.08265941744341734,11.70432196099799,4.358796988415663,7.355729887755349,88.295678039002,111,419440.418451,41205.447928,30635.0,10570.447926693041,378234.970523,1020689429.7463269,0.01623144144144144,0.01,0.026961017827476393,9.82390969381834,7.303778713824369,2.5201309796823756,90.17609030618165,41.0,631984.801041,613023.412946,13570.0,599453.4129454675,18961.388095,1494158520.816238,0.8810365853658537,1.0,0.9664620980861434,96.99970821074066,2.1472035368014564,94.85250467385495,3.000291789259324
532,1028,8108573.519939,1480338.543163,345183.775992,1135324.767165714,6628234.976776,21531700412.668377,0.11656345807392995,0.02,0.141529146576836,18.256460763694676,4.257022214119319,14.001535095833415,81.74353923630532,873,7044576.638187,818812.920179,299628.775992,519354.1441831675,6225763.718008,18971616448.29467,0.09152708465063002,0.02,0.08266993720013041,11.623309138840323,4.253325520908987,7.372396821802894,88.37669086115969,113,425502.211136,43313.022098,31815.0,11498.02209738643,382189.189038,1058077448.653949,0.034151238938053094,0.015,0.028658718411648715,10.17927074511869,7.477046926515552,2.702223818458938,89.82072925488131,42.0,638494.670616,618212.600886,13740.0,604472.60088516,20282.06973,1502006515.719759,0.8586904761904761,1.0,0.9644816347781936,96.82345512603379,2.1519365207455956,94.67151860515665,3.1765448739662125
533,1042,8021825.579286,1460780.3194870001,341613.889244,1119166.430252493,6561045.259799,21461481086.258076,0.11627690489443378,0.02,0.14216909780453393,18.21007331870983,4.258555435636961,13.951517883191206,81.78992668129017,880,6967659.599873,804434.650238,293353.889244,511080.76100012823,6163224.949635,18901611386.91225,0.09318471011363637,0.02,0.08316768950632342,11.545263351451073,4.21022130945299,7.335042042086036,88.45473664854893,118,419245.603193,44795.694565,33840.0,10955.69456832963,374449.908628,1056713126.078517,0.02570330508474576,0.015,0.028625404034524973,10.684833477997923,8.071641000471443,2.6131924783206775,89.31516652200207,44.0,634920.37622,611549.974684,14420.0,597129.974684035,23370.401536000005,1503156573.26731,0.8210227272727273,1.0,0.9639097098544425,96.31916025830897,2.2711509253883935,94.0480093329261,3.680839741691037
534,1035,8104461.541778,1518546.549374,344136.769867,1174409.7795091353,6585914.992404,21503814574.454,0.1169150095652174,0.02,0.14192903845669827,18.73716768900668,4.246263222954371,14.490904466078655,81.26283231099332,869,6989570.547653,823501.207039,294971.769867,528529.4371749235,6166069.340614,18967485453.706276,0.0931387168009206,0.02,0.08294123084915411,11.781857002867223,4.220170150025131,7.56168685288392,88.21814299713279,126,440967.198962,47615.724489,35765.0,11850.72448738185,393351.47447300004,1035367926.035665,0.03186103174603175,0.015,0.029671168104910682,10.798019580840352,8.11058057927842,2.687439001194979,89.20198041915965,40.0,673923.795163,647429.617846,13400.0,634029.61784683,26494.177317,1500961194.712057,0.901375,1.0,0.964787474438026,96.06866866741336,1.9883553743281883,94.08031329320833,3.9313313325866366
535,1019,7959201.919641,1447977.067179,337437.038621,1110710.0285481708,6511224.852462,21488705845.42444,0.11683811079489695,0.02,0.14235685253865854,18.192490676807846,4.239583843052195,13.955042726171587,81.80750932319215,858,6939468.424063,808222.477879,290195.467736,518197.0101319729,6131245.946184,18952873928.91944,0.09207779125874126,0.02,0.0831122345515529,11.646749123844167,4.181811199395775,7.467387679654185,88.35325087615583,120,406050.104772,45804.975656,33841.570885,11963.4047720979,360245.12911599997,1030833997.852016,0.03314825,0.015,0.029980781048377685,11.280621558199035,8.334333740414198,2.9462878180552217,88.71937844180096,41.0,613683.390806,593949.613644,13400.0,580549.6136441,19733.777162,1504997918.65298,0.879939024390244,1.0,0.9654123766436415,96.78437163891923,2.1835363643133143,94.6008352746222,3.2156283610807903
536,1039,8069426.470837,1516441.195235,343636.651074,1172804.5441658695,6552985.275602,21479016463.056927,0.1175536428296439,0.02,0.14333496031438203,18.792428442286894,4.258501546744453,14.533926895602786,81.20757155771311,876,7003736.940311,824101.9599969999,295096.876203,529005.0837994404,6179634.980314,18963749792.817417,0.09245769965753424,0.02,0.0830723107774263,11.766603557791619,4.213420331430899,7.553183226438399,88.23339644220837,122,395830.926241,46294.965163,34969.774871,11325.19029087897,349535.961078,990770749.085472,0.04131385245901639,0.01725,0.03249421820624231,11.695641268518141,8.834523164495945,2.861118103738988,88.30435873148186,41.0,669858.604285,646044.270075,13570.0,632474.27007555,23814.334210000005,1524495921.154037,0.8806097560975609,1.0,0.964999062774239,96.44487149113817,2.0258006560182165,94.41907083520205,3.5551285088618325
537,1032,7979490.385831,1485090.485449,359509.318162,1125581.1672934922,6494399.900382,21426911408.831226,0.11831737877906977,0.02,0.14303201410351363,18.61134500626809,4.505417022625561,14.105927983723888,81.38865499373192,862,6956597.756775,811738.131908,308885.133818,502852.99809498555,6144859.624867,18901020158.061447,0.09289970406032483,0.02,0.08246118367881206,11.668608137037271,4.440175278456744,7.2284328586521935,88.33139186296273,130,374663.551118,48494.844329,37224.184344,11270.659986496801,326168.706789,990005293.359015,0.04587684615384614,0.013999999999999999,0.03237527095088972,12.943571421423533,9.935363136585515,3.0082082852375236,87.05642857857647,40.0,648229.077938,624857.509212,13400.0,611457.50921201,23371.568726,1535885957.410763,0.9015000000000001,1.0,0.9597601326608804,96.39455101268453,2.067170458107966,94.32738055457811,3.6054489873154654
538,1031,7822013.376602,1439283.437451,357855.699249,1081427.7382150767,6382729.939151,21459319524.097088,0.11659964587778855,0.02,0.14304918809191725,18.400421581434916,4.574981939042118,13.825439642559973,81.5995784185651,867,6765984.924996,776885.03244,309767.89137800003,467117.14107391273,5989099.892556,18947993203.493526,0.0923398441753172,0.02,0.0829845201568275,11.482216426021068,4.578311876421794,6.903904549775344,88.51778357397893,122,411629.765435,45595.753725,34347.807871,11247.945855254071,366034.01171,985098559.994445,0.033017131147540985,0.01725,0.031551910457886016,11.076884509752484,8.344345029252706,2.732539480804437,88.92311549024751,42.0,644398.686171,616802.651286,13740.0,603062.65128591,27596.034885,1526227760.609116,0.8601785714285713,1.0,0.9607126847555534,95.71755258394847,2.1322203621554103,93.5853322217791,4.2824474160515305
539,1015,7974418.752882,1507205.2124060001,352699.092741,1154506.1196687878,6467213.540476,21444579558.68831,0.12118781763546799,0.02,0.14402138660069372,18.900502458079313,4.422881512380229,14.477620945746583,81.09949754192068,856,6931485.381441,821991.8855120001,306089.092741,515902.79277604877,6109493.495929,18946316638.368546,0.09589701507009345,0.02,0.08291634827118047,11.858812942358316,4.415923512737273,7.442889429693881,88.14118705764169,117,373009.086135,42859.542196,32870.0,9989.5421946641,330149.543939,946975387.314496,0.032587948717948706,0.015,0.030910585554660572,11.490213989181006,8.812117779914788,2.6780962089080775,88.50978601081898,42.0,669924.285306,642353.784698,13740.0,628613.784698075,27570.500608000002,1551287533.00527,0.8834523809523809,1.0,0.9593625287874702,95.884534832857,2.0509780435447276,93.83355678932348,4.1154651671429825
540,1035,7981229.354922,1495545.670774,359107.047683,1136843.82524491,6485683.684148,21532474608.72566,0.11615100023177488,0.02,0.14315848355925842,18.738287101744564,4.499395164750399,14.243968876095783,81.26171289825542,873,6916751.146037,804909.693982,311647.047683,493667.8484543327,6111841.452055,19042959310.7517,0.09182382043515121,0.02,0.08285346019519052,11.637106453413153,4.5056854165059885,7.137279309769343,88.36289354658685,122,390779.21983,45348.171474,34230.0,11118.171472847469,345431.048356,954378668.868551,0.04093516393442623,0.0185,0.03280951948787511,11.604550388766254,8.759421756072653,2.8451286323986693,88.39544961123373,40.0,673698.989055,645287.805318,13230.0,632057.8053177301,28411.183736999996,1535136629.1054049,0.8765000000000001,1.0,0.9598289869058797,95.78280742608024,1.9637850456860217,93.81902238035414,4.217192573919766
541,1025,7870007.443245,1484265.5539839999,349245.193718,1135020.3602724879,6385741.889261,21551831647.568996,0.11811280999013365,0.02,0.14414807771269234,18.859773191929794,4.43767297854038,14.422100213471852,81.14022680807021,872,6844272.811962,804330.566567,303197.57081,501132.99576849095,6039942.245395,19067012542.75062,0.09417149110078785,0.02,0.08385029681669555,11.751877645222446,4.429945724549289,7.321931920841049,88.24812235477756,115,363664.442742,43090.561762,33157.622908,9932.93884935691,320573.88098,943790436.505656,0.03393991304347825,0.016,0.030009982614043054,11.848989534720719,9.117642257789695,2.731347275654273,88.15101046527928,38.0,662070.188541,636844.425655,12890.0,623954.42565464,25225.762885999997,1541028668.312719,0.9222368421052632,1.0,0.9601101769874811,96.18986576912792,1.9469234868293366,94.24294228224419,3.8101342308720856
542,1045,7900127.670545,1504256.888639,366443.762386,1137813.1262554799,6395870.781906,21609459371.8228,0.11421161234449762,0.02,0.14490752263929665,19.04091872144678,4.638453676543184,14.402465044934983,80.95908127855324,873,6869126.925643,832132.717226,315338.762386,516793.9548427229,6036994.208417,19077037330.845573,0.09301826449026346,0.02,0.0834129038541799,12.114097267872314,4.590667282749067,7.523429985162886,87.88590273212769,131,378738.536709,47340.184882,37365.0,9975.18488095692,331398.351827,952224195.583337,0.015963282442748094,0.01,0.028884952004942434,12.499437024116023,9.865645129402036,2.633791894438578,87.50056297588397,41.0,652262.208193,624783.986531,13740.0,611043.9865318,27478.221662,1580197845.393889,0.879390243902439,1.0,0.95722013333118,95.78724302637055,2.106514807605475,93.68072821888772,4.212756973629442
543,1018,7795222.908947,1450970.023757,347036.846499,1103933.177247978,6344252.88519,21475628745.544224,0.11875514233791748,0.02,0.14556322257414792,18.613579633388586,4.451916905425334,14.161662727834685,81.38642036661142,856,6800305.039461,804348.997886,298941.846499,505407.1513784573,5995956.041575,18943867277.97579,0.0933547253504673,0.02,0.08338354296670614,11.828131138507775,4.396006425657259,7.432124712724894,88.17186886149221,122,343152.495198,44233.417748,34525.0,9708.4177466508,298919.07745,887656911.082906,0.040090901639344256,0.015,0.031214876493868466,12.890309226070814,10.06112456797931,2.829184657698326,87.10969077392919,40.0,651765.374288,602387.608123,13570.0,588817.60812287,49377.766165,1644104556.485532,0.9022500000000001,1.0,0.9237532059864065,92.42399671523803,2.0820375759949057,90.34195913922318,7.576003284761964
544,1031,7751134.590548,1453318.17792,357784.988608,1095533.1893061693,6297816.412628,21514528661.009533,0.11893195916585839,0.02,0.14659293284641797,18.749747678129935,4.615904735344104,14.13384294271061,81.25025232187005,877,6773484.228952,786303.739609,312389.988608,473913.75099127705,5987180.489343,19101467559.29611,0.09414100330672748,0.02,0.083524730340984,11.60855643906412,4.61195417378765,6.996602265132925,88.39144356093588,112,300013.355644,40639.800272,31315.0,9324.800275689751,259373.555372,753091068.712776,0.03522044642857143,0.02,0.03318504711309689,13.545997038953075,10.437868651807227,3.1081283883757123,86.45400296104692,42.0,677637.005952,626374.638039,14080.0,612294.6380392025,51262.367913,1659970033.000646,0.8598214285714285,1.0,0.9237766556850618,92.43512862155713,2.077808601999128,90.35732001958789,7.564871378442861
545,1019,7725849.523618,1459215.226863,360431.793386,1098953.4334672529,6266634.296755,21400384544.662987,0.12156048567222767,0.02,0.14546035152119638,18.887440434895407,4.66527069009248,14.224370149945855,81.1125595651046,861,6774387.957757,797210.523974,314386.793386,482823.73057723604,5977177.433783,19013646711.308132,0.09621236341463414,0.02,0.08358108632390068,11.768008105605402,4.640814717822766,7.127193387623744,88.2319918943946,115,273706.719924,40049.53657,31965.0,8254.53657093677,233657.183354,758294777.418701,0.034076434782608696,0.018,0.03342122408342045,14.63228107118471,11.6785587174753,3.0158326303529575,85.36771892881531,43.0,677754.845937,621955.166319,14080.0,607875.16631908,55799.679618,1628443055.936155,0.8630813953488371,1.0,0.920132310617811,91.76698182941699,2.0774473372498456,89.68953449217896,8.233018170582996
546,1044,7869624.686873,1528490.957844,366762.64664,1161728.3112015752,6341133.729029,21374921351.847485,0.11735234185823755,0.02,0.14602202155756744,19.422666501410333,4.660484600387383,14.762181900992138,80.57733349858967,879,6823019.759491,813183.62555,316823.24,496360.385548112,6009836.133941,18928565219.038685,0.09144567110352674,0.02,0.08364298293292968,11.9182364145852,4.6434460278279355,7.274790386729594,88.08176358541479,123,320078.338869,44680.600971,35859.40664,8821.1943308932,275397.737898,804410200.824365,0.04097642276422763,0.015,0.03249862028089354,13.95927044887803,11.203321901353764,2.755948547490898,86.04072955112197,42.0,726526.588513,670626.731323,14080.0,656546.73132257,55899.857189999995,1641945931.984434,0.8832142857142857,1.0,0.9207522109915288,92.30587592060304,1.9379882612166863,90.36788765932717,7.69412407939696
547,1051,7838690.098214,1480877.918452,354526.294349,1126351.6241075173,6357812.179762,21413015594.981762,0.11451563739295909,0.02,0.14464744830686282,18.891905406356216,4.522774722651387,14.369130683762455,81.10809459364378,886,6814999.854671,800965.821463,304961.294349,496004.5271204279,6014034.0332080005,18951764443.918728,0.09172081817155757,0.02,0.08185719000219757,11.752983691027055,4.474854011038307,7.278129680083067,88.24701630897296,124,338362.196793,44937.750005,35655.0,9282.75000327938,293424.446788,811215754.836158,0.02408298387096774,0.015,0.03162916838272884,13.28096058925034,10.537524681521287,2.7434359072205377,86.71903941074966,41.0,685328.04675,634974.346984,13910.0,621064.34698381,50353.699766,1650035396.226876,0.8806097560975609,1.0,0.92139950887026,92.65261359070448,2.0296849174588374,90.6229286732179,7.347386409295528
548,1055,7764178.546919,1499682.557423,356998.658271,1142683.8991624934,6264495.989496,21497156176.687702,0.11888535535545024,0.02,0.14585677347905923,19.315405336963913,4.598022264862328,14.71738307223674,80.68459466303608,885,6728589.178163,806962.496681,305983.658271,500978.83841848705,5921626.681482,19004829557.941135,0.09531792079096045,0.02,0.08278856195350875,11.993041562114097,4.547515833839894,7.445525728400337,88.0069584378859,127,346592.598376,49479.012148,36765.0,12714.01215017136,297113.586228,818151464.885206,0.03874165354330708,0.01,0.03459708865605897,14.275842121222345,10.607554856124075,3.6682872657247576,85.72415787877765,43.0,688996.77038,643241.048594,14250.0,628991.048593835,45755.721785999995,1674175153.861359,0.8406395348837209,1.0,0.9161632027158324,93.35908036829194,2.0682244986635783,91.2908558696044,6.64091963170807
549,1046,7728011.864025,1447764.753373,357941.930816,1089822.8225674804,6280247.110652,21503868787.134815,0.1179492828871893,0.02,0.14531330195670164,18.733987199379857,4.6317466524898965,14.102240547025573,81.26601280062015,881,6734356.907837,785341.520037,308371.820161,476969.6998822449,5949015.3878,19021861991.805004,0.09345148683314417,0.02,0.0824142782066488,11.661715153871208,4.5790834133269245,7.082631740637018,88.33828484612879,121,321257.8181,45657.204102,34980.110655,10677.09345243805,275600.613998,809910964.083151,0.03216272727272727,0.01,0.03456231390577174,14.212013382904814,10.888485410839563,3.323527973757987,85.78798661709519,44.0,672397.138088,616766.029234,14590.0,602176.0292327974,55631.108854,1672095831.24666,0.8443750000000001,1.0,0.9145006682928439,91.72645067880714,2.169848616769474,89.55660206185881,8.273549321192869
550,1050,7724800.464195,1442062.627864,360335.013801,1081727.6140608422,6282737.836331,21578910454.630714,0.11713222371428572,0.02,0.14577047046376881,18.667959574464906,4.664651410365594,14.00330816407138,81.33204042553508,884,6759819.688673,773220.848777,311654.055567,461566.79321030277,5986598.839896,19088832319.966087,0.09388658925339367,0.02,0.08256784888986485,11.43848333813751,4.610390068380358,6.828093269761632,88.5615166618625,122,292754.209609,42566.306276,33920.958234,8645.34803888446,250187.903333,800323479.092804,0.03154172131147541,0.01,0.03519530927441232,14.53994678090238,11.586838761193063,2.9531080186450986,85.46005321909762,44.0,672226.565913,626275.472811,14760.0,611515.472811655,45951.093102,1689754655.5718231,0.8214772727272728,1.0,0.9121303315482261,93.16434436958163,2.1956882914844886,90.96865607819458,6.835655630418364
551,1035,7723366.76587,1446361.295734,360967.810744,1085393.4849792696,6277005.470136,21583762328.403152,0.11762900023177487,0.02,0.1461565686030557,18.727082884701957,4.673710593923073,14.05337229063995,81.27291711529804,876,6749366.826945,804844.863181,313567.958202,491276.90496819356,5944521.963764,19102862645.121044,0.09274534844735959,0.02,0.08253543366280718,11.92474618460323,4.645887032694175,7.278859151748946,88.07525381539676,118,318040.100136,43075.833481,33489.852542,9585.9809404036,274964.266655,786260425.547491,0.03693720338983051,0.01,0.03500142190246307,13.54415165338583,10.53007231719494,3.014079336632221,86.45584834661416,41.0,655959.838789,598440.599072,13910.0,584530.5990706725,57519.239717,1694639257.734618,0.8815243902439024,1.0,0.9148999392590493,91.23128638131428,2.120556652626774,89.11072972848514,8.768713618685728
552,1014,7679402.523599,1449677.923575,339868.479871,1109809.443704782,6229724.600024,21541233307.996075,0.11803653836291914,0.02,0.14704616269021872,18.877483230239626,4.425715136386919,14.451768093862894,81.12251676976038,854,6688596.867732,768092.127115,292239.24474,475852.88237327617,5920504.740617,19045872847.643482,0.09109421533957847,0.02,0.08275735472386929,11.483606237662942,4.369216003282522,7.114390234354646,88.51639376233706,118,299450.068246,41937.985135,33209.235131,8728.750005915801,257512.08311099999,780423369.097824,0.04033550847457627,0.013999999999999999,0.034679962516514125,14.0050010275996,11.090074323749501,2.914926704489872,85.99499897240041,42.0,691355.587621,639647.811325,14420.0,625227.81132559,51707.776296000004,1714937091.254768,0.8841666666666667,1.0,0.9121644152821538,92.52081313554868,2.085757352395193,90.43505578323884,7.479186864451311
553,1035,7731881.727039,1462841.192238,352752.432104,1110088.7601315987,6269040.534801,21479108202.433815,0.11366071004830919,0.02,0.1474603544306644,18.919601254663906,4.562310244224209,14.357291010408641,81.0803987453361,868,6703416.364206,777494.807637,302767.244221,474727.56341100065,5925921.556569,18966713728.65808,0.08949313928571428,0.02,0.08265210408975084,11.598485986765823,4.51661104981746,7.081874936873785,88.40151401323418,123,325244.725738,44246.87325,35225.187883,9021.68536985303,280997.852488,786238777.159904,0.022815365853658533,0.01,0.0314629553304338,13.60417856111307,10.830364059885033,2.7738145021052314,86.39582143888693,44.0,703220.637095,641099.511351,14760.0,626339.511350745,62121.125744000004,1726155696.61583,0.8443750000000001,1.0,0.9123978321346091,91.1661969989075,2.098914511521372,89.06728248734986,8.833803001092514
554,1028,7816122.52864,1508980.766583,360681.394456,1148299.3721291265,6307141.762057,21567048149.314903,0.1181205401166216,0.02,0.14786623856077885,19.306001934511148,4.614582142672196,14.691419791866156,80.69399806548884,884,6790583.576709,808388.434652,317176.62789,491211.8067607362,5982195.142057,19077415880.61153,0.0936057977826776,0.02,0.08376905927790243,11.904550257281107,4.670830191647784,7.233720065614713,88.09544974271888,102,298261.719642,37519.309229,29254.766566,8264.54266697015,260742.410413,771892181.942005,0.015101862745098038,0.01,0.029695341020609146,12.579324384649155,9.808421476652837,2.770902909327413,87.42067561535085,42.0,727277.232289,663073.022702,14250.0,648823.02270142,64204.209587000005,1717740086.761365,0.8842857142857143,1.0,0.9128386275881226,91.17197586607702,1.9593628629278252,89.21261300306945,8.828024133922979
555,1019,7765674.54101,1504894.121804,368027.392116,1136866.7297009036,6260780.419206,21792725807.32076,0.12143355240431795,0.02,0.1497855044674043,19.37879464117066,4.739155499917906,14.639639141418915,80.62120535882934,871,6772720.152467,831902.299309,324777.392116,507124.9072045699,5940817.853158,19294159427.604877,0.09631722146957519,0.02,0.08603436769042866,12.283134111276915,4.795375931747277,7.48775817970047,87.71686588872308,102,295880.529378,36516.733953,28290.0,8226.73395414619,259363.79542500002,768328419.191314,0.025941078431372548,0.015,0.03180814357160374,12.341715769457853,9.561291531913652,2.780424237931583,87.65828423054215,46.0,697073.859165,636475.088542,14960.0,621515.0885421875,60598.770623,1730237960.524569,0.80875,1.0,0.9130735526980935,91.30669299583417,2.146114045636434,89.16057895022462,8.69330700416583
556,1032,7851362.43749,1515794.611846,363944.814455,1151849.7973966843,6335567.825644,21735265229.6607,0.1227754359496124,0.02,0.15011242922068804,19.306134749405146,4.635435153485914,14.670699595991632,80.69386525059485,873,6833315.489185,821464.228008,316524.814455,504939.4135571994,6011851.261177,19203748092.395016,0.09806089335624284,0.02,0.0854517302707444,12.021459119048737,4.6320825513758255,7.389376567734367,87.97854088095126,115,306503.108917,42368.577578,32660.0,9708.57757985728,264134.531339,785061055.708059,0.03421382608695652,0.015,0.03397524531703002,13.82321299372962,10.655683107228846,3.167529887106734,86.17678700627037,44.0,711543.839388,651961.80626,14760.0,637201.8062596275,59582.033128,1746456081.557628,0.8446022727272727,1.0,0.9133165935799127,91.62637214605826,2.0743627002230953,89.55200944578282,8.373627853941734
557,1011,7708221.35918,1472165.936656,354188.729712,1117977.2069299659,6236055.422524,21738229161.488018,0.12139328906022454,0.02,0.1499905835771659,19.098646342099975,4.594947565824428,14.50369877609348,80.90135365790002,856,6705760.564072,797244.000117,308338.729712,488905.2703893123,5908516.563955,19202089804.95771,0.0942499126634194,0.02,0.08501406380908659,11.888942238535314,4.598117197384164,7.290825040917206,88.11105776146468,113,309825.734909,42744.225768,31600.0,11144.22576949348,267081.509141,787427698.293108,0.04354592920353983,0.016,0.03973673118402769,13.796215404945155,10.19928186704095,3.596933538386245,86.20378459505484,42.0,692635.060199,632177.710771,14250.0,617927.71077116,60457.349428,1748711658.237201,0.8840476190476191,1.0,0.9131249166343373,91.27139919676746,2.0573604801215017,89.21403871666907,8.728600803232526
558,1025,7778167.831383,1522014.022058,357118.083224,1164895.9388417786,6256153.809325,21777778522.813747,0.12077162462428,0.02,0.15032556830913138,19.56777039339582,4.591287960940057,14.976482432555763,80.43222960660418,871,6746860.607956,823064.677013,310868.980902,512195.69612134836,5923795.930943,19236874022.852573,0.09400312886324569,0.02,0.08510349949570122,12.199224570349502,4.607609360350777,7.591615210152105,87.8007754296505,112,320806.230835,43473.879002,31999.102322,11474.7766774901,277332.351833,782340675.936235,0.03378741071428572,0.01,0.039361291669407696,13.551444711296734,9.974588784860002,3.576855925654359,86.44855528870328,42.0,710500.992592,655475.466043,14250.0,641225.46604294,55025.526549,1758563824.024941,0.9078571428571429,1.0,0.9131529221634486,92.25539061553457,2.0056270362148467,90.24976357931128,7.744609384465422
559,1050,7651757.071716,1458507.152231,364842.711572,1093664.4406536482,6193249.919485,21792581486.903244,0.11984452371428571,0.02,0.15011673784660662,19.061074973514703,4.768090624839708,14.292984348605053,80.9389250264853,891,6668723.111028,790887.404077,317812.711572,473074.69250121503,5877835.706951,19243004335.400196,0.09400118956228957,0.02,0.08482047929833005,11.859652753750078,4.765720607689294,7.093932146004025,88.14034724624993,116,319333.173277,63736.639182,32440.0,31296.639180738177,255596.534095,837570222.1070629,0.04264387931034483,0.017750000000000002,0.09939872802300265,19.959291585003214,10.158668974820378,9.800622609787693,80.04070841499679,43.0,663700.787411,603883.108972,14590.0,589293.108971695,59817.678438999996,1712006929.3959851,0.8636046511627906,1.0,0.9088613777067822,90.9872521513286,2.198279748456147,88.78897240282649,9.012747848671394
560,1046,7734802.297214,1516327.236433,364174.610323,1152152.6261108788,6218475.060781,21835923094.92842,0.11936360889101338,0.02,0.14935726826888238,19.603955966388,4.708260099345683,14.895695867053679,80.39604403361201,884,6716614.832356,826703.461671,315474.610323,511228.85134780465,5889911.370685,19327056985.46345,0.09596498291855204,0.02,0.08670582700946973,12.308335110843561,4.696928708837995,7.6114064020026575,87.69166488915643,119,323028.63181,45993.707279,34110.0,11883.70728150158,277034.924531,796115620.0287399,0.024107478991596636,0.01,0.03664454185909354,14.238275728466302,10.559435493031753,3.6788402362089614,85.76172427153371,43.0,695158.833048,643630.067483,14590.0,629040.0674815725,51528.765565,1712750489.436232,0.8640116279069768,1.0,0.9087208448871255,92.58748315991807,2.098800922377487,90.48868223733524,7.412516840081926
561,1022,7768031.310733,1506087.354298,361213.460511,1144873.8937854134,6261943.956435,21831270006.505882,0.11993075821917808,0.02,0.15162329707117894,19.38827605157894,4.650000058726791,14.738275992831726,80.61172394842106,868,6770763.966317,835188.3089909999,315338.460511,519849.84847799165,5935575.657326,19300252767.65705,0.09388657246543779,0.02,0.08779646535482652,12.335215245220045,4.657354208177048,7.6778610370133356,87.66478475477996,113,310094.866088,41927.469286,31965.0,9962.46928594173,268167.396802,791983740.567291,0.0348512389380531,0.01,0.03871853477708931,13.52085244587753,10.308135830578001,3.212716615280738,86.47914755412248,41.0,687172.4783279999,628971.576021,13910.0,615061.57602148,58200.902307,1739033498.281541,0.9057926829268294,1.0,0.9114089612113497,91.5303793235998,2.024237064011243,89.50614225965842,8.469620676400204
562,1029,7735589.798972,1499111.307875,362306.80022,1136804.5076652626,6236478.491097,21810669149.832973,0.11907087939747328,0.02,0.15095743581767906,19.379405408417856,4.683635115555735,14.695770292994789,80.62059459158213,871,6689011.449086,793164.345687,313826.80022,479337.5454774427,5895847.103399,19217456595.05857,0.09370590688863374,0.02,0.08425527901576224,11.857721454421782,4.691676828612423,7.166044625965476,88.14227854557821,116,326640.417526,42730.312291,34060.0,8670.312289944839,283910.105235,789559161.351405,0.02397491379310345,0.01,0.0310977985182016,13.081759022549235,10.42736849835458,2.65439052387162,86.91824097745076,42.0,719937.93236,663216.649897,14420.0,648796.649897875,56721.282463,1803653393.422998,0.9077380952380952,1.0,0.9141207369613542,92.12136492418671,2.0029504422319255,90.11841448207632,7.878635075813302
563,1039,7645279.109978,1503957.137567,359009.658439,1144947.479137749,6141321.972411,21728719462.909554,0.1160568863330125,0.02,0.1512901850053329,19.671710030888956,4.695834557177248,14.975875473839222,80.32828996911105,874,6618076.052422,807016.925521,309806.145641,497210.77988626197,5811059.126901,19117319859.483124,0.09100894153318079,0.02,0.08415852476150246,12.194131936964643,4.681211626868825,7.512920310190436,87.80586806303535,122,309969.95138,42811.193526,34613.512798,8197.68073087702,267158.757854,802779444.406225,0.023863032786885247,0.01,0.030934877313436523,13.811401181115354,11.166731692507325,2.6446694895361897,86.18859881888467,43.0,717233.106176,654129.01852,14590.0,639539.01852061,63104.087656,1808620159.020207,0.8867441860465117,1.0,0.9143006942806949,91.20173244756566,2.0342061561809444,89.16752629146977,8.798267552434348
564,1012,7591713.651786,1500631.462016,359275.133227,1141356.3287896772,6091082.18977,21666881823.752636,0.12265103745059289,0.02,0.14992157028569908,19.766702629293277,4.732464232795164,15.034238396507035,80.23329737070672,853,6557735.053855,775909.92242,311440.133227,464469.78919496946,5781825.131435,19046699409.226723,0.09516771383352872,0.02,0.08155744293107395,11.831980341503384,4.749202745602207,7.082777595931211,88.16801965849662,113,287356.140826,40135.072561,32395.0,7740.07255866776,247221.068265,793916062.708251,0.033626460176991155,0.01,0.03187125505968084,13.967014049406586,11.273467101444625,2.6935469471503417,86.03298595059341,46.0,746622.457105,684586.467035,15440.0,669146.46703604,62035.99007,1826266351.8176641,0.8509782608695653,1.0,0.9142312363834669,91.6911165101379,2.067979586345153,89.62313692393205,8.308883489862088
565,1043,7655059.215892,1508498.669117,363160.192347,1145338.4767723992,6146560.546775,21717058424.42741,0.12072400278044103,0.02,0.14955091311343505,19.705904638664816,4.744054645496077,14.961849993200078,80.29409536133518,875,6574458.531883,771510.919418,313455.192347,458055.7270699866,5802947.612465,19066478597.21767,0.09462827988571428,0.02,0.08029127391972772,11.734972784093758,4.767771989539385,6.967200794538956,88.26502721590623,123,325984.763424,44892.019892,34435.0,10457.01989512746,281092.743532,807748113.795812,0.032035691056910565,0.01,0.03747403538246316,13.771201887006631,10.56337714631505,3.207824741650972,86.22879811299336,45.0,754615.920585,692095.729807,15270.0,676825.729807285,62520.190778,1842831713.413929,0.8705555555555555,1.0,0.9152569212388808,91.71496531248208,2.023545963377271,89.69141934914258,8.28503468751793
566,1026,7559283.654626,1462008.984394,360904.00524,1101104.9791513255,6097274.670232,21621779241.403786,0.11862451257309942,0.02,0.14946165373312006,19.340575789867405,4.774314891850106,14.56626089798192,80.6594242101326,862,6547289.347041,751833.409739,312049.00524,439784.4044953495,5795455.937302,18984512034.426956,0.09246468665893272,0.02,0.08014838807269153,11.483124845838464,4.766079345203039,6.71704550057967,88.51687515416154,119,285330.89129400003,42554.013141,33585.0,8969.01314130106,242776.878153,798145289.5589811,0.03243016806722689,0.01,0.03432078173130741,14.913917293712542,11.770544664017677,3.1433726298003757,85.08608270628744,45.0,726663.416291,667621.561514,15270.0,652351.561514675,59041.854777,1839121917.417848,0.8476666666666668,1.0,0.9149235066788658,91.87493776990198,2.101385546274008,89.77355222372087,8.125062230098022
567,1037,7592295.883618,1516836.928973,367051.118621,1149785.8103495387,6075458.954645,21635394495.68149,0.11870630173577627,0.02,0.15024239553781676,19.978632975117574,4.8345207332210425,15.144112241864113,80.02136702488242,869,6520433.63369,771955.6348,316571.118621,455384.5161736956,5748477.99889,18922288461.33155,0.09140488481012658,0.02,0.08035219073653742,11.83902295717624,4.8550623532970185,6.983960603797872,88.16097704282377,122,292969.472448,43902.046959,35040.0,8862.04696112802,249067.425489,795445936.844148,0.03659909836065574,0.0115,0.03447829034629193,14.98519507584269,11.960290506451777,3.0249045701172745,85.0148049241573,46.0,778892.7774799999,700979.247214,15440.0,685539.247214715,77913.530266,1917660097.50579,0.8522282608695653,1.0,0.8878948631561416,89.99688628284905,1.9823010876996432,88.0145851952412,10.003113717150963
568,1017,7621878.610791,1461210.077248,347169.090364,1114040.9868937754,6160668.533543,21658862112.11004,0.11860063903638152,0.02,0.15294746683267058,19.171258843970957,4.554901856774268,14.616356987324941,80.82874115602905,863,6576946.589665,756547.974378,301504.090364,455043.88402255956,5820398.615287,19023554416.179882,0.09232127450753187,0.02,0.08314313499705468,11.503027492527275,4.584256330099789,6.91877116255763,88.49697250747272,110,299302.632077,38870.292049,30735.0,8135.29205072584,260432.340028,713192739.428252,0.025055363636363636,0.01,0.03364893457800056,12.986952964382903,10.26887060321373,2.7180823617457923,87.0130470356171,44.0,745629.389049,665791.810821,14930.0,650861.81082049,79837.578228,1922114956.501906,0.8678977272727273,1.0,0.8880800599216696,89.29259235210304,2.0023352377569514,87.2902571142777,10.707407647896959
569,1029,7559297.388224,1479671.256666,353978.870859,1125702.152924118,6079626.131558,21692163805.424065,0.11946214761904762,0.02,0.15327938727705503,19.574190307303645,4.6826953971996685,14.891624116783072,80.42580969269635,865,6548523.510496,762391.785993,306398.870859,456002.68225046346,5786131.724503,19083090626.694946,0.0935985663583815,0.02,0.08300735866587955,11.64219361465276,4.678900066066842,6.963442698488912,88.35780638534725,119,253647.908181,40651.523478,32310.0,8341.5234783897,212996.384703,676359229.896021,0.03183857142857143,0.01,0.036797198563737955,16.026752899137485,12.738129887096875,3.2886230121942464,83.97324710086251,45.0,757125.969547,676627.947195,15270.0,661357.947195265,80498.022352,1932713948.833096,0.8483333333333333,1.0,0.8878895425050047,89.36794858586568,2.0168374371224216,87.35111114877824,10.63205141413432
570,1016,7471577.590257,1464694.996631,357601.493908,1107093.5027265886,6006882.593626,21806168090.019154,0.12305574399606299,0.02,0.15269040458815172,19.60355733360749,4.786157803866152,14.817399529789368,80.3964426663925,863,6455959.586411,743934.804506,310931.193474,433003.6110348974,5712024.781905,19196459029.31021,0.09528603232908459,0.02,0.08256976663721188,11.523225858970541,4.816188659676122,6.707037199339299,88.47677414102945,110,258444.370028,39569.93549,31910.300434,7659.63505638629,218874.434538,674309113.250303,0.04207081818181818,0.01,0.03756448797397669,15.310813497586725,12.347067351686873,2.9637461460493184,84.68918650241328,43.0,757173.633818,681190.256635,14760.0,666430.256635305,75983.37718299999,1935399947.458637,0.8875581395348837,1.0,0.8882998119088427,89.96486752980837,1.949354724037819,88.01551280581083,10.03513247019163
571,1037,7543088.701864,1485463.2072979999,355921.461125,1129541.7461628984,6057625.494566,21799123511.405056,0.11930003461909354,0.02,0.1552996188646609,19.69303644713765,4.71851088052361,14.974525566480123,80.30696355286234,885,6535689.334961,759109.157333,310997.716458,448111.440867622,5776580.177628,19190954727.9713,0.09140604056497176,0.02,0.08241890060190986,11.6148292617328,4.7584531717931755,6.856376089826735,88.3851707382672,108,262347.076332,39076.58513,30163.744667,8912.840459336381,223270.491202,674098642.302647,0.034002685185185184,0.01,0.03686828786588639,14.89499546796878,11.497648492498465,3.3973469740738365,85.10500453203122,44.0,745052.290571,687277.464835,14760.0,672517.46483594,57774.825736,1934070141.131111,0.8897159090909091,1.0,0.9197418863463288,92.24553410986469,1.9810690050611208,90.26446510492974,7.754465890135309
572,1022,7522770.112826,1492419.510762,360925.37319,1131494.1375803633,6030350.602064,21509562948.499657,0.12158067602739726,0.02,0.1552071417109605,19.838696229963066,4.79777220062378,15.040924029450458,80.16130377003694,876,6532246.199625,772546.744065,317189.296172,455357.4479011627,5759699.45556,18906709196.31077,0.09204025216894977,0.02,0.08131225979136673,11.826662995484615,4.855746193249866,6.97091680235971,88.17333700451537,100,250819.342545,36159.363283,28296.077018,7863.28626473055,214659.979262,671309189.022348,0.034781900000000004,0.01,0.03557252863902987,14.416497115453755,11.281457295472874,3.1350398198734544,85.58350288454625,46.0,739704.5706559999,683713.4034140001,15440.0,668273.40341447,55991.167241999996,1931544563.16654,0.8728260869565218,1.0,0.9200980413585174,92.43060412722005,2.0873198047576187,90.34328432252597,7.569395872779962
573,1004,7407470.474635,1508358.170019,352498.863204,1155859.3068159625,5899112.304616,21599739140.518955,0.12056927380478087,0.02,0.15368788630829333,20.3626619260109,4.758694137371762,15.603967788652131,79.6373380739891,861,6369255.285093,741216.99015,309748.863204,431468.1269417761,5628038.294943,19002376664.448128,0.08858741103368177,0.02,0.0801734597638955,11.637420027499763,4.863188070494763,6.774231956938684,88.36257997250023,98,256783.066485,35775.021791,27650.0,8125.02179683892,221008.044694,672152113.044319,0.04729887755102041,0.017,0.038038929279182905,13.932001934827662,10.7678439931767,3.1641579439248355,86.06799806517235,45.0,781432.123057,731366.158078,15100.0,716266.1580773476,50065.964979,1925210363.026509,0.8920555555555555,1.0,0.9196730184409595,93.59305005492486,1.932349535482119,91.66070051935924,6.406949945075145
574,1010,7471006.130579,1469144.774012,350260.050607,1118884.7234004694,6001861.356567,21608531997.646706,0.1222005305940594,0.02,0.15455511178660522,19.664617433504127,4.688258107209651,14.976359326233831,80.33538256649587,858,6449113.635747,729188.857201,304810.454444,424378.40275259514,5719924.778546,18981775822.027775,0.09283886468531469,0.02,0.08067169581868558,11.306807390695608,4.726392984525134,6.5804144061021725,88.69319260930439,106,261795.164625,37708.238194,30009.596163,7698.642030249191,224086.926431,688788245.472514,0.03435650943396226,0.01,0.03660237652504729,14.403718360502928,11.463006280496536,2.9407120797196007,85.59628163949706,46.0,760097.330207,702247.678617,15440.0,686807.678617625,57849.651589999994,1937967930.146417,0.8722826086956522,1.0,0.9201420306197123,92.38917842610425,2.0313188043687997,90.35785962181767,7.610821573895753
575,1022,7419127.711066,1482741.676779,352074.522858,1130667.15391583,5936386.034287,21624209484.533875,0.11798535802348337,0.02,0.15525056736442436,19.98539093170504,4.745497537842127,15.239893393793228,80.01460906829496,863,6374707.601977,734469.391803,303619.522858,430849.86894021713,5640238.210174,18980959745.458935,0.09008441008111241,0.02,0.08037727886541261,11.521616953461796,4.762877637930216,6.758739315456552,88.4783830465382,112,279083.30989699997,40374.020446,32675.0,7699.02044586782,238709.289451,677922056.690993,0.024046339285714285,0.01,0.03269963467771559,14.466655301207606,11.707973512303267,2.7586817888569772,85.5333446987924,47.0,765336.799192,707898.26453,15780.0,692118.264529745,57438.534662000005,1965327682.383948,0.8541489361702128,1.0,0.9206429590909745,92.49499897004296,2.061837352739297,90.43316161727033,7.505001029957062
576,1005,7490926.279673,1505298.204068,350314.30488,1154983.8991785136,5985628.075605,21536463637.415096,0.1195651103482587,0.02,0.15562952153227255,20.09495418681,4.676515183851098,15.418439002832262,79.90504581319001,854,6462732.811903,739514.243253,305276.102645,434238.14059812017,5723218.56865,18905111698.217728,0.09066433946135832,0.02,0.08047764517510837,11.442748211576529,4.723637995411869,6.719110216011785,88.55725178842347,106,246073.175426,37192.599498,29938.202235,7254.39726402331,208880.575928,668949625.72656,0.02441594339622642,0.01,0.032907348754787215,15.11444692564009,12.166381883426022,2.948065042629922,84.8855530743599,45.0,782120.292344,728591.361317,15100.0,713491.36131637,53528.931027000006,1962402313.47081,0.8921666666666667,1.0,0.9214508610682339,93.15592095602395,1.9306493064827128,91.22527164946068,6.844079043976061
577,1026,7414097.930542,1479395.345736,353741.579462,1125653.7662824155,5934702.584806,21604142938.39947,0.11872284200779727,0.02,0.156316058783108,19.95381447069516,4.771201874806367,15.1826125960023,80.04618552930485,868,6385979.492917,728057.426965,306976.579462,421080.84751051414,5657922.065952,18942724747.289593,0.09208161970046083,0.02,0.08064238380743523,11.400873237574968,4.807039856649753,6.593833381042883,88.59912676242503,109,256720.088032,37309.501461,30315.0,6994.5014616964,219410.586571,676215385.565824,0.015805412844036696,0.01,0.03054607860186187,14.533144541594812,11.808581179756082,2.7245633621099956,85.46685545840519,49.0,771398.349593,714028.41731,16450.0,697578.417310205,57369.932283,1985202805.544056,0.8195918367346938,1.0,0.9212319591032951,92.5628655657263,2.1324909508400216,90.43037461491285,7.437134434273697
578,1024,7353472.897108,1441873.163434,351198.778109,1090674.3853301012,5911599.733674,21531549701.255436,0.11680745693359375,0.02,0.1562993423031639,19.60805708553118,4.775958013622661,14.83209907197789,80.39194291446883,854,6352162.136524,726038.958951,300993.778109,425045.1808459789,5626123.177573,18856635389.64492,0.08979958536299766,0.02,0.0805683171306803,11.429792617798316,4.738446085598634,6.6913465322623225,88.57020738220169,122,281604.334625,42770.355913,33925.0,8845.35591500235,238833.978712,704999110.270409,0.022946639344262297,0.01,0.031911916148066,15.188102828727898,12.04704467535147,3.141058154087478,84.8118971712721,48.0,719706.425959,673063.84857,16280.0,656783.84856912,46642.577389,1969915201.3401031,0.8358854166666667,1.0,0.9257361957771563,93.51922176784106,2.262033436523385,91.25718833119541,6.480778232158944
579,1008,7428474.927507,1506916.8491170001,347157.043328,1159759.8057994521,5921558.07839,21583480550.740997,0.1232175058531746,0.02,0.1571932608031582,20.28568264445529,4.673328599959428,15.612354044636565,79.71431735554472,863,6379413.830259,737434.65917,304247.043328,433187.6158508057,5641979.171089,18938802664.359093,0.09335972873696409,0.02,0.08001522299210037,11.559599028866586,4.769200610327043,6.790398418677576,88.44040097113341,100,261816.849097,35701.639122,27480.0,8221.6391241214,226115.20997499998,645050200.569136,0.025488,0.01,0.03381061508110414,13.636112131489664,10.495886760068291,3.140225372231633,86.36388786851032,45.0,787244.248151,733780.550825,15430.0,718350.550824525,53463.697326,1999627685.812768,0.913,1.0,0.927960558851132,93.20875351562489,1.9600016178257802,91.24875189773877,6.791246484375104
580,1012,7345865.824838,1504211.653874,353959.491545,1150252.1623323457,5841654.170964,21564622444.611965,0.12072315800395257,0.02,0.15758502396062568,20.47698242442609,4.8184856623460846,15.658496762125552,79.5230175755739,855,6306259.955956,738667.230345,306325.59556,432341.63478610077,5567592.725611,18915164640.044346,0.09272824081871346,0.02,0.08036341726206352,11.713237885909852,4.857484431333792,6.855753454593512,88.28676211409015,113,254521.105412,39994.522542,32543.895985,7450.62655852493,214526.58286999998,648199221.943932,0.024727345132743363,0.01,0.033536931892369316,15.713636980029538,12.786325099570952,2.927311881057724,84.28636301997045,44.0,785084.76347,725549.900987,15090.0,710459.90098772,59534.862483000004,2001258582.623689,0.91125,1.0,0.9276340793975093,92.41675991521456,1.9220854488760721,90.4946744664302,7.583240084785441
581,1001,7311462.061117,1491793.894663,350760.392246,1141033.5024242753,5819668.166454,21535288369.728912,0.12081391198801199,0.02,0.15729864631904547,20.40349634851409,4.797404258053594,15.60609209056,79.59650365148592,857,6273727.981947,720269.008215,307855.737768,412413.27045638073,5553458.973732,18860430729.773346,0.09144403255542591,0.02,0.07967169724150662,11.480717848902822,4.907062254753026,6.573655594299319,88.51928215109717,98,248217.858794,34501.119901,27475.198604,7025.92129501451,213716.738893,667247314.955868,0.024894795918367348,0.01,0.032571076426470794,13.899531672953891,11.068985421714604,2.8305462504393915,86.10046832704612,46.0,789516.220376,737023.766547,15429.455874,721594.31067288,52492.453829000005,2007610324.999699,0.872336956521739,1.0,0.9280168542723681,93.351314073826,1.954292448437837,91.39702162537297,6.648685926173998
582,1017,7251870.309218,1466231.868726,355984.661154,1110247.20757746,5785638.440492,21568891766.976437,0.11876080717797444,0.02,0.15836899473274918,20.218671959180558,4.908866898812306,15.30980506044354,79.78132804081946,863,6231599.561996,728969.63724,309528.840619,419440.79662249604,5502629.924756,18874351662.931984,0.09162624669756662,0.02,0.08088934110925404,11.697953791602565,4.967084895934119,6.730868895692456,88.30204620839743,108,265114.498588,37887.825366,30686.420367,7201.40500192387,227226.67322199998,670304442.4976909,0.014595277777777778,0.01,0.02941991951872942,14.291117825615189,11.574780153645271,2.7163376730727884,85.7088821743848,46.0,755156.248634,699374.40612,15769.400168,683605.00595304,55781.842514,2024235661.546762,0.8723913043478262,1.0,0.9235039029876768,92.61320519893684,2.088230110857882,90.52497508821666,7.386794801063173
583,1015,7191825.80475,1471167.143415,355481.275512,1115685.8679115039,5720658.661335,21496810926.71156,0.12023608463054188,0.02,0.15896883756933394,20.45610090338027,4.942851581266257,15.513249322232255,79.54389909661973,858,6156399.63742,720359.516501,308633.699514,411725.81699396914,5436040.120919,18816373108.51424,0.09249875979020979,0.02,0.08209439966512329,11.700986922981588,5.013217427245205,6.687769495849584,88.29901307701843,113,275085.57673,39513.846625,31930.317834,7583.528792494671,235571.730105,685227522.090021,0.02297070796460177,0.01,0.03114187281029252,14.36420153128688,11.607412578137465,2.7567889536927637,85.63579846871313,44.0,760340.5906,711293.780289,14917.258164,696376.52212504,49046.810311,1995210296.1072989,0.9109090909090909,1.0,0.9278545351943437,93.54936315154553,1.9619179021112754,91.5874452494395,6.450636848454478
584,1016,7231160.583242,1462036.94462,353263.372945,1108773.5716842976,5769123.638622,21442529222.586216,0.11826224498031496,0.02,0.1555976351308599,20.218565578646217,4.885292877656145,15.33327270111865,79.78143442135378,863,6226051.770082,729119.849257,308001.250963,421118.59830409667,5496931.920825,18765618985.24405,0.08962404507531867,0.02,0.07813743077337716,11.71079001881472,4.946975424185133,6.7638145947917545,88.28920998118528,108,253470.864679,36677.345004,30005.801625,6671.543378481,216793.519675,669924690.640339,0.024804537037037038,0.01,0.031342231100016923,14.47004374662502,11.837968700268522,2.632075046151739,85.52995625337499,45.0,751637.948481,696239.7503589999,15256.320357,680983.43000172,55398.198121999994,2006985546.701827,0.8917777777777778,1.0,0.9213382988456331,92.6296698784361,2.029743227817568,90.59992665058128,7.370330121563887
585,1025,7265022.174334,1488196.104695,356428.542298,1131767.5623828946,5776826.069639,21529392864.813183,0.12127436673170731,0.02,0.1594047682443277,20.484398656793175,4.9060902189286795,15.578308437670337,79.51560134320684,858,6221345.58629,714135.454517,305377.51772,408757.93678428786,5507210.131773,18831663448.172382,0.09360889965034966,0.02,0.0812590960325222,11.478794171002857,4.908544517973112,6.570249652825412,88.52120582899714,121,248008.905282,42194.561237,35455.250801,6739.31043488675,205814.344045,659248832.719404,0.023634628099173553,0.01,0.032051902835375665,17.013325061461977,14.295958752241336,2.7173663087717665,82.98667493853803,46.0,795667.682762,731866.0889409999,15595.773777,716270.3151637199,63801.593821,2038480583.921396,0.8941304347826088,1.0,0.9225075611567883,91.98137674769877,1.9600863670700328,90.02129038059356,8.018623252301216
586,1008,7234987.539298,1519295.641478,352911.693118,1166383.948366834,5715691.89782,21439421506.864685,0.1176352439484127,0.02,0.16125950816723478,20.999284839479003,4.877847974182448,16.12143686539102,79.000715160521,850,6172965.332912,721777.424847,305758.68319,416018.7416659868,5451187.908065,18708307524.5194,0.08778957164705882,0.02,0.08005901322073641,11.692555942259162,4.953189702197196,6.739366240207548,88.30744405774084,111,236127.175074,37873.291261,31219.190612,6654.1006470172,198253.883813,634807555.769061,0.025317027027027025,0.01,0.032581724158633,16.039361521659195,13.221345913369015,2.818015607450463,83.9606384783408,47.0,825895.031312,759644.92537,15933.819316,743711.10605383,66250.105942,2096306426.576221,0.8754255319148937,1.0,0.9248928395619517,91.97838666776376,1.9292789896904767,90.0491076780527,8.021613332236232
587,1010,7239469.697923,1520609.384236,351724.725257,1168884.658976522,5718860.313687,21442350419.753,0.11565685732673267,0.02,0.16156553033119112,21.004430540986476,4.858432177123549,16.1459983638287,78.99556945901352,847,6167899.55925,709399.366759,303367.11032,406032.2564360114,5458500.192491,18709526751.58936,0.08599331275088547,0.02,0.08013606739457603,11.501474042246905,4.918483308714719,6.582990733483732,88.49852595775309,113,243376.035993,38082.735486,31593.563307,6489.17217905812,205293.300507,628074165.819982,0.02490787610619469,0.01,0.03204216520174611,15.647693221158116,12.981378046566878,2.6663151746151215,84.35230677884189,50.0,828194.10268,773127.281991,16764.05163,756363.2303614526,55066.820689,2104749502.343657,0.82325,1.0,0.9240586407469459,93.35097647872568,2.0241694037366678,91.32680707504366,6.64902352127432
588,1028,7269399.048058,1482249.121569,354827.830179,1127421.2913876662,5787149.926489,21471132144.33633,0.11909498142023346,0.02,0.16285276903550916,20.39025663290528,4.88111641462015,15.509140218253032,79.60974336709471,861,6253721.284491,709871.794324,303594.813707,406276.9806159771,5543849.490167,18735427655.836823,0.09091875830429733,0.02,0.08124827353342642,11.351190147927701,4.854626547874847,6.496563600036495,88.6488098520723,121,232715.826163,41943.108031,35640.127015,6302.98101376909,190772.718132,623538833.666545,0.02490570247933884,0.01,0.031781870509158046,18.023315699045753,15.314870330321567,2.7084453677655445,81.97668430095425,46.0,782961.937404,730434.219214,15592.889457,714841.32975792,52527.71819,2112165654.832962,0.8942391304347825,1.0,0.9253985065725839,93.29115303303739,1.991525859954318,91.29962717320058,6.708846966962617
589,1003,7068140.708352,1464411.453528,344170.57725,1120240.8762836438,5603729.254824,21392237523.208,0.12165856520438684,0.02,0.16172400675084683,20.718481902851657,4.869322661379875,15.849159241551627,79.28151809714834,852,6064971.027701,702593.449098,298539.117476,404054.3316282694,5362377.578603,18725536169.309532,0.094112266314554,0.02,0.08138780319034711,11.584448563546172,4.922350265359221,6.6620982982903225,88.41555143645384,104,217660.662932,35443.95419,29869.046293,5574.90789728437,182216.708742,587632200.542639,0.01629701923076923,0.01,0.029419903457031327,16.28404219327088,13.722758118370463,2.5612840750310695,83.71595780672911,47.0,785509.017719,726374.05024,15762.413481,710611.63675809,59134.96747899999,2079069153.355826,0.8541489361702128,1.0,0.9226821664555745,92.47176465895718,2.0066495896853835,90.46511506915596,7.5282353410428104
590,1002,7277850.837364,1518660.397501,346677.057554,1171983.3399473922,5759190.439863,21541277969.229588,0.1253431396207585,0.02,0.16284413852315754,20.866879954509358,4.7634537351903825,16.103426219324366,79.13312004549063,847,6224360.970272,712512.768057,300239.176703,412273.59135158686,5511848.202215,18822144798.986305,0.09540618170011807,0.02,0.08081908577738621,11.447163354760637,4.823614474433024,6.623548880288843,88.55283664523937,107,225882.281835,36069.633729,30180.309077,5889.32465432534,189812.648106,590050468.148869,0.024811121495327104,0.01,0.031858434967984135,15.968332458828154,13.361078536937121,2.6072539229204836,84.03166754117186,48.0,827607.585257,770077.995715,16257.571774,753820.42394148,57529.589542,2129082702.094415,0.8777083333333334,1.0,0.9242873619518004,93.04868749793597,1.9644058444620798,91.08428165353189,6.951312502064022
591,1010,7165445.506412,1522689.987921,347124.880275,1175565.107653673,5642755.518491,21456461676.820488,0.1211001395049505,0.02,0.1625577051342678,21.250458000949425,4.8444284443217835,16.406029556734726,78.74954199905056,855,6101378.421534,712001.097217,300374.950407,411626.1468168288,5389377.324317,18744566383.096382,0.09196848058479533,0.02,0.0807023058135109,11.669512166366983,4.923067045749314,6.746445120729592,88.33048783363301,110,228116.505169,37800.180083,31319.929868,6480.25021598427,190316.325086,595035186.471149,0.023164454545454547,0.01,0.03144008835669383,16.570559002293916,13.72979559054556,2.840763412179833,83.42944099770607,45.0,835950.579709,772888.710621,15430.0,757458.71062086,63061.869088,2116860107.252956,0.914,1.0,0.9242346607381253,92.45626827485995,1.8458028948758296,90.61046537996738,7.543731725140051
592,1008,7103673.31321,1507305.406175,341091.24237,1166214.1637813107,5596367.907035,21514085215.53375,0.12376847807539683,0.02,0.1626299131259145,21.21867574304146,4.801617801535246,16.417057941172736,78.78132425695853,853,6060454.191522,711568.326909,295493.39694,416074.9299462713,5348885.864613,18788189148.372955,0.0938856223915592,0.02,0.08066903360262044,11.74117160895988,4.87576322832977,6.865408380255074,88.25882839104013,107,228426.883164,35816.845144,29666.940357,6149.90478671931,192610.03802,600523176.1107069,0.023613925233644858,0.01,0.03134702365553808,15.67978542975835,12.987499521105184,2.6922859085302853,84.32021457024166,48.0,814792.238524,759920.2341219999,15930.905073,743989.32904832,54872.004402,2125372891.050086,0.8780729166666666,1.0,0.9242538765352841,93.2655219566891,1.9552107052294594,91.31031125137619,6.73447804331088
593,1004,7187202.10212,1515247.748449,344037.492363,1171210.256086971,5671954.353671,21508031548.992653,0.11935076284860557,0.02,0.16166996025830513,21.08258160713262,4.786806986567411,16.295774620578715,78.91741839286739,853,6146574.168571,723641.550182,298744.569068,424896.9811173437,5422932.618389,18773672242.701256,0.0901887876905041,0.02,0.07942271876513943,11.773087419690853,4.86034270269701,6.912744717048241,88.22691258030915,104,222749.75779,35193.655377,29369.468862,5824.18651214726,187556.102413,604738555.4776809,0.016799326923076924,0.01,0.02937164550469251,15.799638000136119,13.184961076226362,2.6146769226290614,84.20036199986387,47.0,817878.175759,756412.54289,15923.454433,740489.08845748,61465.632869,2129620750.813714,0.875531914893617,1.0,0.9242886780721083,92.48474471005915,1.9469225252554097,90.53782218486242,7.515255289940853
594,980,7123306.645116,1481226.923651,341421.438999,1139805.4846569344,5642079.721465,21497066083.88081,0.12308739887755102,0.02,0.16153561281422799,20.794091809406847,4.793018972910439,16.00107283656568,79.20590819059315,827,6088999.593752,707448.900865,296657.039045,410791.86182205274,5381550.692887,18750325911.90916,0.09181046058041113,0.02,0.07889641588919932,11.618475087285642,4.872016075504481,6.7464590118148715,88.38152491271435,108,247388.108125,36121.864361,29334.399954,6787.4644109216,211266.243764,613460439.158553,0.023874074074074075,0.01,0.03156598114071282,14.601293746402872,11.857643512588707,2.7436502353993655,85.39870625359714,45.0,786918.943239,737656.158425,15430.0,722226.15842396,49262.784814,2133279732.813097,0.9359999999999999,1.0,0.9252625060604324,93.73978918194143,1.9608118641151657,91.7789773176941,6.260210818058562
595,986,7183576.218974,1521302.491526,341325.167545,1179977.3239751162,5662273.727448,21509060500.27353,0.11632836298174443,0.02,0.1596215202685315,21.177508877928787,4.751465803946743,16.42604307390014,78.8224911220712,843,6122937.404665,717002.894922,297955.925425,419046.96949226764,5405934.509743,18825630090.661,0.08668014934756821,0.02,0.07908280105829843,11.710113096627826,4.866225240159904,6.843887856390632,88.28988690337218,97,216541.534913,33493.580966,27780.34608,5713.2348852487,183047.953947,595738385.663337,0.01529278350515464,0.01,0.02936275192366758,15.467508798927065,12.829107400185983,2.638401398394128,84.53249120107293,46.0,844097.279396,770806.015638,15588.89604,755217.1195976,73291.263758,2087692023.94919,0.8727173913043479,1.0,0.9230446046681273,91.31720175541331,1.8468127336170008,89.47038902174891,8.682798244586703
596,969,6486557.237574,1390253.04762,324776.059928,1065476.9876765322,5096304.189954,21484301808.297306,0.12498002156862745,0.02,0.1604118016896708,21.432834039709494,5.006909644560041,16.425924394910993,78.5671659602905,832,5529519.441626,672529.774912,283837.248997,388692.5259023139,4856989.666714,18793663716.935,0.09258804194711538,0.02,0.07931981300253464,12.162535678041438,5.133126883690553,7.029408794121459,87.83746432195855,90,216056.431905,30994.630897,24852.49919,6142.1317040385,185061.80100799998,591800777.159325,0.03230433333333333,0.01,0.0322929446777718,14.345618236733786,11.502781458932748,2.842836776430333,85.6543817632662,47.0,740981.364043,686728.641811,16086.311741,670642.33007018,54252.722232,2098837314.202981,0.8758510638297872,1.0,0.9226606877018142,92.6782609030837,2.1709468714879163,90.50731403162008,7.321739096916295
597,1001,6965491.455967,1453456.580107,334886.079579,1118570.500538847,5512034.87586,21175602393.01685,0.1181623935064935,0.02,0.16142864065433746,20.86653309813328,4.807788247189928,16.05874485109908,79.13346690186673,851,5967308.778407,686115.051177,290231.516364,395883.5348213378,5281193.72723,18475118494.943806,0.08755436650998825,0.02,0.0792275747228233,11.497897572516125,4.863691944586762,6.634205628069085,88.50210242748389,103,212252.24644299998,35216.010491,28732.17973,6483.8307633092,177036.235952,602093331.760941,0.025648446601941745,0.01,0.03189201951570543,16.59158434417664,13.53680830780558,3.0547760374590065,83.40841565582336,47.0,785930.4311170001,732125.518439,15922.383485,716203.1349542,53804.912678,2098390566.312104,0.8751063829787235,1.0,0.9223296830698829,93.15398532138143,2.0259278499205564,91.12805747148633,6.846014678618566
598,1004,6985842.018407,1501662.565608,342300.908946,1159361.656658738,5484179.452799,21091184857.39875,0.11855371105577689,0.02,0.16324012584556394,21.495799098394556,4.899923417163902,16.59587568118396,78.50420090160543,845,5958420.555089,718261.245793,295784.467117,422476.7786736369,5240159.309296,18379121612.0692,0.08998797147928994,0.02,0.08098289352965128,12.054557733081522,4.964142164560285,7.090415568481578,87.94544226691848,113,224533.774353,36909.438323,30955.499106,5953.9392159436,187624.33603,614478439.979318,0.024960973451327435,0.01,0.03155079138645917,16.438256751954366,13.786566940852923,2.6516898106309545,83.56174324804564,46.0,802887.688965,746491.881492,15560.942723,730930.9387691575,56395.807473,2097584805.350231,0.8732065217391304,1.0,0.9225590954262941,92.97587841386637,1.9381219735800859,91.03775644030591,7.024121586133631
599,1011,6970828.582151,1505261.629091,342090.471814,1163171.1572766078,5465566.95306,21144226913.1481,0.11852865074183977,0.02,0.16682298312382915,21.593726073615755,4.907457811972771,16.68626826163736,78.40627392638424,847,5915277.613678,688483.482577,293005.669953,395477.81262545625,5226794.131101,18360288948.335686,0.0894666657615112,0.02,0.08056651849561193,11.63907305018124,4.953371406871553,6.685701643334305,88.36092694981876,116,223241.730421,39020.620983,33028.16067,5992.4603107916,184221.10943799998,592163994.556125,0.024993103448275863,0.01,0.0319726831035119,17.47908910641977,14.794796926055852,2.684292179374676,82.52091089358022,48.0,832309.2380520001,777757.525531,16056.641191,761700.8843403601,54551.712521,2191773970.256289,0.8573958333333334,1.0,0.9258187231674824,93.44573987323786,1.9291677247966377,91.51657214848447,6.554260126762138
600,995,6924214.600784,1718963.406034,345981.41774,1372981.9882911828,5205251.19475,21047558724.926785,0.1256195527638191,0.02,0.1869910097486907,24.825391833456013,4.996688255456813,19.82870357795851,75.17460816654399,839,5686874.687833,719248.3539,300067.466674,419180.88722135907,4967626.333933,17881530036.574387,0.09089781287246723,0.02,0.0839943663781715,12.647515434775153,5.276491625813221,7.371023808880324,87.35248456522486,103,217763.879983,35033.536248,29012.015388,6021.52086213378,182730.343735,588149200.609006,0.015346504854368932,0.01,0.029553372514526242,16.087854538013804,13.322694007043252,2.765160531950412,83.9121454619862,53.0,1019576.032968,964681.515886,16901.935678,947779.58020769,54894.517082,2577879487.74339,0.8895754716981132,1.0,0.937349745204781,94.61594669676559,1.6577415642851305,92.95820513245005,5.384053303234413
601,991,6886542.788329,1740912.627806,336512.201963,1404400.4258554522,5145630.160523,20982272435.663155,0.13026261947527748,0.02,0.19543347002017725,25.27992174471666,4.886518712020575,20.393403032876908,74.72007825528334,834,5635476.239926,733357.557442,290114.881897,443242.6755594434,4902118.682484,17715964049.091934,0.09506398788968826,0.02,0.08811831269503825,13.01323129084171,5.148010026936242,7.865221264161761,86.9867687091583,103,219583.596598,34965.404959,29139.284565,5826.12039250882,184618.191639,582884882.628214,0.01608631067961165,0.01,0.02973965949867874,15.92350498885966,13.270246510419625,2.6532584777609407,84.07649501114034,54.0,1031482.951805,972589.665405,17258.035501,955331.6299035,58893.28639999999,2683423503.943007,0.8916666666666666,1.0,0.9399197143484903,94.29042561518422,1.6731285253721382,92.61729708976361,5.709574384815781
602,1001,7010031.533334,1733044.573574,345853.085803,1387191.487771432,5276986.95976,21087680903.08216,0.13128996593406594,0.02,0.19685141449015825,24.72235061045092,4.933688017784292,19.788662592672786,75.27764938954908,832,5784743.032759,742286.024684,295782.215818,446503.8088651663,5042457.008075,17793349735.809944,0.09801137728365385,0.02,0.08991942554259917,12.831789078277708,5.113143559583984,7.718645518679314,87.16821092172229,114,222146.733189,38306.971114,32470.705436,5836.26567917566,183839.762075,599510991.447231,0.014743771929824562,0.01,0.029145008045018166,17.243994797532697,14.61678277680288,2.627212021259043,82.7560052024673,55.0,1003141.767386,952451.577776,17600.164549,934851.41322709,50690.18961,2694820175.824988,0.8762727272727273,1.0,0.940210889552867,94.94685683937882,1.7545042107919344,93.19235262859587,5.053143160621172
603,983,6951195.104953,1751165.109488,338928.992793,1412438.4817184422,5200029.995465,21154421294.87047,0.13483196937945066,0.02,0.197761449355545,25.192288276302673,4.875837718200425,20.31936178445091,74.80771172369732,831,5697300.89169,728511.821473,293969.968962,434541.85249831184,4968789.070217,17827263131.402596,0.09953109013237064,0.02,0.08918286784626699,12.7869641313064,5.1598111904319515,7.627152940651744,87.21303586869361,100,210021.74703,33768.885432,28359.599785,5611.65068344525,176252.861598,592642388.474256,0.0169199,0.01,0.030193628134098538,16.078756561898505,13.50317297424873,2.6719379125265865,83.92124343810148,52.0,1043872.466233,988884.402583,16599.424046,972284.978536685,54988.06365,2734515774.993616,0.9257211538461539,1.0,0.9419395431188547,94.73230059909193,1.5901774003008222,93.14212319876093,5.267699400908066
604,976,6926043.331622,1693526.313911,337444.822735,1356081.49117097,5232517.017711,21088911835.70727,0.13262167612704917,0.02,0.19431459341427307,24.451569717719273,4.872115385047328,19.579454332599322,75.54843028228072,822,5680270.260681,688195.906165,292311.190546,395884.71561296005,4992074.354516,17719987858.07269,0.09687222128953771,0.02,0.08422186298715646,12.115548637337078,5.14607892109266,6.969469716138084,87.88445136266292,102,219124.284012,33906.808604,28366.225731,5540.5828737699,185217.475408,622798911.686977,0.016468529411764708,0.01,0.02841889235932014,15.473779529676932,12.945267960098192,2.5285115699300946,84.52622047032307,52.0,1026648.7869289999,971423.599142,16767.406458,954656.1926842399,55225.187787,2746125065.947606,0.9255769230769231,1.0,0.9423364275153789,94.62082958747808,1.6332173837321824,92.98761220376927,5.379170412521923
605,1003,6906812.647887,1724921.131094,344606.324657,1380314.8064354672,5181891.516793,21140533432.0581,0.1282258782652044,0.02,0.19420967683287252,24.97419893996553,4.98936835592935,19.984830584013984,75.02580106003447,833,5607540.542081,695502.727834,295143.715214,400359.0126193851,4912037.814247,17734593538.79367,0.09311532521008403,0.02,0.08368972400677231,12.402990626901357,5.263336270137247,7.139654356753146,87.59700937309863,118,244448.23407500001,38634.70642,32695.682847,5939.02357131202,205813.527655,637248159.4031041,0.024707542372881357,0.015,0.031253068686837415,15.804862148501492,13.375299261506846,2.429562886304119,84.19513785149852,52.0,1054823.871731,990783.69684,16766.926596,974016.77024477,64040.174890999995,2768691733.861329,0.9255769230769231,1.0,0.9396412518471173,93.92882768325028,1.5895475107597756,92.33928017256349,6.071172316749715
606,985,6969455.602655,1734768.881659,336741.64962,1398027.2320396192,5234686.720996,21097346006.764954,0.130671209035533,0.02,0.19427535570612797,24.891024214260625,4.831677950451667,20.059346263817844,75.10897578573937,821,5693467.875818,708782.577449,288092.809472,420689.76797608694,4984685.298369,17709769199.97035,0.09475572582216808,0.02,0.08352962580531284,12.449048504505116,5.060058575119451,7.388989929369629,87.55095149549487,110,221418.266738,37378.774084,31544.610265,5834.16382029973,184039.492654,620465129.0788441,0.025174454545454545,0.01,0.03183584072752002,16.881522303771614,14.246616022121666,2.6349062822369507,83.11847769622838,54.0,1054569.460099,988607.5301259999,17104.229883,971503.3002432325,65961.929973,2767111677.7157598,0.8916203703703703,1.0,0.9394817699107864,93.74513178422522,1.621915912622228,92.12321587162504,6.254868215774775
607,989,6834938.830267,1628186.911663,330617.747473,1297569.164174284,5206751.918604,21049664783.44193,0.1260719160768453,0.02,0.18680012657807069,23.82152865001422,4.837172002314537,18.984356647469745,76.17847134998577,818,5641841.924367,686735.984146,281350.45644,405385.52769087156,4955105.9402209995,17767953100.76635,0.09362681540342299,0.02,0.08342578930622331,12.172194707902065,4.9868546515784695,7.1853400560554475,87.82780529209792,123,254540.748815,60351.592962,34341.425499,26010.16746233261,194189.155853,753498282.2054319,0.03226333333333333,0.015,0.11654959255164396,23.709992699779274,13.491523718255152,10.218468981261926,76.29000730022074,48.0,938556.157085,881099.334555,14925.865534,866173.46902108,57456.822530000005,2528213400.470146,0.919375,1.0,0.9342386271534214,93.87816891975315,1.5903007424038713,92.28786817735781,6.121831080246853
608,957,6731065.751162,1659469.693793,328188.025541,1331281.6682571836,5071596.057369,20641130975.1063,0.12999284838035527,0.02,0.19121023814597463,24.653892193914785,4.875721582192896,19.778170611798902,75.34610780608521,796,5461472.729697,696429.383798,281690.578346,414738.8054567638,4765043.345899,17283681278.88358,0.09609430389447235,0.02,0.08597646292802784,12.751677400330763,5.157776890733062,7.593900509684927,87.24832259966922,112,303871.25083699997,61531.608567999996,31279.758551,30251.850017379908,242339.642269,826196767.5667,0.03359008928571429,0.01,0.1167634598586436,20.249236608765685,10.293753839773023,9.955482769117683,79.75076339123433,49.0,965721.770628,901508.701427,15217.688644,886291.0127830401,64213.069201000006,2531252928.656021,0.9010204081632652,1.0,0.9340576624117859,93.35076922214948,1.575783948010624,91.77498527414299,6.649230777850522
609,978,6756384.623577,1643132.919903,341289.613407,1301843.3065068608,5113251.703674,20749646973.70835,0.1298321481595092,0.02,0.193962020436822,24.31970663968926,5.051364485912182,19.26834215393783,75.68029336031074,807,5525059.486484,701268.063478,291654.491018,409613.572467967,4823791.423006,17383933911.47116,0.09771567645600991,0.02,0.08957189692716844,12.692497975696334,5.278757481823985,7.413740494016547,87.30750202430366,125,306487.356075,66158.87398,35388.973541,30769.90044201372,240328.48209499998,852225887.609257,0.03231432,0.01,0.11441902540909764,21.586167477594206,11.546634090947629,10.039533387629886,78.41383252240578,46.0,924837.781018,875705.982445,14246.148848,861459.83359688,49131.798573,2513487174.627934,0.9582608695652174,1.0,0.9429213255191695,94.68752254920652,1.5403943416237587,93.14712820756978,5.312477450793477
610,962,6727231.836329,1678160.925763,321681.060135,1356479.8656325454,5049070.910566,20776672236.647392,0.13037914854469854,0.02,0.19388805889807154,24.94578701302436,4.781774553952921,20.16401245913901,75.05421298697564,801,5489957.289469,706977.361257,275395.765102,431581.5961580685,4782979.928212,17476913104.867558,0.09805824082397005,0.02,0.08961748230043878,12.877647748064364,5.016355329945323,7.861292418174933,87.12235225193564,116,278076.595687,58504.523875,32355.295033,26149.22884323693,219572.071812,778902234.068443,0.032759396551724135,0.013999999999999999,0.10884572109644852,21.038996011319146,11.63538950592547,9.403606505838491,78.96100398868086,45.0,959197.951173,912679.040631,13930.0,898749.04063124,46518.910542,2520856897.711393,0.9573333333333333,1.0,0.9430648468426482,95.15022832512182,1.4522549785437977,93.69797334660304,4.8497716748781805
611,966,6750927.299955,1664821.54313,330145.285709,1334676.2574264943,5086105.756825,20771545815.729694,0.13357283126293995,0.02,0.19311322118765956,24.66063503810946,4.890369441709151,19.7702655964817,75.33936496189054,809,5539327.336424,719638.597492,285033.583381,434605.0141197634,4819688.7389320005,17518679234.198635,0.10039736093943138,0.02,0.08989616033334476,12.991443794267157,5.145635310387848,7.845808484037514,87.00855620573286,108,265998.796639,47885.058884,30161.702328,17723.35655358342,218113.737755,728731235.4951841,0.03428138888888889,0.01,0.07914261489478472,18.001983275506,11.339037134417538,6.6629461401799706,81.99801672449401,49.0,945601.166892,897297.886754,14950.0,882347.8867531475,48303.280138,2524135346.035877,0.9001530612244898,1.0,0.9423917907016421,94.89179139903527,1.5810048171934505,93.31078658175166,5.108208600964731
612,968,6678886.227785,1652830.301961,330568.019419,1322262.2825425973,5026055.925824,21029874086.50344,0.13513282117768596,0.02,0.19044915387936462,24.747094733924648,4.949448278423966,19.79764645550962,75.25290526607536,812,5518583.640543,718192.1206499999,285459.018756,432733.10189564707,4800391.519893,17837848329.98522,0.1007505922413793,0.02,0.08952208486076117,13.01406606169212,5.172686278755255,7.841379782966711,86.98593393830788,107,220567.323729,40482.308785,30017.032332,10465.27645137263,180085.014944,671436619.01691,0.03637,0.016,0.04885770104000287,18.353719898573274,13.609011445811628,4.744708452023833,81.64628010142673,49.0,939735.263513,894155.872526,15091.968331,879063.9041955775,45579.390987000006,2520589137.501309,0.9205612244897959,1.0,0.9424128149617403,95.14976262393185,1.6059808455608968,93.54378177843242,4.850237376068145
613,974,6695843.221104,1632138.351483,326334.385979,1305803.965503384,5063704.869621,21029792227.439724,0.1351202772073922,0.02,0.19124188629378838,24.375396758675834,4.87368618414567,19.501710574520963,75.62460324132417,822,5552593.045446,712703.911193,282543.130938,430160.7802501149,4839889.134253,17915098566.315247,0.10070310218978103,0.02,0.09028967384965361,12.835514963185163,5.088489803331253,7.74702515976593,87.16448503681484,104,219353.37808,37677.984619,29011.255041,8666.729581789,181675.393461,597083815.336433,0.03605,0.01325,0.05114079534425026,17.17684265854275,13.225807277250754,3.951035383019345,82.82315734145726,48.0,923896.797578,881756.455671,14780.0,866976.45567148,42140.341907,2517609845.788045,0.9391666666666666,1.0,0.9428360753246657,95.4388474970937,1.5997457766652987,93.83910172048037,4.56115250290629
614,991,6797069.263623,1668864.41938,335585.862246,1333278.5571356018,5128204.844243,21226317025.836468,0.1316151068617558,0.02,0.1895599443804864,24.55270580088889,4.937214102584041,19.615491698328412,75.44729419911111,835,5626083.779698,729257.034206,291187.020223,438070.0139825288,4896826.745492,18109571172.825584,0.09886392922155689,0.02,0.08980916729165037,12.962072069341732,5.175660932632441,7.786411136700915,87.03792793065827,107,221918.547607,38626.174903,29318.842023,9307.33288181301,183292.372704,605045384.20788,0.034969065420560747,0.015,0.05097891998687465,17.40556403217088,13.21153294267288,4.194031090314971,82.59443596782913,49.0,949066.936318,900981.210271,15080.0,885901.21027126,48085.726047,2511700468.803004,0.900765306122449,1.0,0.9421543042023572,94.93336832135853,1.5889290231207893,93.34443929826513,5.066631678641485
615,969,6778853.666773,1651747.328932,327773.972147,1323973.3567807113,5127106.337841,21171769568.37449,0.13247281310629513,0.02,0.18899797666541754,24.366174726977054,4.8352418898434975,19.530932837070292,75.63382527302296,818,5615649.647156,720082.976003,284206.535418,435876.4405791168,4895566.671153,18073119162.845016,0.09856475048899756,0.02,0.08956042618635712,12.822790260209347,5.060973409584661,7.761816850519919,87.17720973979065,103,220545.372218,38357.238501,28787.436729,9569.801774732081,182188.133717,601291069.252986,0.035268834951456315,0.015,0.051124223607087835,17.39199427095004,13.05284098210177,4.339153290087052,82.60800572904995,48.0,942658.647399,893307.1144280001,14780.0,878527.1144268624,49351.532971,2497359336.276487,0.91890625,1.0,0.9418127310975759,94.76464432727886,1.5679058417149443,93.19673848544323,5.235355672721149
